Albert Neilson Hornby,February 10  1847  Brook House  Blackburn  Lancashire ,,England ,,Right-hand bat,,The Boss,
Cecil Lumsden Hornby,July 25  1843  Brook House  Blackburn  Lancashire ,,Lancashire,,Right-hand bat,,February 27  1896  Leamington Spa  Warwickshire (aged 52 years 217 days) ,
Edgar Christian Hornby,September 14  1863  Olive Mount  Wavertree  Liverpool  Lancashire ,,Lancashire,,Left-hand bat,Slow left-arm orthodox,April 2  1922  Claygate  Surrey (aged 58 years 200 days) ,
Edward Kenworthy Hornby,June 16  1839  Blackburn  Lancashire ,,Gentlemen of the North,,,,June 25  1887  Barbridge  Cheshire (aged 48 years 9 days) ,
Gerald Frederick Hornby,June 9  1862  Olive Mount  Wavertree  Liverpool  Lancashire ,,Oxford University,,Right-hand bat,Right-arm fast,February 9  1890  Tarporley  Cheshire (aged 27 years 245 days) ,
Henry Hill Hornby,1816  Marylebone  London ,,Gentlemen of the North,,,,January 18  1889  Marylebone  London (aged 73 years) ,
Phipps John Hornby,April 24  1820 ,,Hampshire,,,,April 8  1848  Montreal  Quebec  Canada (aged 27 years 350 days) ,
Thomas Whitfield Hornby,October 2  1831  Stockton-on-Tees  Co Durham ,,Yorkshire and Durham,,Left-hand bat,,April 1  1900  Stockton-on-Tees  Co Durham (aged 68 years 181 days) ,
William Allen Horncastle,September 21  1864  Tottenham  Middlesex ,,Middlesex,,Right-hand bat,Right-arm medium,January 26  1917  Leyton  Essex (aged 52 years 127 days) ,
Edward Larkin Horne,April 22  1835  Bloomsbury  London ,,Cambridge University ,,,,February 5  1908  Whissendine  Rutland (aged 72 years 289 days) ,
Stuart William Horne,September 13  1979  Barrow-in-Furness  Lancashire ,38 years 207 days,Cumberland,,Right-hand bat,Right-arm offbreak,,
Charles Edward Horner,April 9  1857  Dulwich Common  London ,,Oxford University ,,Right-hand bat,Right-arm fast-medium,September 4  1925  Regent's Park  London (aged 68 years 148 days) ,
John Francis Fortescue Horner,December 28  1842  Mells Park  Somerset ,,Marylebone Cricket Club,,,Left-arm medium-fast,March 31  1927  Mayfair  Westminster  London (aged 84 years 93 days) ,
Norman Frederick Horner,May 10  1926  Queensbury  Yorkshire ,,Warwickshire ,,Right-hand bat,,Coach,
Robert William Horner,January 20  1967  Liskeard  Cornwall ,51 years 78 days,Berkshire,,Right-hand bat,,Wicketkeeper,
Steve Horner,date unknown ,,,,,,Umpire,
William Horner,date unknown ,,Gentlemen of the North,,,,October 17  1830  Liverpool  Lancashire ,
John Henry James Hornsby,April 18  1860  Barrowby  Grantham  Lincolnshire ,,Middlesex,,Right-hand bat,Slow left-arm orthodox,Fettes College,
Joshua Jacob Hornyold,March 27  1986  London ,32 years 12 days,Herefordshire,,,,,
Ryan Horrell,April 7  1973  Barnstaple  Devon ,45 years 1 days,Devon,,Left-hand bat,Slow left-arm orthodox,,
Graham Wade Horrex,December 27  1932  Goodmayes  Essex ,85 years 102 days,Essex,,Right-hand bat,,,
Leonard Horridge,August 18  1907  Adlington  Chorley  Lancashire ,,Lancashire,,Right-hand bat,Right-arm offbreak,September 1  1976  Deepdale  Preston  Lancashire (aged 69 years 14 days) ,
Roland Edward William George Horridge,January 27  1963  Radcliffe  Lancashire ,55 years 71 days,Lancashire Cricket Board,,Right-hand bat,Right-arm medium,,
Mark Horrocks,January 13  1977  Hereford ,41 years 85 days,Herefordshire,,Right-hand bat,Right-arm medium,,
Richard Horrocks,August 29  1857  Church  Lancashire ,,Lancashire,,Right-hand bat,,June 19  1926  Church  Lancashire (aged 68 years 294 days) ,
Horsey,date unknown ,,Hampshire XI,,,,,
Frank Lankester Horsey,January 22  1884  Woodbridge  Suffolk ,,Royal Navy,,Right-hand bat,Right-arm fast-medium,August 19  1956  Hyde Stile  Surrey (aged 72 years 210 days) ,
Richard Horsfall,June 26  1920  Todmorden  Yorkshire ,,Essex ,,Right-hand bat,,August 25  1981  Halifax  Yorkshire (aged 61 years 60 days) ,
Simon Daniel Horsfall,March 4  1976  Leeds  Yorkshire ,42 years 35 days,Staffordshire,,Left-hand bat,Legbreak,,
Albert Beresford Horsley,January 2  1880  Hartlepool  Co Durham ,,London County,,,,November 19  1923  West Hartlepool  Co Durham (aged 43 years 321 days) ,
Harry Horsley,date unknown ,,Marylebone Cricket Club,,,,,
James Horsley,January 4  1890  Melbourne  Derbyshire ,,Derbyshire ,,Right-hand bat,Right-arm fast-medium,February 13  1976  Derby (aged 86 years 40 days) ,
J Horsley,date unknown ,,,,,,Umpire,
Martin C Horsley,date unknown ,,,,,,Umpire,
Norman Horsley,August 20  1922  Spinney Hills  Leicester ,,Nottinghamshire,,Right-hand bat,Right-arm fast,October 16  1994  Louth  Lincolnshire (aged 72 years 57 days) ,
Rupert Harry Horsley,December 17  1905  West Hartlepool  Co Durham ,,Oxford University,,Right-hand bat,,Wicketkeeper,
William Horsley,June 6  1835  Southwell  Nottinghamshire ,,Nottinghamshire,,,,August 29  1864  Southwell  Nottinghamshire (aged 29 years 84 days) ,
Edward Horsman,February 8  1807  Stirling  Scotland ,,Cambridge University,,,,November 29  1876  Biarritz  France (aged 69 years 295 days) ,
Charlotte Mary Horton,January 23  1986  Derby ,32 years 75 days,Derbyshire Women ,,Left-hand bat,Left-arm medium,,
Henry Horton,April 18  1923  Colwall Green  Herefordshire ,,Hampshire ,,Right-hand bat,Slow left-arm orthodox,November 3  1998  Birmingham  Warwickshire (aged 75 years 199 days) ,
Joseph Horton,August 12  1915  Colwall Green  Herefordshire ,,Worcestershire,,Right-hand bat,Right-arm medium,November 6  1998  Worcester (aged 83 years 86 days) ,
Martin John Horton,April 21  1934  Worcester ,,England ,Allrounder,Right-hand bat,Right-arm offbreak,Coach,
Paul James Horton,September 20  1982  Sydney  New South Wales  Australia ,35 years 200 days,Lancashire ,,Right-hand bat,Right-arm medium,Colo High School  Sydney; Broadgreen Comp Liverpool; St Margaret's High School,
R Horton,date unknown ,,Gloucestershire,,,Slow left-arm orthodox,,
Thomas Horton,May 16  1871  Edgbaston  Birmingham  Warwickshire ,,Northamptonshire,,,,Repton School,
William Herbert Francis Kenneth Horton,April 25  1906  Brentford  Middlesex ,,Europeans (India) ,,Right-hand bat,,Brother - ,
Mark David Horwell,March 17  1980  Plymouth ,38 years 22 days,Cornwall,,Left-hand bat,,Wicketkeeper,
Charles Horwood,December 8  1839  Berkhamsted  Hertfordshire ,,Sussex,,Right-hand bat,Right-arm bowler (roundarm),January 7  1870  Manor House  Broadwater  Worthing  Sussex (aged 30 years 30 days) ,
C Horwood,date unknown ,,Gloucestershire 2nd XI,,,,,
Adam John Hose,October 25  1992  Newport  Isle of Wight ,25 years 165 days,Glamorgan 2nd XI ,,Right-hand bat,Right-arm medium-fast,,
Harvey Richard Hosein,August 12  1996  Chesterfield  Derbyshire ,21 years 239 days,Derbyshire ,,Right-hand bat,,Wicketkeeper,
Roger Wills Hosen,June 12  1933  Helston  Cornwall ,,Minor Counties,,Right-hand bat,Right-arm fast-medium,April 9  2005  Royal Cornwall Hospital  Truro (aged 71 years 301 days) ,
Alexander Lindsay Hosie,August 6  1890  Wenchow  China ,,Bengal ,,Right-hand bat,Right-arm medium,June 11  1957  Ashurst  Totton  Southampton  Hampshire (aged 66 years 309 days) ,
Worthington Wynn Hoskin,May 8  1885  Cape Province  South Africa ,,Gloucestershire ,,,,March 4  1956  East London  Cape Province  South Africa (aged 70 years 301 days) ,
David John Hoskings,September 14  1992  Truro  Cornwall ,25 years 206 days,Cornwall,,Right-hand bat,Right-arm offbreak,,
John Chevallier Hoskyns,May 23  1926  Newnham  Cambridge ,,Cambridge University,,Left-hand bat,,April 12  1956  Powick  Worcestershire (aged 29 years 325 days) ,
Richard Hosmer,date unknown ,,Kent XI ,,,,April 29  1820  Mereworth  Kent ,
Anthony Henry Hossack,May 2  1867  Walsall  Staffordshire ,,Cambridge University,,,,January 24  1925  Torquay  Devon (aged 57 years 267 days) ,
John Johnson Hossell,May 25  1914  Handsworth  Birmingham  Warwickshire ,,Warwickshire,,Left-hand bat,Slow left-arm orthodox,July 8  1999  Chipping Campden  Gloucestershire (aged 85 years 44 days) ,
Neil Stafford Hotchkin,February 4  1914  Woodhall Spa Manor  Lincolnshire ,,Cambridge University ,,Right-hand bat,Right-arm offbreak,February 6  2004  Woodhall Spa Manor  Lincolnshire (aged 90 years 2 days) ,
Alan Geoffrey Hotham,October 3  1876  Edinburgh  Midlothian  Scotland ,,Hampshire,,Right-hand bat,,July 10  1965  Victoria  London (aged 88 years 280 days) ,
Frederick William Hotham,January 17  1844  Bath  Somerset ,,Somerset,,Right-hand bat,,June 23  1908  Cricket-Malherbie  Somerset (aged 64 years 158 days) ,
Charles Henry Hough,March 14  1855  Cambridge ,,Marylebone Cricket Club,,,,October 15  1933  Victoria Park  Manchester  Lancashire (aged 78 years 215 days) ,
Gerald de Lisle Hough,May 14  1894  Kensington  London ,,Kent,,Right-hand bat,Right-arm offbreak,September 29  1959  Canterbury  Kent (aged 65 years 138 days) ,
Philip Hough,August 31  1924  Macclesfield  Cheshire ,,Wiltshire,,Right-hand bat,Legbreak googly,September 4  2014 (aged 90 years 4 days) ,
Abigail Louise Houghton,January 5  1998  Stourbridge  Worcestershire ,20 years 93 days,Worcestershire Women,,,,,
Daniel Houghton,July 5  1998  Ormskirk  Lancashire ,19 years 277 days,Lancashire 2nd XI,,Right-hand bat,Right-arm medium,,
Robert Mark Houghton,June 9  1974  Liverpool  Lancashire ,43 years 303 days,Lancashire Cricket Board,,Left-hand bat,Slow left-arm orthodox,,
Stuart George Houghton,September 24  1978  Bristol ,39 years 196 days,Cambridgeshire,Wicketkeeper,Right-hand bat,Right-arm offbreak,Wicketkeeper,
William Eric Houghton,June 29  1910  Billingborough  Lincolnshire ,,Warwickshire,,Right-hand bat,Right-arm medium,May 1  1996  Sutton Coldfield (aged 85 years 307 days) ,
William Harry Houldsworth,April 6  1873  Levenshulme  Manchester  Lancashire ,,Lancashire,,,,April 19  1909  Barnfield  Flixton  Lancashire (aged 36 years 13 days) ,
Gerard Houlton,April 25  1939  St Helens  Lancashire ,78 years 348 days,Lancashire,,Right-hand bat,Left-arm fast-medium,,
William Hounsell,date unknown ,,Hampshire,,,,June 12  1903  Bridport  Dorset ,
Thomas Douglas Hounsfield,April 29  1910  Hackenthorpe Farm  Yorkshire ,,Derbyshire,,Right-hand bat,,February 8  1994  Richmond  Yorkshire (aged 83 years 285 days) ,
Andrew House,date unknown ,,Berkshire,,,,,
Biron Howe House,December 18  1884  Langport  Somerset ,,Somerset,,,,Wicketkeeper,
Kenneth Henry House,April 7  1936  Sturminster Newton  Dorset ,,Dorset,,Right-hand bat,Right-arm medium,October 18  2014  Sherborne  Dorset (aged 78 years 194 days) ,
Mark Adam House,February 25  1988  Poole  Dorset ,30 years 42 days,Dorset,,Right-hand bat,Right-arm medium,,
William John House,March 16  1976  Sheffield  Yorkshire ,42 years 23 days,Cambridge University ,,Left-hand bat,Right-arm medium-fast,,
Daniel Mark Housego,October 12  1988  Windsor  Berkshire ,29 years 178 days,Berkshire ,,Right-hand bat,Legbreak,The Oratory School  Reading,
Edward Outram Houseman,March 19  1869  Dronfield  Derbyshire ,,Derbyshire,,Right-hand bat,,April 10  1942  Westhoughton  Lancashire (aged 73 years 22 days) ,
Ian James Houseman,October 12  1969  Harrogate  Yorkshire ,48 years 178 days,Yorkshire,,Right-hand bat,Right-arm fast-medium,,
Richard Housley,May 8  1849  Mansfield Woodhouse  Nottinghamshire ,,Nottinghamshire,,Right-hand bat,,April 23  1881  Mansfield Woodhouse  Nottinghamshire (aged 31 years 350 days) ,
Brett William Houston,October 10  1985  Alberton  South Africa ,32 years 180 days,Lincolnshire,,Right-hand bat,Left-arm medium-fast,,
M Houston,date unknown ,,Derbyshire 2nd XI,,,,,
Harry John M Hovey,July 21  1998  Portsmouth  Hampshire ,19 years 261 days,Durham 2nd XI ,,Right-hand bat,,Wicketkeeper,
Edward Joseph How,May 16  1974  Amersham  Buckinghamshire ,,Cambridge University,,Right-hand bat,Left-arm medium-fast,Cambridge University,
Howard,date unknown ,,Norfolk,,,,,
Howard,date unknown ,,Surrey,,,,,
Arthur Howard,July 27  1882  Whitwick  Leicestershire ,,Leicestershire,,Right-hand bat,,August 5  1946  Belgrave  Leicester (aged 64 years 9 days) ,
Alan Raymond Howard,December 11  1909  Clarendon Park  Leicester ,,Glamorgan ,,Left-hand bat,Left-arm medium,March 1993  Hanworth  Middlesex (aged 83 years) ,
Arthur Stanley Howard,November 14  1936  Grahamstown  Cape Province  South Africa ,81 years 145 days,Cambridge University,,Right-hand bat,Right-arm offbreak,,
Barry John Howard,May 21  1926  Gee Cross  Hyde  Cheshire ,91 years 322 days,Lancashire,,Right-hand bat,,,
Charlie Howard,September 27  1854  Chichester  Sussex ,,Sussex,,Right-hand bat,,May 20  1929  Chichester  Sussex (aged 74 years 235 days) ,
Cecil Geoffrey Howard,February 14  1909  Hampstead Garden Suburb  London ,,Middlesex,,Right-hand bat,,Administrator,
Charles William Howard,1823  Bridge  Kent ,,Kent,,,,September 10  1908  Bridge  Kent (aged 85 years) ,
Charles William Henry Howard,November 7  1904  Beckenham  Kent ,,Middlesex,,Right-hand bat,Right-arm medium,Tonbridge,
Henry Howard,July 25  1802 ,,Sussex,,,,Grandson - ,
HC Howard,date unknown ,,Middlesex,,,,,
Jack Howard,November 24  1917  Belgrave  Leicester ,,Leicestershire,,Left-hand bat,,Wicketkeeper,
Joseph Howard,January 12  1871  Epsom  Surrey ,,Worcestershire,,Right-hand bat,,January 25  1951  Evenlode House  Gloucestershire (aged 80 years 13 days) ,
Kenneth Howard,June 2  1941  Manchester  Lancashire ,76 years 310 days,Lancashire,,Left-hand bat,Right-arm offbreak,,
May Howard,September 25  1926 ,,,,,,Umpire,
Nigel David Howard,May 18  1925  Gee Cross  Hyde  Cheshire ,,England ,,Right-hand bat,,May 31  1979  Douglas  Isle of Man (aged 54 years 13 days) ,
Rupert Howard,April 17  1889  Ashton-under-Lyne  Lancashire ,,Lancashire,,Right-hand bat,,September 10  1967  Manchester  Lancashire (aged 78 years 146 days) ,
R Howard,date unknown ,,Surrey XI,,,,,
S Howard,date unknown ,,Unicorns,,,,,
Steven John Howard,January 23  1989  Birmingham  Warwickshire ,29 years 75 days,Worcestershire 2nd XI,,Right-hand bat,Right-arm medium,,
Thomas Charles Howard,July 19  1781  Hartley Wintney  Hampshire ,,Epsom ,,Right-hand bat,Right-arm fast (underarm),Wicketkeeper,
William Oliver Fitzalen Howard,February 13  1981  Guildford  Surrey ,37 years 54 days,Oxford MCCU,,Right-hand bat,,Cranleigh School; Oxford Brookes,
Gerald Howard-Smith,January 21  1880  Earl's Court  Kensington  London ,,Cambridge University,,Right-hand bat,Right-arm fast,March 29  1916  Merville St Vaast  France (aged 36 years 68 days) ,
Benjamin Robbie Howarth,July 14  1997  Blackpool  Lancashire ,20 years 268 days,Cumberland,,Right-hand bat,,Wicketkeeper,
John Stirling Howarth,March 26  1945  Stockport  Cheshire ,73 years 13 days,Minor Counties ,,Right-hand bat,Right-arm fast-medium,,
Thomas Howarth,May 10  1845  Glossop  Derbyshire ,,Derbyshire,,,,October 12  1897  Fylde  Lancashire (aged 52 years 155 days) ,
Michael Gerald Howat,March 2  1958  Tavistock  Devon ,60 years 37 days,Cambridge University,,Right-hand bat,Right-arm medium-fast,birth registered as Michael Gerald Henderson-Howat,
Albert Howcroft,December 27  1882  Cliffe  Yorkshire ,,Derbyshire,,Left-hand bat,,March 7  1955  Belper  Derbyshire (aged 72 years 70 days) ,
Elisabeth Arabella Howe,April 24  1989  Paulton  Somerset ,28 years 349 days,Somerset Women,,Right-hand bat,Right-arm medium,,
Martin Howe,date unknown ,,England,,,,Umpire,
Richard Howe,February 17  1853  Denton  Manchester  Lancashire ,,Lancashire,,Right-hand bat,,January 21  1914  Alderley Edge  Cheshire (aged 60 years 338 days) ,
Rachel Julia F Howe,January 24  1999  Cambridge ,19 years 74 days,Cambridgeshire and Huntingdonshire Women,,,,,
Albert Louis Howell,July 26  1898  Ladywood  Birmingham  Warwickshire ,,Warwickshire,,Right-hand bat,Right-arm medium-fast,July 26  1958  Wingrove  Newcastle upon Tyne  Northumberland (aged 60 years 0 days) ,
Benny Alexander Cameron Howell,October 5  1988  Bordeaux  France ,29 years 185 days,Gloucestershire ,,Right-hand bat,Right-arm medium-fast,Trowell  Growler,
Christopher Robert Howell,July 19  1977  Kingston-upon-Thames  Surrey ,40 years 263 days,Warwickshire Cricket Board,,Right-hand bat,Right-arm medium,,
Henry Howell,November 29  1890  Hockley  Birmingham  Warwickshire ,,England ,,Right-hand bat,Right-arm fast,July 9  1932  Selly Oak  Birmingham  Warwickshire (aged 41 years 223 days) ,
Leonard Sidgwick Howell,August 6  1848  Herne Hill  London ,,Surrey,,Right-hand bat,,September 7  1895  Lausanne  Switzerland (aged 47 years 32 days) ,
Miles Howell,September 9  1893  Thames Ditton  Surrey ,,Oxford University ,,Right-hand bat,,Repton; Oxford University,
Reginald Howell,April 16  1856  Streatham  London ,,Surrey,,Right-hand bat,Right-arm slow (roundarm),August 3  1912  Esher  Surrey (aged 56 years 109 days) ,
Robert George Dunnett Howell,January 23  1877  Edmonton  Middlesex ,,Cambridge University ,,,,September 27  1942  Sydenham  London (aged 65 years 247 days) ,
Richard Thomas J Howell,January 2  1982  Gloucester ,36 years 96 days,Gloucestershire Cricket Board,,Right-hand bat,Right-arm medium,,
Thomas Henry Howell,September 14  1987  Derby ,30 years 206 days,Oxford University,,Right-hand bat,Legbreak googly,Ecclesbourne School  New College  Oxford,
Peter William Howells,October 9  1981  Stockton-on-Tees ,36 years 181 days,Durham MCCU,,Right-hand bat,,Wicketkeeper,
Rachael Catherine Howells,May 14  1996  Shrewsbury  Shropshire ,21 years 329 days,Shropshire Women,,Right-hand bat,Right-arm medium,,
Terry H Howes,date unknown ,,Kent Cricket Board ,,Right-hand bat,Right-arm offbreak,,
Benjamin Harry Nicholas Howgego,March 3  1988  Kings Lynn  Norfolk ,30 years 36 days,Cambridgeshire ,,Left-hand bat,Right-arm medium-fast,King's School  Ely; Stowe School,
James Alan Howgego,August 3  1948  Folkestone  Kent ,69 years 248 days,Kent,,Right-hand bat,Legbreak,Cousin - ,
Nicholas Keith Howick,March 14  1954  Le Vauquieder  St Martin's  Guernsey ,64 years 25 days,Oxford University,,Right-hand bat,Right-arm medium,,
Oliver Gordon Keith Howick,April 21  1987  Farnborough  Kent ,30 years 352 days,Kent 2nd XI ,,Right-hand bat,Right-arm medium,,
G Howitt,date unknown ,,Gentlemen of the South,,,,,
George Howitt,March 14  1843  Old Lenton  Nottinghamshire ,,Middlesex ,,Left-hand bat,Left-arm fast (roundarm),Cousin - ,
Richard Holmes Howitt,July 21  1864  Farnsfield Grange  Nottinghamshire ,,Nottinghamshire,,Right-hand bat,(unknown arm) medium,January 10  1951  Farndon  Nottinghamshire (aged 86 years 173 days) ,
Richard William John Howitt,August 17  1977  Grantham  Lincolnshire ,40 years 234 days,Bedfordshire ,,Left-hand bat,Right-arm medium,,
Christopher Burfield Howland,February 6  1936  Whitstable  Kent ,,Cambridge University ,,Right-hand bat,,Wicketkeeper,
Peter Charles Howland,March 9  1947  Orpington  Kent ,71 years 30 days,Cambridge University,,Right-hand bat,Right-arm offbreak,,
Bernard Howlett,December 18  1898  Stoke Newington  London ,,Europeans (India) ,,Right-hand bat,Right-arm fast,November 29  1943  Santa Maria Imbaro  Italy (aged 44 years 346 days) ,
Roger Frederick Howlett,April 27  1948  Bury St Edmunds  Suffolk ,69 years 346 days,Minor Counties ,,Right-hand bat,Right-arm medium,,
John Howman,April 26  1895  Stow-on-the-Wold  Gloucestershire ,,Gloucestershire,,Right-hand bat,,April 4  1958  Oxford (aged 62 years 343 days) ,
Adam Howorth,January 11  1968  Stamford  Lincolnshire ,50 years 87 days,Cambridgeshire,,Right-hand bat,Right-arm offbreak,,
Richard Howorth,April 26  1909  Bacup  Lancashire ,,England ,,Left-hand bat,Slow left-arm orthodox,April 2  1980  Worcester (aged 70 years 342 days) ,
Tony Howorth,March 20  1938  Whittlesey  Cambridgeshire ,80 years 19 days,Cambridgeshire,,Right-hand bat,Legbreak,,
Edward Arthur Howsin,July 26  1838  North Muskham  Nottinghamshire ,,Nottinghamshire,,Right-hand bat,(unknown arm) medium,February 27  1921  Boscombe  Hampshire (aged 82 years 216 days) ,
Gurth Christian Hoyer Millar,December 13  1929  Chelsea  London ,,Oxford University,,Right-hand bat,,Wicketkeeper,
Brian James Hoyle,August 25  1963  Worksop  Nottinghamshire ,54 years 226 days,Somerset Cricket Board,,Left-hand bat,,,
Theodore Hind Hoyle,March 19  1884  Halifax  Yorkshire ,,Yorkshire,,,,Wicketkeeper,
Jade Hoyte,date unknown ,,Norfolk Women,,,,,
Ralph Croft Huband,June 19  1902  Killiskey  Co Wicklow  Ireland ,,Cambridge University,,Right-hand bat,,Wicketkeeper,
Theodore Rathbone Hubback,December 17  1872  Liverpool  Lancashire ,,Lancashire,,,,Wicketkeeper,
Elysa Kyra Hubbard,October 16  1991 ,26 years 174 days,Durham Women,,Right-hand bat,Right-arm medium,,
George Cairns Hubbard,November 23  1867  Benares (now Varanasi)  Uttar Pradesh  India ,,Kent,,Right-hand bat,Right-arm medium,December 18  1931  Eltham  Kent (aged 64 years 25 days) ,
Harold John Hubble,October 3  1904  Headcorn  Kent ,,Kent,,Right-hand bat,Legbreak,January 12  1989  Tenterden  Kent (aged 84 years 101 days) ,
John Charlton Hubble,February 10  1881  Wateringbury  Kent ,,Kent,,Right-hand bat,,Wicketkeeper,
William George Hubble,June 20  1898  Leyton  Essex ,,Essex,,Left-hand bat,Slow left-arm orthodox,December 14  1978  Bishop's Waltham  Hampshire (aged 80 years 177 days) ,
John Robert Huck,December 12  1991 ,26 years 117 days,Cumberland,,Right-hand bat,,Wicketkeeper,
NA Hucker,date unknown ,,Timsbury Cricket Club,,,,,
Howard J Hudd,April 3  1947  Bristol ,71 years 5 days,,,,,Umpire,
Ferdinand Huddleston,1812 ,,Hampshire,,,,July 1  1890  Bembridge  Isle Of Wight (aged 78 years) ,
William Huddleston,February 27  1873  Earlestown  Lancashire ,,Lancashire,,Right-hand bat,Right-arm medium  Right-arm offbreak,May 21  1962  Warrington  Lancashire (aged 89 years 83 days) ,
Edmund Cuthbert Hudleston,December 30  1908  St Albans  Perth  Western Australia ,,Royal Air Force,,Right-hand bat,,Wicketkeeper,
Hudson,date unknown ,,Brighton,,,,,
Bennett Hudson,June 29  1851  Sheffield  Yorkshire ,,Lancashire ,,Right-hand bat,Right-arm fast,November 11  1901  Wortley  Sheffield  Yorkshire (aged 50 years 135 days) ,
Emma Hudson,April 8  1998 ,20 years 0 days,Shropshire Women,,,,,
Eric Vaughan Hamilton Hudson,June 30  1900  Rajpur  Bihar  India ,,Army,,Right-hand bat,Right-arm fast,February 6  1974  Churston-Ferrers  Devon (aged 73 years 221 days) ,
Frederick John Hudson,November 22  1878  Bottesford  Leicestershire ,,Leicestershire,,Right-hand bat,,October 7  1966  Bottesford  Leicestershire (aged 87 years 319 days) ,
Gideon Dacre Hudson,November 8  1944  Salisbury  Wiltshire ,73 years 151 days,Oxford University,,Right-hand bat,,Wicketkeeper,
George Neville Hudson,July 12  1905  Clitheroe  Lancashire ,,Lancashire,,,Right-arm slow,November 24  1981  Preston  Lancashire (aged 76 years 135 days) ,
James Martin Hudson,January 26  1982  Bournemouth  Hampshire ,36 years 72 days,Devon ,,Right-hand bat,Right-arm offbreak,,
Roger Douglas Hudson,June 8  1967  Selly Oak  Birmingham  Warwickshire ,50 years 304 days,Huntingdonshire ,,Right-hand bat,Right-arm medium,,
Reginald Eustace Hamilton Hudson,August 22  1904  Rajpur  Bihar  India ,,Army ,,Right-hand bat,Right-arm medium,Haileybury,
Fynn Jake Hudson-Prentice,January 12  1996  Haywards Heath  Sussex ,22 years 86 days,England Development Programme Under-19s ,,Right-hand bat,Right-arm medium-fast,Warden Park School  Cuckfield; St Bede's School  Upper Dicker  Hailsham,
Arthur Huggett,January 14  1861  Godstone  Surrey ,,Sussex,,,,April 14  1945  High Brooms  Tunbridge Wells  Kent (aged 84 years 90 days) ,
Henry James Huggins,March 15  1877  Headington  Oxfordshire ,,Gloucestershire,,Right-hand bat,Right-arm fast-medium,November 20  1942  Stroud  Gloucestershire (aged 65 years 250 days) ,
Robin David Paul Huggins,April 28  1947  Coltishall  Norfolk ,70 years 345 days,Norfolk,,Right-hand bat,,,
Thomas Benjamin Huggins,March 6  1983  Peterborough ,35 years 33 days,Cambridgeshire ,,Right-hand bat,Right-arm offbreak,,
Aimee Hughes,June 19  1998 ,19 years 293 days,Wales Women,,,,,
Alfred J Hughes,date unknown ,,Buckinghamshire ,,,Right-arm offbreak,,
Alex Lloyd Hughes,September 29  1991  Wordsley  Staffordshire ,26 years 191 days,Derbyshire ,,Right-hand bat,Right-arm medium,Brother - ,
C Hughes,date unknown ,,Derbyshire 2nd XI,,,,,
Chesney Francis Hughes,January 20  1991  Anguilla ,27 years 78 days,Anguilla ,,Left-hand bat,Slow left-arm orthodox,,
David Garfield Hughes,May 21  1934  Taunton  Somerset ,83 years 322 days,Somerset,,Right-hand bat,,Wicketkeeper,
David Paul Hughes,May 13  1947  Newton-le-Willows  Lancashire ,70 years 330 days,Lancashire ,,Right-hand bat,Slow left-arm orthodox,,
David Wilfred Hughes,July 12  1910  Ebbw Vale  Monmouthshire ,,Glamorgan,,Right-hand bat,Right-arm fast-medium,University College of North Wales,
Edward Robert Hughes,December 12  1973  Ipswich  Suffolk ,44 years 117 days,Cambridge University,,Right-hand bat,Right-arm medium,,
Gwyn Hughes,March 26  1941  Mynachdy  Cardiff  Glamorgan  Wales ,77 years 13 days,Cambridge University ,,Right-hand bat,Slow left-arm orthodox,,
George Edward Hughes,September 18  1821  Uffington  Berkshire ,,Oxford University,,,,May 2  1872  Hoylake  Cheshire (aged 50 years 227 days) ,
Hannah Hughes,date unknown ,,Nottinghamshire Women,,,,September 20  1996 ,
Henry Christopher David Hughes,September 11  1992  Manchester ,25 years 209 days,Oxford MCCU,,Right-hand bat,,5 ft 9 in ,
J Hughes,date unknown ,,Woodhouse Grange,,,,,
John Hughes,July 2  1825  Hertford ,,South of England,,Right-hand bat,Right-arm slow (roundarm),January 29  1907  Hertford (aged 81 years 211 days) ,
Jonathan Hughes,June 30  1981  Pontypridd  Glamorgan  Wales ,36 years 282 days,Glamorgan ,,Right-hand bat,Right-arm medium,,
Jonathan Adam Hughes,September 12  1985  Slough ,32 years 208 days,Buckinghamshire ,,Right-hand bat,Right-arm medium-fast,,
John Gareth Hughes,May 3  1971  Wellingborough  Northamptonshire ,46 years 340 days,Bedfordshire ,,Right-hand bat,Right-arm medium,,
Jack M Hughes,date unknown ,,Yorkshire 2nd XI ,,,,,
Kevin John Hughes,March 14  1966  Banbury  Oxfordshire ,52 years 25 days,Oxfordshire,,Right-hand bat,,Wicketkeeper,
Liam Daniel Hughes,March 21  1988  Wordsley  Staffordshire ,30 years 18 days,Derbyshire ,,Right-hand bat,Right-arm medium-fast,Brother - ,
Matthew Stephen Turner Hughes,April 17  1996  Manchester  Lancashire ,21 years 356 days,Cheshire Under-13s ,,Right-hand bat,,Stockport Grammar School,
Nicholas David Hughes,July 6  1978  Dublin  Ireland ,39 years 276 days,Hertfordshire,,Right-hand bat,Right-arm medium,,
Noel Keith Hughes,April 6  1929  Sydney  New South Wales  Australia ,,Worcestershire,,Right-hand bat,Right-arm offbreak,Son - ,
Owen Hughes,July 7  1889  Wallfield  Reigate  Surrey ,,Cambridge University,,Right-hand bat,,Wicketkeeper,
Philip Heywood  Hughes,June 17  1991  Southampton ,26 years 295 days,Cambridge MCCU ,,Right-hand bat,Right-arm medium,The Romsey School; Peter Symonds College; Cambridge University,
Quentin John Hughes,October 17  1974  Durham ,43 years 173 days,Cambridge University ,,Left-hand bat,Right-arm offbreak,,
Richard Clive Hughes,September 30  1926  Watford  Hertfordshire ,91 years 190 days,Worcestershire,,Right-hand bat,Left-arm medium-fast,,
Robert David Hughes,October 26  1973  Rugby  Warwickshire ,44 years 164 days,Herefordshire,,Left-hand bat,,,
Scarlett Hughes,date unknown ,,Essex Women,,,,,
Simon Peter Hughes,December 20  1959  Kingston-upon-Thames  Surrey ,58 years 109 days,Durham ,,Right-hand bat,Right-arm fast-medium,Commentator  Journalist  Author,
Thomas Hughes,October 19  1822  Uffington  Berkshire ,,Oxford University,,,,March 22  1896  Brighton  Sussex (aged 73 years 155 days) ,
Thomas Fiott Hughes,January 28  1825  Chesterton  Cambridgeshire ,,Cambridge University,,,,June 18  1887  Cheltenham  Gloucestershire (aged 62 years 141 days) ,
Timothy John Hughes,September 25  1943  Escrick  York ,74 years 195 days,Durham,,Left-hand bat,Right-arm medium,,
Thomas Paul Spencer Hughes,April 5  1991  Truro ,27 years 3 days,Cornwall,,Right-hand bat,,,
Toby Roger Hughes,February 15  1979  Stourport-on-Severn  Worcestershire ,39 years 52 days,Cambridge MCCU ,,Right-hand bat,Right-arm medium-fast,,
Walter Laurence Hughes,September 9  1917  New Lambton  New South Wales  Australia ,,Oxford University,,Right-hand bat,Right-arm slow,April 15  1999  Queensland  Australia (aged 81 years 218 days) ,
Norton Montrésor Hughes-Hallett,April 18  1895  Melbourne  Derbyshire ,,Derbyshire ,,Right-hand bat,Legbreak,Brother-in-law - ,
Francis Edgar Hugonin,August 16  1897  Kensington  London ,,Essex,,Right-hand bat,,Wicketkeeper,
Francis Edward Huish,December 9  1867  Clapham  London ,,Kent,,Left-hand bat,Left-arm medium,Brother - ,
Frederick Henry Huish,November 15  1869  Clapham  London ,,Kent ,,Right-hand bat,,Brother - ,
Hull,date unknown ,,Godalming,,,,,
Herbert Richard Barnes Hull,October 27  1886  Chippenham  Wiltshire ,,Royal Navy,,,,May 31  1970  Westminster  London (aged 83 years 216 days) ,
Glynis Hullah,August 8  1948  Ealing  Middlesex ,69 years 243 days,England Women ,,,,Glynis Culley,
Brangan Hulley,August 18  1983  Durban  South Africa ,34 years 233 days,Hampshire 2nd XI,,Right-hand bat,Right-arm offbreak,,
Charles Henry Hulls,March 18  1861  Luton  Bedfordshire ,,Somerset,,Right-hand bat,Right-arm medium,December 19  1912  Southend-on-Sea  Essex (aged 51 years 276 days) ,
John Arthan Hulme,November 13  1950  Chirk  Dengbighshire  Wales ,67 years 146 days,Shropshire,,Left-hand bat,,,
Joseph Harold Anthony Hulme,August 26  1904  Stafford ,,Middlesex,,Right-hand bat,Right-arm medium,September 27  1991  Winchmore Hill  Middlesex (aged 87 years 32 days) ,
John Joseph Hulme,June 30  1862  Church Gresley  Derbyshire ,,Derbyshire,,Left-hand bat,Left-arm medium-fast,July 11  1940  Nelson  Lancashire (aged 78 years 11 days) ,
Chloe Hulse,date unknown ,,Dorset Women,,,,,
Charles Westrow Hulse,November 25  1860  Breamore House  Hampshire ,,Marylebone Cricket Club,,,,June 4  1901  Braklaagte  Orange Free State  South Africa (aged 40 years 191 days) ,
Campbell Arthur Grey Hulton,March 16  1846  Manchester  Lancashire ,,Lancashire,,,,June 23  1919  Marylebone  London (aged 73 years 99 days) ,
Campbell Blethyn Hulton,May 30  1877  Whalley Range  Manchester  Lancashire ,,Marylebone Cricket Club,,,,birth registered as Campbell Grey Hulton,
Harrington Arthur Harrop Hulton,November 9  1846  Bardsley  Ashton-under-Lyne  Lancashire ,,Lancashire,,,,January 28  1923  Lansdown  Cheltenham  Gloucestershire (aged 76 years 80 days) ,
John Meredith Hulton,January 8  1882  Whalley Range  Manchester  Lancashire ,,Marylebone Cricket Club,,Right-hand bat,,July 13  1942  Poole  Dorset (aged 60 years 186 days) ,
John Hanbury Human,January 13  1912  Gosforth  Newcastle upon Tyne  Northumberland ,,Cambridge University ,,Right-hand bat,Legbreak,Brother - ,
Roger Henry Charles Human,May 11  1909  Gosforth  Newcastle upon Tyne  Northumberland ,,Berkshire ,,Right-hand bat,Right-arm medium,Brother - ,
Stephen Humble,January 3  1977  Hexham  Northumberland ,41 years 95 days,Durham Cricket Board ,,Right-hand bat,Right-arm medium,,
William John Humble,December 9  1846  Sutton Scarsdale  Derbyshire ,,Derbyshire,,Right-hand bat,,changed name to William John Humble-Crofts in May 1879,
Jessica Diana Humby,October 22  1997  Redditch  Worcestershire ,20 years 168 days,Worcestershire Women,,,,,
Abraham Hume,June 28  1819  Willingdale-Doe  Essex ,,Cambridge University,,,,July 1  1888  Wortham  Suffolk (aged 69 years 3 days) ,
Edward Hume,September 25  1841  Scaldwell  Northamptonshire ,,Oxford University,,Right-hand bat,,October 24  1921  Totland Bay  Isle of Wight (aged 80 years 29 days) ,
George Shuldham Hume,March 4  1800  Broad Hinton  Wiltshire ,,Cambridge University,,,,November 25  1872  Clifton  Bristol (aged 72 years 266 days) ,
Stuart Harold Guise Humfrey,February 17  1894  Headington  Oxfordshire ,,Northamptonshire,,Right-hand bat,Right-arm medium,June 9  1975  Dallington  Northamptonshire (aged 81 years 112 days) ,
Geoffrey William Humpage,April 24  1954  Sparkbrook  Birmingham  Warwickshire ,63 years 349 days,England ,,Right-hand bat,Right-arm medium,Golden Hillock Comprehensive  Birmingham,
Victor William Humpherson,July 15  1896  Bewdley on Severn  Worcestershire ,,Worcestershire,,Right-hand bat,Right-arm medium,October 19  1978  Rowfant  Sussex (aged 82 years 96 days) ,
Amelia Humphrey,date unknown ,,Buckinghamshire Women,,,,,
John Humphrey,February 9  1837  Mitcham  Surrey ,,Surrey,,,,details unknown ,
Neil Victor Humphrey,April 2  1973  Kingston  Jamaica ,45 years 6 days,Warwickshire Cricket Board,,Right-hand bat,,,
Richard Humphrey,December 12  1848  Mitcham  Surrey ,,Surrey,,Right-hand bat,,Brother - ,
Richard Geoffrey Humphrey,September 17  1936  Hampstead  London ,81 years 203 days,Buckinghamshire ,,Right-hand bat,,Wicketkeeper,
Thomas Humphrey,January 16  1839  Mitcham  Surrey ,,Surrey,,Right-hand bat,Right-arm slow (roundarm),Brother - ,
VC Humphrey,date unknown ,,Sussex Home Guard,,,,,
William Humphrey,September 15  1843  Mitcham  Surrey ,,Hampshire ,,Right-hand bat,Right-arm fast (roundarm),February 24  1918  Norwich  Norfolk (aged 74 years 162 days) ,
Edward Humphreys,April 25  1968  Bedford ,49 years 348 days,Huntingdonshire,,Right-hand bat,Right-arm medium,,
Edward Humphreys,August 24  1881  Ditton  Kent ,,Canterbury ,,Right-hand bat,Slow left-arm orthodox,Coach,
George Thomas Humphreys,March 28  1845  Brighton  Sussex ,,Sussex,,Right-hand bat,,Brother - ,
Walter Alexander Humphreys,October 28  1849  Southsea  Hampshire ,,Hampshire ,,Right-hand bat,Right-arm slow (underarm),Brother - ,
Walter Alexander Humphreys,June 28  1878  Brighton  Sussex ,,Sussex,,Right-hand bat,Right-arm slow (underarm),Father - ,
Cedric Alfred Humphries,December 26  1913  Kidderminster  Worcestershire ,,Worcestershire,,Right-hand bat,Right-arm medium,November 18  1944  Gilrath  Holland (aged 30 years 328 days) ,
David John Humphries,August 6  1953  Alveley  Shropshire ,64 years 245 days,Leicestershire ,,Left-hand bat,,Wicketkeeper,
George Edward Humphries,August 23  1994  Oxford ,23 years 228 days,Buckinghamshire,,Right-hand bat,Right-arm fast-medium,,
Gerald Harvey Humphries,December 8  1908  Kidderminster  Worcestershire ,,Worcestershire,,Right-hand bat,Right-arm medium,February 3  1983  Rock  near Kidderminster  Worcestershire (aged 74 years 57 days) ,
Henry Hurl Humphries,September 8  1879  Warkworth  Ontario  Canada ,,Combined USA and Canada ,,Left-hand bat,,October 12  1964  Weston  Bath  Somerset (aged 85 years 34 days) ,
Joseph Humphries,May 19  1876  Stonebroom  Derbyshire ,,England ,,Right-hand bat,,Wicketkeeper,
Mark Ian Humphries,October 4  1965  Highley  Shropshire ,52 years 186 days,Staffordshire,,Left-hand bat,,Wicketkeeper,
Norman Hampton Humphries,May 19  1917  Kidderminster  Worcestershire ,,Worcestershire,,Right-hand bat,Legbreak,December 18  2000  Seaton  Devon (aged 83 years 213 days) ,
Paul Jonathan Humphries,October 10  1965  Bromsgrove  Worcestershire ,52 years 180 days,Herefordshire,,Right-hand bat,Right-arm fast-medium,,
Shaun Humphries,January 11  1973  Horsham  Sussex ,45 years 87 days,Sussex,,Right-hand bat,,Wicketkeeper,
George Edward Humphry,1816 ,,Hampshire,,,,January 25  1867  Southampton  Hampshire (aged 51 years) ,
William James Humphry,November 5  1814  Lavant  Sussex ,,Surrey ,,,,September 30  1865  Donnington  Sussex (aged 50 years 329 days) ,
Francis Henry Humphrys,April 24  1879  Oswestry  Shropshire ,,Oxford University,,Right-hand bat,Right-arm fast,August 28  1971  Hampstead-Marshall  Berkshire (aged 92 years 126 days) ,
Christopher Andrew Hunkin,December 14  1980  St Austell  Cornwall ,37 years 115 days,Somerset Cricket Board,,Right-hand bat,Right-arm medium,,
Matthew David Hunn,March 22  1994  Colchester ,24 years 17 days,Essex 2nd XI ,,Right-hand bat,Right-arm fast-medium,,
Hunt,date unknown ,,Hampshire XI ,,,,,
Alan Jeffrey Hunt,December 28  1968  Birmingham  Warwickshire ,49 years 101 days,Gloucestershire,,Right-hand bat,,,
Alexander Patrick Hunt,April 4  1992  Stanford  USA ,26 years 4 days,Cambridge MCCU ,,Right-hand bat,Right-arm medium,King's College School  Wimbledon; Durham University,
Brian Hunt,February 28  1947  Eldon Lane  Bishop Auckland  Co Durham ,71 years 39 days,,,,,Scorer,
Emily Hunt,date unknown ,,Buckinghamshire Women,,,,,
Frederick Hunt,September 13  1875  Aldworth  Berkshire ,,Kent ,,Right-hand bat,Right-arm medium,March 31  1967  Worcester (aged 91 years 199 days) ,
George Edward Hunt,September 30  1896  Pill  Somerset ,,Somerset,,Right-hand bat,Right-arm medium,January 22  1959  Bristol (aged 62 years 114 days) ,
George Rupert Hunt,March 23  1873  Bathwick  Bath  Somerset ,,Somerset,,Right-hand bat,Right-arm medium,August 22  1960  Old Bursledon  Hampshire (aged 87 years 152 days) ,
Hubert Hunt,November 18  1911  Long Ashton  Somerset ,,Somerset,,Right-hand bat,Right-arm offbreak,November 29  1985  Pill  Somerset (aged 74 years 11 days) ,
James Hunt,date unknown ,,Unicorns,,Right-hand bat,Right-arm medium,,
John Henry Sneyd Hunt,November 24  1874  Kensington  London ,,Middlesex,,Right-hand bat,Right-arm fast-medium,Winchester College; Oxford University,
Kenneth Hunt,December 4  1902  Clifton  Bristol ,,Gloucestershire ,,Right-hand bat,,March 16  1971  Hyde  Chalford  Stroud  Gloucestershire (aged 68 years 102 days) ,
Louis Edward Hunt,November 9  1908  Prestatyn  Flintshire  Wales ,,Bengal ,,Right-hand bat,,Wicketkeeper,
Mollie Elaine Hunt,July 29  1936  Leeds  Yorkshire ,81 years 253 days,England Women ,,,,Mollie Buckland,
Matthew Paul Hunt,June 10  1977  Newton Abbot  Devon ,40 years 302 days,Devon,,Right-hand bat,Right-arm medium,,
Robert Geoffrey Hunt,April 13  1915  Horsham  Sussex ,,Cambridge University ,,Right-hand bat,Right-arm offbreak,January 10  2010  Cheltenham  Gloucestershire (aged 94 years 272 days) ,
Robert Norman Hunt,September 24  1903  Worsley  Manchester  Lancashire ,,Middlesex,,Right-hand bat,Right-arm fast-medium,October 13  1983  Somerstown  Chichester  Sussex (aged 80 years 19 days) ,
Simon A Hunt,May 26  1962  Guildford  Surrey ,55 years 317 days,Cornwall,,Right-hand bat,Right-arm medium,,
Samuel Stanley ET Hunt,1998  Norwich  Norfolk ,20 years,Norfolk Under-13s ,,,,,
Samuel Walter Hunt,January 9  1909  Doe Lea  Derbyshire ,,Derbyshire,,Right-hand bat,Legbreak,August 2  1963  Rochdale  Lancashire (aged 54 years 205 days) ,
Thomas Hunt,September 2  1819  Chesterfield  Derbyshire ,,Lancashire ,,Right-hand bat,Right-arm fast (roundarm),Wicketkeeper,
Thomas Hunt,January 19  1982  Melbourne  Victoria  Australia ,36 years 79 days,Middlesex ,,Left-hand bat,Right-arm fast-medium,,
Charles Herbert Hunter,April 18  1867  Lee  London ,,Cambridge University ,,Right-hand bat,,Wicketkeeper,
Charles Michael Geoffrey Hunter,September 11  1937  Windle  St Helens  Lancashire ,80 years 209 days,Dorset ,,Right-hand bat,Right-arm medium,,
David Hunter,February 23  1860  Scarborough  Yorkshire ,,Yorkshire,,Right-hand bat,,Wicketkeeper,
Frederic Cecil Hunter,August 23  1886  Glossop  Derbyshire ,,Derbyshire,,Right-hand bat,Legbreak,July 21  1926  Adelaide  South Australia  Australia (aged 39 years 332 days) ,
Ian David Hunter,September 11  1979  Dryburn Hospital  Durham ,38 years 209 days,Cumberland ,,Right-hand bat,Right-arm medium-fast,New College  Durham,
Joe Hunter,August 3  1855  Scarborough  Yorkshire ,,England ,,Right-hand bat,,Wicketkeeper,
Kenneth Owen Hunter,July 7  1881 ,,Marylebone Cricket Club,,,,March 25  1960  Westminster  London (aged 78 years 262 days) ,
Ross Leslie Alan Hunter,January 27  1981  Frimley Park  Surrey ,37 years 71 days,Hampshire Cricket Board,,Right-hand bat,,Wicketkeeper,
Christopher James Huntington,March 29  1987  Chelmsford  Essex ,31 years 10 days,Cambridge MCCU,,Left-hand bat,,Felstead School  Anglia Ruskin University,
Benjamin Huntsman,March 21  1820  Attercliffe  Sheffield  Yorkshire ,,Yorkshire,,,,June 27  1893  West Retford  Nottinghamshire (aged 73 years 98 days) ,
Alan Hurd,September 7  1937  Ilford  Essex ,,Cambridge University ,,Left-hand bat,Right-arm offbreak,April 11  2016 (aged 78 years 217 days) ,
Richard Brian Hurd,December 18  1970  Amersham  Buckinghamshire ,47 years 111 days,Buckinghamshire,,Right-hand bat,,,
William Sydney Hurd,September 10  1908  Ashby-de-la-Zouch  Leicestershire ,,Leicestershire,,,,1992  Abingdon  Berkshire (aged 83 years) ,
Kenneth Hurden,date unknown ,,,,,,Umpire,
K Hurkett,date unknown ,,Gloucestershire 2nd XI,,,,,
James Hurn,November 10  1926  Melksham  Wiltshire ,91 years 149 days,Wiltshire,,Left-hand bat,,,
John Hurrell,September 1  1947  Redruth  Cornwall ,70 years 219 days,Cornwall,,Left-hand bat,Right-arm fast-medium,,
Christopher Salkeld Hurst,July 20  1886  Beckenham  Kent ,,Kent ,,Right-hand bat,,December 18  1963  Dorking  Surrey (aged 77 years 151 days) ,
David Michael Hurst,December 6  1989  Knowsley  Lancashire ,28 years 123 days,Cheshire ,,Right-hand bat,Right-arm offbreak,,
Dominic Reece Hurst,March 28  1991  Barking  Essex ,27 years 11 days,Essex 2nd XI,,Right-hand bat,Right-arm medium-fast,Cousin - ,
Edmund Hurst,date unknown ,,Oxford University,,,,,
Edward James Hurst,October 13  1998  South Shields  Co Durham ,19 years 177 days,Durham 2nd XI,,Right-hand bat,,St Joseph's Catholic Academy  Hebburn,
Graham Hurst,September 22  1960  Newcastle upon Tyne  Northumberland ,57 years 198 days,Durham,,Right-hand bat,,,
Sir Geoffrey Charles Hurst,December 8  1941  Ashton-under-Lyne  Lancashire ,76 years 121 days,Essex,,Right-hand bat,,Wicketkeeper,
Gordon Thomas Hurst,August 26  1920  Kenley  Surrey ,,Sussex,,Right-hand bat,Right-arm offbreak,July 6  1996  Carshalton  Surrey (aged 75 years 315 days) ,
John Hurst,date unknown ,,Oxford University,,,,March 4  1868  Cowley  Oxford ,
John Hurst,date unknown ,,,,,,Umpire,
Richard Hurst,date unknown ,,Oxford University,,,,1873  Headington  Oxford ,
Robert Jack Hurst,December 29  1933  Hampton Hill  Middlesex ,,Middlesex,,Right-hand bat,Slow left-arm orthodox,Bloodnut,
S Hurst,date unknown ,,The Bunburys,,,,,
Colin Noel Bickley Hurt,December 16  1893  Darley Dale  Derbyshire ,,Derbyshire,,Right-hand bat,Right-arm medium,December 31  1972  Little Common  Bexhill  Sussex (aged 79 years 15 days) ,
Francis Hurt,October 22  1803  Wirksworth  Derbyshire ,,Marylebone Cricket Club,,,,April 1  1861  Alderwasley  Derbyshire (aged 57 years 161 days) ,
H Hurt,date unknown ,,Yorkshire,,,,,
Liam J Hurt,date unknown ,,Lancashire 2nd XI,,,,Balshaw's CE High School  Leyland,
James Hubert Husey-Hunt,April 20  1853  Compton-Pauncefoot  Castle Cary  Somerset ,,Gloucestershire,,Right-hand bat,,changed name from James Hubert Senior,
Geoffrey Mark Clement Huskinson,September 25  1935  Langar  Nottinghamshire ,82 years 195 days,Free Foresters,,Right-hand bat,Legbreak,,
Geoffrey Neville Bayley Huskinson,February 1  1900  Locarno  Switzerland ,,Nottinghamshire,,Right-hand bat,Legbreak,June 17  1982  Hinton-Waldrist  Berkshire (aged 82 years 136 days) ,
Shabhaz Hussain,May 5  1984  Bedford ,33 years 338 days,Bedfordshire,,Right-hand bat,Right-arm medium-fast,,
Abbas Hussain,March 3  1964  Madras  India ,54 years 36 days,Essex 2nd XI,,Right-hand bat,Right-arm medium,Father - ,
F Hussain,date unknown ,,Durham 2nd XI,,,,,
Gemaal Maqsood Hussain,October 10  1983  Waltham Forest  London ,34 years 180 days,Essex 2nd XI ,,Right-hand bat,Right-arm medium,,
Iqraa Hussain,September 21  1999 ,18 years 199 days,Middlesex Women,,,,,
J Hussain,date unknown ,,Nottinghamshire 2nd XI,,,,,
Mehriyar Hussain,October 17  1963  South Shields  Co Durham ,54 years 173 days,Essex Cricket Board ,,Right-hand bat,Right-arm offbreak,Father - ,
Mosun Hussain,March 27  1997  Leeds  Yorkshire ,21 years 12 days,England Under-19s ,,Right-hand bat,Right-arm medium,City of Leeds Secondary School,
M Hussain,date unknown ,,Leicestershire 2nd XI,,,,,
Nasser Hussain,March 28  1968  Madras (now Chennai)  India ,50 years 11 days,England ,Top-order batsman,Right-hand bat,Legbreak,Father - ,
Reece Hussain,December 8  1995  Havering  Essex ,22 years 121 days,Essex Under-13s ,,Left-hand bat,Right-arm medium,Grandfather - ,
Travis Hussain,August 1989  Havering  Essex ,28 years,,,,,Grandfather - ,
Zawar Hussain,January 22  1987  Watford  Hertfordshire ,31 years 76 days,Middlesex 2nd XI,,Right-hand bat,Right-arm medium,,
G Hussein,date unknown ,,Northamptonshire 2nd XI,,,,,
Edward Hussey,November 3  1749  Burwash  Sussex ,,Kent XI ,,,,July 4  1816  Scotney Castle  Lamberhurst  Kent (aged 66 years 244 days) ,
Henry George Leicester Hussey,March 8  1894  Woodbridge  Suffolk ,,Cambridgeshire,,,,July 1  1994  Bournemouth  Hampshire (aged 100 years 115 days) ,
John Allen Hussey,April 17  1897  Axbridge  Somerset ,,Royal Navy,,Right-hand bat,,August 18  1969  Raynes Park  Surrey (aged 72 years 123 days) ,
Todd Hutcheson,June 12  1984  South Africa ,33 years 300 days,Berkshire,,Right-hand bat,,Wicketkeeper,
Frederick Vaughan Hutchings,June 3  1880  Southborough  Kent ,,Kent,,Right-hand bat,,August 6  1934  Hamburg  Germany (aged 54 years 64 days) ,
G Hutchings,date unknown ,,,,,,Umpire,
Kenneth Lotherington Hutchings,December 7  1882  Southborough  Kent ,,England ,,Right-hand bat,Right-arm fast,September 3  1916  Ginchy  France (aged 33 years 271 days) ,
Richard Martin Hutchings,May 6  1978  Leicester ,39 years 337 days,Leicestershire Cricket Board,,Right-hand bat,,Wicketkeeper,
William Edward Colebrooke Hutchings,May 31  1879  Southborough  Kent ,,Kent ,,Right-hand bat,,March 8  1948  The Mount  Prees  near Whitchurch  Shropshire (aged 68 years 282 days) ,
Gilbert William Hutchins,February 28  1858  Knebworth  Hertfordshire ,,Middlesex,,Right-hand bat,Right-arm slow,November 25  1902  Bedford (aged 44 years 270 days) ,
Stephanie Hutchins,date unknown ,,Devon Women,,,,,
Gordon Michael Hutchinson,February 10  1969  Welshpool  Montgomeryshire  Wales ,49 years 57 days,Cambridge University,,Right-hand bat,Right-arm medium,Brother - ,
Ian James Frederick Hutchinson,October 31  1964  Welshpool  Montgomeryshire  Wales ,53 years 159 days,Middlesex ,,Right-hand bat,Right-arm medium-fast,Brother - ,
James Metcalf Hutchinson,November 29  1896  New Tupton  Derbyshire ,,Derbyshire,,Right-hand bat,Right-arm medium  Right-arm offbreak,November 7  2000  Doncaster  Yorkshire (aged 103 years 344 days) ,
Leonard Staughton Hutchinson,April 16  1901  Anstey  Leicestershire ,,Leicestershire,,Right-hand bat,,October 2  1976  Glenfield  Leicester (aged 75 years 169 days) ,
William Francis Moore Hutchinson,February 3  1841  City of London ,,Marylebone Cricket Club,,,,April 22  1917  Devonshire Park  Eastbourne  Sussex (aged 76 years 78 days) ,
Amie Marie Hutchison,September 12  1997  Kings Lynn  Norfolk ,20 years 208 days,Norfolk Women,,,,,
Paul Michael Hutchison,June 9  1977  Leeds  Yorkshire ,40 years 303 days,England A ,,Left-hand bat,Left-arm fast-medium,,
Henry Huth,February 14  1856  Huddersfield  Yorkshire ,,Gentlemen of the North,,,,January 1930 (aged 73 years) ,
A Hutson,date unknown ,,,,,,Umpire,
Andrew Massey Hutson,March 18  1952  Tamworth  Staffordshire ,66 years 21 days,Cambridge University,,Right-hand bat,Right-arm medium,,
Henry Wolseley Hutson,March 14  1868  Georgetown  Demerara  British Guiana ,,Cambridge University,,,,March 25  1916  Cottenham Park  Wimbledon  Surrey (aged 48 years 11 days) ,
Jacob William Hutson,June 22  1994  Sidcup  Kent ,23 years 290 days,Kent 2nd XI ,,Right-hand bat,,Wicketkeeper,
William Wayman Hutt,August 29  1822  Cambridge ,,Cambridge Town Club,,,,July 21  1894  Wilton (aged 71 years 326 days) ,
A Hutton,date unknown ,,Lancashire,,,,,
Brett Alan Hutton,February 6  1993  Doncaster  Yorkshire ,25 years 61 days,England Under-19s ,,Right-hand bat,Right-arm medium,,
Benjamin Leonard Hutton,January 29  1977  Johannesburg  Transvaal  South Africa ,41 years 69 days,British Universities ,,Left-hand bat,Right-arm fast-medium,Grandfather - ,
John Leonard Hutton,May 6  1946  Pudsey  Yorkshire ,71 years 337 days,Marylebone Cricket Club,,Left-hand bat,Right-arm medium,Father - ,
Leonard Hutton,June 23  1916  Fulneck  Pudsey  Yorkshire ,,England ,,Right-hand bat,Legbreak,Widely regarded as the finest  most technically correct England batsman after the Second World War  Len Hutton broke the world-record score in his sixth Test. He was also England's first professional captain. ,
Oliver Richard Hutton,May 27  1979  Johannesburg  Transvaal  South Africa ,38 years 316 days,Greece ,,Left-hand bat,Right-arm medium-fast,Grandfather - ,
Richard Anthony Hutton,September 6  1942  Pudsey  Yorkshire ,75 years 214 days,England ,,Right-hand bat,Right-arm fast-medium,Father - ,
Stewart Hutton,November 30  1969  Stockton-on-Tees  Co Durham ,48 years 129 days,Durham,,Left-hand bat,Right-arm medium,,
Peter Nigel Huxford,February 17  1960  Enfield  Middlesex ,58 years 50 days,Oxford University,,Left-hand bat,,Wicketkeeper,
Alex Huxley,June 11  1984  Shrewsbury ,33 years 301 days,Shropshire,,Right-hand bat,,,
Barnaby G Huxtable,date unknown ,,Devon ,,,,,
Rupert James Alexander Huxter,October 29  1959  Abingdon  Berkshire ,58 years 161 days,Cambridge University,,Right-hand bat,Right-arm medium,,
Oliver Francis Huyshe,July 26  1885  Wimborne Minster  Dorset ,,Oxford University,,,,Wicketkeeper,
Barry James Hyam,September 9  1975  Romford  Essex ,42 years 211 days,Essex,,Right-hand bat,,Wicketkeeper,
John Hyams,December 18  1919  Lambeth  London ,,Cockfosters ,,,,May 2  2012 (aged 92 years 136 days) ,
Hyde,date unknown ,,Brighton,,,,,
Alfred Joseph Hyde,1884 ,,Warwickshire,,Left-hand bat,Slow left-arm orthodox,details unknown ,
Edward Hyde,March 18  1881  Earls Barton  Wellingborough  Northamptonshire ,,Northamptonshire,,,,October 9  1941  Cambridge (aged 60 years 205 days) ,
Edward Hyde,September 12  1997 ,20 years 208 days,Cambridge MCCU,,Right-hand bat,,Wicketkeeper,
John Hyde,September 11  1827  Pulborough  Sussex ,,Sussex,,,,details unknown ,
Edward Hyde Villiers (Lord Hyde),February 11  1846  Westminster  London ,,Cambridge University,,Right-hand bat,(unknown arm) fast (roundarm),Uncle - ,
Joseph Hydes,date unknown ,,Yorkshire,,,,December 3  1806  Sheffield  Yorkshire ,
Frederick James Hyland,December 16  1893  Battle  Sussex ,,Hampshire,,,,February 27  1964  Hartford  Cheshire (aged 70 years 73 days) ,
Bruce de la Coeur Hylton-Stewart,November 27  1891  New Brighton  Cheshire ,,Cambridge University ,,Right-hand bat,Right-arm fast-medium,October 1  1972  Marlborough  Wiltshire (aged 80 years 309 days) ,
William Hyman,March 7  1875  Radstock  Bath  Somerset ,,Somerset,,,Right-arm medium,February 11  1959  Mount Charles  St Austell  Cornwall (aged 83 years 341 days) ,
David J Hymers,date unknown ,,Northumberland ,,,,,
Matthew Alan Forster Hynd,September 12  1975  Newcastle upon Tyne  Northumberland ,42 years 208 days,Northumberland,,,,,
Henry Mayers Hyndman,March 7  1842  Paddington  London ,,Cambridge University ,,Right-hand bat,,November 22  1921  Hampstead  London (aged 79 years 260 days) ,
James Gerard Wyndham Hyndson,April 25  1892  Cape Town  Cape Province  South Africa ,,Surrey,,Right-hand bat,Left-arm fast-medium,February 23  1935  Holborn  London (aged 42 years 304 days) ,
Robert Wilberforce Myburgh Hyndson,1894  Cape Town  Cape Province  South Africa ,,Essex,,,,October 9  1943  Bradford  Yorkshire (aged 49 years) ,
Hector Henry Hyslop,December 13  1840  Southampton  Hampshire ,,Hampshire,,Right-hand bat,,Wicketkeeper,
H ur Rehman,date unknown ,,Danube Lions,,,,,
James A Iago,date unknown ,,Findon Cricket Club,,,,,
John I'Anson,October 26  1868  Scorton  Yorkshire ,,Lancashire,,Right-hand bat,Right-arm fast-medium,September 14  1936  Chester  Cheshire (aged 67 years 324 days) ,
Kassem Ben Khalid Ibadulla,October 13  1964  Birmingham  Warwickshire ,53 years 177 days,Gloucestershire ,,Right-hand bat,Right-arm offbreak,Father - ,
J R Ibbetson,date unknown ,,Yorkshire,,,,,
Tyler Joss Ibbotson,date unknown  Haywards Heath  Sussex ,,Durham MCCU,,,,,
John Iberson,December 10  1923  Barrow-in-Furness  Lancashire ,,Hertfordshire,,Right-hand bat,Legbreak googly,October 1989  Bromley  Kent (aged 65 years) ,
Roger Iddison,September 15  1834  Bedale  Yorkshire ,,Lancashire ,,Right-hand bat, (underarm)  Right-arm fast (roundarm),March 19  1890  York (aged 55 years 185 days) ,
William Holdsworth Iddison,February 5  1840  Bedale  Yorkshire ,,Lancashire,,Right-hand bat,,death registered as William Hallsworth Iddison,
John Iddon,January 8  1902  Mawdesley  Lancashire ,,England ,,Right-hand bat,Slow left-arm orthodox,April 17  1946  Madeley  Staffordshire (aged 44 years 99 days) ,
Alan Paul Igglesden,October 8  1964  Farnborough  Kent ,53 years 182 days,England ,,Right-hand bat,Right-arm fast-medium,,
Rosa Iggulden,date unknown ,,Dorset Women,,,,,
Bilal Ijaz,November 16  1985  Bradford ,32 years 143 days,Leeds/Bradford MCCU,,Right-hand bat,Right-arm medium-fast,,
Edward Harry Ikin,March 16  1993  Burton-upon-Trent  Staffordshire ,25 years 23 days,Derbyshire 2nd XI ,,Right-hand bat,Right-arm medium,Repton School,
John Thomas Ikin,March 7  1918  Bignall End  Staffordshire ,,England ,,Left-hand bat,Legbreak googly,Son - ,
Michael John Ikin,December 31  1946  Bignall End  Staffordshire ,71 years 98 days,Minor Counties ,,Left-hand bat,Right-arm offbreak,Father - ,
Aamir Ikram,January 12  1960  Lahore  Punjab  Pakistan ,58 years 86 days,Wales Minor Counties,,Right-hand bat,Legbreak,,
James Alexander Iles,February 11  1990  Chatham  Kent ,28 years 56 days,Kent,,Right-hand bat,Right-arm medium-fast,,
John Henry Iles,September 17  1871  Clifton  Bristol ,,Gloucestershire,,,,May 29  1951  Birchington  Kent (aged 79 years 254 days) ,
MW Iles,date unknown ,,Kent 2nd XI,,,,,
Hemish Bandara Ilangaratne,July 25  1987  Derby ,30 years 257 days,Hertfordshire ,Opening batsman,Right-hand bat,Right-arm medium,,
