Russel Charles Fitzhenry,August 10  1963  Graaff-Reinet  Cape Province ,54 years 241 days,Eastern Province Country Districts,,Right-hand bat,Right-arm offbreak,,
Carl Fitzpatrick,June 27  1996  Johannesburg ,21 years 285 days,St Andrew's School,,Right-hand bat,Right-arm offbreak,St Andrew's School,
George Ignatius Fitzpatrick,April 9  1925  Kimberley  Cape Province  South Africa ,92 years 364 days,,,,,Umpire,
George Thomas Fitzpatrick,December 13  1868  Cape Town  Cape Province ,,Western Province,,,,May 20  1960  Cape Town  Cape Province (aged 91 years 159 days) ,
Robert John Flack,April 5  1917  Port Elizabeth  Cape Province ,101 years 3 days,Eastern Province,,,,,
Franklin Frederick Flanagan,February 16  1918  Kimberley  Cape Province ,,Griqualand West ,,,,October 30  1968  Johannesburg  Transvaal (aged 50 years 257 days) ,
John Patrick Douglas Flanagan,September 20  1947  Sandringham  Johannesburg  Transvaal ,70 years 200 days,Transvaal,,Right-hand bat,Right-arm medium,,
Calvin Flanegan,June 8  2000  Bloemfontein ,17 years 304 days,,,Right-hand bat,,ST Andrews School,
Graham Fleeton,October 22  1938  Kimberley  Cape Province ,79 years 168 days,Griqualand West,,Right-hand bat,Right-arm medium,,
Shaun Russell Flegg,November 14  1968  Uitenhage  Cape Province ,49 years 145 days,Eastern Province,,Right-hand bat,Right-arm medium,,
Frederick Fleischer,June 16  1868  Dordrecht  Cape Province ,,Transvaal,,,,July 31  1938  Johannesburg  Transvaal (aged 70 years 45 days) ,
Konrad Fleischhauer,January 14  1997 ,21 years 84 days,Menlopark High School,,,,,
Reuben Fleischhauer,May 20  1998 ,19 years 323 days,Menlopark High School,,,,,
Kenneth Mackenzie Fleming,August 26  1909  Gwelo (now Gweru)  Rhodesia ,,Eastern Province,,Left-hand bat,,April 14  1996  Grahamstown  Cape Province (aged 86 years 232 days) ,
Nolan George Flemmer,February 28  1938  East London  Cape Province ,80 years 39 days,Border,,Right-hand bat,,Wicketkeeper,
Oswald Nolan Flemmer,January 7  1907  East London  Cape Province ,,Border ,,Right-hand bat,,Wicketkeeper,
Brandon Flemming,September 29  1995 ,22 years 191 days,Easterns Under-17s,,Right-hand bat,Right-arm medium,Springs Boys High,
Conner Fletcher,June 9  1998  Zimbabwe ,19 years 303 days,Mpumalanga Under-15s,,Right-hand bat,Right-arm medium,Uplands,
G F Fletcher,date unknown ,,Griqualand West,,,,,
Mark Andrew Fletcher,October 17  1962  Kimberley  Cape Province ,55 years 173 days,Griqualand West,,Right-hand bat,,Wicketkeeper,
Bertram Harold Floquet,October 12  1883  Cathcart  Cape Province ,,Transvaal,,,,Brother - ,
Claude Eugene Floquet,November 3  1884  Aliwal North  Cape Colony ,,South Africa ,,Right-hand bat,Right-arm medium,Brother - ,
S Florence,date unknown ,,Griqualand West Women,,,,,
Calvin Anthony Flowers,July 20  1985  Durban  Natal ,32 years 262 days,KwaZulu-Natal,,Right-hand bat,Right-arm offbreak,Durban High School,
Gareth Edward Flusk,November 8  1974  Johannesburg  Transvaal ,43 years 151 days,Easterns ,,Left-hand bat,Left-arm medium,,
Charles Andrew Chomse Fock,July 3  1877  Lydenburg  Transvaal ,,Western Province,,,,Brother - ,
Phaphama Fojela,August 28  1984  King William's Town ,33 years 223 days,Border ,,Right-hand bat,Right-arm medium-fast,,
Cecil Joseph Patrick Foley,August 8  1909  Kimberley  Cape Province ,108 years 243 days,Orange Free State,,,,,
William Bernard Henry Foley,October 3  1906  Cape Town  Cape Province ,,Transvaal ,,Right-hand bat,,August 13  1963  Bergvliet  Cape Town  Cape Province (aged 56 years 314 days) ,
J Folscher,date unknown ,,,,,,Umpire,
John Hasson Folster,February 5  1892  Sydney  New South Wales  Australia ,,Transvaal,,,,May 8  1954  Johannesburg  Transvaal (aged 62 years 92 days) ,
Roxannie Fondling,date unknown ,,Western Province Women,,,,,
Alan Forbes,October 27  1927  Johannesburg  Transvaal ,90 years 163 days,Transvaal,,,,,
Adam Forbes,August 28  1997 ,20 years 223 days,Easterns Under-15s,,Right-hand bat,Right-arm medium,CBC,
Burton Sydney Forbes,February 6  1971  Port Elizabeth  Cape Province ,47 years 61 days,Border ,,Right-hand bat,Right-arm fast-medium,,
G Forbes,date unknown ,,Eastern Province Women,,,,,
John Geddie Forbes,July 12  1931  East London  Cape Province ,86 years 270 days,Border,,Left-hand bat,Left-arm bowler,,
John Henry Vivian Forbes,July 3  1923  Cambridge  England ,,Orange Free State,,,,April 16  2009 (aged 85 years 287 days) ,
Keeran Forbes,May 26  1999 ,18 years 317 days,Eastern Province Under-13s,,Right-hand bat,,West End Primary,
L Forbes,date unknown ,,,,,,Umpire,
Ryan Forbes,February 5  1999 ,19 years 62 days,Grey High School,Allrounder,Right-hand bat,Right-arm medium,,
Greg Ford,date unknown ,,KwaZulu-Natal Inland Under-19s,,,,,
Graham Xavier Ford,November 16  1960  Pietermaritzberg  Natal ,57 years 143 days,Natal B,,Right-hand bat,Right-arm offbreak,Coach,
J Ford,date unknown ,,South African Universities,,,,,
Mathew Ford,April 10  1994  Pietermaritzburg ,23 years 363 days,KwaZulu-Natal Inland Under-19s,,Right-hand bat,Right-arm offbreak,,
Mark John Pearce Ford,October 1  1961  Grahamstown  Cape Province ,56 years 189 days,Border ,,Right-hand bat,Right-arm offbreak,,
Andrew John Forde,December 13  1966  Pietermaritzberg  Natal ,51 years 116 days,Natal,,Right-hand bat,Right-arm offbreak,,
Keith Adrian Forde,July 12  1969  Pietermaritzberg  Natal ,48 years 270 days,KwaZulu-Natal ,,Right-hand bat,Legbreak,Wicketkeeper,
Charles Edie Forder,November 29  1879  Pietermaritzberg  Natal ,,Natal,,,,May 11  1954  Pietermaritzburg  Natal (aged 74 years 163 days) ,
Brett Fordyce,January 15  1999 ,19 years 83 days,Border Under-13s,,Right-hand bat,Right-arm medium,Hudson Park,
Denis Joseph Foreman,February 1  1933  Athlone  Cape Town  Cape Province ,85 years 66 days,Sussex ,,Right-hand bat,Right-arm offbreak,,
Clive James Forman,September 11  1931  Johannesburg  Transvaal ,86 years 209 days,Northerns,,,,,
James Edward Forrest,December 14  1921  Ipswich  Suffolk  England ,,Transvaal,,Right-hand bat,Right-arm medium,July 4  2010  Cape Town (aged 88 years 202 days) ,
Dian Forrester,June 7  2000 ,17 years 305 days,Limpopo Under-13s,,Left-hand bat,Right-arm fast,Pietersburg OOS,
Marco Forrester,May 23  2003  Polokwane ,14 years 320 days,Limpopo Under-13s,,Left-hand bat,Right-arm medium,L/S Pietersburg -Oos,
Barrie Forrester-Smith,May 5  1995 ,22 years 338 days,KwaZulu-Natal Inland Under-17s ,,Right-hand bat,Right-arm medium,,
Anslin Fortuin,February 3  2000 ,18 years 64 days,Northerns Under-13s,,Right-hand bat,Right-arm medium,Lynnwood Ridge,
Ashton Fortuin,August 25  1996 ,21 years 226 days,Northerns Under-17s,,Right-hand bat,Right-arm medium,PBHS,
Byron Clark Fortuin,September 17  1997 ,20 years 203 days,Boland Under-15s ,,Right-hand bat,Right-arm medium,New Orleans Secondary School,
Bjorn Carl Fortuin,October 21  1994  Paarl ,23 years 169 days,Boland Under-19s ,,Right-hand bat,Slow left-arm orthodox,Paarl Boys High,
Clyde Fortuin,August 18  1995  Cape Town  Cape Province ,22 years 233 days,South Africa Under-19s ,,Right-hand bat,,St Josephs College,
Keagan Fortuin,September 22  1993  George ,24 years 198 days,South Western Districts Under-19s,,Right-hand bat,Right-arm offbreak,,
L Fortuin,date unknown ,,Easterns,,,,,
Robert Fortuin,December 29  1990  Pretoria  Transvaal ,27 years 100 days,Griqualand West Under-19s,,Right-hand bat,Right-arm medium,,
Reinhardt Fortuin,January 30  1996 ,22 years 68 days,Boland Under-17s,,Right-hand bat,Left-arm fast,Paul Roos Gymnasium,
Rantin Curtley Garnett Fortuin,March 29  1994  Paarl ,24 years 10 days,Boland Under-19s,,Right-hand bat,Right-arm offbreak,New Orleans Secondary School,
Winston Claude Fortuin,March 8  1975  Paarl  Cape Province ,43 years 31 days,Boland,,Left-hand bat,Left-arm medium,,
Chad William James Fortune,February 10  1992  Cape Town  Cape Province ,26 years 57 days,Dolphins ,,Right-hand bat,Right-arm fast-medium,Shadow,
N Fortune,date unknown ,,Western Province (SACB),,,,,
Reuben Fortune,June 8  1997  Cape Town  South Africa ,20 years 304 days,Western Province Under-17s,,Left-hand bat,,,
Ramsay Lovell Forword,September 25  1925  Grahamstown  Cape Province ,,Eastern Province,,Right-hand bat,Right-arm medium,March 21  2006  Port Alfred  Eastern Cape (aged 80 years 177 days) ,
Keegan Foss,June 14  1996 ,21 years 298 days,KwaZulu-Natal Under-19s,,Left-hand bat,Right-arm offbreak,,
Arthur Harold Foster,September 24  1904  Pietermaritzberg  Natal ,,Natal,,,,August 3  1991  Pretoria  Transvaal (aged 86 years 313 days) ,
Joshua William Foster,March 31  1995  Kingsway ,23 years 8 days,KwaZulu-Natal Inland Under-19s,,Right-hand bat,Right-arm medium,,
BW Fothergill,date unknown ,,,,,,Umpire,
Gregory Stephen Fotheringham,August 5  1986  Johannesburg  Transvaal ,31 years 246 days,Durham 2nd XI ,,Right-hand bat,,Father - ,
Henry Richard Fotheringham,April 4  1953  Empangeni  Natal (Zululand) ,65 years 4 days,Natal ,,Right-hand bat,Right-arm offbreak,Son - ,
Anthony John Christian Fouche,June 6  1944  King Willam's Town  Cape Province ,73 years 306 days,,,,,Umpire,
Brandon Fouche,October 18  2002 ,15 years 172 days,Border Under-13s,,Right-hand bat,,Selborne Primary,
Edward Fouche,October 14  1934  Port Elizabeth  Cape Province ,83 years 176 days,Eastern Province,,Right-hand bat,Legbreak,,
Edward Fouche,April 9  1997 ,20 years 364 days,Northerns Under-15s,,Right-hand bat,Right-arm fast,,
Marco Fouche,November 2  2003 ,14 years 157 days,Free State Under-13s,,Right-hand bat,Right-arm medium,Grey College,
Michael Ryno Fouche,July 19  1936  Stellenbosch  Cape Province ,81 years 263 days,Western Province,,Right-hand bat,Right-arm medium,,
Robert W Fouche,June 26  1943  Johannesburg  Transvaal ,74 years 286 days,Orange Free State,,Right-hand bat,Right-arm fast-medium,,
Brian Steven Foulkes,November 21  1957  Luanshya  Northern Rhodesia ,60 years 138 days,Border,,Right-hand bat,,,
Ivor Foulkes,February 22  1955  Luanshya  Northern Rhodesia ,63 years 45 days,Border ,,Left-hand bat,Slow left-arm orthodox,,
Andries Jacobus Fourie,October 17  1973  Nigel ,44 years 173 days,,,,,Umpire,
AJ Fourie,January 25  1999  Louis Trichardt ,19 years 73 days,Limpopo Under-17s,,Right-hand bat,Right-arm medium-fast,Merensky,
Brenden Craig Fourie,April 13  1970  East London  Cape Province ,47 years 360 days,Border ,,Right-hand bat,Right-arm fast-medium,,
Curtis Fourie,August 15  1989  Cape Town  Cape Province ,28 years 236 days,Western Province Under-19s,,Right-hand bat,Right-arm offbreak,,
Francois Fourie,May 18  1995 ,22 years 325 days,Mpumalanga Under-17s,,Right-hand bat,Right-arm offbreak,Nelspruit,
Francois Fourie,March 8  2001 ,17 years 31 days,KwaZulu-Natal Under-15s,,Right-hand bat,Right-arm fast,Westville,
Faan Fourie,December 10  1982  Bethlehem  Free State ,35 years 119 days,Boland,,Right-hand bat,Right-arm medium-fast,,
Gerald Fourie,January 29  1976  Virginia  Orange Free State ,42 years 69 days,Free State,,Left-hand bat,Right-arm medium,Wicketkeeper,
Gerhardus Fourie,February 14  2002 ,16 years 53 days,Limpopo Under-13s,,Right-hand bat,Right-arm fast,,
Henri Fourie,April 13  1979  Ermele ,38 years 360 days,Boland,,Right-hand bat,Right-arm medium,,
Jason Fourie,August 16  1995 ,22 years 235 days,Western Province Under-17s,,Right-hand bat,,St Joseph’s College,
Johan Fourie,June 14  1995  Pietersburg ,22 years 298 days,Limpopo Under-19s,,Right-hand bat,Right-arm medium,Pietersburg Hoer Skool,
Jacques Fourie,December 20  1996 ,21 years 109 days,Mpumalanga Under-17s,,Right-hand bat,,Nelspruit,
Johan Christiaan Fourie,November 1  1982  Johannesburg  Transvaal ,35 years 158 days,Easterns,,Right-hand bat,Right-arm fast-medium,,
Martin Fourie,February 23  2000 ,18 years 44 days,North West Under-15s,,Right-hand bat,Right-arm medium,,
Mathew Fourie,October 16  2002 ,15 years 174 days,Border Under-13s,,Right-hand bat,Right-arm fast,Selborne Primary,
Marcus Fourie,May 24  1993  Klerksdorp ,24 years 319 days,North West Under-19s,,Left-hand bat,Slow left-arm orthodox,,
Pierre Fourie,April 11  2000 ,17 years 362 days,Northerns Under-13s,,Left-hand bat,Right-arm medium,Hennopspark,
Renier Fourie,date unknown ,,Griqualand West Under-17s,,,,,
R de V Fourie,date unknown ,,,,,,Umpire,
S Fourie,date unknown ,,South Western Districts Women,,,,,
Shaun Eddie Fourie,August 28  1973  East London  Cape Province ,44 years 223 days,Border,,Right-hand bat,Right-arm fast-medium,,
Yolani Fourie,October 12  1989  Cape Town  Cape Province ,28 years 178 days,South Africa Women ,,Right-hand bat,Right-arm offbreak,,
Nicholas Fowler,July 24  2000 ,17 years 258 days,Eastern Province Under-15s,,Right-hand bat,Left-arm medium,Grey,
H Fox,date unknown ,,,,,,Umpire,
Harry Campbell Fox,January 20  1910  Cape Town  Cape Province ,108 years 78 days,Orange Free State,,Left-hand bat,Left-arm bowler,Brother - ,
John Stephen Fox,July 4  1929  Durban  Natal ,88 years 278 days,Eastern Province ,,Right-hand bat,Right-arm medium,,
Louis Chomse Fox,January 2  1899  Cape Town  Cape Province ,,Western Province,,Left-hand bat,,Wicketkeeper,
Peter Fox,January 28  1939  Bulawayo  Rhodesia ,,Orange Free State,,Right-hand bat,Right-arm medium-fast,Father - ,
Ronald Charles Fox,May 28  1906  Mowbray  Cape Town  Cape Province ,,Orange Free State,,,,Brother - ,
Dean Foxcroft,April 20  1998 ,19 years 353 days,Menlopark High School ,,Right-hand bat,Right-arm offbreak,Hoerskool Menlopark,
Algernon Sidney Frames,January 7  1891  Jagersfontein  Orange Free State ,,Transvaal,,Right-hand bat,,Administrator,
Nichloas Frances,January 2  2002  Johannesburg ,16 years 96 days,Gauteng Under-13s,,Right-hand bat,Right-arm offbreak,St Stithians Boys' Preparatory,
Esmerelda Francies,February 22  1997 ,21 years 45 days,South Western Districts Women,Top-order batsman,Right-hand bat,Right-arm medium,,
A Francis,date unknown ,,Transvaal (SACB),,,,,
Dylan Francis,March 9  1998  Bloemfontein ,20 years 30 days,Free State Under-15s,,Right-hand bat,,Grey College,
Howard Henry Francis,May 26  1868  Westbury  Clifton  Bristol  England ,,South Africa ,,Right-hand bat,,Wicketkeeper,
Kurt Francis,May 14  1989  East London  Cape Province ,28 years 329 days,Border Under-19s,,Right-hand bat,Right-arm medium,,
Murray Godfred Francis,April 26  1907  Bloemfontein  Orange Free State ,,Orange Free State ,,,,August 2  1961  Bloemfontein  Orange Free State (aged 54 years 98 days) ,
Neville Francis,date unknown  Port Elizabeth  Cape Province ,,South Africa,,Left-hand bat,,,
Neville Francis,date unknown  Port Elizabeth  Cape Province ,,Eastern Province (SACB),,Left-hand bat,,,
Samuel Francis,March 14  2003  Sandton ,15 years 25 days,Gauteng Under-13s,,Right-hand bat,,St Peters Prep,
Tyler Francis,July 26  2001 ,16 years 256 days,KwaZulu-Natal Inland Under-15s,,Right-hand bat,Right-arm medium,Maritzburg College,
Cyril Matthew Francois,June 20  1897  Lewisham  London  England ,,South Africa ,,Right-hand bat,Right-arm fast-medium,Brother - ,
Hugh August Francois,November 14  1904  Tsolo  Cape Province (now Transkei) ,,Border,,,Right-arm offbreak,Brother - ,
Stanley Hermann Francois,April 8  1899  Lusikisiki  Cape Province (now Transkei) ,,Border,,,,Brother - ,
Charles Newton Frank,January 27  1891  Jagersfontein  Orange Free State ,,South Africa ,,Right-hand bat,,December 25  1961  Johannesburg  Transvaal (aged 70 years 332 days) ,
Jack Frank,November 19  1905  Kimberley  Cape Province ,,Griqualand West,,,,June 5  2003  Johannesburg  Gauteng  South Africa (aged 97 years 198 days) ,
William Hughes Bowker Frank,November 23  1872  King William's Town  Cape Colony ,,South Africa,,Right-hand bat,Right-arm medium,February 16  1945  Durban  Natal (aged 72 years 85 days) ,
Albert Edward Nicholas Franklin,May 26  1873 ,,Griqualand West,,,,October 18  1953 (aged 80 years 145 days) ,
Percy Harold Mark Franklin,December 8  1885  Pietermaritzberg  Natal ,,Orange Free State,,,,December 11  1963  Pietermaritzburg  Natal (aged 78 years 3 days) ,
R Franklin,date unknown ,,Central Women,,,,,
William Leigh Franklin,October 7  1947  Pietermaritzberg  Natal ,70 years 183 days,Natal,,Right-hand bat,Right-arm medium,,
Franklyn Damons,December 19  1999 ,18 years 110 days,Free State Under-19s,,Right-hand bat,Right-arm medium,,
A Frans,date unknown ,,Eastern Province (SACB),,,,,
E Frans,date unknown ,,Eastern Province (SACB),,,,,
Jeffrey Henry Frans,February 11  1952  Mossel Bay  Cape Province ,66 years 56 days,Eastern Province,,Right-hand bat,Right-arm fast-medium,,
Keagan Frans,June 24  1999 ,18 years 288 days,Boland Under-13s,,Right-hand bat,Right-arm medium,Waveren Primary School,
V Frans,date unknown ,,Eastern Province (SACB),,,,,
Llwellyn Bardo Fransman,March 3  1979 ,39 years 36 days,Boland ,,Right-hand bat,Right-arm fast,,
Joshua Fransman,August 23  1993 ,24 years 228 days,Western Province Under-19s ,,,Right-arm medium-fast,,
R Fransman,date unknown ,,,,,,Umpire,
Eric Victor Franz,April 1  1901  East London  Cape Province ,,Griqualand West,,,,January 14  1981  Cape Town  Cape Province (aged 79 years 288 days) ,
Byron Fraser,October 29  1989  Pretoria ,28 years 161 days,Northerns XI,,Right-hand bat,Right-arm medium,,
Cameron Fraser,March 31  2003 ,15 years 8 days,Western Province Under-13s,,Right-hand bat,Right-arm fast,,
Gavin Cecil Gilbert Fraser,August 4  1952  Port Elizabeth  Cape Province ,65 years 247 days,Border ,,Left-hand bat,Left-arm medium,,
John Fraser,date unknown ,,Eastern Province,,,,,
Thomas William Fraser,June 26  1912  Natal ,,Cambridge University ,,Right-hand bat,Slow left-arm orthodox,July 25  1995  Galmington  Taunton  Somerset  England (aged 83 years 29 days) ,
Colin McKenzie Fraser-Grant,July 2  1899  Graaff-Reinet  Cape Province ,,Border,,,,May 4  1976  Port Elizabeth  Cape Province (aged 76 years 307 days) ,
Hubert Dainton Freakes,February 2  1914  Durban  Natal ,,Eastern Province,,,,March 10  1942  Weston-super-Mare  Somerset  England (aged 28 years 36 days) ,
Imraan Fredericks,November 11  1993  Johannesburg  Transvaal ,24 years 148 days,Gauteng Under-19s,,Right-hand bat,Right-arm medium,,
Mogamad Taahir Fredericks,June 19  2003 ,14 years 293 days,Western Province Under-13s,,Right-hand bat,Right-arm fast,,
MS Fredericks,date unknown ,,,,,,Umpire,
Thorne Fredericks,February 28  1992  Kimberley ,26 years 39 days,Griqualand West Under-19s,,Right-hand bat,Right-arm medium,,
Edward Joseph Freedman,July 16  1910  Boksburg  Transvaal ,107 years 266 days,,,,,Umpire,
Hilton C Freeman,May 20  1940  Johannesburg  Transvaal ,77 years 323 days,South African Universities,,Right-hand bat,Right-arm medium,,
Marcel Frentzl,August 4  1991 ,26 years 247 days,,,Right-hand bat,Right-arm medium-fast,,
Richardt Hermann Frenz,August 28  1992  Pretoria  Transvaal ,25 years 223 days,North West ,,Right-hand bat,Right-arm offbreak,Menlo Park; Pukke University,
Liam Fresen,April 10  1999 ,18 years 363 days,Western Province Under-13s,,Right-hand bat,Right-arm medium,Beaumont PS,
Bruce Ronald Friderichs,September 27  1979  King William's Town  Cape Province ,38 years 193 days,Eastern Province,,Right-hand bat,,Wicketkeeper,
Matthew James Friedlander,August 1  1979 ,38 years 250 days,Boland ,,Right-hand bat,Right-arm medium,,
Quinton Friend,February 16  1982  Bellville  Cape Town  Cape Province ,36 years 51 days,Cape Cobras ,,Right-hand bat,Right-arm fast-medium,Quinne,
Robert Eric Frisch,November 2  1961  Cape Town  Cape Province ,56 years 157 days,Border,,Right-hand bat,Right-arm medium,,
George Fritz,March 10  1989  Johannesburg  Transvaal ,29 years 29 days,Border Under-19s,,Right-hand bat,Right-arm medium,,
Geneveve Fritz,date unknown ,,Border Women ,,,,,
Heinrich Fritz,date unknown ,,Border Under-19s,,,,,
Shandre Alvida Fritz,July 21  1985  Cape Town ,32 years 261 days,South Africa Women,,Right-hand bat,Right-arm medium,Fritzy,
Colin Eric Frost,July 30  1965  Johannesburg  Transvaal ,52 years 252 days,Western Province,,Right-hand bat,,Wicketkeeper,
Javier Dalian Frost,November 9  1993  Durban ,24 years 150 days,KwaZulu-Natal Under-19s,,Right-hand bat,Right-arm medium,Frosty,
Michael Frost,May 29  2001 ,16 years 314 days,KwaZulu-Natal Inland Under-15s,,Right-hand bat,Slow left-arm orthodox,Hilton College,
Darren Fry,March 13  1998 ,20 years 26 days,South Western Districts Under-17s,,Left-hand bat,Slow left-arm orthodox,,
Joe Frylinck,December 8  1946  Pretoria  Transvaal ,71 years 121 days,Orange Free State,,Right-hand bat,,Wicketkeeper,
Jan Nicolaas Frylinck,April 6  1994  Bellville  Western Cape ,24 years 2 days,Boland ,Allrounder,Left-hand bat,Left-arm fast-medium,Boland Landbou,
Louis Frylinck,date unknown ,,Boland Under-17s,,,,,
Robert Frylinck,September 27  1984  Durban ,33 years 193 days,Delhi Daredevils ,Allrounder,Right-hand bat,Right-arm medium,,
Jared Fuchs,date unknown ,,Gauteng Under-17s,,,,,
Leslie McLean Fuhri,October 22  1965  Pietermaritzberg  Natal ,52 years 168 days,Border ,,Right-hand bat,,,
Edward Russell Henry Fuller,August 2  1931  Worcester  Cape Province ,,South Africa ,,Right-hand bat,Right-arm fast-medium,July 19  2008  Milnerton  Cape Town (aged 76 years 352 days) ,
Francis Everard Fuller,November 26  1887  Clocolan  Orange Free State ,,Orange Free State,,,,details unknown ,
Graham Clement Fuller,September 8  1931  Queenstown  Cape Province ,86 years 212 days,Border,,Right-hand bat,,,
Harry Hillier Fuller,October 5  1896  East London  Cape Province ,,Border ,,Right-hand bat,,October 13  1974  East London  Cape Province (aged 78 years 8 days) ,
Lancelot Grahame Fuller,April 2  1902  East London  Cape Province ,,Orange Free State,,,,February 7  1946  Bloemfontein  Orange Free State (aged 43 years 311 days) ,
Sidney Griffith Fuller,April 16  1888  East London  Cape Province ,,Border,,Right-hand bat,,August 3  1966  East London  Cape Province (aged 78 years 109 days) ,
George Murray Fullerton,December 8  1922  Kensington  Johannesburg  Transvaal ,,South Africa ,,Right-hand bat,Right-arm medium,Brother - ,
Ian Ramsay Fullerton,September 24  1935  Kensington  Johannesburg  Transvaal ,82 years 196 days,Transvaal,,Right-hand bat,,Brother - ,
Marc Fulton,December 15  1994 ,23 years 114 days,St Martin's College,,Right-hand bat,Right-arm fast-medium,,
Myolisi Fumba,January 28  1997  Kings Williams Town ,21 years 70 days,,,Right-hand bat,Right-arm medium-fast,,
Graham Kenneth Funston,November 21  1948  Pretoria  Transvaal ,69 years 138 days,Griqualand West ,,Right-hand bat,Right-arm offbreak,Father - ,
Kenneth James Funston,December 3  1925  Pretoria  Transvaal ,,South Africa ,,Right-hand bat,,Son - ,
Vivian Samuel Furmidge,December 7  1893  Grahamstown  Cape Province ,,Eastern Province ,,,,May 24  1974  Bloemfontein  Orange Free State (aged 80 years 168 days) ,
Albert Douglas Furniss,October 6  1921  Johannesburg  Transvaal ,96 years 184 days,Transvaal,,Left-hand bat,Slow left-arm orthodox,,
James William Furstenburg,June 23  1959  Klerksdorp  Transvaal ,58 years 289 days,Eastern Province ,,Left-hand bat,Left-arm fast-medium,,
Peter James Furstenburg,February 16  1987  Port Elizabeth  Cape Province ,31 years 51 days,Eastern Province ,,Right-hand bat,Right-arm medium-fast,Grey High School  Nelson Mandela Metropolitan University,
Neil Andrew Fusedale,November 11  1967  Hendon  Middlesex  England ,50 years 148 days,Berkshire ,,Right-hand bat,Slow left-arm orthodox,,
Basil John Fussell,October 21  1935  Johannesburg  Transvaal ,,Transvaal,,Right-hand bat,,October 13  1991  near Brits  Transvaal (aged 55 years 357 days) ,
Bantu Futshane,September 12  1994  Durban ,23 years 208 days,KwaZulu-Natal Inland Under-19s,,Right-hand bat,Right-arm medium-fast,,
Daelen Matt Fynn,October 25  1999 ,18 years 165 days,KwaZulu-Natal Under-13s,,Right-hand bat,Right-arm offbreak,Glenwood Prep.,
Warrick Francis Sinclaire Fynn,April 19  1985  Durban ,32 years 354 days,Eastern Province ,,Left-hand bat,Slow left-arm orthodox,Maritzburg College / Michaelhouse  Nelson Mandela Metropole University,
Grant Diedicks,date unknown ,,,,,,Umpire,
Liyema Gaba,February 28  2001  Uitenhage ,17 years 39 days,Eastern Province Under-15s,,Right-hand bat,Right-arm fast,Daniel Pienaar,
P Gabasche,date unknown ,,KwaZulu-Natal Women,,,,,
S Gabriels,date unknown ,,Rest of SACB ,,,,,
Ahmedy Gabru,date unknown ,,Transvaal (SACB),,,,July 22  2011  Johannesburg ,
Keyan Gace,May 11  2003 ,14 years 332 days,KwaZulu-Natal Inland Under-13s,,Right-hand bat,Right-arm medium,Merchiston Prep.,
Gabriel Gad,April 17  2000 ,17 years 356 days,Western Province Under-13s ,,Right-hand bat,Right-arm offbreak,,
Cole Gaddy,January 31  2000 ,18 years 67 days,Easterns Under-13s,,Right-hand bat,Right-arm offbreak,Summerfields,
Thabiso Gadini,September 15  1998 ,19 years 205 days,KwaZulu-Natal Under-17s,,Right-hand bat,Right-arm fast,,
William Bell Gadsden,June 29  1910  Durban  Natal ,,Natal,,Right-hand bat,Right-arm medium,March 18  1995  Durban  Natal (aged 84 years 262 days) ,
E Gafieldien,date unknown ,,Western Province (SACB),,,,,
Isma-eel Gafieldien,June 5  1996 ,21 years 307 days,Western Province Under-17s,,Left-hand bat,,Western Cape Sports School,
Mustapha Gafoor,May 9  2002  Pretoria ,15 years 334 days,Northerns Under-13s,,Right-hand bat,Right-arm medium,Laudium,
Douglas Robert Gain,December 29  1976  Johannesburg  Transvaal ,41 years 100 days,Boland ,,Right-hand bat,Right-arm medium,,
Andrew Ian Gait,December 19  1978  Bulawayo  Rhodesia ,39 years 110 days,Derbyshire ,,Right-hand bat,,,
Mookesh Gajjar,August 16  1958  Uitenhage  Cape Province ,59 years 235 days,,,,,Umpire  Administrator,
Ammar Galal,September 23  2002 ,15 years 197 days,Limpopo Under-13s,,Right-hand bat,Legbreak,,
M Galant,date unknown ,,Western Province (SACB),,,,,
Rashaad Galant,September 8  1947  Claremont  Cape Town ,,Transvaal (SACB),,,,January 6  2014  Ottery  Cape Town (aged 66 years 120 days) ,
S Galant,date unknown ,,Western Province (SACB),,,,,
Brian Galgut,May 1  1937  Pretoria  Transvaal ,80 years 342 days,Northerns,,Right-hand bat,,,
Sachintha Galhenage,March 29  1995 ,23 years 10 days,Free State Under-19s ,,Right-hand bat,Right-arm offbreak,,
Abdu Dayyaan Galiem,January 2  1997  Cape Town  Cape Province ,21 years 96 days,Cobras Cubs ,,Right-hand bat,Right-arm medium-fast,Rondebosch Boys HS,
Anthony Patrick Gallagher,May 6  1938  Kimberley  Cape Province ,79 years 337 days,Griqualand West,,Right-hand bat,Right-arm fast,Father - ,
J Patrick Gallagher,1907 ,,Griqualand West,,,,Son - ,
Brosnant Gallant,February 22  2000 ,18 years 45 days,Limpopo Under-13s,,Right-hand bat,,Pietersburg OOS,
Alistair Field Gallow,May 22  1922  Kimberley  Cape Province ,,Griqualand West,,,,May 25  2003  East London  Cape Province  South Africa (aged 81 years 3 days) ,
Anthony Frederick Aubrey Gallow,September 8  1933  Bloemfontein  Orange Free State ,84 years 212 days,Orange Free State,,,,,
Andrew John Galloway,April 24  1975  Pietersburg ,42 years 349 days,Limpopo,Middle-order batsman,Right-hand bat,Right-arm medium,,
Ashton Carter Galpin,May 13  1950  Port Elizabeth  Cape Province ,67 years 330 days,Eastern Province,,Right-hand bat,,Wicketkeeper,
John Carter Galpin,May 25  1918  Port Elizabeth  Cape Province ,,Eastern Province,,,,December 23  1983  Port Elizabeth  Cape Province (aged 65 years 212 days) ,
Khanya Gama,August 15  1999 ,18 years 236 days,Mpumalanga Under-13s,,Right-hand bat,Right-arm fast,Nelspruit Primary,
Justin Gamble,date unknown ,,Easterns,,,,,
Mark Andrew Gamble,October 4  1947  Pretoria  Transvaal ,70 years 186 days,Transvaal,,Right-hand bat,Legbreak,,
Laden Liep Gamiet,January 23  1978  East London  Cape Province ,40 years 75 days,Border ,,Right-hand bat,Right-arm medium,,
J Gammie,date unknown ,,,,,,Umpire,
Luke Gammie,March 19  2002 ,16 years 20 days,KwaZulu-Natal Under-13s,,Right-hand bat,Right-arm medium,Clifton Prep,
N Gampu,date unknown ,,,,,,Umpire,
Dennis Gamsy,February 17  1940  Glenwood  Durban  Natal ,78 years 50 days,South Africa ,,Right-hand bat,,Wicketkeeper,
A Ganchi,date unknown ,,Transvaal (SACB),,,,,
B Ganchi,date unknown ,,,,,,Umpire,
M Ganchi,date unknown ,,Transvaal (SACB),,,,,
A Gangat,date unknown ,,Transvaal (SACB),,,,,
AVD Gangat,date unknown ,,Natal (SACB),,,,,
F Gangat,date unknown ,,Transvaal (SACB),,,,,
R Gangat,date unknown ,,Natal (SACB),,,,,
Y Gangat,date unknown ,,Transvaal (SACB),,,,,
AH Garda,date unknown ,,,,,,Umpire,
Abdulhay H Garda,January 27  1931  Johannesburg  Transvaal ,,,,,,Umpire,
AR Garda,date unknown ,,,,,,Umpire,
Ismail Garda,May 24  1946  Johannesburg  Transvaal ,71 years 319 days,Transvaal,,Left-hand bat,Slow left-arm orthodox,,
S Garda,date unknown ,,Transvaal (SACB),,,,,
Zubair Garda,June 1  1979  Johannesburg  Transvaal ,38 years 311 days,Easterns,,Right-hand bat,Legbreak,,
Daiyaan Abdud Garder,February 27  1992  Cape Town ,26 years 40 days,Western Province Under-19s,,Right-hand bat,Legbreak,,
Ivor Burberow Gardiner,December 3  1903  Queenstown  Cape Province ,,Border ,,Right-hand bat,Left-arm bowler,July 17  1951  Queenstown  Cape Province (aged 47 years 226 days) ,
Stuart James Gardiner,March 19  1947  Bloemfontein  Orange Free State ,71 years 20 days,Cambridge University ,,Left-hand bat,Left-arm medium,,
Charles Murray Shand Gardner,October 7  1913  Grahamstown  Cape Province ,,Border ,,,,Brother - ,
Hilary John Shand Gardner,April 19  1922  Grahamstown  Cape Province ,,Eastern Province,,,,Brother - ,
Walter Thorne Gardner,June 13  1888  Barkly East  Cape Province ,,Transvaal,,,,November 22  1931  Johannesburg  Transvaal (aged 43 years 162 days) ,
Gareth Dane,date unknown ,,Rowlin Cricket Academy,,,,,
Ross Garland,June 26  1974  Durban  Natal ,43 years 286 days,Oxford University,,Right-hand bat,Right-arm medium,,
C Garner,date unknown ,,Border,,Right-hand bat,,,
John Devitt Elrick Gartly,January 8  1908  Johannesburg  Transvaal ,,Transvaal,,,,Wicketkeeper,
Mitch Garvie,February 19  1999 ,19 years 48 days,Kersney,Middle-order batsman,Right-hand bat,,,
Luyanda Gasa,May 26  2003 ,14 years 317 days,KwaZulu-Natal Inland Under-13s,,Right-hand bat,Right-arm fast,Merchiston Prep.,
Siphelele Gasa,February 29  1984  Pretoria ,34 years 38 days,,,,,Umpire,
Gladman Gaseba,May 8  1977  Port Elizabeth  Cape Province ,40 years 335 days,,,,,Umpire,
Shane Gates,September 27  1992 ,25 years 193 days,Eastern Province Under-19s,,Right-hand bat,Right-arm offbreak,,
Roy Gathorne,August 21  1920  Durban  Natal ,97 years 230 days,Eastern Province,,Right-hand bat,Right-arm medium,,
Desmond Neville Gauntlett,July 15  1915  Kenilworth  Cape Town  Cape Province ,102 years 267 days,Orange Free State,,,,,
Alpheus Mphikeleli Gawe,January 10  1978  Springs  Gauteng ,40 years 88 days,,,,,Umpire,
Claude Brian Gaydon,September 28  1909  Johannesburg  Transvaal ,,Orange Free State ,,,,May 2  1966  Johannesburg  Transvaal (aged 56 years 216 days) ,
Prudance Gcabashe,August 20  1984  KwaSanti ,33 years 231 days,KwaZulu-Natal Women,Allrounder,Right-hand bat,Right-arm medium,,
Mlungiseleli Gcado,October 29  1996 ,21 years 161 days,KwaZulu-Natal Under-17s,,Right-hand bat,Right-arm medium,Mandlenkosi,
Mihlali Gcanga,January 20  1996 ,22 years 78 days,South Western Districts Under-19s,,Right-hand bat,Right-arm medium,,
Lubabalo Babalo Gcuma,May 13  1976  Durban ,41 years 330 days,,,,,Umpire,
Sifundo Gcumisa,May 15  1995 ,22 years 328 days,KwaZulu-Natal Inland Under-19s,,Right-hand bat,Left-arm medium,,
L Geach,date unknown ,,Eastern Province Women,,,,,
Redmund Ivor Geach,April 12  1933  Bloemfontein  Orange Free State ,,Border ,,Right-hand bat,,April 15  1986  Johannesburg  Transvaal (aged 53 years 3 days) ,
Trevor James Geach,August 14  1928  Kei Road  Cape Province ,,Border,,Right-hand bat,Right-arm medium,June 18  1996 (aged 67 years 309 days) ,
David Geard,February 11  1997 ,21 years 56 days,KwaZulu-Natal Inland Under-15s,,Right-hand bat,Legbreak,Michaelhouse,
Mlamledi Gebe,June 28  1996 ,21 years 284 days,Boland Under-19s,,Right-hand bat,Right-arm offbreak,,
I Gedye,date unknown ,,Eastern Province,,,,,
Christiaan Johannes Geel,October 28  1996 ,21 years 162 days,Grey College,,Left-hand bat,Slow left-arm orthodox,Grey College,
Leendert Marinus Geers,September 20  1933  Pretoria  Transvaal ,84 years 200 days,,,,,Umpire,
Morgen Gege,December 29  1995 ,22 years 100 days,South Western Districts Under-19s,,Right-hand bat,Right-arm medium,,
Francois Arnoldus Geldenhuys,December 31  1982  Pietersburg ,35 years 98 days,Boland,,Right-hand bat,Right-arm slow-medium,Afrikaans Hoer Seunskool (Pretoria),
Graham Kenneth Geldenhuys,November 6  1959  East London  Cape Province ,58 years 153 days,Border,,Right-hand bat,Legbreak,,
Johan George Geldenhuys,August 19  1962  Germiston  Transvaal ,55 years 232 days,Southern Transvaal Country Districts,,Right-hand bat,Right-arm offbreak,,
Louis Geldenhuys,January 28  1998  Kempton Park ,20 years 70 days,Easterns Under-15s,,Left-hand bat,Left-arm medium,Kempton Park,
Nick Geldenhuys,August 3  2002  Worcester ,15 years 248 days,Boland Under-13s,,Right-hand bat,Right-arm medium,Worcester Noord Primary,
Reinier Geldenhuys,January 28  1971  Vereeniging  Transvaal ,47 years 70 days,Southern Transvaal Country Districts,,Right-hand bat,Right-arm fast-medium,,
S Geldenhuys,date unknown ,,Natal (SACB),,,,,
Simon Geldenhuys,January 18  1996 ,22 years 80 days,Mpumalanga Under-17s ,,Right-hand bat,Right-arm fast,Nelspruit,
Jerome Gengan,March 24  1998 ,20 years 15 days,KwaZulu-Natal Inland Under-15s,,Right-hand bat,Right-arm medium,Maritzburg College,
Marchant Gerard Genis,May 10  1988  Pretoria  Transvaal ,29 years 333 days,Boland Academy,,Left-hand bat,Slow left-arm orthodox,,
J Gentry,date unknown ,,Eastern Province ,,,,,
John Patrick Geoghegan,February 21  1983  Johannesburg  Transvaal ,35 years 46 days,Gauteng Colts ,,Right-hand bat,Right-arm medium,,
D George,date unknown ,,Transvaal (SACB),,,,,
Gereldo Joan George,December 24  1994  Piketberg  Western Cape ,23 years 105 days,Boland,,Right-hand bat,Right-arm offbreak,Steynville Secondary School,
Mulligan Frank George,September 10  1976  Cape Town  Cape Province ,41 years 210 days,Gauteng ,,Right-hand bat,Right-arm fast-medium,,
Nathan George,September 21  1999 ,18 years 199 days,Free State Under-13s,,Right-hand bat,Right-arm medium,St Andrews Primary School,
R George,date unknown ,,,,,,Umpire,
Shaun George,January 25  1968  Port Elizabeth  Cape Province ,50 years 73 days,Eastern Province (SACB) ,,,,Umpire,
Stephen Glen George,January 17  1984  Cape Town  Cape Province ,34 years 81 days,Western Province,Middle-order batsman,Left-hand bat,Right-arm offbreak,,
Nathan Leroy,September 26  1998  East london ,19 years 194 days,Border Under-15s,,Left-hand bat,Left-arm medium,Selborne College,
George Georgeu,June 27  1913  Cape Town  Cape Province ,104 years 285 days,Transvaal ,,Right-hand bat,,,
Etienne Gerber,July 6  1988  Kempton Park ,29 years 276 days,Easterns ,,Right-hand bat,Right-arm fast-medium,,
Boetie Gericke,date unknown ,,Southern Cape,,,,,
Ivan Cyril Gericke,April 29  1940  Kimberley  Cape Province ,77 years 344 days,Orange Free State,,Right-hand bat,Right-arm fast,,
Jacobus Stefanus Gericke,April 9  1987  Potchefstroom  Transvaal ,30 years 364 days,North West,,Left-hand bat,Slow left-arm orthodox,,
Rick Gericke,February 15  1994 ,24 years 52 days,St Martin's College,,Left-hand bat,Right-arm offbreak,,
Anton Geringer,February 28  1961  Pretoria  Transvaal ,57 years 39 days,Northern Transvaal,,Right-hand bat,Right-arm medium  Right-arm offbreak,,
Wickus Germishuizen,March 8  1995 ,23 years 31 days,Easterns Under-17s ,,Right-hand bat,,Hoerskool Hugenote,
Louis-Marc Germishuys,March 23  1967  Cape Town  Cape Province ,51 years 16 days,Boland,,Right-hand bat,,Wicketkeeper,
Ludwig Gerstner,February 13  2003  Stellenbosch ,15 years 54 days,Boland Under-13s,,Right-hand bat,Right-arm medium,Laerskool Eikestad,
Cody Wesley Gertse,November 8  1991  Durban ,26 years 151 days,Griqualand West Under-19s,,Right-hand bat,Right-arm medium-fast,,
Brian Dennis Gessner,June 20  1947  Durban  Natal ,70 years 292 days,Natal ,,Left-hand bat,Left-arm fast-medium,,
Lyell Getkate,February 7  1997 ,21 years 60 days,KwaZulu-Natal Inland Under-15s,,Right-hand bat,Legbreak,Maritzburg College,
Robert Sidney Getkate,September 6  1913  Stanger  Natal ,,Natal,,,Legbreak googly,Grandson - ,
L Geyer,date unknown ,,Central Women ,,,,,
Philip de Villiers Geyer,November 8  1959  Durban  Natal ,58 years 151 days,Natal,,Left-hand bat,Right-arm fast-medium,,
A Geyser,date unknown ,,Western Transvaal,,,,,
Neil Geyser,April 18  2000  Pretoria ,17 years 355 days,Centurion Hoerskool,,Right-hand bat,,Centurion Hoerskool,
Richard Willem Geyser,May 14  1987  Vanderbijlpark ,30 years 329 days,Northerns ,,Right-hand bat,Left-arm fast-medium,,
Peter John MacKenzie Gibb,October 17  1931  Johannesburg  Transvaal ,86 years 173 days,Transvaal,,Right-hand bat,,Wicketkeeper,
GD Gibbon,date unknown ,,,,,,Umpire,
Egbert Albert Hornsby Gibbs,August 25  1878  Kimberley  Cape Province ,,Griqualand West,,Right-hand bat,,December 29  1952  Sydney on Vaal  Cape Province (aged 74 years 126 days) ,
Herschelle Herman Gibbs,February 23  1974  Green Point  Cape Town  Cape Province ,44 years 44 days,South Africa ,,Right-hand bat,Right-arm bowler,,
Keith Lawley Gibbs,December 30  1933  Bloemfontein  Orange Free State ,84 years 99 days,Orange Free State ,,Right-hand bat,Right-arm fast-medium,,
Keith Richmond Gibson,1919  Nigel  Transvaal ,99 years,North Eastern Transvaal,,Left-hand bat,,,
Matthew Herbert Gibson,January 31  1907  Kenilworth  Kimberley ,,Griqualand West,,,,Wicketkeeper,
Siviwe Gidana,August 7  1987  Port Elizabeth  Cape Province ,30 years 244 days,Eastern Province,,Right-hand bat,Right-arm medium-fast,,
Lennox Llewellyn Giddy,May 2  1869  King William's Town  Cape Province ,,Eastern Province,,,,June 16  1942  Pretoria  Transvaal (aged 73 years 45 days) ,
Norman Hoskins Giddy,June 13  1876  King William's Town  Cape Province ,,Border,,,,July 28  1909  Cape Town  Cape Province (aged 33 years 45 days) ,
Phumlani Gidi,March 9  1993  Alice  East London ,25 years 30 days,Boland Under-19s ,,Right-hand bat,Right-arm offbreak,,
Martyn Ian Gidley,September 30  1968  Leicester  England ,49 years 190 days,Griqualand West ,,Left-hand bat,Right-arm offbreak,,
Clive Addison Gie,October 23  1950  Cape Town  Cape Province ,67 years 167 days,Natal ,,Left-hand bat,Slow left-arm orthodox,,
Bradley Gilbert,date unknown ,,,,Left-hand bat,Legbreak,,
C Gilbert,date unknown ,,Northern Transvaal Country Districts,,,,,
Ethan Michael Gilbert,February 4  1992  East London  Cape Province ,26 years 63 days,North West Under-19s,,Right-hand bat,Right-arm fast,,
Gary Gilbert,date unknown ,,Eastern Transvaal Country Districts,,,,,
Nathan Gilchrist,June 11  2000 ,17 years 301 days,Somerset 2nd XI ,Bowler,Left-hand bat,Right-arm fast-medium,,
Carole Gildenhuys,1934 ,84 years,South Africa Women ,,,,,
Gary Michael Gilder,July 6  1974  Salisbury (now Harare)  Rhodesia ,43 years 276 days,KwaZulu-Natal ,,Right-hand bat,Left-arm fast-medium,,
A Giles,date unknown ,,Mpumalanga Women,,,,,
Michael John Giles,December 14  1944  Rondebosch  Cape Town  Cape Province ,73 years 115 days,Western Province,,Left-hand bat,Legbreak,,
Guy Gilham,January 13  2000 ,18 years 85 days,KwaZulu-Natal Under-13s,,Right-hand bat,,Scottburgh,
Kyle Gilham,date unknown ,,KwaZulu-Natal Under-19s,,,,,
L Gill,date unknown ,,Eastern Province,,,,,
R Gill,date unknown ,,Natal Country Districts,,,,,
Rupert James Gill,1872  Rondebosch  Cape Town  Cape Province ,,Western Province,,,,October 2  1954  East London  Cape Province (aged 82 years) ,
C G Gillespie,date unknown ,,Griqualand West,,,,,
Giles Farren Gillett,December 14  1971  Pretoria  Transvaal ,46 years 115 days,Western Province,,Right-hand bat,Right-arm medium,,
Jason Gilliver,March 27  1997 ,21 years 12 days,KwaZulu-Natal Under-15s,Wicketkeeper,Right-hand bat,,Glenwood High,
Murray W Gilson,date unknown ,,South African Universities,,,,,
Sean Murray Gilson,April 16  1999 ,18 years 357 days,KwaZulu-Natal Under-13s,,Left-hand bat,Legbreak,Dphs,
Charles Keith Ayliff Gingell,May 29  1897  Uitenhage  Cape Province ,,Eastern Province,,,,January 21  1965  Port Elizabeth  Cape Province (aged 67 years 237 days) ,
Joseph P Giri,January 22  1872  Port Elizabeth  Cape Province ,,Eastern Province,,,,details unknown ,
Abraham Glantz,April 24  1907  Cape Town  Cape Province ,,Western Province,,,,Wicketkeeper,
Bernard Glass,October 11  1942  Cape Town  Cape Province ,75 years 179 days,,,,,Umpire,
Leanne Glass,date unknown ,,Eastern Province Women,,,,,
Christopher Gleaves,August 23  2000 ,17 years 228 days,Eastern Province Under-13s,,Right-hand bat,,Greame,
Martin Vincent Gleeson,circa 1870  Ireland ,,Eastern Province,,,,1919 ,
Robert Anthony Gleeson,December 6  1873  Port Elizabeth  Cape Province ,,South Africa ,,Right-hand bat,Right-arm medium,September 27  1919  Port Elizabeth  Cape Province (aged 45 years 295 days) ,
William Albert Glisson,July 8  1882  Port Elizabeth  Cape Province ,,Eastern Province,,,,August 10  1964  Uitenhage  Cape Province (aged 82 years 33 days) ,
Raymond Leonard Gloak,February 8  1933  Kimberley  Cape Province ,,Griqualand West,,Right-hand bat,Right-arm offbreak,February 10  1995  Bloemfontein  Orange Free State (aged 62 years 2 days) ,
Martin Glodek,September 13  1957  Krugersdorp  Transvaal ,60 years 207 days,Northern Transvaal Country Districts XI,,Right-hand bat,Right-arm medium,,
Brandon Dale Glover,April 3  1997  Johannesburg  Transvaal  South Africa ,21 years 5 days,Gauteng Under-15s ,,Right-hand bat,Right-arm fast,St Stithians,
Charles Glover,date unknown ,,Griqualand West,,,,Father - ,
Frederick W Glover,date unknown ,,Griqualand West,,,,Father - ,
George Ernest Glover,January 10  1906  Kimberley  Cape Province ,,Griqualand West,,,,Father - ,
George Keyworth Glover,May 13  1870  Wakefield  Yorkshire  England ,,South Africa ,,Right-hand bat,Right-arm offbreak,Son - ,
John P G Glover,date unknown  Heuningneskloof  Cape Province ,,Griqualand West ,,,,,
Michael Keyworth Glover,February 16  1937  Kimberley  Cape Province ,81 years 51 days,Griqualand West,,,,,
B Gluma,date unknown ,,,,,,Umpire,
Anthony Glutz,December 8  1999 ,18 years 121 days,KwaZulu-Natal Inland Under-13s,,Right-hand bat,,Cordwalles Preparatory,
Grant Glutz,date unknown ,,Maritzburg College,,Right-hand bat,Right-arm offbreak,,
V Goalinyanga,date unknown ,,Eastern Province Women,,,,,
Shaun Ivan Gaonnwe,October 28  1994  Vryburg ,23 years 162 days,North West ,,Right-hand bat,Legbreak,,
Sinalo Gobeni,date unknown ,,Boland Under-19s,,,,,
Rivash Gobind,April 20  1982  Durban  Natal ,35 years 353 days,Dolphins ,,Left-hand bat,Right-arm medium-fast,Brother - ,
Vyash Gobind,December 22  1984  Durban  Natal ,33 years 107 days,KwaZulu-Natal,,Left-hand bat,Right-arm fast-medium,Brother - ,
Brian Albert Goble,September 25  1933  Kimberley  Cape Province ,84 years 195 days,Griqualand West,,Right-hand bat,Right-arm offbreak,,
Philip Goodeve Goble,August 13  1900  Pietermaritzberg  Natal ,,Kongonis ,,,,June 10  1964  Pietermaritzburg  Natal (aged 63 years 302 days) ,
S J Goble,date unknown ,,Griqualand West,,,,November 1959  Kimberley  Cape Province ,
F C Goddard,date unknown ,,Orange Free State,,,,,
Trevor Leslie Goddard,August 1  1931  Durban  Natal ,,South Africa ,,Left-hand bat,Left-arm medium,November 25  2016 (aged 85 years 116 days) ,
Francis Albert Godfrey,August 23  1899  Cape Town  Cape Province ,,Western Province,,,,February 7  1928  Cape Town  Cape Province (aged 28 years 168 days) ,
Bronwell Goeda,June 18  1992  Knysna ,25 years 294 days,South Western Districts ,,Right-hand bat,Right-arm fast,Kynsna Secondary,
Kent Goedeke,August 28  2002 ,15 years 223 days,KwaZulu-Natal Inland Under-15s,,Right-hand bat,Right-arm offbreak,Maritzburg College,
Udo Herbert Goedeke,November 10  1968  Pietermaritzberg  Natal ,49 years 149 days,Natal,,Right-hand bat,Right-arm medium,Wicketkeeper,
PJ Goeieman,August 17  1995 ,22 years 234 days,Griqualand West Under-17s,,Right-hand bat,Right-arm medium,St. Patricks,
Christian Henry Goetz,February 15  1883 ,,Eastern Province,,,,November 30  1911 (aged 28 years 288 days) ,
C Gogodla,date unknown ,,,,,,Umpire,
M Gokal,date unknown ,,Transvaal (SACB),,,,,
Sebastian Joseph McGregor Golding,June 3  1993  Cape Town ,24 years 309 days,Western Province Under-19s,,Right-hand bat,Legbreak,,
Gunther Goldman,June 16  1924  Hamburg  Germany ,93 years 296 days,,,,,Umpire,
Frank Goldschmidt,June 11  1900  East London  Cape Province ,,Border,,,,Wicketkeeper,
Mervyn Harold Goldsmith,March 12  1948  Johannesburg  Transvaal ,70 years 27 days,Transvaal,,,Right-arm medium,,
Stephen John Goldsmith,June 14  1868  Port Elizabeth  Cape Province ,,Eastern Province,,,,May 17  1951  Port Elizabeth  Cape Province (aged 82 years 337 days) ,
Frederick Steven Goldstein,October 14  1944  Bulawayo  Rhodesia ,73 years 176 days,Northamptonshire ,,Right-hand bat,Right-arm offbreak,,
B Goldwin,date unknown ,,,,,,Umpire,
Mathew Goles,June 23  1996 ,21 years 289 days,Wynberg Boys' High School,,Right-hand bat,,Wynberg Boys High School,
B Goliath,date unknown ,,South Western Districts Women,,,,,
Esjohnne Goliath,February 16  1997 ,21 years 51 days,South Western Districts Under-15s,,Right-hand bat,Right-arm offbreak,Oudtshoorn High School,
Rocco Gomes,December 14  2003  Witbank ,14 years 115 days,Mpumalanga Under-13s,,Right-hand bat,,Cambridge Academy,
Sharn Patrick Gomes,August 6  1988  Cape Town  Cape Province ,29 years 245 days,Northamptonshire 2nd XI ,,Left-hand bat,Slow left-arm orthodox,Rondebosch High School,
Lara Goodall,April 26  1996  Johannesburg  Transvaal ,21 years 347 days,South Africa Women ,,Right-hand bat,Right-arm medium,,
L Goodwin,date unknown ,,Orange Free State,,,,,
L Goodwin,date unknown ,,,,,,Umpire,
Chris Goosen,May 10  1999 ,18 years 333 days,Northern Cape Under-17s,,Right-hand bat,Right-arm medium,,
D Goosen,date unknown ,,Eastern Transvaal Country Districts,,,,,
DGJ Goosen,date unknown ,,,,,,Umpire,
Vetnor Goosen,February 5  1989  Uitenhage ,29 years 62 days,Border Under-19s,,Right-hand bat,Right-arm offbreak,,
Wade Gyron Goosen,May 8  1970  Pretoria  Transvaal ,47 years 335 days,Griqualand West,,Right-hand bat,Right-arm medium,,
Nikhil Gopal,October 30  2000 ,17 years 160 days,KwaZulu-Natal Inland Under-13s,,Right-hand bat,Right-arm medium,St. Charles Preparatory,
R Gopal,date unknown ,,Transvaal (SACB),,,,,
Bruce Edmonston Gordon,1878  St Mark's  Tembuland ,,Border,,,Slow left-arm orthodox,April 18  1960  King William's Town  Cape Province (aged 82 years) ,
Cameron Gordon,February 23  1995 ,23 years 44 days,KwaZulu-Natal Under-19s ,,Right-hand bat,Right-arm medium-fast,,
Echiel Neville Gordon,January 27  1929  Cape Town  Cape Province ,,,,,,Umpire,
