Barry David Thomas,November 20  1956  Wellington ,61 years 139 days,Canterbury,,Right-hand bat,Right-arm slow-medium,,
Leslie Falconer Thomas,February 22  1915  Dunedin  Otago ,,,,,,Umpire,
M Thomas,date unknown ,,Wellington,,,,,
Matthew Liam Thomas,December 5  1991  Hawera  Taranaki ,26 years 124 days,Central Districts ,,Right-hand bat,Slow left-arm orthodox,,
PC Thomas,date unknown ,,,,,,Umpire,
Roderick Ian Thomas,February 14  1954  Picton  Marlborough ,64 years 53 days,Central Districts,,Left-hand bat,Right-arm fast-medium,,
William Earle Thomas,December 19  1947  Wanganui ,70 years 110 days,New Zealand Under-23s,,Left-hand bat,,,
Claire Marie Thompson,March 16  1985  Dunedin  Otago ,33 years 23 days,Otago Women,,Left-hand bat,Right-arm slow-medium,,
DT Thompson,date unknown ,,Northern Districts XI,,,,,
Ewen Paul Thompson,December 17  1979  Warkworth  Auckland ,38 years 112 days,New Zealand ,Bowler,Left-hand bat,Left-arm fast-medium,,
Harry Fleetwood Thompson,1858  West Derby (Liverpool)  Lancashire  England ,,Hawke's Bay,,,,August 7  1949  Wellington (aged 91 years) ,
Hilda M Thompson,date unknown ,,New Zealand Women,,,,,
Neale Robert Thompson,February 2  1937  Invercargill  Southland ,81 years 65 days,Otago,,Left-hand bat,,Wicketkeeper,
Sonya Renee Thompson,September 19  1989  Napier  Hawke's Bay ,28 years 201 days,Central Districts Women,,Right-hand bat,Right-arm medium,,
Graeme Bruce Thomson,July 31  1951  Invercargill  Southland ,66 years 251 days,Otago,,Left-hand bat,Left-arm medium,,
James Campbell Thomson,February 20  1852  Edinburgh  Midlothian  Scotland ,,Otago,,,,May 2  1890  Waratah  New South Wales  Australia (aged 38 years 71 days) ,
James C Thomson,April 17  1933  Napier  Hawke's Bay ,84 years 356 days,Wellington,,Right-hand bat,Slow left-arm orthodox,,
Keith Thomson,February 26  1941  Methven  Canterbury ,77 years 41 days,New Zealand ,,Right-hand bat,Right-arm bowler,Brother - ,
P Thomson,date unknown ,,,,,,Umpire,
Shane Alexander Thomson,January 27  1969  Hamilton  Waikato ,49 years 71 days,New Zealand ,,Right-hand bat,Right-arm slow-medium  Right-arm offbreak,,
William Allen Thomson,August 4  1943  Methven  Canterbury ,74 years 247 days,Canterbury,,Left-hand bat,Legbreak,Brother - ,
Stuart Athol Thorburn,August 29  1911 ,,,,,,Umpire,
Lindsay David Alexander Thorn,March 1  1952  Motueka  Tasman ,66 years 38 days,Canterbury,,Right-hand bat,Right-arm offbreak,,
Betty I Thorner,date unknown ,,New Zealand Women,,,,,
Blair Marshall Tickner,October 13  1993  Napier  Hawke's Bay ,24 years 177 days,Central Districts,,Right-hand bat,Right-arm medium-fast,,
David Jason Tidmarsh,May 2  1971  Hay  New South Wales  Australia ,46 years 341 days,Northern Districts,,Right-hand bat,Right-arm medium,Umpire,
Haidee Maree Tiffen,September 4  1979  Timaru  Canterbury ,38 years 216 days,Canterbury Women ,,Right-hand bat,Right-arm medium,,
James Thomas Tilyard,August 27  1889  Waratah  Tasmania ,,Wellington,,,,November 1  1966  Dannevirke  Manawatu (aged 77 years 66 days) ,
W Tindale,date unknown ,,,,,,Umpire,
Eric William Thomas Tindill,December 18  1910  Nelson  Nelson ,,New Zealand ,,Left-hand bat,,Son - ,
Paul Tindill,November 6  1939  Wellington ,78 years 153 days,Wellington,,Left-hand bat,,Father - ,
G Tipa,date unknown ,,New Zealand Under-23s Women,,,,,
Gregory Rex Todd,June 17  1982  Masterton  Wairarapa ,35 years 295 days,Auckland ,,Left-hand bat,Right-arm medium,,
Keeley William Martin Todd,July 31  1982  Auckland ,35 years 251 days,Auckland,,Left-hand bat,Right-arm medium-fast,,
Stanley Brabyn Tomkinson,June 5  1907  Dunedin  Otago ,,,,,,Umpire,
Kerry-Anne Tomlinson,January 19  1990  Gisborne ,28 years 79 days,Netherlands Women ,,Right-hand bat,Legbreak,,
Arthur Sydney Tonks,1862  Auckland ,,Taranaki,,,,1918 (aged 56 years) ,
Cecil Dominic Gerard Toomey,October 4  1915  Dunedin  Otago ,,Otago,,Right-hand bat,,Brother - ,
Francis Joachim Toomey,February 8  1904  Dunedin  Otago ,,Otago,,Right-hand bat,,Brother - ,
Katie Laura Topham,November 24  1988  Rotorua ,29 years 135 days,Otago Women,,Right-hand bat,Slow left-arm orthodox,,
Tane Henry Topia,November 18  1976  Auckland ,41 years 141 days,Auckland,,Right-hand bat,Right-arm offbreak,,
P Topliss,1851 ,,,,,,Umpire,
John Patrick Topp,March 7  1952  Lower Hutt  Wellington ,66 years 32 days,Wellington,,Right-hand bat,,,
William Torkilson,1877  Dannervirke  Manawatu ,,Hawke's Bay,,,,Anton Wilhelm Torkilson,
Richard Cameron Torrance,August 14  1884  Dunedin  Otago ,,Otago,,,Left-arm medium,Umpire,
Basil Totman,1874  Finchingfield  Essex  England ,,Auckland,,,,March 2  1953  Auckland (aged 79 years) ,
Matthew Hall Toynbee,November 29  1956  Nelson  Nelson ,61 years 130 days,Central Districts,,Right-hand bat,Right-arm offbreak,,
Sean Robert Tracy,June 7  1963  Auckland ,54 years 305 days,Auckland ,,Right-hand bat,Right-arm fast-medium,,
Carl Jeffery Trask,February 10  1974  Levin  Manawatu ,44 years 57 days,Central Districts,,Right-hand bat,Right-arm medium,,
Emily Anne Travers,July 29  1978  Hunterville  Wellington ,39 years 253 days,Canterbury Women ,,Right-hand bat,,Wicketkeeper,
Karl Treiber,December 4  1955  Lendava  Yugoslavia ,62 years 125 days,Northern Districts,,Left-hand bat,Left-arm fast-medium  Slow left-arm orthodox,,
Megan Anne Tremaine,March 27  1984  Auckland ,34 years 12 days,Auckland Women,,Left-hand bat,Right-arm medium,,
Jo L Trendle,date unknown ,,Wellington Women,,,,,
Charles Treweek,March 12  1859  Wanganui ,,Canterbury,,,,February 17  1942  Auckland (aged 82 years 342 days) ,
William Tricklebank,December 30  1915  Wellington ,,Wellington,,Right-hand bat,Right-arm fast-medium,May 15  1986  Hataitai  Wellington (aged 70 years 136 days) ,
David George Trist,September 22  1947  Christchurch  Canterbury ,70 years 198 days,New Zealand ,,Left-hand bat,Right-arm fast-medium,,
Raymond John Trott,May 30  1926  Lower Hutt  Wellington ,91 years 313 days,,,,,Umpire,
Gary Bertram Troup,October 3  1952  Taumarunui  Wanganui ,65 years 187 days,New Zealand ,,Right-hand bat,Left-arm fast-medium,,
Donna Marie Trow,September 13  1977  Napier  Hawke's Bay ,40 years 207 days,Central Districts Women ,,Right-hand bat,Right-arm medium,,
Peter Bennetts Truscott,August 14  1941  Pahiatua  Manawatu ,76 years 237 days,New Zealand ,,Right-hand bat,,,
Graeme Denzil Tryon,June 4  1995  Harare ,22 years 308 days,New Zealand Under-19s,,Right-hand bat,Right-arm offbreak,,
Sarah Jane Tsukigawa,January 16  1982  Balclutha  Otago ,36 years 82 days,New Zealand Women ,,Right-hand bat,Right-arm medium,,
Megan Louise Tuapawa,September 10  1982  Lower Hutt  Wellington ,35 years 210 days,Wellington Women,,Right-hand bat,Right-arm medium,,
Kinder Houghton Tucker,August 23  1875  Nelson  Nelson ,,Wellington,,Right-hand bat,Legbreak,Brother - ,
Spencer Jacob Tucker,1865  Christchurch  Canterbury ,,Wellington,,,,Brother - ,
William Crawley Tucker,1864  Christchurch  Canterbury ,,Taranaki,,,,Brother - ,
Bertie Joseph Tuckwell,October 6  1882  Carlton  Melbourne  Victoria  Australia ,,New Zealand ,,Right-hand bat,,January 2  1943  Wellington (aged 60 years 88 days) ,
Daryl Raymond Tuffey,June 11  1978  Milton  Otago ,39 years 301 days,New Zealand ,Bowler,Right-hand bat,Right-arm fast-medium,,
Malaesaili Julian Tugaga,February 16  1990 ,28 years 51 days,Wellington ,,Left-hand bat,Right-arm fast-medium,,
Charles Lawrence Tuke,August 3  1858  Sittingbourne  Kent  England ,,Hawke's Bay,,,,December 30  1929  Remuera  Auckland (aged 71 years 149 days) ,
Hugh Latimer Tuke,1885  Taradale  Napier  Hawke's Bay ,,Hawke's Bay,,,,June 7  1915  at sea  off Gallipoli  Turkey (aged 30 years) ,
Kelly Elizabeth Tunnicliffe,June 25  1987  Napier  Hawke's Bay ,30 years 287 days,Central Districts Women,,Right-hand bat,Right-arm offbreak,,
Munokoa Fellesite Tunupopo,February 23  1984  Tokoroa  Waikato ,34 years 44 days,Auckland Women ,,Right-hand bat,Right-arm medium,,
Albert John Turnbull,October 29  1866  Dunedin  Otago ,,Otago,,,,Brother - ,
John Ashley Turnbull,June 30  1935  Gisborne ,82 years 282 days,Auckland ,,Right-hand bat,Right-arm offbreak,,
Percival James Turnbull,October 25  1862  Hobart  Tasmania  Australia ,,Otago,,,,Brother - ,
Ashley Dean Turner,June 13  1975  Lower Hutt  Wellington ,42 years 299 days,Wellington,,Right-hand bat,Right-arm medium-fast,,
Alfred Louis Turner,April 3  1922  Dunedin  Otago ,,,,,,Son - ,
Bruce Alexander Turner,August 5  1930  Palmerston North  Manawatu ,,Central Districts,,Right-hand bat,,March 30  2010 (aged 79 years 237 days) ,
George A Turner,date unknown ,,Canterbury,,,,,
Glenn Maitland Turner,May 26  1947  Dunedin  Otago ,70 years 317 days,New Zealand ,,Right-hand bat,Right-arm offbreak,Father - ,
Jennifer A Turner,September 5  1969 ,48 years 215 days,Canterbury 'A' Women ,,,,Jennifer Logan,
M Turner,date unknown ,,Auckland Second XI,,,,,
Nicki J Turner,December 25  1959 ,58 years 104 days,Auckland Women ,,,,,
Nicholas Mirek Turner,August 3  1983  Invercargill  Southland ,34 years 248 days,Otago,,Left-hand bat,Right-arm fast-medium,,
Richard Turpie,date unknown ,,Namibia Under-19s,,,,,
Gibson Kirke Turton,July 29  1841  Raglan  Waikato ,,Otago,,,,July 3  1891  Wellington (aged 49 years 339 days) ,
Randall Edward Turton,1873  New Zealand ,,,,,,Umpire,
Charles Henry Twist,1855 ,,Wellington,,,,March 9  1935  Wellington (aged 80 years) ,
Roger Graham Twose,April 17  1968  Torquay  Devon  England ,49 years 356 days,New Zealand ,Top-order batsman,Left-hand bat,Right-arm medium,Uncle - ,
Megan Kaye Tyler,March 17  1975  Auckland ,43 years 22 days,Auckland Women,,Left-hand bat,,,
John Christopher Tynan,December 5  1925  Wellington ,92 years 124 days,Wellington,,Right-hand bat,Right-arm medium,,
Jeanette Christine Ullyett,August 2  1986  Standerton  Transvaal  South Africa ,31 years 249 days,Northern Districts Women,,Right-hand bat,,Wicketkeeper,
Nacanieli Mataika Uluiviti,May 19  1932  Suva  Fiji ,,Fiji ,,Right-hand bat,Right-arm medium,May 6  2004  Suva  Fiji (aged 71 years 353 days) ,
Jonathan Falefasa I Umaga,May 27  1973  Lower Hutt  New Zealand ,44 years 316 days,Wellington Legends XI,,,,,
Hira Unka,June 1  1943  Karadi  India ,74 years 311 days,Northern Districts,,Right-hand bat,Right-arm medium-fast,,
Paul David Unwin,June 9  1967  Waipawa  Hawke's Bay ,50 years 303 days,Canterbury ,,Right-hand bat,Right-arm offbreak,,
Ernest Frederick Upham,March 24  1873  Wellington ,,Wellington,,Right-hand bat,Right-arm medium,October 23  1935  Paekakariki  Wellington (aged 62 years 213 days) ,
John Hopere Wharewiti Uru,March 26  1868  Kaiapoi  Canterbury ,,Canterbury,,,(unknown arm) fast,Billy,
Kenneth Frank McNeill Uttley,August 21  1913  Oamaru  Otago ,,Canterbury ,,Right-hand bat,,June 15  1973  Palmerston North  Manawatu (aged 59 years 298 days) ,
Feala Laki Vaelua Pula,September 19  1994  Auckland ,23 years 201 days,Auckland Under-21s Women,,Right-hand bat,Right-arm medium,,
Toivo Vaikvee,June 7  1947  Esbjerg  Denmark ,70 years 305 days,Wellington,,,Legbreak,,
William Henry Tracey Campbell Penney Vallange,August 15  1864  Kensington London ,,Otago,,,,1924  Southwark  London (aged 59 years) ,
Ann Rona Valli,May 30  1931  Invercargill  Southland ,,,,Right-hand bat,Right-arm medium-fast,October 4  2014  Invercargill  Southland (aged 83 years 127 days) ,
Robert Alan Vance,December 29  1924  Wellington ,,Wellington,,Right-hand bat,,Son - ,
Robert Howard Vance,March 31  1955  Wellington ,63 years 8 days,New Zealand ,,Right-hand bat,Right-arm offbreak,Father - ,
A van de Venter,date unknown ,,Central Districts Under-21s Women,,,,,
Anlo van Deventer,November 23  1993  Worcester  Western Cape  South Africa ,24 years 136 days,Central Districts Under-21s Women ,,Right-hand bat,Right-arm offbreak,Brother - ,
Dean van Deventer,date unknown ,,Canterbury A ,,,,Sister - ,
Natasha Leah van Tilburg,January 6  1998  Auckland ,20 years 92 days,Auckland Under-21s Women,,Right-hand bat,Legbreak,Wicketkeeper,
Theo Francis van Woerkom,July 26  1993  Christchurch  Canterbury ,24 years 256 days,Canterbury A ,,Right-hand bat,Slow left-arm orthodox,,
Cornelius Francoius Kruger van Wyk,February 7  1980  Wolmaransstad  North-West ,38 years 60 days,New Zealand ,Wicketkeeper batsman,Right-hand bat,,Wicketkeeper,
John Varcoe,date unknown ,,,,,,Umpire,
Vaughan,date unknown ,,,,,,Umpire,
Justin Thomas Caldwell Vaughan,August 30  1967  Hereford  England ,50 years 221 days,New Zealand ,,Left-hand bat,Right-arm medium,Administrator,
Dennis John Vear,April 5  1938  Auckland ,80 years 3 days,Otago,,Right-hand bat,Right-arm medium,,
John Robert Veitch,August 26  1937  Dunedin  Otago ,80 years 225 days,Canterbury ,,Left-hand bat,,,
Stuart William Veitch,April 22  1940  Gisborne ,77 years 351 days,Northern Districts,,Right-hand bat,,,
Diana Venter,July 24  1966  Klerksdorp  South Africa ,51 years 258 days,,,,,Umpire,
Peter John Verhoek,September 16  1955  Auckland ,62 years 204 days,Central Districts,,Right-hand bat,Right-arm offbreak,,
Anurag Verma,August 5  1990  Hamilton ,27 years 246 days,New Zealand Under-19s ,Bowler,Right-hand bat,Right-arm medium,,
Michael John Vermuelen,December 30  1982  Christchurch  Canterbury ,35 years 99 days,Canterbury,,Right-hand bat,Right-arm medium-fast,,
Edward Saunderson Vernon,March 6  1851  Dublin  Ireland ,,Otago,,Right-hand bat,,June 27  1902  Fortrose  Southland (aged 51 years 113 days) ,
John Wallace Vernon,June 13  1940  Wanganui ,77 years 299 days,Central Districts,,Right-hand bat,,Wicketkeeper,
Ross Alexander Verry,October 25  1964  Wellington ,53 years 165 days,Wellington,,Right-hand bat,Right-arm offbreak,Cousin - ,
Daniel Luca Vettori,January 27  1979  Auckland ,39 years 71 days,New Zealand ,Allrounder,Left-hand bat,Slow left-arm orthodox,Uncle - ,
Lou Vincent,November 11  1978  Warkworth  Auckland ,39 years 148 days,New Zealand ,Batsman,Right-hand bat,Right-arm medium,Occasional wicketkeeper,
Rhiana Frances Vincent,August 2  1988  Tokoroa  Waikato ,29 years 249 days,Northern Districts Women,,Right-hand bat,Right-arm medium,,
T S Vincent,date unknown ,,Wellington,,,,,
Basil William Vine,1908  Wellington ,,,,,,Umpire,
Robert MacIntyre Virtue,1867  New Zealand ,,Wellington,,,,November 6  1930  Wellington (aged 63 years) ,
Peter John Visser,May 10  1960  Waikari  Canterbury ,57 years 333 days,Central Districts,,Right-hand bat,Right-arm fast-medium,,
Graham Ellery Vivian,February 28  1946  Auckland ,72 years 39 days,New Zealand ,,Left-hand bat,Legbreak,Father - ,
Henry Gifford Vivian,November 4  1912  Auckland ,,New Zealand ,,Left-hand bat,Slow left-arm orthodox,Son - ,
Leslie George Vivian,1882  Richmond  Victoria  Australia ,,Hawke's Bay,,,,1931 (aged 49 years) ,
Luke John Vivian,June 12  1981  Launceston  Tasmania  Australia ,36 years 300 days,Auckland ,Top-order batsman,Right-hand bat,Right-arm medium-fast,,
Timothy Grant Vogel,July 11  1960  Upper Hutt  Wellington ,57 years 271 days,Wellington,,Right-hand bat,Left-arm fast-medium,,
John Russell Vogtherr,January 30  1946  Lower Hutt  Wellington ,72 years 68 days,New Zealand,,Right-hand bat,,,
William Nelson Vorrath,October 21  1910  Dunedin  Otago ,,Otago,,Left-hand bat,,June 7  1934  Dunedin  Otago (aged 23 years 229 days) ,
John Seaton Waddingham,August 24  1934  Auckland ,83 years 227 days,Auckland,,Right-hand bat,,,
Percival Richard Waddy,January 30  1871  Sydney  New South Wales  Australia ,,,,,,Umpire,
Kenneth John Wadsworth,November 30  1946  Nelson  Nelson ,,New Zealand ,,Right-hand bat,,Wicketkeeper,
Neil Wagner,March 13  1986  Pretoria  Transvaal ,32 years 26 days,New Zealand ,Bowler,Left-hand bat,Left-arm medium-fast,,
W J Wagstaffe,date unknown ,,Wellington,,,,Wicketkeeper,
Scott James Waide,July 11  1977  Dunedin  Otago ,40 years 271 days,Otago,,Right-hand bat,Right-arm offbreak,,
Henry Colin Waine,January 19  1913  Christchurch  Canterbury ,,Canterbury,,Right-hand bat,Legbreak googly,1995  New Zealand (aged 81 years) ,
Ernest Gavin Wainscott,March 19  1932  Lower Hutt  Wellington ,86 years 20 days,New Zealand,,,,Umpire,
Megan Gwenda Wakefield,September 22  1982  Christchurch  Canterbury ,35 years 198 days,Wellington Women,,Right-hand bat,Right-arm medium,,
Olivia Nita Waldron,May 11  1995  Dunedin  Otago ,22 years 332 days,Otago Under-21s Women,,Right-hand bat,Right-arm offbreak,,
AG Walker,date unknown ,,,,,,Umpire,
Alexander Johnston Walker,July 10  1842  Bowland  Scotland ,,Canterbury,,,,June 15  1903  West Kensington  London  England (aged 60 years 340 days) ,
Brooke Graeme Keith Walker,March 25  1977  Auckland ,41 years 14 days,New Zealand ,,Right-hand bat,Legbreak,,
Derek John Walker,November 23  1959  Dunedin  Otago ,58 years 136 days,Otago,,Left-hand bat,Right-arm medium,Umpire,
FL Walker,date unknown ,,Northern Districts,,,,,
Josef Grant Walker,September 6  1992  Hamilton  Waikato ,25 years 214 days,Northern Districts,,Right-hand bat,Right-arm offbreak,,
Matthew David John Walker,January 17  1977  Opunake  Taranaki ,41 years 81 days,New Zealand ,,Right-hand bat,Right-arm medium,,
Gary John Walklin,February 2  1944  Christchurch ,74 years 65 days,Canterbury,,,,Son - ,
Glen Michael Walklin,September 21  1973  Christchurch ,44 years 199 days,,,,,Father - ,
Alan Wallace,April 1  1891  Devonport  Auckland ,,Auckland,,,,May 10  1915  at sea (aged 24 years 39 days) ,
Colin Leslie Wallace,October 2  1953  Auckland ,64 years 188 days,Auckland,,Right-hand bat,,Wicketkeeper,
George Frederick Wallace,July 31  1913  Auckland ,,Auckland,,Right-hand bat,Right-arm offbreak,Brother - ,
Gregory Mervyn Wallace,September 21  1950  Auckland ,67 years 199 days,Auckland,,Right-hand bat,,Father - ,
Peter Eldred Wallace,October 23  1946  Christchurch  Canterbury ,71 years 167 days,Canterbury,,Left-hand bat,,,
Walter Mervyn Wallace,December 19  1916  Grey Lynn  Auckland ,,New Zealand ,,Right-hand bat,Right-arm offbreak,Brother - ,
John Walls,October 25  1856  Melbourne  Victoria  Australia ,,Otago,,,,March 13  1945  Dunedin  Otago (aged 88 years 139 days) ,
John William Walmsley,1859  Blackburn  Lancashire  England ,,Canterbury,,,,July 16  1938  Cheviot  Canterbury (aged 79 years) ,
Kerry Peter Walmsley,August 23  1973  Dunedin  Otago ,44 years 228 days,New Zealand ,,Right-hand bat,Right-arm fast-medium,,
Henry Anthony Walsh,December 5  1993  Eastbourne  Lower Hutt  Wellington ,24 years 124 days,New Zealand Under-19s ,,Right-hand bat,Left-arm medium,,
Ivan Alexander Walsh,December 29  1924  Dunedin  Otago ,,Otago,,Right-hand bat,Right-arm medium,May 12  2005  Dunedin  Otago (aged 80 years 134 days) ,
WPJ Walsh,date unknown ,,Auckland A,,,,,
Cyril Vincent Walter,1912 ,,Canterbury,,Right-hand bat,,March 23  1988  Christchurch  Canterbury (aged 76 years) ,
Henry George Walters,November 6  1917  Auckland ,,Auckland,,Left-hand bat,,August 25  1944  at sea  English Channel (aged 26 years 293 days) ,
Owen Matthew Walters,June 5  1937  Stratford  Taranaki ,80 years 307 days,,,,,Umpire,
Gary William Walton,April 17  1959  Nelson  Nelson ,58 years 356 days,Central Districts,,Right-hand bat,Right-arm offbreak,,
H Walton,date unknown ,,Auckland,,,,,
Barry John Ward,September 28  1961  Timaru  Canterbury ,56 years 192 days,Canterbury,,Right-hand bat,,Father - ,
Bruce N Ward,November 11  1968  Townsville  Queensland ,49 years 148 days,Auckland Under-19s ,,,,,
Brendan Peter Ward,January 14  1957  Invercargill  Southland ,61 years 84 days,Northern Districts,,,,,
James Sinclair Ward,June 7  1974  Christchurch  Canterbury ,43 years 305 days,Canterbury,,Left-hand bat,Slow left-arm orthodox,,
John Thomas Ward,March 11  1937  Timaru  Canterbury ,81 years 28 days,New Zealand ,,Right-hand bat,,Uncle - ,
Sydney William Ward,August 5  1907  Surry Hills  Sydney  New South Wales  Australia ,,Wellington,,Right-hand bat,Right-arm medium,December 31  2010  Featherstone  Wellington (aged 103 years 148 days) ,
Susan Margaret Wardill,September 1  1951  Newcastle upon Tyne  Northumberland  England ,66 years 219 days,,,,,Umpire,
Clement Patrick Stephen Wareham,March 23  1911  Wellington ,,Wellington,,,,September 30  1940  Hollingbourne  Kent  England (aged 29 years 191 days) ,
W Warne,date unknown ,,Wellington,,,,Wicketkeeper,
Brian Henry Warner,1920 ,,Auckland,,Right-hand bat,,January 23  1968  Auckland (aged 48 years) ,
F Warren,date unknown ,,Wellington,,,,,
Walter Frederick Warren,1871 ,,Auckland ,,,,August 14  1944  Auckland (aged 73 years) ,
John William Warrington,November 2  1948  Coventry  Warwickshire  England ,69 years 157 days,Auckland ,,Left-hand bat,,,
Alfred John Washer,1890 ,,Southland,,,,1941  Invercargill  Southland (aged 51 years) ,
Arthur Theobald Washer,1855  Brighton  Sussex  England ,,Canterbury,,,,November 10  1910  Christchurch  Canterbury (aged 55 years) ,
Tabatha Faith Waterreus,January 7  1984  Christchurch  Canterbury ,34 years 91 days,Canterbury Women ,,Right-hand bat,Right-arm medium,,
Victor Herbert Waters,May 31  1876  Wellington ,,Wellington,,,,November 17  1951  Wellington (aged 75 years 170 days) ,
Evan Allan Watkin,July 2  1951  Te Aroha  Waikato ,66 years 280 days,,,,,Umpire,
Jessica Marie Watkin,May 7  1998  Wanganui ,19 years 336 days,Central Districts Women,,Right-hand bat,Right-arm offbreak,,
Aimee Louise Watkins,October 11  1982  New Plymouth  Taranaki ,35 years 179 days,Central Districts Women ,,Left-hand bat,Right-arm offbreak,Brother - ,
JA Watkins,date unknown ,,New Zealand A Women,,,,,
Bradley-John Watling,July 9  1985  Durban  South Africa ,32 years 273 days,New Zealand ,Wicketkeeper batsman,Right-hand bat,,Wicketkeeper,
Dane L Watson,September 27  1994  Auckland ,23 years 193 days,New Zealand Under-19s,,Right-hand bat,Right-arm offbreak,,
Eric Alexander Watson,July 20  1925  Dunedin  Otago ,,Otago,,Right-hand bat,Right-arm medium,Brother - ,
Francis Edward Watson,August 9  1860  St Helena ,,West Coast,,,,1930  New Zealand (aged 69 years) ,
George Watson,1855  Bombay (now Mumbai)  Maharashtra  India ,,Canterbury,,Left-hand bat,,November 23  1884  Christchurch  Canterbury (aged 29 years) ,
H Watson,date unknown ,,Canterbury,,,,,
Harold Cooper Watson,December 24  1879  Calverton  Nottinghamshire  England ,,Canterbury ,,Right-hand bat,,Brother - ,
Helen Maree Watson,February 17  1972  Ashburton  Canterbury ,46 years 50 days,Auckland Women ,,Right-hand bat,Right-arm medium,,
James Browning Watson,March 3  1891  Christchurch  Canterbury ,,,,,,Umpire,
Kurtley Bruce Barry Watson,December 7  1994  Whangarei ,23 years 122 days,New Zealand Under-19s,,Right-hand bat,Right-arm medium-fast,,
Leo Cooper Watson,July 30  1885  St Helens  Lancashire  England ,,Otago,,,,Brother - ,
Leonard Frank Watson,October 11  1927  Dunedin  Otago ,90 years 179 days,Otago,,Right-hand bat,,Brother - ,
Leslie Thomas Watson,August 17  1956  Christchurch  Canterbury ,61 years 234 days,Canterbury,,Right-hand bat,Right-arm medium,,
Ryan J Watson,September 29  1994 ,23 years 191 days,New Zealand Under-19s,,Right-hand bat,Right-arm medium,,
Todd James Watson,December 5  1998  Hastings  Hawke's Bay ,19 years 124 days,New Zealand Under-19s,Bowler,Right-hand bat,Right-arm medium-fast,,
Thomas Melvin Watson,May 10  1943  Lower Hutt  Wellington ,74 years 333 days,New Zealand Under-23s,,Right-hand bat,Right-arm medium-fast,,
William Watson,August 31  1965  Auckland ,52 years 220 days,New Zealand ,,Right-hand bat,Right-arm fast-medium,,
David Glendenning Watt,July 21  1920  Ashburton  Canterbury ,,Otago,,Right-hand bat,,August 29  1996  Wellington (aged 76 years 39 days) ,
Leslie Watt,September 17  1924  Waitati  Otago ,,New Zealand ,,Right-hand bat,,November 15  1996  Dunedin  Otago (aged 72 years 59 days) ,
Kyle Andrew Wealleans,March 2  1969  Matamata  Waikato ,49 years 37 days,Northern Districts,,Right-hand bat,Legbreak,,
Christopher Allan Webb,June 8  1950  Otorohanga  Waikato ,67 years 304 days,Central Districts,,Right-hand bat,Slow left-arm orthodox,,
Charles Alexander Webb,1877 ,,,,,,Umpire,
Mary Averil Webb,date unknown ,,New Zealand Women,,,Right-arm offbreak,Mary Speight,
Murray George Webb,June 22  1947  Invercargill  Southland ,70 years 290 days,New Zealand ,,Right-hand bat,Right-arm fast,Brother - ,
Peter Neil Webb,July 14  1957  Auckland ,60 years 268 days,New Zealand ,,Right-hand bat,,Cousin - ,
Robert Courtney Webb,September 13  1917  Christchurch  Canterbury ,,Canterbury,,Right-hand bat,,Wicketkeeper,
Richard John Webb,September 15  1952  Invercargill  Southland ,65 years 205 days,New Zealand ,,Right-hand bat,Right-arm fast-medium,Brother - ,
William Arthur Alexander Webb,1851  Mosgiel  Otago ,,Otago,,,,January 29  1913  Dunedin  Otago (aged 62 years) ,
George Webbe,1856  Ireland ,,Wellington,,,,June 7  1934 (aged 78 years) ,
G Webby,date unknown ,,,,,,Umpire,
Scott William Weenink,January 1  1973  Christchurch  Canterbury ,45 years 97 days,Oxford University ,,Right-hand bat,Right-arm offbreak,,
Rakitha Kheminda Weerasundara,February 22  1995  Colombo ,23 years 45 days,New Zealand Under-19s ,,Right-hand bat,Right-arm offbreak,,
Alison Francis Weir,January 21  1903  Auckland ,,Auckland,,Right-hand bat,,Brother - ,
Gordon Lindsay Weir,June 2  1908  Auckland ,,New Zealand ,,Right-hand bat,Right-arm medium,Brother - ,
Frank Liddiard Wells,October 21  1871  Dunedin  Otago ,,Otago,,,,January 14  1932  Wellington (aged 60 years 85 days) ,
Jemma Ashley Wells,March 5  1987  Tauranga ,31 years 34 days,Otago Under-21s Women ,,Right-hand bat,Right-arm offbreak,,
Jason Douglas Wells,March 25  1970  Wellington ,48 years 14 days,Wellington,,Right-hand bat,Right-arm offbreak,,
Sam Raymond Wells,July 13  1984 ,33 years 269 days,New Zealand A ,Middle-order batsman,Left-hand bat,Right-arm medium,,
Tammy Ann Welsh,November 18  1995  Napier ,22 years 141 days,Central Districts Under-21s Women,,Right-hand bat,,Wicketkeeper,
Nathaniel William Werry,1847  Smyoria  Asia Minor ,,Wellington,,,,Wicketkeeper,
AC West,date unknown ,,New Zealand,,,,Umpire,
Gareth Lawrence West,July 26  1976  New Plymouth  Taranaki ,41 years 256 days,Central Districts,,Left-hand bat,Left-arm fast-medium,Brother - ,
David Lynley Weston,July 30  1930  Whangarei  Northland ,,Auckland,,Right-hand bat,,January 25  1977  Rotorua  Bay of Plenty (aged 46 years 179 days) ,
George Thomgate Weston,August 21  1876  Hokitika  West Coast ,,Canterbury,,,,September 19  1957  Christchurch  Canterbury (aged 81 years 29 days) ,
Timothy Ian Weston,June 6  1982  Stratford ,35 years 306 days,Central Districts,,Right-hand bat,,Wicketkeeper,
Reginald James Westwood,October 19  1907  Foxton  Manawatu ,,Canterbury,,Right-hand bat,Right-arm medium,May 4  1980  Palmerston North (aged 72 years 198 days) ,
Bernard Augustus Weybourne,1875  Lyttelton  Christchurch  Canterbury ,,Wellington,,,,December 18  1970  Wellington (aged 95 years) ,
John Wheatley,January 8  1860  Singleton  New South Wales  Australia ,,Canterbury,,,,Wicketkeeper,
Ben Matthew Wheeler,November 10  1991  Blenheim ,26 years 149 days,New Zealand ,Bowler,Right-hand bat,Left-arm medium-fast,Grandfather - ,
Graeme Paul Wheeler,October 30  1951  Hamilton  Waikato ,66 years 160 days,Wellington,,Right-hand bat,Right-arm medium,,
L Wheeler,date unknown ,,Central Districts,,,,,
William J Wheeler,date unknown ,,Auckland,,Left-hand bat,Right-arm medium,,
Reginald Francis William Whelan,1900 ,,Auckland,,Right-hand bat,,July 10  1970  Auckland (aged 70 years) ,
Alfred Edgar Whitaker,1852  Auckland ,,,,,,Umpire,
White,date unknown ,,Nelson,,,,,
Ashleigh Elizabeth White,October 11  1994  Gore ,23 years 179 days,Otago Under-21s Women ,,Right-hand bat,Right-arm medium,,
David John White,June 26  1961  Gisborne ,56 years 286 days,New Zealand ,,Right-hand bat,Right-arm offbreak,,
Elaine White,date unknown ,,New Zealand Women ,,,,,
Emma Lydia White,September 8  1981  Wimbledon  Surrey  England ,36 years 212 days,Canterbury Women,,Right-hand bat,Left-arm medium-fast,,
Glen Aidan White,February 12  1970  Melbourne  Victoria  Australia ,48 years 55 days,Wellington,,Right-hand bat,Slow left-arm orthodox,,
George Mason White,October 12  1862  West Derby (Liverpool)  Lancashire  England ,,Hawke's Bay,,,Right-arm medium,May 26  1949  Auckland (aged 86 years 226 days) ,
Harold Reginald White,September 1  1896  East Brunswick  Victoria  Australia ,,Wellington,,,,September 12  1977  Wellington (aged 81 years 11 days) ,
Jeremy Stuart Somes White,October 15  1947  Ongaonga  Hawke's Bay ,70 years 175 days,Northern Districts,,Left-hand bat,Right-arm fast-medium,,
Kevin John White,June 2  1958  Dannevirke  Manawatu ,59 years 310 days,Central Districts ,,Right-hand bat,Right-arm medium,,
Norman Moore White,1887 ,,Hawke's Bay,,,,Brother - ,
Peter White,date unknown ,,Hawke's Bay,,,,,
Percy Claude White,1868  Wharehine  Auckland ,,Auckland,,,Right-arm slow,Brother - ,
Paul Erskine Whitelaw,February 10  1910  Auckland ,,New Zealand ,,Right-hand bat,,August 28  1988  Auckland (aged 78 years 200 days) ,
Samuel James George Whiteman,August 5  1982  Auckland ,35 years 246 days,Auckland,,Right-hand bat,Right-arm fast-medium,,
Onslow Rowan Davey Whitford,August 26  1923  Christchurch  Canterbury ,,Canterbury,,Right-hand bat,,Wicketkeeper,
Haig Herbert Whiting,March 29  1918  Wanganui ,,Wairarapa ,,,,November 16  2009  Wellington (aged 91 years 232 days) ,
Henry Beckett Whitta,March 2  1883  Christchurch  Canterbury ,,Canterbury,,Right-hand bat,Slow left-arm orthodox,July 11  1944  Christchurch  Canterbury (aged 61 years 131 days) ,
Gordon Lindsay Whyte,August 13  1915  Wellington ,,Wellington,,Left-hand bat,Right-arm slow,June 24  2007  Wellington (aged 91 years 315 days) ,
Robert Archibald Whyte,December 10  1907  Wellington ,,Wellington,,Right-hand bat,,Wicketkeeper,
Una Katherine Wickham,January 12  1922 ,,New Zealand Women,,,,1983  New Zealand (aged 60 years) ,
Daniel Jordan Wightman,August 5  1993  Auckland ,24 years 246 days,Central Districts,,Left-hand bat,Slow left-arm orthodox,,
William Cranston Henry Wigley,1871  Christchurch  Canterbury ,,Canterbury,,Right-hand bat,,December 4  1937 (aged 66 years) ,
James Wigzell,1860  Nelson  Nelson ,,Nelson,,,,December 20  1947  Nelson  Nelson (aged 87 years) ,
Richard Gerald Wilde,October 28  1926  Otaki  Wellington ,,Central Districts,,Right-hand bat,,August 11  2000  Feilding  Manawatu-Wanganui (aged 73 years 288 days) ,
Anthony Frederick Wilding,October 30  1883  Opawa  Christchurch  Canterbury ,,Canterbury,,,,Father - ,
Frederick Wilding,November 20  1852  Montgomery  Wales ,,Canterbury,,Right-hand bat,Slow left-arm orthodox,Son - ,
Allan Victor Wiles,September 29  1920  Auckland ,,Auckland,,Right-hand bat,Right-arm medium,2008  New Zealand (aged 87 years) ,
John Lamb Wilkie,January 29  1877  New Cumnock  Ayr  Scotland ,,Otago,,,,June 19  1963  Mosgiel  Otago (aged 86 years 141 days) ,
Robert Alexander Wilkie,November 23  1878  New Cumnock  Ayr  Scotland ,,Otago,,,,November 7  1966  Bexley  Sydney  New South Wales  Australia (aged 87 years 349 days) ,
Anna Jane Wilkins,May 21  1980  Hamilton  Waikato ,37 years 322 days,Northern Districts Women ,,Right-hand bat,,Wicketkeeper,
Steve Wilkins,May 11  1971  Wellington ,46 years 332 days,New Zealand ,,Right-hand bat,Right-arm medium,,
Anthony Mark Wilkinson,August 15  1981  Dunedin  Otago ,36 years 236 days,Otago,,Left-hand bat,Left-arm medium,,
Francesca Elizabeth Wilkinson,November 23  1995  Auckland ,22 years 136 days,Auckland Under-21s Women,,Right-hand bat,Right-arm medium,,
Graham Wilkinson,date unknown ,,,,,,Umpire,
Glenn John Wilkinson,April 23  1970  Wellington ,47 years 350 days,Wellington,,Right-hand bat,Right-arm medium,,
Arnold Betham Williams,April 19  1870  Frimley  Hastings  Hawke's Bay ,,Hawke's Bay,,,,December 28  1965  New Zealand (aged 95 years 253 days) ,
Arnold Butler Williams,January 6  1870  Swansea  Glamorgan  Wales ,,Otago ,,Right-hand bat,,Wicketkeeper,
Arthur G Williams,date unknown ,,Auckland,,Right-hand bat,Right-arm medium,,
BR Williams,date unknown ,,Central Districts,,,,,
Brett Russell Williams,October 10  1965  Wellington ,52 years 180 days,Wellington,,Right-hand bat,Slow left-arm orthodox,,
E Heathcote Williams,March 23  1859  Pakaraka  Northland ,,Hawke's Bay,,,,November 28  1931  Auckland (aged 72 years 250 days) ,
Frank Williams,1876  Bath ,,Otago,,,,Wicketkeeper,
G Williams,date unknown ,,Hawke's Bay,,,,,
Garry John Williams,March 11  1953  Dunedin  Otago ,65 years 28 days,Otago,,Right-hand bat,,Wicketkeeper,
Heathcote Beetham Williams,December 2  1868  Hastings  Hawke’s Bay ,,Hawke's Bay,,,,May 3  1961  Turihaua Station  Pouawa  Gisborne (aged 92 years 152 days) ,
John Churchill Williams,May 9  1941  Gisborne ,,Auckland,,Right-hand bat,Right-arm medium,March 17  2007  Auckland (aged 65 years 312 days) ,
John Lloyd Williams,April 23  1931  Ashburton  Canterbury ,86 years 350 days,Canterbury,,Right-hand bat,,,
Kenneth Struthers Williams,1880 ,,Canterbury,,,,March 25  1919  Christchurch  Canterbury (aged 39 years) ,
Lindsay George Williams,July 12  1933  Auckland ,,Wellington,,Right-hand bat,,April 18  2008  Christchurch  Canterbury (aged 74 years 281 days) ,
Nancy M Williams,date unknown ,,Canterbury Women ,,,,,
Norman Theodore Williams,September 13  1864  Waimate North  Northland ,,Auckland,,,,1928  New Zealand (aged 63 years) ,
O W E Williams,date unknown ,,Wellington,,,,,
Peter Russell Williams,1947 ,71 years,,,,,Umpire,
WSA Williams,date unknown ,,Canterbury,,,,,
Kane Stuart Williamson,August 8  1990  Tauranga ,27 years 243 days,New Zealand ,Top-order batsman,Right-hand bat,Right-arm offbreak,Cousin - ,
Luke Cameron Williamson,October 29  1994 ,23 years 161 days,New Zealand Under-19s,,Right-hand bat,,Wicketkeeper,
A Willis,date unknown ,,Wellington,,,,,
Kate Evelyn Willis,June 12  1996  Christchurch ,21 years 300 days,Canterbury Under-21s Women,,Right-hand bat,,Wicketkeeper,
J W Wills,date unknown ,,Otago,,,,,
Alexander Cracroft Wilson,March 5  1840  Cawnpore (now Kanpur)  Uttar Pradesh  India ,,Canterbury,,,,Brother - ,
Andrew Marsh Wilson,May 16  1954  Wellington ,63 years 327 days,Wellington,,Left-hand bat,,,
Benjamin Marcus Wilson,November 11  1870  Thames  Waikato ,,Wellington,,,,September 22  1929  Wellington (aged 58 years 315 days) ,
Brad Svend Wilson,April 10  1985 ,32 years 363 days,New Zealand Under-19s ,,Right-hand bat,Right-arm offbreak,,
CH Wilson,date unknown ,,,,,,Umpire,
Douglas Clarence Wilson,May 31  1918 ,,,,,,Umpire,
David Stuart Wilson,October 13  1914  Wellington ,,Wellington,,Right-hand bat,Left-arm fast-medium,April 6  1989  New Zealand (aged 74 years 175 days) ,
Emily Mary Wilson,October 15  1984  Ashburton ,33 years 175 days,Northern Districts Women,,Right-hand bat,Right-arm medium,,
Ernest Summers Wilson,March 31  1877  Dunedin  Otago ,,Otago,,,,July 13  1959  Dunedin  Otago (aged 82 years 104 days) ,
Frank Edwin Wilson,1868  Dunedin  Otago ,,Hawke's Bay,,,,November 14  1927  New Plymouth  Taranaki (aged 59 years) ,
George Charles Lee Wilson,May 1  1887  Christchurch  Canterbury ,,Canterbury,,Left-hand bat,Left-arm slow-medium,December 14  1917  Belgium (aged 30 years 227 days) ,
Harold Wilson,date unknown ,,Auckland,,Right-hand bat,Right-arm fast-medium,,
Henry Clarke Wilson,1868  Rangiora  Canterbury ,,Hawke's Bay,,,Right-arm medium,December 16  1945  Christchurch  Canterbury (aged 77 years) ,
Ian David Wilson,August 8  1952  Christchurch  Canterbury ,65 years 243 days,Canterbury,,Left-hand bat,Left-arm medium,,
J H Wilson,date unknown ,,Wellington,,,,,
John PE Wilson,date unknown ,,New Zealand Young Cricketers,,,,,
Jeffrey William Wilson,October 24  1973  Invercargill  Southland ,44 years 166 days,New Zealand ,,Right-hand bat,Right-arm fast-medium,Uncle - ,
Michael Wilson,March 7  1940  Blenheim  Marlborough ,78 years 32 days,Central Districts,,Right-hand bat,Right-arm fast-medium,,
Norman Rowley Wilson,January 14  1935  Auckland ,83 years 84 days,Northern Districts,,Left-hand bat,,,
Peter Drummond Wilson,March 10  1907  New Zealand ,,Wellington,,Right-hand bat,Legbreak,June 2  1986  Wellington (aged 79 years 84 days) ,
Robert Stanley Wilson,October 1  1948  Balclutha  Otago ,69 years 189 days,Otago,,Right-hand bat,,Nephew - ,
S Wilson,date unknown ,,Southland,,,,,
Simon Wilfred James Wilson,September 3  1970  Blenheim  Marlborough ,47 years 217 days,Canterbury ,,Right-hand bat,,,
Thomas Henry Wilson,1867  New Zealand ,,Auckland,,,,November 13  1918  Auckland (aged 51 years) ,
Thomas John Wilson,July 7  1957  Invercargill  Southland ,60 years 275 days,Otago,,Left-hand bat,Right-arm medium,Nephew - ,
Virginia Isabel Marion Wilson,March 9  1995  Dunedin  Otago ,23 years 30 days,Otago Under-21s Women,,Right-hand bat,Right-arm offbreak,,
Walter Cracroft Wilson,April 5  1843  Moradabad  United Provinces  India ,,Canterbury,,,,Brother - ,
Ernest Francis de Montbrun Wilson-Duret,1856 ,,Otago ,,,,1926  Manly  New South Wales  Australia (aged 70 years) ,
John Robert Wiltshire,January 20  1952  Christchurch  Canterbury ,66 years 78 days,Auckland ,,Right-hand bat,,,
Douglas Robert Winger,October 2  1984  Auckland ,33 years 188 days,Auckland Under-19s ,,Left-hand bat,,Wicketkeeper,
Kelly Marie Winkley,June 16  1984  Napier  Hawke's Bay ,33 years 296 days,Central Districts Women,,Right-hand bat,Right-arm offbreak,,
Courtney Brooke Winsloe,November 13  1987  Gore  Southland ,30 years 146 days,Otago Women,,Right-hand bat,,Wicketkeeper,
Anders Galbraith Wiren,November 14  1911  Wellington ,,Wellington,,Left-hand bat,,September 18  1998  Wellington (aged 86 years 308 days) ,
Paul John Wiseman,May 4  1970  Auckland ,47 years 339 days,New Zealand ,Bowler,Right-hand bat,Right-arm offbreak,Whiz,
Warren Anthony Wisneski,February 19  1969  New Plymouth  Taranaki ,49 years 48 days,New Zealand ,,Right-hand bat,Right-arm medium,,
Arthur McKellar Wix,1846  Balham  Surrey  England ,,Nelson,,,,March 26  1918  Windsor  Berkshire  England (aged 72 years) ,
Richard Pahi Wixon,February 19  1957  Bluff  Southland ,61 years 48 days,Central Districts ,,Right-hand bat,Slow left-arm orthodox,,
Jack Wolstenholme,1851  Rishton  Lancashire ,,Hawke's Bay,,,,February 1  1914  Takapau  Hawkes Bay (aged 63 years) ,
Gerald H Wontner,1846  England ,,Canterbury,,,,October 6  1885 (aged 39 years) ,
Bernard Bedingfield Wood,1886 ,,Canterbury,,,,July 8  1974  Christchurch  Canterbury (aged 88 years) ,
John Wood,1839  England ,,Canterbury,,,,January 26  1909  Christchurch  Canterbury (aged 70 years) ,
James William Harington Wood,January 19  1854  Calcutta  West Bengal  India ,,Hawke's Bay ,,,,September 8  1937  Nelson (aged 83 years 232 days) ,
Ronald Aaron Wood,August 13  1930  London ,,,,,,Umpire,
Tania Woodbury,July 6  1964 ,53 years 276 days,Auckland Women ,,,,,
Luke James Woodcock,March 19  1982 ,36 years 20 days,New Zealand ,Allrounder,Left-hand bat,Slow left-arm orthodox,Occasional wicketkeeper,
Woods,date unknown ,,Nelson,,,,,
E R Woods,date unknown ,,Auckland,,,,,
Frank Woods,date unknown ,,Canterbury,,Right-hand bat,Right-arm medium,Wicketkeeper,
Norman Thomas Woods,August 19  1936  Dunedin  Otago ,81 years 232 days,Otago,,Left-hand bat,Left-arm medium,,
Stephen John Woodward,1947 ,71 years,,,,,Umpire,
RC Woollans,date unknown ,,,,,,Umpire,
George Herrick Worker,August 23  1989  Palmerston North ,28 years 228 days,New Zealand ,Batting allrounder,Left-hand bat,Slow left-arm orthodox,,
Rupert Vivian de Renzy Worker,April 15  1896  Auckland ,,Auckland ,,Left-hand bat,,April 23  1989  Napier  Hawke's Bay (aged 93 years 8 days) ,
John Henry Worrall,May 26  1927  Stanley Bay  Auckland ,90 years 317 days,Auckland,,Right-hand bat,,Wicketkeeper,
Calvert Worthington,August 29  1830  Burton-on-Trent  Staffordshire  England ,,Otago,,,,November 17  1871  Burton-on-Trent  Staffordshire  England (aged 41 years 80 days) ,
William John Wratt,1864 ,,Nelson,,,,June 12  1941  Christchurch  Canterbury (aged 77 years) ,
Wright,date unknown ,,,,,,Umpire,
Ernest Llewellyn Wright,November 10  1867  Panmure  Auckland ,,Auckland ,,,,Wicketkeeper,
Geoffrey Thomas Wright,March 25  1929  Darfield  Canterbury ,,Canterbury,,Right-hand bat,,Son - ,
H Wright,date unknown ,,Auckland,,,,,
John Geoffrey Wright,July 5  1954  Darfield  Canterbury ,63 years 277 days,New Zealand ,,Left-hand bat,Right-arm medium,Father - ,
James Linton Wright,June 2  1936  Queensland  Australia ,81 years 310 days,Northern Districts,,Right-hand bat,Left-arm medium-fast,,
Michael John Edward Wright,January 17  1950  Whangarei  Northland ,68 years 81 days,Northern Districts,,Left-hand bat,Right-arm medium,Wicketkeeper,
Peter John Wright,1939 ,79 years,,,,,Umpire,
Oscar Llewellyn Wrigley,August 6  1913 ,,Wellington,,Right-hand bat,,November 26  1987  Wellington (aged 74 years 112 days) ,
Ivan Edgar Wyatt,January 5  1924  Warkworth  Auckland ,,Auckland,,Right-hand bat,,Brother - ,
John Leonard Wyatt,March 7  1919  Leigh  North Auckland ,,Northern Districts,,Right-hand bat,,Brother - ,
William Wyinks,September 11  1854  Elgin  Morayshire  Scotland ,,Otago,,,,Umpire,
Robert Norman Wylie,April 27  1948  Lower Hutt  Wellington ,,Central Districts,,Left-hand bat,Right-arm fast-medium,September 8  2015  Waireka  Pahiatua (aged 67 years 134 days) ,
William Thomas Wynyard,1864  Devonport  Auckland ,,Auckland ,,Right-hand bat,,March 15  1938  Wellington (aged 74 years) ,
Pamela Melissa Yates,September 26  1981  Auckland ,36 years 194 days,Auckland Women,,Left-hand bat,Left-arm medium,,
Robert John Yates,1845  Auckland ,,Auckland,,,,October 6  1931  Auckland (aged 86 years) ,
William Charles Yates,1859  New Zealand ,,Hawke's Bay,,,,Wicketkeeper,
Benjamin Arthur Yock,February 8  1975  Christchurch  Canterbury ,43 years 59 days,Canterbury,,Right-hand bat,,Wicketkeeper,
Bryan Andrew Young,November 3  1964  Whangarei  Northland ,53 years 156 days,New Zealand ,,Right-hand bat,,Wicketkeeper,
George Angus Young,1847 ,,Canterbury,,,,details unknown ,
Jack Young,1899  New Zealand ,,Canterbury,,Right-hand bat,,February 7  1951 (aged 52 years) ,
Josie Anne Young,December 4  1986  Queenstown  Otago ,31 years 125 days,Otago Women ,,Right-hand bat,Right-arm medium,,
Reece Alan Young,September 15  1979  Auckland ,38 years 205 days,New Zealand ,Middle-order batsman,Right-hand bat,,Wicketkeeper,
William Alexander Young,November 22  1992  New Plymouth ,25 years 137 days,Central Districts ,,Right-hand bat,Right-arm offbreak,,
William H Young,date unknown ,,Hawke's Bay,,,,Wicketkeeper,
Peter Francis Younghusband,February 17  1990  Harare  Mashonaland ,28 years 50 days,Wellington A,,Right-hand bat,Legbreak googly,,
Joseph Adam Frank Yovich,December 15  1976  Whangarei  Northland ,41 years 114 days,New Zealand ,,Left-hand bat,Right-arm fast-medium,,
Lalithaananthan Yugaraja,October 13  1992  Canterbury ,25 years 177 days,New Zealand Under-19s,,Left-hand bat,Right-arm offbreak,,
Bryan William Yuile,October 29  1941  Palmerston North  Manawatu ,76 years 161 days,New Zealand ,,Right-hand bat,Slow left-arm orthodox,,
Spiro Bernard Zavos,July 13  1937  Wellington ,80 years 269 days,Wellington,,Right-hand bat,Slow left-arm orthodox,,
Carl Zimmerman,July 24  1898  Auckland ,,Otago,,,,May 10  1969  Oamaru  Otago (aged 70 years 290 days) ,
Abhimanyu Singh,May 7  1992  Jaipur ,25 years 336 days,Services,,Right-hand bat,Right-arm offbreak,,
Mohammed Abid Khan,December 1  1985  Allahabad  Uttar Pradesh ,32 years 128 days,Uttar Pradesh,,Right-hand bat,Right-arm medium,,
Gurkirat Singh Ahluwalia,July 26  1988  Naraingarh ,29 years 256 days,Punjab,,Right-hand bat,Right-arm medium,,
Habeeb Ahmed,November 7  1987  Hyderabad ,30 years 152 days,Hyderabad (India),,Right-hand bat,,Wicketkeeper,
Ajit Pal Singh,date unknown ,,Jammu &amp; Kashmir,,,,,
Palani Amarnath,June 1  1982 ,35 years 311 days,Chennai Super Kings ,,Right-hand bat,Right-arm medium,,
Ameek Khan,date unknown ,,Jammu &amp; Kashmir,,,,,
Amit,date unknown ,,,,Right-hand bat,Right-arm fast,,
Amriteshwar Singh,date unknown ,,Blue ,,Right-hand bat,Right-arm fast,,
Amzad Ali,September 27  1991  Guwahati  Assam ,26 years 193 days,Assam,,Right-hand bat,,Wicketkeeper,
Harsh Anand,date unknown ,,Goa,,,,,
Ananya Upendran,October 23  1991  Hyderabad  Andhra Pradesh ,26 years 167 days,Hyderabad (India) Women ,,Right-hand bat,Right-arm medium,,
Arminder Singh,January 18  1991  Guwahati  Assam ,27 years 80 days,Assam,,Left-hand bat,,Wicketkeeper,
Arun Kumar,date unknown ,,Services,,,,,
Asif Khan,date unknown ,,Services,,,,,
Sangram Dilip Atitkar,January 23  1988  Kolhapur ,30 years 75 days,Maharashtra,,Right-hand bat,Right-arm offbreak,,
Digamber Singh Attri,April 18  1985  Faridabad ,32 years 355 days,Services,,Right-hand bat,Right-arm medium,,
Awijit Singh,January 9  1990  Suratgarh ,28 years 89 days,Rajasthan,,Right-hand bat,,,
Aakash Singh,date unknown ,,KC Gandhi English School,,,,,
Rajendra Aametha,date unknown ,,,,,,Referee,
Aamir Aziz Sofi,August 12  1990  Chattabal  Jammu and Kashmir ,27 years 239 days,Jammu &amp; Kashmir,,Right-hand bat,Slow left-arm orthodox,,
Aamir Ashraf Sofi,November 7  1992  Srinagar  Jammu &amp; Kashmir ,25 years 152 days,Jammu &amp; Kashmir,,Right-hand bat,Right-arm offbreak,,
A Aarif,date unknown ,,Dindigul Dragons,,Right-hand bat,,Wicketkeeper,
Leslie Aaron,date unknown ,,Kerala,,,,,
Sandy Aaron,June 22  1929  Cannanore (now Kannur)  Kerala ,88 years 290 days,Kerala ,,Right-hand bat,Right-arm medium,,
Varun Raymond Aaron,October 29  1989  Singhbhum  Bihar (now Jharkhand) ,28 years 161 days,India ,Bowler,Right-hand bat,Right-arm fast,,
Aashish Srikrishnan,date unknown ,,Karaikudi Kaalai,,Right-hand bat,,,
Kataputur Ashok Aashrith,January 10  1987  Walsall  Staffordshire  England ,31 years 88 days,Tamil Nadu Under-14s,,Right-hand bat,Legbreak,,
