Gerard T Doyle,1932  Dublin  Ireland ,,,,,,Umpire,
Gerald Andrew Anthony Duffy,November 4  1930  Dublin ,87 years 155 days,Ireland,,Right-hand bat,Legbreak,,
Angus Richard Dunlop,March 17  1967  Dublin ,51 years 22 days,Ireland,,Right-hand bat,Right-arm offbreak,,
Brian Dunlop,date unknown ,,Ireland Under-19s,,,,Occasional wicketkeeper,
T Alex Dunlop,date unknown ,,,,,,Umpire,
Noel Dunn,date unknown ,,,,,,Umpire,
Stephen A Dunn,date unknown  Donemana  Co Tyrone ,,Ireland A ,,Right-hand bat,Left-arm medium,,
Sameer Dutt,date unknown ,,,,,,Umpire,
Matthew Damian Dwyer,February 22  1959  Dublin ,59 years 45 days,Ireland ,,Left-hand bat,Slow left-arm orthodox,Coach,
Ryan Logan Eagleson,December 17  1974  Carrickfergus  Co Antrim ,43 years 112 days,Ireland ,,Right-hand bat,Right-arm fast-medium,,
Philip Steven Eaglestone,June 17  1982  Beckenham  Kent ,35 years 295 days,Ireland ,Bowler,Left-hand bat,Left-arm medium,,
Peter A Eakin,May 2  1995 ,22 years 341 days,Ireland Under-15s,,,,,
Allan William Eastwood,October 22  1979  Port Laoise  Co Laoise ,38 years 168 days,Ireland ,,Right-hand bat,Right-arm fast,,
Samuel James Edgar,September 23  1913  Lisburn  Co Antrim ,,Ireland,,Right-hand bat,Right-arm medium,January 31  1937  Lisburn  Co Antrim (aged 23 years 130 days) ,
Ehtesham Ahmed,June 4  1984  Karachi  Sind  Pakistan ,33 years 308 days,Leprechauns Cricket Club,,Right-hand bat,Right-arm medium,,
John Watson George Elder,August 16  1949  Bangor  Co Down ,68 years 235 days,Ireland,,Right-hand bat,Right-arm fast-medium,,
James Tench Ennis,February 27  1900  Naul Park  Co Dublin ,,Dublin University,,Right-hand bat,,October 15  1976  Dublin (aged 76 years 231 days) ,
Ernest Ensor,December 17  1870  Cheltenham  Gloucestershire  England ,,Dublin University,,Right-hand bat,Right-arm fast-medium,August 13  1929  Bellevue Park  Cork (aged 58 years 239 days) ,
George Walter Fawcett,August 6  1929  Ardglass  Co Down ,,Ireland,,Right-hand bat,,Regent House School  Newtownards; Dublin University; Stranmillis College  Belfast,
Francis Fee,May 14  1934  Belfast ,83 years 329 days,Ireland,,Right-hand bat,Right-arm medium  Right-arm offbreak,,
Peter E Ferguson,November 13  1994 ,23 years 146 days,Ireland Under-15s,,,,,
William Henry Noel Ferguson,December 6  1927  Downpatrick  Co Down ,,Ireland,,Left-hand bat,Right-arm medium,October 31  2007 (aged 79 years 329 days) ,
Stewart Wesley Ferris,May 2  1927  Lurgan  Co Armagh ,,Ireland,,Right-hand bat,Right-arm medium,May 28  2001  Ireland (aged 74 years 26 days) ,
Frank Miroslav Filgas,November 3  1926  Carlow  Co Carlow ,,Ireland,,Right-hand bat,,King's Hospital School  Dublin; Dublin University,
Aubrey James Finlay,March 2  1938  Sion Mills  Co Tyrone ,80 years 37 days,Ireland,,Right-hand bat,,,
David Finlay,date unknown ,,Ireland Under-19s,,,,,
Thomas David Louisson Fisher,October 11  1981  Masterton  New Zealand ,36 years 179 days,Ireland ,,Left-hand bat,Right-arm offbreak,Wicketkeeper,
Noel Fitzsimmons,date unknown ,,,,,,Umpire,
Emma Louise Carolyn Flanagan,January 7  1991  Dublin ,27 years 91 days,Ireland Women,,Right-hand bat,Right-arm offbreak,,
Padraic Flanagan,March 9  1996 ,22 years 30 days,Ireland Under-15s,,Right-hand bat,Right-arm medium,,
John Wellesley Flood,April 22  1884  Australia ,,Ireland,,Right-hand bat,Right-arm fast-medium,1934  Kokopo  New Britain  New Guinea (aged 49 years) ,
James Henry Foley,November 1  1898  Macroom  Co Cork ,,Ireland,,Right-hand bat,,March 30  1969  Cork (aged 70 years 149 days) ,
Robert Forest,date unknown ,,Leinster Lightning,,,,,
Dick Forrest,date unknown ,,,,,,Son - ,
Robert James Forrest,May 25  1993  Dublin ,24 years 318 days,Leprechauns Cricket Club,,Right-hand bat,,Father - ,
Harry Hollingsworth Forsyth,December 18  1903  Dublin ,,Dublin University,,Left-hand bat,,Occasional wicketkeeper,
Michael Foster,date unknown ,,,,,,Umpire,
Louis Fourie,August 31  1962  Port Elizabeth  South Africa ,55 years 220 days,,,,,Umpire,
Marthinus Jacobus Fourie,July 23  1979  Cape Town  Cape Province  South Africa ,38 years 259 days,Ireland ,Bowler,Right-hand bat,Right-arm medium-fast,,
Kevin Gallagher,May 27  1975  Dublin ,42 years 316 days,,,,,Umpire,
James Blandford Ganly,March 7  1904  Dublin ,,Ireland ,,Right-hand bat,Right-arm fast-medium,July 22  1976  Oughterard  Co Galway (aged 72 years 137 days) ,
Jonathan Gardiner,date unknown ,,Ireland Under-19s,,Right-hand bat,Right-arm medium,,
Jonathan Digby Garth,January 12  1965  Johannesburg  Transvaal  South Africa ,53 years 86 days,Ireland,,Right-hand bat,Right-arm medium,Wife - ,
Jonathan J Garth,date unknown ,,Ireland Under-19s,,,,,
Kimberley Jennifer Garth,April 25  1996  Dublin ,21 years 348 days,Ireland Under-17s Women ,Opening batsman,Right-hand bat,Right-arm bowler,Father - ,
Robert Garth,December 5  1991  Dublin ,26 years 124 days,Leprechauns Cricket Club,,Right-hand bat,Right-arm medium-fast,Father - ,
Daniel Gaughran,December 4  1979 ,38 years 125 days,Ireland Under-19s,,Right-hand bat,Right-arm medium,,
Valmai Gee,April 8  1971  Cochabamba  Bolivia  South America ,47 years 0 days,Ireland Women,Middle-order batsman,Right-hand bat,,Wicketkeeper,
Don Geraghty,date unknown ,,,,,,Umpire,
Shane Charles Getkate,October 2  1991  Ireland ,26 years 188 days,Ireland ,,Right-hand bat,Right-arm medium-fast,Grandfather - ,
J Gibbons,date unknown ,,,,,,Umpire,
Aisling Maria Gill,August 3  1994  Dublin ,23 years 248 days,Ireland Under-17s Women,,Right-hand bat,,Sister - ,
Eimear Gill,February 10  1992 ,26 years 57 days,Ireland Under-17s Women,,Right-hand bat,Right-arm bowler,Sister - ,
James Rupert Gill,September 24  1911  Dublin ,,Ireland,,Right-hand bat,,October 18  2000  Blackrock  Dublin (aged 89 years 24 days) ,
Neil Gill,September 1  1986  Antrim Town ,31 years 219 days,Ireland Under-19s,,Right-hand bat,Right-arm fast-medium,,
Roderick Ian Gill,July 21  1919  Dublin ,,Ireland,,Right-hand bat,Right-arm medium,October 28  1983  Dublin (aged 64 years 99 days) ,
Aaron Gillespie,March 13  1997 ,21 years 26 days,Ireland Under-15s ,,,,,
Matthew Gillespie,date unknown ,,Ireland Under-15s,,,,,
Mark Anthony Gillespie,August 26  1969  Londonderry ,48 years 225 days,Ireland,,Left-hand bat,Legbreak googly,Brother - ,
Peter Gerard Gillespie,May 11  1974  Strabane  Co Tyrone ,43 years 332 days,Ireland ,,Right-hand bat,Right-arm medium,Brother - ,
Michael Gilmour,date unknown ,,Northern Knights,,,,,
Robin Glenn,date unknown  Ballykelly  Co Londonderry ,,,,,,Referee,
Lee Goldsmith,date unknown ,,,,,,Umpire,
Douglas Edward Goodwin,May 2  1938  Clontarf  Dublin ,79 years 341 days,Ireland,,Right-hand bat,Right-arm fast-medium,,
William Basil Goulding,November 4  1909  Dublin ,,Ireland,,Right-hand bat,,Wicketkeeper,
David Graham,March 13  1922  Belfast ,96 years 26 days,Ireland,,Right-hand bat,Right-arm fast-medium,,
Godfrey Richard Graham,August 23  1936  Dublin ,81 years 228 days,Ireland,,Right-hand bat,Legbreak googly,,
James Robert Graham,August 11  1906  Rathmines  Dublin ,,Ireland,,Right-hand bat,Right-arm offbreak,January 14  1942  Dublin (aged 35 years 156 days) ,
Samuel Graham,January 9  1967  Lisburn  Co Antrim ,51 years 89 days,Ireland,,Right-hand bat,Right-arm medium,,
Jamie Grassi,October 9  1998  Dublin ,19 years 181 days,Leinster Lightning,,,,,
Jennifer Gray,April 30  1993  Dublin ,24 years 343 days,Ireland Women,,Right-hand bat,Right-arm medium,,
N Gray,date unknown ,,Ireland Under-19s,,,,,
Miriam Elizabeth Grealey,December 27  1965  Donegal ,52 years 102 days,Ireland Women ,,Right-hand bat,Right-arm offbreak,,
H Greave,date unknown ,,Ireland A Women,,,,,
William Robert Gregory,May 20  1881  Coole Park  Gort  Co Galway ,,Ireland,,Right-hand bat,Legbreak googly,Harrow School; Oxford University,
Cameron S Grieve,December 22  1991  Craigavon ,26 years 107 days,Ireland Under-15s ,,,,,
Arthur Percival Gwynn,June 11  1874  Ramelton  Co Donegal ,,Dublin University,,Right-hand bat,,Brother - ,
John David Gwynn,July 13  1907  Clontarf  Co Dublin  Ireland ,,Dublin University,,Right-hand bat,,Uncle - ,
Lucius Henry Gwynn,May 5  1873  Ramelton  Co Donegal ,,Ireland ,,Right-hand bat,,Brother - ,
Robert Malcolm Gwynn,April 26  1877  Ramelton  Co Donegal ,,Dublin University,,Right-hand bat,Right-arm slow,Brother - ,
Anne-Marie Frances McDonald,April 26  1963  Ireland ,54 years 347 days,Ireland Women,,Right-hand bat,Right-arm medium,Husband - ,
Alexander Haggan,December 23  1992  Belfast  Co Antrim ,25 years 106 days,Northern Knights,,Right-hand bat,Right-arm fast-medium,,
Ryan Samuel Haire,May 1  1981  Dundonald  Co Roscommon ,36 years 342 days,Ireland,Batsman,Left-hand bat,Legbreak,Occasional wicketkeeper,
Frederick Harrison Hall,August 15  1892  Blackrock  Co Cork ,,Ireland ,,Right-hand bat,,January 4  1947  Virginia Water  Surrey  England (aged 54 years 142 days) ,
James Douglas Hall,October 19  1988  Preston  Lancashire. England ,29 years 171 days,Ireland ,Opening batsman,Right-hand bat,Right-arm offbreak,,
Joshua Robert Neville Hall,June 23  1994 ,23 years 289 days,Ireland Under-19s,,Right-hand bat,Right-arm fast-medium,,
Michael Halliday,August 20  1948  Harolds Cross  Dublin ,69 years 231 days,Ireland,,Right-hand bat,Right-arm offbreak,,
Blayney Balfour Hamilton,June 13  1872  Mellifont  Collon  Co Louth ,,Ireland,,Right-hand bat,Slow left-arm orthodox,December 16  1946  Dublin (aged 74 years 186 days) ,
Rachel Ann Hardiman,January 5  1961  Dublin ,57 years 93 days,Ireland Women,,Left-hand bat,Right-arm offbreak,,
George Richard Uniacke Harman,June 6  1874  Crosshaven  Co Cork  Ireland ,,Dublin University,,Right-hand bat,,Brother - ,
William Crooke Ronayne Harman,May 29  1869  Crosshaven  Co Cork ,,Ireland,,,,Brother - ,
Thomas Harpur,May 16  1944  Sion Mills  Co Tyrone ,73 years 327 days,Ireland,,Right-hand bat,,,
William Harrington,December 27  1869  Templeogue  Co Dublin ,,Ireland,,Right-hand bat,Right-arm offbreak,Clongowes Wood College  Co Kildare,
Deryck William Harrison,November 3  1943  Lurgan  Co Armagh ,74 years 156 days,Ireland,,Right-hand bat,,,
Garfield David Harrison,May 8  1961  Lurgan  Co Armagh ,56 years 335 days,Ireland,,Left-hand bat,Right-arm offbreak,,
James Harrison,May 3  1941  Lurgan  Co Armagh ,76 years 340 days,Ireland,,Right-hand bat,,,
Roy Harrison,August 30  1939  Lurgan  Co Armagh ,78 years 221 days,Ireland,,Right-hand bat,Right-arm medium,,
Simon Harrison,date unknown ,,Ireland Under-19s,,,,,
Christopher Charles John Harte,February 23  1949  Belfast ,69 years 44 days,Ireland,,Right-hand bat,,,
Thomas Arnold Harvey,April 17  1878  Marsh's Library  Dublin ,,Ireland,,Right-hand bat,Right-arm medium,December 25  1966  Dublin (aged 88 years 252 days) ,
Cormac Hassett,date unknown ,,Munster Reds,,,,,
William Edward Haughton,October 31  1923  Bray  Co Wicklow ,,Ireland,,Right-hand bat,,February 11  2003  New Lodge  Donnybrook  Dublin (aged 79 years 103 days) ,
Mark Hawthorne,September 16  1962  Belfast ,55 years 204 days,,,,,Umpire,
Helen Hearnden,date unknown ,,Ireland Women,,,,,
Derek Heasley,January 15  1972  Lisburn  Co Antrim ,46 years 83 days,Ireland ,,Right-hand bat,Right-arm medium,,
John Ganly Heaslip,November 26  1899  Dublin ,,Ireland ,,Right-hand bat,Right-arm offbreak,May 23  1966  St Margaret's  Twickenham  Middlesex  England (aged 66 years 178 days) ,
Alastair Henderson,date unknown ,,,,,,Umpire,
Henry James Henderson,1933 ,,,,,,Umpire,
Trevor Henry,April 14  1954  Portadown  Co Armagh  Ireland ,,,,,,Umpire,
Marianne Theresa Herbert,December 2  1981  Malahide ,36 years 127 days,Ireland Women,,Right-hand bat,Right-arm medium-fast,,
Judith Herbison,date unknown ,,Ireland Women,,,,,
Francis Stanley Arnot Hewitt,March 13  1936  Malone  Belfast ,,Ireland,,Right-hand bat,Right-arm offbreak,August 14  2001  Ireland (aged 65 years 154 days) ,
Leslie Hewson,date unknown ,,,,,,Umpire,
Aaron Heywood,date unknown ,,North-West Warriors,,,,,
Charles Merrin Hill,July 18  1903  Dublin ,,Ireland,,Right-hand bat,,July 7  1982  Dublin (aged 78 years 354 days) ,
John William Hill,February 10  1912  Coleraine  Co Londonderry ,,Ireland,,Right-hand bat,Right-arm offbreak,January 17  1984  Worthing  Sussex  England (aged 71 years 341 days) ,
Niall David S Hodgins,August 21  1992  Northern Ireland ,25 years 230 days,Ireland Under-19s,,Left-hand bat,,Wicketkeeper,
Benn P Hoey,June 6  1995 ,22 years 306 days,Ireland Under-15s,,,,,
Conor Joseph Hoey,March 24  1968  Dublin  Ireland ,50 years 15 days,Ireland,,Right-hand bat,Legbreak,,
Myer Hoffman,July 21  1902  Leeds  Yorkshire  England ,,Dublin University,,Right-hand bat,Right-arm medium,October 14  1959  Lourenco Marques  Mozambique (aged 57 years 85 days) ,
Louis P Hogan,date unknown ,,,,,,Umpire,
Louis P Hogan,date unknown ,,,,,,Umpire,
Michael Hogan,March 19  1996 ,22 years 20 days,Ireland Under-15s,Wicketkeeper,Left-hand bat,,,
Keith Hogg,date unknown ,,Ireland Under-19s,,Right-hand bat,Legbreak,,
Alexander Francis George Philip Hollick,February 13  1936  Cairo  Egypt ,,Ireland,,Right-hand bat,,February 6  1991  Charing Cross  Westminster  London  England (aged 54 years 358 days) ,
Jamie Holmes,October 13  1992 ,25 years 177 days,,,,,,
William Patrick Hone,August 28  1886  Monkstown  Co Dublin ,,Ireland,,Right-hand bat,,Wicketkeeper,
Nathan Bernard Hool,January 28  1924  Dublin ,,Ireland,,Right-hand bat,Slow left-arm orthodox,October 10  1988  Belfast (aged 64 years 256 days) ,
Kenneth William Hope,May 3  1939  Portarlington  Co Leix ,78 years 340 days,Ireland,,Right-hand bat,Right-arm offbreak,,
Joseph Kevin Hopkins,June 3  1934  Dublin ,,Ireland,,,,Wicketkeeper,
Carl Hosford,date unknown ,,Ireland Under-19s,,,,,
Samuel Scott Johnston Huey,December 21  1923  Ture  Co Donegal ,,Ireland,,Right-hand bat,Slow left-arm orthodox,Masonic Boys' School  Dublin,
Alan John Hughes,April 4  1951  Dublin ,67 years 4 days,Ireland,,Right-hand bat,Right-arm medium,,
Lewis Patrick Hughes,April 10  1943  Blackrock  Co Dublin ,74 years 363 days,Ireland,,Right-hand bat,Right-arm fast-medium,,
Jeffrey J Hunter,December 4  1994 ,23 years 125 days,Ireland Under-15s,,,,,
Ryan Albert Hunter,November 19  1992 ,25 years 140 days,Ireland Under-15s ,,Left-hand bat,,Occasional wicketkeeper,
William Raymond Hunter,April 3  1938  Belfast ,80 years 5 days,Ireland,,Right-hand bat,Right-arm medium,,
Mark Kenneth Hutchinson,October 17  1978  Belfast ,39 years 173 days,Ireland,,Right-hand bat,,,
Wilfred Noel Maxwell Hutton,June 5  1901  Summerhill  Dublin ,,Dublin University,,Right-hand bat,,September 12  1978  Carrigaline  Co Cork (aged 77 years 99 days) ,
Edward Ingram,August 14  1910  Dublin ,,Ireland ,,Right-hand bat,Right-arm medium  Legbreak,March 13  1973  Basingstoke  Hampshire  England (aged 62 years 211 days) ,
Finlay William Jackson,November 21  1901  Belfast ,,Ireland,,Right-hand bat,Legbreak,March 13  1941  Belfast (aged 39 years 112 days) ,
Harold Jackson,September 25  1888  Ormeau  Belfast ,,Ireland,,Left-hand bat,,December 17  1979  Belfast (aged 91 years 83 days) ,
Paul Barry Jackson,December 9  1959  Belfast  Ireland ,58 years 120 days,Ireland,,Right-hand bat,,Wicketkeeper,
Louis Collins Jacobson,January 26  1918  Dublin ,,Ireland,,Right-hand bat,,December 6  2013  Dublin (aged 95 years 314 days) ,
Isaac Mervyn Jaffey,September 9  1929  Dublin ,88 years 211 days,Ireland,,Right-hand bat,,Wicketkeeper,
Tom Ormsby Jameson,April 4  1892  Clonsilla  Co Dublin ,,Ireland ,,Right-hand bat,Right-arm fast  Legbreak googly,February 6  1965  Dun Laoghaire  Co Dublin (aged 72 years 308 days) ,
Alfred Shaun Jeffares,August 14  1906  Komga  Cape Province  South Africa ,,Dublin University,,Left-hand bat,Right-arm medium,October 29  1997  Drinagh  Co Wexford (aged 91 years 76 days) ,
Alan Samuel Jeffrey,October 18  1963  Londonderry ,54 years 172 days,Ireland,,Left-hand bat,Left-arm medium,,
Alan David Johnston,September 14  1953  Lurgan  Co Armagh ,64 years 206 days,Ireland,,Left-hand bat,Left-arm fast-medium,,
David Trent Johnston,April 29  1974  Wollongong  New South Wales ,43 years 344 days,Ireland ,Bowler,Right-hand bat,Right-arm fast-medium,,
Robert Ian Johnston,July 1  1948  Woodvale  Belfast ,69 years 281 days,Ireland,,Right-hand bat,Right-arm medium,,
Nigel Geoffrey Jones,April 22  1982  Timaru  New Zealand ,35 years 351 days,Ireland ,Allrounder,Right-hand bat,Right-arm medium,,
Ruadhan Jones,February 9  1996 ,22 years 58 days,Ireland Under-15s,,Right-hand bat,Right-arm offbreak,,
Augustine Joyce,August 10  1974  Dublin ,43 years 241 days,Ireland,,Right-hand bat,,Brother - ,
Cecelia Nora Isobel Mary Joyce,July 25  1983  Wicklow ,34 years 257 days,Ireland Under-19s Women ,,Right-hand bat,Legbreak,Brother - ,
Dominick Ignatius Joyce,June 14  1981  Dublin ,36 years 298 days,Ireland ,,Right-hand bat,,Brother - ,
Edmund Christopher Joyce,September 22  1978  Dublin ,39 years 198 days,England ,Top-order batsman,Left-hand bat,Right-arm medium,Brother - ,
Isobel Mary Helen Cecilia Joyce,July 25  1983  Wicklow ,34 years 257 days,Ireland Women ,,Right-hand bat,Left-arm medium,Brother - ,
Bala Kailash,September 11  1972  Moradabad ,45 years 209 days,,,,,Umpire,
Terrence Desmond McKibbin Kane,May 10  1952  Londonderry ,,Ireland,,Right-hand bat,Right-arm fast-medium,October 19  2012  Jordanstown  Co Antrim (aged 60 years 162 days) ,
Tryone Edward Kane,July 8  1994  Dublin  Ireland ,23 years 274 days,Ireland ,Bowler,Right-hand bat,Right-arm medium-fast,,
Shauna Maire Kavanagh,April 21  1992  Dublin ,25 years 352 days,Ireland Under-17s Women ,,Right-hand bat,Right-arm medium,,
Richard John Keaveney,May 29  1989  Johannesburg  South Africa ,28 years 314 days,Ireland Under-19s,,Right-hand bat,Right-arm fast-medium,,
Liam Keegan,date unknown ,,,,,,Umpire,
Vanessa Kelada,date unknown ,,Ireland Women,,,,,
Augustine Patrick Kelly,1894  Dublin ,,Ireland ,,Right-hand bat,,Wicketkeeper,
Acheson William Blake Kelly,August 5  1903  Dublin ,,Ireland ,,Right-hand bat,Right-arm medium,October 6  1961  Combe Down  Bath  Somerset  England (aged 58 years 62 days) ,
Gustavus Noel Blake Kelly,December 26  1901  Dublin ,,Ireland ,,Right-hand bat,Right-arm fast-medium,March 14  1980  Castlebar  Co Mayo (aged 78 years 79 days) ,
Gustavus William Francis Blake Kelly,April 2  1877  Dublin ,,Ireland ,,Right-hand bat,Right-arm fast,August 16  1951  Dundermott  Ballymoe  Co Roscommon (aged 74 years 136 days) ,
Reece Kelly,date unknown ,,Ireland Under-19s ,,Right-hand bat,,,
Robin John Kelly,May 24  1993  Marondera  Mashonaland ,24 years 319 days,Ireland Development XI,,Left-hand bat,Left-arm medium,,
James Francis Kempster,October 15  1892  Ranelagh  Dublin ,,Ireland,,Right-hand bat,Right-arm medium,April 21  1975  Kilternan  Co Dublin (aged 82 years 188 days) ,
Amy Johanna Kenealy,April 6  1988  Dublin ,30 years 2 days,Ireland Women,,Right-hand bat,Right-arm medium,,
Suzanne Elizabeth Kenealy,November 27  1981  Dublin ,36 years 132 days,Ireland Under-19s Women ,,Right-hand bat,Right-arm medium,,
Derrick Edward de Vere Kennedy,June 5  1904  Dublin ,,Ireland ,,Right-hand bat,Right-arm fast-medium,June 27  1976  Johnstown  Rathcoole  Co Dublin (aged 72 years 22 days) ,
Graham Kennedy,August 24  1999  Londonderry ,18 years 227 days,North West Warriors,,Left-hand bat,Left-arm medium,,
Jonathan Kennedy,date unknown ,,,,,,Umpire,
Stephen Kennedy,November 23  1995 ,22 years 136 days,Ireland Under-15s,,Right-hand bat,Right-arm offbreak,,
Eric Leslie Kidd,October 18  1889  Westminster  London  England ,,Ireland ,,Right-hand bat,Legbreak,Father - ,
Gary Edward Kidd,September 18  1985  Craigavon ,32 years 202 days,Ireland Under-19s,Bowler,Left-hand bat,Slow left-arm orthodox,,
James Andrew Kiernan,November 10  1931  Ireland ,,Ireland,,,,Brother - ,
Thomas Joseph Kiernan,January 7  1939  Cork  Ireland ,79 years 91 days,Munster,,Right-hand bat,,Brother - ,
William Robert King,December 16  1902  Clonlea  Kilkishen  Co Clare ,,Dublin University,,Left-hand bat,Slow left-arm orthodox,January 1987  Dublin (aged 84 years) ,
Alexander Kennedy Kirkpatrick,July 25  1938  Woodvale  Belfast ,79 years 257 days,Ireland,,Left-hand bat,Right-arm offbreak,,
Noel Hamilton Lambert,June 5  1910  Dublin ,,Ireland,,Right-hand bat,,Father - ,
Robert James Hamilton Lambert,July 18  1874  Rathmines  Dublin ,,Ireland ,,Right-hand bat,Right-arm offbreak,Brother - ,
Septimus Drummond Lambert,August 3  1876  Rathmines  Dublin ,,Ireland,,Right-hand bat,,Brother - ,
David Langford-Smith,December 7  1976  Sydney  New South Wales  Australia ,41 years 122 days,Ireland,,Right-hand bat,Right-arm fast-medium,,
Edward Noel Larmour,December 25  1916  Milltown  Belfast ,,Ireland,,Right-hand bat,,August 21  1999  Belfast (aged 82 years 239 days) ,
John Fortune Lawrence,September 9  1904  Dublin ,,Dublin University,,Right-hand bat,,August 13  1984  Eastbourne  Sussex  England (aged 79 years 339 days) ,
Theophilus Samuel Lawson,September 24  1988  Dublin ,29 years 196 days,Ireland Under-19s,,Right-hand bat,Legbreak,,
Grainne Leahy,date unknown ,,Ireland Women,,,,,
Denis Leng,November 26  1934  Pudsey  Yorkshire  England ,83 years 133 days,Ireland,,Right-hand bat,Right-arm fast-medium,,
Howard Guerin Le Peton,January 19  1895  Pwllheli  Caernarvonshire  Wales ,,Ireland,,Right-hand bat,,September 19  1981  The Park  Wisbech  Cambridgeshire  England (aged 86 years 243 days) ,
Craig Lewis,date unknown ,,Northern Knights,,,,,
David Alan Lewis,June 1  1964  Cork ,53 years 311 days,Ireland,,Right-hand bat,Right-arm medium,Father - ,
Gillian Lewis,March 6  1984  Dublin ,34 years 33 days,Ireland Women,,Right-hand bat,,Wicketkeeper,
Gaby Hollis Lewis,March 27  2001  Dublin  Ireland ,17 years 12 days,Ireland Women,,Right-hand bat,Legbreak,Grandfather - ,
Jennifer Elizabeth Lewis,February 9  1975  Dublin ,43 years 58 days,Ireland Women,,Right-hand bat,,,
Robyn Allana Lewis,July 21  1999  Dublin ,18 years 261 days,Ireland Women,,Right-hand bat,Slow left-arm orthodox,Grandfather - ,
William Ian Lewis,September 29  1935  Dublin ,,Ireland,,Right-hand bat,,Son - ,
Alphonsus James Linehan,April 20  1940  Dublin ,77 years 353 days,Ireland,,Right-hand bat,,,
Anne Margaret Linehan,October 7  1973  Downpatrick  Co Down ,44 years 183 days,Clontarf Women ,,Left-hand bat,Right-arm medium,Wicketkeeper,
Joshua Little,November 1  1999  Ireland ,18 years 158 days,Ireland ,,Right-hand bat,Left-arm fast,,
Louise Little,May 16  2003  Dublin ,14 years 327 days,Ireland Women,,Right-hand bat,Right-arm medium,,
Richard Averill Lloyd,August 4  1891  Tamnamore  Moy  Dungannon  Co Tyrone ,,Ireland ,,Right-hand bat,,December 23  1950  Belfast (aged 59 years 141 days) ,
Julie Logue,date unknown ,,Ireland Women,,,,,
William Gordon Ridley Loughery,November 1  1907  Belfast ,,Ireland,,Right-hand bat,,August 1  1977  Abbey Dore  Herefordshire  England (aged 69 years 273 days) ,
Peter Lunney,date unknown ,,,,,,Umpire,
Joseph E Lynch,date unknown ,,Ireland,,,,September 25  1915  Loos  France ,
George Edward Given Lyness,December 16  1937  Dunmurry  Belfast ,80 years 113 days,Ireland,,Right-hand bat,Right-arm offbreak,,
Gerry Lyons,May 15  1947  Dublin ,,,,,,Umpire,
Reginald William Lyons,July 12  1922  Dublin ,,Ireland,,Right-hand bat,,Wicketkeeper,
Sinead Lyons,March 5  1990  Dublin ,28 years 34 days,Ireland Under-21s Women ,,Right-hand bat,,,
Fintan Patrick McAllister,February 9  1987  Dublin  Ireland ,31 years 58 days,Ireland ,,Left-hand bat,,Wicketkeeper,
Scott McAlpine,date unknown ,,,,,,Umpire,
Louise Noreen McCarthy,October 18  1993  Dublin ,24 years 172 days,Ireland Under-17s Women ,,Right-hand bat,Right-arm medium,Brother - ,
Ryan MacBeth,date unknown ,,Ireland Under-15s ,,,,,
Alexander McBrine,September 16  1963  Omagh  Co Tyrone  Ireland ,54 years 204 days,Ireland,,Right-hand bat,Slow left-arm orthodox,Son - ,
Andrew Robert McBrine,April 30  1993  Northern Ireland ,24 years 343 days,Ireland ,Bowler,Left-hand bat,Right-arm offbreak,Father - ,
James McBrine,September 16  1963  Omagh  Co Tyrone ,54 years 204 days,Ireland,,Right-hand bat,Right-arm medium,Nephew - ,
Gillian McCall,date unknown ,,Ireland Women,,,,,
Hugh Conn McCall,March 29  1940  Holywood  Co Down  Ireland ,,Ireland,,Right-hand bat,Slow left-arm orthodox,June 7  2002  Bangor  Co Down   Ireland (aged 62 years 70 days) ,
Jimmy McCall,date unknown ,,,,,,Umpire,
William Kyle McCallan,August 27  1975  Carrickfergus  Co Antrim ,42 years 224 days,Ireland ,,Right-hand bat,Right-arm offbreak,,
William Charles Frederick MacCarthy-Morrogh,November 19  1870  Kerry  Ireland ,,Dublin University,,Left-hand bat,Slow left-arm orthodox,September 15  1939  Falmouth  Cornwall  England (aged 68 years 300 days) ,
Charles Edward McCausland,October 4  1898  Dublin ,,Ireland ,,Right-hand bat,Right-arm fast-medium,November 12  1965  Folkestone  Kent  England (aged 67 years 39 days) ,
Robert McClancy,date unknown ,,,,,,Umpire,
Thomas McCloy,August 31  1927  Lambeg  Co Antrim ,,Ireland,,Right-hand bat,Legbreak googly,January 13  2014 (aged 86 years 135 days) ,
Ross Andrew McCollum,January 11  1964  Belfast ,54 years 87 days,Ireland,,Right-hand bat,,,
Fiona Frances McCormack,November 8  1966  Wexford ,51 years 151 days,Leinster Women ,,Right-hand bat,,,
Adrian George Agustus Mathew McCoubrey,April 3  1980  Ballymena  Co Antrim ,38 years 5 days,Ireland ,,Right-hand bat,Right-arm fast-medium,,
Charles McCrum,December 8  1964  Belfast ,53 years 121 days,Ireland,,Right-hand bat,Right-arm medium,Brother - ,
Paul McCrum,August 11  1962  Waringstown  Co Armagh ,55 years 240 days,Ireland,,Right-hand bat,Right-arm fast-medium,Brother - ,
Richard WIlliam McDaid,November 3  1975  Londonderry ,42 years 156 days,Ireland ,,Right-hand bat,Right-arm medium,,
Niall Michael McDarby,September 5  1986  Dublin  Ireland ,31 years 215 days,Ireland Under-19s,,Right-hand bat,Right-arm fast-medium,,
Enda Anthony McDermott,December 1  1945  Dublin ,72 years 128 days,Ireland,,Left-hand bat,,,
Barbara Mary McDonald,May 28  1972  Waterford ,45 years 315 days,Ireland Women ,,Right-hand bat,Right-arm medium-fast,,
Carol McDonald,May 7  1981  Waterford ,36 years 336 days,Ireland Under-19s Women ,,Right-hand bat,Right-arm medium,,
James MacDonald,September 17  1906  Comber  Co Down ,,Ireland,,Left-hand bat,Slow left-arm orthodox,March 8  1969  Bangor  Co Down (aged 62 years 172 days) ,
Thomas John MacDonald,December 27  1908  Comber  Co Down ,,Ireland ,,Right-hand bat,Legbreak,March 23  1998  Middlesbrough  Yorkshire  England (aged 89 years 86 days) ,
Niall James McDonnell,October 12  1979  Strabane ,38 years 178 days,Ireland ,,Right-hand bat,,,
Samuel Wilfred McDonough,October 8  1899  Armagh ,,Ireland,,Right-hand bat,,Wicketkeeper,
Charlie Alexander McElwee,October 10  1950  Limavady ,67 years 180 days,,,,,Umpire,
Andrew McFarlane,June 21  1899  Sion Mills  Co Tyrone ,,Ireland,,Right-hand bat,Right-arm offbreak,June 14  1972  Londonderry (aged 72 years 359 days) ,
Robert Dwayne McGerrigle,March 12  1980  Londonderry ,38 years 27 days,Ireland ,,Right-hand bat,Right-arm medium,,
William Jordan McGonigle,October 28  1981  Londonderry ,36 years 162 days,Ireland,,Left-hand bat,Slow left-arm orthodox,,
Collette McGuiness,date unknown ,,Ireland Women,,,,,
Carole Michelle McGuire,July 6  1981  Dublin ,36 years 276 days,Ireland Under-19s Women ,,Right-hand bat,Right-arm offbreak,,
M McIlroy,date unknown ,,,,,,Umpire,
Gareth Ian McKee,May 27  1986  Belfast  Ireland ,31 years 316 days,Ireland Under-19s,,Right-hand bat,Right-arm medium-fast,,
William Alexander McKee,August 27  1923  Springfield  Belfast ,,Ireland,,Right-hand bat,Right-arm fast-medium,September 1986 (aged 63 years) ,
James Moorhead McKelvey,April 2  1933  Belfast ,85 years 6 days,Ireland,,Left-hand bat,,,
Gavin Michael McKenna,February 11  1988  Newtownards  Co Down ,30 years 56 days,Ireland Under-19s,,Right-hand bat,Left-arm medium,,
Kate McKenna,September 27  1989  Dublin ,28 years 193 days,Ireland Women,,Right-hand bat,Right-arm medium,,
David Gordon Robinson McKibbin,June 16  1912  Comber  Co Down ,,Ireland,,Right-hand bat,Legbreak,June 14  1991  Comber  Co Down (aged 78 years 363 days) ,
Sophie MacMahon,January 29  1997  Dublin ,21 years 69 days,Ireland Women,,Right-hand bat,Right-arm medium,,
William John Alexander McMahon,July 13  1894  Richhill  Co Armagh ,,Dublin University,,,,December 24  1974  Galway (aged 80 years 164 days) ,
Alfred McMurray,November 4  1914  Belfast ,,Ireland,,Right-hand bat,,June 30  1988  Belfast (aged 73 years 239 days) ,
N F McNamara,date unknown ,,Ireland,,,,,
Archibald Lynn McQuilken,September 30  1933  Muckamore  Co Antrim ,,Ireland,,Right-hand bat,Legbreak googly,October 16  1983  Belfast (aged 50 years 16 days) ,
Stan McCready,date unknown ,,,,,,Umpire,
Trevor George Brooke McVeagh,September 14  1906  Drewstown  Athboy  Co Meath ,,Ireland ,,Left-hand bat,,June 5  1968  Dublin (aged 61 years 265 days) ,
Jordan Magee,January 10  1994 ,24 years 88 days,Ireland Under-13s ,,,,,
Jamie Magee,June 16  1995 ,22 years 296 days,Ireland Under-15s,,,,,
James Mary Magee,September 4  1872  Rathmines  Dublin ,,Ireland,,Right-hand bat,,January 18  1949  Greystones  Co Wicklow (aged 76 years 136 days) ,
Trevor C Magee,January 15  1951  Portadown ,67 years 83 days,,,,,Umpire,
Jamie Magowan,date unknown ,,Northern Knights,,,,,
Noel Cameron Mahony,January 15  1913  Fermoy  Co Cork ,,Ireland,,Right-hand bat,,Kings' Hospital School  Dublin; Trinity College,
Lara Maritz,January 7  2001 ,17 years 91 days,Ireland A Women ,,Right-hand bat,Right-arm medium,,
Alfred Edwin Marks,May 15  1924  Knock  Belfast ,,Ireland,,Right-hand bat,,Wicketkeeper,
Herbert Martin,May 4  1927  Lisburn  Co Antrim ,,Ireland,,Right-hand bat,,Brother - ,
Thomas Martin,January 15  1911  Lisburn  Co Antrim ,,Ireland,,Right-hand bat,Right-arm fast-medium,Brother - ,
John Matchett,date unknown ,,Northern Knights,,,,,
Patrick Arthur Maxwell,July 10  1869  Dublin ,,Dublin University,,,,1903  Kalgoorlie  Western Australia  Australia (aged 33 years) ,
Hugo Mays,December 12  1992  Ireland ,25 years 117 days,Ireland Under-13s ,,,,,
Connie G McAllister,date unknown ,,,,,,Umpire,
Rory Desmond McCann,January 11  1985  Belfast ,33 years 87 days,Ireland ,Wicketkeeper,Right-hand bat,,Wicketkeeper,
Noel McCarey,August 22  1954  Belfast ,63 years 229 days,,,,,Umpire,
Graeme John McCarter,October 10  1992  Londonderry  Northern Ireland ,25 years 180 days,Ireland ,Bowler,Right-hand bat,Right-arm medium,,
Barry John McCarthy,September 13  1992 ,25 years 207 days,Durham ,Bowler,Right-hand bat,Right-arm medium,Sister - ,
Gary McClintock,January 1  1997 ,21 years 97 days,Ireland Under-15s ,,Right-hand bat,Right-arm medium-fast,Brother - ,
William McClintock,January 1  1997  Ireland ,21 years 97 days,Ireland Under-19s,,Right-hand bat,Right-arm medium,Brother - ,
Jordan Robert James McClurkin,February 14  1994 ,24 years 53 days,,,,,,
James Alexander McCollum,August 1  1995 ,22 years 250 days,Durham MCCU ,,Right-hand bat,Right-arm medium,Methodist College Belfast,
Graeme McCrea,date unknown ,,,,,,Umpire,
Jareth McCready,date unknown ,,,,,,Umpire,
Adam McDaid,date unknown ,,Ireland Under-17s,,,,,
Graham Felix McDonnell,October 20  1990  Ireland ,27 years 170 days,Ireland Under-13s ,,Right-hand bat,Right-arm medium,,
Hugh McDonnell,December 9  1992  Ireland ,25 years 120 days,Ireland Under-13s ,,Right-hand bat,Left-arm medium,,
Jim McGeehan,date unknown ,,,,,,Umpire,
Calum A McGregor,April 5  1995 ,23 years 3 days,Ireland Under-15s,,,,,
George Kenneth Robert McKinley,November 3  1993  Ireland ,24 years 156 days,Ireland Under-13s ,,Right-hand bat,Right-arm medium,,
Joanne McKinley,January 1  1988  Larne ,30 years 97 days,Ireland Women,,Right-hand bat,Right-arm medium,,
Wylie McKinty,date unknown ,,,,,,Umpire,
Cormac McLoughlin,date unknown ,,Ireland Under-15s ,,,,,
Christopher PE McMorran,December 19  1994 ,23 years 110 days,Ireland Under-15s,,,,,
George Edward Pugin Meldon,September 12  1875  Dublin ,,Dublin University,,Right-hand bat,,July 2  1950  Dublin (aged 74 years 293 days) ,
George James Meldon,January 18  1885  Dublin ,,Ireland,,Right-hand bat,,November 27  1951  Stourbridge  Worcestershire  England (aged 66 years 313 days) ,
John Michael Meldon,September 29  1869  Dublin ,,Ireland,,Right-hand bat,Right-arm bowler,December 12  1954  Tunbridge Wells  Kent  England (aged 85 years 74 days) ,
Louis Albert Meldon,October 10  1886  Dublin ,,Ireland,,Right-hand bat,Right-arm medium,February 21  1956  Ranelagh  Co Dublin (aged 69 years 134 days) ,
William Waltrude Meldon,April 9  1879  Dublin ,,Ireland ,,Right-hand bat,Right-arm fast-medium,May 23  1957  Putney Heath  London  England (aged 78 years 44 days) ,
Charles William Mellon,February 9  1915  Dublin ,,Ireland,,Right-hand bat,Right-arm medium,November 16  1991  Dublin (aged 76 years 280 days) ,
Ciara Johanna Metcalfe,September 29  1979  Dublin ,38 years 191 days,Ireland Women ,,Left-hand bat,Legbreak,,
Vivian Alderson Metcalfe,March 5  1906  Saltburn  Yorkshire  England ,,Ireland ,,Right-hand bat,,December 28  1967  Addlestone  Surrey  England (aged 61 years 298 days) ,
Samuel Henry Windrush Middleton,September 27  1901  Greystones  Co Wicklow ,,Dublin University,,Right-hand bat,Right-arm offbreak,January 6  1949  Dublin (aged 47 years 101 days) ,
Desmond Milne,date unknown ,,Ireland,,,,Umpire,
Jamie Millar,April 3  1996 ,22 years 5 days,Ireland Under-15s,,Right-hand bat,Right-arm medium,,
Robert Brian Millar,April 22  1966  Belfast ,51 years 351 days,Ireland,,Right-hand bat,,Wicketkeeper,
Frank Joseph Miller,October 2  1916  Cork ,,Ireland,,Right-hand bat,,Wicketkeeper,
Jason Milligan,February 7  1989  Londonderry ,29 years 60 days,,,Right-hand bat,Legbreak,,
David Alexander Hyndman Milling,October 8  1872  Comber  Co Down ,,Ireland,,Right-hand bat,,Wicketkeeper,
Hugh Milling,September 4  1962  Carrickfergus  Co Antrim ,,Ireland,,Right-hand bat,Right-arm fast-medium,February 18  2003  Austria (aged 40 years 167 days) ,
James Mitchell,October 3  1996  Ireland ,21 years 187 days,Ireland Under-19s,,Right-hand bat,Right-arm medium,,
James Stanley Lyons Mitchell,October 19  1946  Cullion  Dunamanagh  Co Tyrone ,71 years 171 days,Ireland,,Left-hand bat,,,
Raymond Moan,January 12  1951  Carrigullen  Strabane  Co Tyrone ,67 years 86 days,Ireland,,Left-hand bat,Right-arm offbreak,,
Gregory Lee Molins,March 19  1976  Dublin ,42 years 20 days,Ireland ,,Right-hand bat,Slow left-arm orthodox,,
Jason Adam Max Molins,December 4  1974  Dublin ,43 years 125 days,Ireland ,,Right-hand bat,,,
Lara Deborah Molins,March 28  1980  Dublin ,38 years 11 days,Ireland Women ,,Right-hand bat,Right-arm medium,,
Rodney B Molins,date unknown ,,,,,,Umpire,
James Dermott Monteith,June 2  1943  Lisburn  Co Antrim ,,Ireland ,,Right-hand bat,Slow left-arm orthodox,Monty,
Philip A Moon,April 6  1992  Enniskillen  Ireland ,26 years 2 days,Ireland Under-15s,,,,Wicketkeeper,
John Francis Mooney,February 10  1982  Dublin ,36 years 57 days,Ireland,Allrounder,Left-hand bat,Right-arm medium,Brother - ,
Paul John Kevin Mooney,October 15  1976  Dublin ,41 years 175 days,Ireland ,,Right-hand bat,Right-arm medium,Brother - ,
William McCartan Joseph Mooney,October 5  1890  Blanchardstown  Co Dublin ,,Ireland,,Right-hand bat,,September 11  1967  Dublin (aged 76 years 341 days) ,
Declan Martin Patrick Moore,July 5  1975  Dublin ,42 years 277 days,Ireland,,Right-hand bat,Right-arm medium,,
Edward Robert Moore,March 2  1970  Dublin ,48 years 37 days,Ireland,,Right-hand bat,Left-arm fast-medium,,
Mary-Pat Moore,April 24  1961  Dublin ,56 years 349 days,Ireland Women,,Right-hand bat,Right-arm slow,Occasional wicketkeeper,
Paul David Moore,June 10  1961  Bangor  Co Down  Ireland ,56 years 302 days,Ireland,,Right-hand bat,,Wicketkeeper,
Robert William Moore,August 15  1905  Brooklands  United States of America ,,Ireland,,Right-hand bat,Slow left-arm orthodox,October 27  1945  Sudden  Rochdale  Lancashire  England (aged 40 years 73 days) ,
Sid Moore,date unknown ,,,,,,Umpire,
Sean Moore,date unknown ,,,,,,Umpire,
Curtis Moorehead,date unknown ,,Northern Knights,,,,,
Stephen John Patrick Moreton,September 9  1984  Birmingham ,33 years 211 days,Oxford MCCU,,Right-hand bat,Legbreak,Coach,
Henry Randolph Morgan,July 6  1907  Ballynafeigh  Belfast ,,Ireland,,Right-hand bat,Right-arm fast-medium,August 9  1987  Belfast (aged 80 years 34 days) ,
Laura Maureen Morgan,December 18  1978 ,39 years 111 days,Ireland Women,,,,,
George Charles Morrison,June 27  1915  Downpatrick  Co Down ,,Ireland,,Right-hand bat,,October 11  1993  Stranmillis  Belfast (aged 78 years 106 days) ,
George Alexander Morrow,August 11  1877  Nenagh  Co Tipperary ,,Ireland,,Right-hand bat,,November 15  1914  Ranelagh  Dublin (aged 37 years 96 days) ,
Mudassar Aziz,date unknown ,,Munster Reds,,,,,
Muhammad Sadique,February 4  1983  Lahore ,35 years 63 days,Munster Reds,,Right-hand bat,Slow left-arm orthodox,,
Jacob Mulder,August 11  1995  Perth ,22 years 240 days,Ireland ,Bowler,Right-hand bat,Legbreak,,
Henry George Hill Mulholland,December 20  1888  Ballyscunion Park  Bellaghy  Co Londonderry ,,Ireland ,,Right-hand bat,Right-arm slow,March 5  1971  Bellaghy  Co Londonderry (aged 82 years 75 days) ,
Catherine Louise Murphy,September 26  1983  Johannesburg  Transvaal  South Africa ,34 years 194 days,Ireland Women,,Right-hand bat,Right-arm medium,,
Desmond James Murphy,July 6  1896  Armagh ,,Ireland,,Right-hand bat,Legbreak googly,January 30  1982  Cabinteely  Co Dublin (aged 85 years 208 days) ,
Gerald Frank Murphy,April 5  1945  Dublin ,73 years 3 days,Ireland,,Right-hand bat,,Wicketkeeper,
Patrick Murphy,date unknown ,,Ireland,,Right-hand bat,Right-arm medium,circa 1935  Dublin ,
Sam Murphy,date unknown ,,Ireland Under-19s,,,,,
Tomás William Rooney Murphy,October 22  1992  Drogheda  Co. Louth ,25 years 168 days,Leprechauns Cricket Club,,Right-hand bat,Right-arm medium,,
Anne Bernadette Murray,May 4  1961  Dublin ,56 years 339 days,Ireland Women,,Right-hand bat,,Occasional wicketkeeper,
Cara Murray,date unknown ,,Ireland Women,,,,,
Timothy James Murtagh,August 2  1981  Lambeth  London ,36 years 249 days,Ireland ,Bowler,Left-hand bat,Right-arm fast-medium,Uncle - ,
William Henry Napper,November 5  1880  Co Wexford ,,Ireland,,,Slow left-arm orthodox,August 1967  Ganges Harbour  Salt Spring Island  British Columbia  Canada (aged 86 years) ,
Gary Jason Neely,November 28  1974  Londonderry ,43 years 131 days,Ireland,,Right-hand bat,Right-arm medium-fast,,
Aidan Neill,date unknown ,,Ireland Under-19s,,,,,
Alan James Neill,June 10  1956  Downpatrick  Co Down  Northern Ireland ,61 years 302 days,,,,,Umpire,
Alan Norris Nelson,November 22  1965  Banbridge  Co Down ,52 years 137 days,Ireland,,Right-hand bat,Right-arm fast-medium,Brother - ,
Lee Trevor Nelson,December 5  1990  Belfast ,27 years 124 days,Ireland XI ,,Right-hand bat,Right-arm offbreak,Father - ,
Noel Nelson,April 13  1967  Banbridge  Co Down ,50 years 360 days,Ireland,,Right-hand bat,Right-arm medium,Uncle - ,
Max Neville,April 29  2000  Dublin ,17 years 344 days,Munster Reds,,Right-hand bat,Right-arm fast,,
Patrick Augustine Neville,June 22  1920  Donabate  Co Dublin ,,Ireland,,Right-hand bat,,November 16  1977  Dublin (aged 57 years 147 days) ,
Thomas Newburn,August 10  1918  Belfast ,,Ireland,,,Right-arm fast-medium,July 26  2003  Whiteabbey Hospital  Belfast (aged 84 years 350 days) ,
Darren R Nicol,September 8  1994 ,23 years 212 days,Ireland Under-15s,,,,,
Elaine Mary Hannah Nolan,May 5  1981  Dublin ,36 years 338 days,Ireland Women,,Right-hand bat,Right-arm medium,,
Mark Alexander Fabian Nulty,October 9  1967  Dublin ,50 years 181 days,Ireland,,Right-hand bat,,,
Ronnie O'Reilly,date unknown ,,,,,,Umpire,
Alex O'Brien,date unknown ,,Ireland A,,,,,
Alison Ruth O'Brien,April 29  1968  Dublin ,49 years 344 days,South Leinster Women ,,Right-hand bat,,Wicketkeeper,
Brendan Anthony O'Brien,September 2  1942  Galway ,75 years 218 days,Ireland,,Right-hand bat,,Son - ,
Ciara Mary O'Brien,April 17  1979  Dublin ,38 years 356 days,Ireland Under-19s Women ,,Right-hand bat,Right-arm medium,Father - ,
Donough O'Brien,August 29  1879  Holyhead  Anglesey  Wales ,,Ireland ,,Right-hand bat,,Uncle - ,
Gerard Peter O'Brien,November 12  1942  Dublin ,75 years 147 days,Ireland,,Right-hand bat,,,
John George O'Brien,January 10  1866  Dublin ,,Ireland,,,,Brother - ,
Kevin Joseph O'Brien,March 4  1984  Dublin  Ireland ,34 years 35 days,Ireland ,Allrounder,Right-hand bat,Right-arm medium-fast,Father - ,
Niall John O'Brien,November 8  1981  Dublin ,36 years 151 days,Ireland ,Wicketkeeper batsman,Left-hand bat,,Father - ,
Robin O'Brien,November 20  1932  Shillong  Assam  India ,,Ireland ,,Right-hand bat,Right-arm offbreak,August 26  1959  Birchwood Farm  Biddenden  Kent  England (aged 26 years 279 days) ,
Paget Terence O'Brien-Butler,August 1  1911  Vanowrie  India ,,Ireland,,,,June 22  1952  Ballynure  Co Wicklow (aged 40 years 326 days) ,
Stephen Ogilby,April 15  1976  Strabane  Co Tyrone ,41 years 358 days,Ireland ,,Right-hand bat,,Wicketkeeper,
Patrick Lamont O'Hara,July 20  1938  Belfast ,79 years 262 days,,,,,Umpire,
Patrick Lamont O'Hara,July 20  1938  Belfast ,79 years 262 days,,,,,Umpire,
Clare Mary O'Leary,June 2  1967  Dublin ,50 years 310 days,Ireland Women ,,Right-hand bat,,,
David Mark Olphert,January 10  1969  Londonderry ,49 years 88 days,Ireland,,Right-hand bat,Left-arm medium,,
Simon Olphert,date unknown ,,Ireland Under-15s,,,,Wicketkeeper,
Ciaran O'Maille,June 14  1925  Dublin ,,Ireland,,Right-hand bat,,March 4  1977  Dublin (aged 51 years 263 days) ,
Joseph Anthony O'Meara,June 24  1943  Dublin ,,Ireland,,Right-hand bat,Right-arm offbreak,May 4  2001  Ireland (aged 57 years 314 days) ,
Catherine O'Neill,June 28  1970  Hamilton  Waikato  New Zealand ,47 years 284 days,Ireland Women ,,Right-hand bat,Right-arm offbreak,,
W Gerry O'Neill,date unknown ,,,,,,Umpire,
Alan O'Prey,date unknown ,,Ireland Under-19s,,Left-hand bat,Right-arm medium,,
Lucy Katherine O'Reilly,November 9  1999  Dublin ,18 years 150 days,Ireland Women,,Right-hand bat,Right-arm medium,Father - ,
Peter Mark O'Reilly,July 23  1964  Dublin ,53 years 259 days,Ireland,,Right-hand bat,Right-arm fast,Daughter - ,
Ronnie O'Reilly,date unknown ,,,,,,Umpire,
Alec John O'Riordan,July 26  1940  Rathmines  Dublin ,77 years 256 days,Ireland,,Right-hand bat,Left-arm fast-medium,,
Ken Orme,date unknown ,,,,,,Umpire,
Ger O’Sullivan,date unknown ,,,,,,Umpire,
Elizabeth Owens,January 2  1963  Dublin ,55 years 96 days,Ireland Women,,Right-hand bat,Right-arm medium-fast,Sister - ,
Stella Anne Owens,May 26  1966  Dublin ,51 years 317 days,Ireland Women,,Right-hand bat,Right-arm fast,Sister - ,
Raj Padmanaban,October 16  1962  Coonoor  Tamil Nadu ,55 years 174 days,,,,,Umpire,
Paddy Park,October 2  1995 ,22 years 188 days,Ireland Under-15s,Wicketkeeper,Right-hand bat,,,
Cyril Brien Dennis Parker,May 6  1897  Rathgar  Dublin ,,Dublin University,,Right-hand bat,,December 21  1962  Blackrock  Dublin (aged 65 years 229 days) ,
Nigel Parnell,date unknown ,,,,,,Umpire,
Matthew Croose Parry,December 11  1885  Birley  Herefordshire  England ,,Ireland ,,Right-hand bat,Right-arm medium,February 5  1931  Carrigrohane  Co Cork (aged 45 years 56 days) ,
Andrew David Patterson,September 4  1975  Belfast ,42 years 216 days,Ireland ,,Right-hand bat,,Wicketkeeper,
Mark William Patterson,February 2  1974  Belfast ,44 years 65 days,Ireland ,,Right-hand bat,Right-arm fast-medium,,
Thomas James Taylor Patterson,December 25  1959  Downpatrick  Co Down  Ireland ,58 years 104 days,Ireland,,Left-hand bat,Left-arm medium,,
Leah Paul,September 10  1999  Dublin ,18 years 210 days,Ireland A Women,,Left-hand bat,Left-arm medium,,
Joseph Reginald Hyde Peacocke,March 23  1904  Dublin ,,Ireland ,,Right-hand bat,,December 1961  Umtali (now Mutare)  Mashonaland  Rhodesia (aged 57 years) ,
William Cecil Pemberton,November 15  1898  Dublin ,,Ireland,,Right-hand bat,Left-arm fast-medium,December 25  1978  Dublin (aged 80 years 40 days) ,
David Chalmers Pickeman,May 8  1893  Donnybrook  Dublin ,,Ireland,,Right-hand bat,Legbreak,June 1945  Ireland (aged 52 years) ,
David Richard Pigot,January 14  1900  Dublin ,,Ireland ,,Right-hand bat,Right-arm fast-medium,Brother - ,
James Poole Maunsell Pigot,January 31  1901  Dublin ,,Dublin University ,,Right-hand bat,Legbreak googly,Brother - ,
David Richard Pigot,July 18  1929  Dublin ,,Ireland,,Right-hand bat,,Father - ,
Kathryn Anne Poland,May 21  1976  Craigavan ,41 years 322 days,Ireland Women,,Right-hand bat,Right-arm slow,,
John Stuart Pollock,June 5  1920  Ballynafeigh  Belfast ,97 years 307 days,Ireland,,Right-hand bat,Right-arm offbreak,Father - ,
William Pollock,August 28  1886  Holywood  Co Down ,,Ireland,,Right-hand bat,Right-arm fast,Son - ,
Andrew Marshall Porter,January 6  1874  Donnycarney House  Dublin ,,Dublin University,,Right-hand bat,,Wicketkeeper,
William Thomas Stuart Porterfield,September 6  1984  Londonderry ,33 years 214 days,Ireland ,Opening batsman,Left-hand bat,Right-arm offbreak,,
Charles Edward Posnett,May 29  1914  Woodvale  Belfast ,103 years 314 days,Ireland,,Right-hand bat,,,
Richard Wood Power,February 2  1896  Dublin ,,Ireland,,Right-hand bat,,Wicketkeeper,
Andrew David Poynter,April 25  1987  Hammersmith  London ,30 years 348 days,Ireland ,Batsman,Right-hand bat,Right-arm offbreak,Uncle - ,
Stuart William Poynter,October 18  1990  Hammersmith  London ,27 years 172 days,Ireland ,Wicketkeeper batsman,Right-hand bat,,Uncle - ,
Davina Margaret Pratt,date unknown ,,Ireland Women,,,,,
Donald Montague McVeagh Pratt,July 9  1935  Dublin ,82 years 273 days,Ireland,,Left-hand bat,,,
Nicolaas Pretorius,August 8  1989  Pretoria ,28 years 243 days,Munster Reds,,Right-hand bat,,,
John Andrew Prior,June 14  1960  Dublin ,57 years 298 days,Ireland,,Right-hand bat,Right-arm medium,,
John Pryor,May 13  1984  Dublin ,33 years 330 days,Ireland Under-19s,,Left-hand bat,Right-arm offbreak,,
Bernard Gerald Quinlan,circa 1885  Perth  Western Australia  Australia ,,Ireland,,Right-hand bat,Legbreak googly,circa 1950  Perth  Western Australia  Australia ,
