Emily Jinjika,December 3  1985  Harare ,32 years 126 days,Zimbabwe Women,,Right-hand bat,Right-arm medium-fast,,
John Bernard Cowper Johnson,February 14  1914  Bloemfontein  Orange Free State  South Africa ,,Rhodesia ,,Right-hand bat,Right-arm medium,JB Cowper-Johnson,
Neil Clarkson Johnson,January 24  1970  Salisbury (now Harare) ,48 years 74 days,Ireland ,,Left-hand bat,Right-arm fast-medium,Howick HS; Kingswood College  UPE,
Peter Edward Johnson,August 20  1927  Kadoma  Mashonaland ,,Rhodesia,,Left-hand bat,Slow left-arm orthodox,June 9  1996  Harare (aged 68 years 294 days) ,
John Gareth Jones,May 21  1951  Salisbury (now Harare) ,66 years 322 days,Rhodesia,,Right-hand bat,Right-arm medium,,
Luke Mafuwa Jongwe,February 6  1995  Harare ,23 years 61 days,Zimbabwe ,Bowler,Right-hand bat,Right-arm fast-medium,,
Cedric Brian Jonker,August 16  1951  Bulawayo ,66 years 235 days,Rhodesia ,,Right-hand bat,Right-arm medium-fast,,
James William Jordan,November 8  1972  Stourbridge  Worcestershire  England ,45 years 151 days,Matabeleland,,Right-hand bat,Right-arm medium-fast,,
Colin Anderson Joseph,August 3  1971  St John's  Antigua ,46 years 248 days,Mashonaland Under-24s,,Right-hand bat,Right-arm fast-medium,,
Blessing Juspen,October 14  1989  Kadoma ,28 years 176 days,Centrals,,Right-hand bat,Right-arm medium-fast,,
Philmon Kadziche,March 2  1988  Harare ,30 years 37 days,Easterns (Zimbabwe) ,,Left-hand bat,Left-arm medium,,
Anesu Kafesu,April 28  1976  Harare ,41 years 345 days,,,,,,
Tanyaradzwa Kagumba,date unknown ,,Takashinga Patriots 2,,,,,
Tanyaradzwa Kagumba,September 7  1994  Harare ,23 years 213 days,Mountaineers,,Right-hand bat,Right-arm medium-fast,,
Knowledge Kaia,March 7  1990  Harare ,28 years 32 days,Southern Rocks,,Right-hand bat,Legbreak,Brother - ,
Innocent Kaia,August 10  1992  Harare ,25 years 241 days,Mountaineers ,,Right-hand bat,Legbreak,Brother - ,
Roy Kaia,October 10  1991  Chegutu ,26 years 180 days,Zimbabwe ,Middle-order batsman,Right-hand bat,Right-arm offbreak,Brother - ,
Takudzwanashe Kaitano,June 15  1993  Kadoma ,24 years 297 days,Mid West Rhinos B,,Right-hand bat,Right-arm offbreak,,
D Kalan,date unknown ,,Zimbabwe,,,,Umpire,
Tina Chipo Kamchetsa,October 8  1984  Zimbabwe ,33 years 182 days,Zimbabwe Women,,,,,
Cham Kamuna,date unknown ,,Mountaineers B,,,,,
Tafadzwa Paul Kamungozi,June 8  1987  Harare ,30 years 304 days,Zimbabwe ,Allrounder,Right-hand bat,Legbreak,Faffie,
Tinashe Stephen Kamunhukamwe,July 10  1995  Chitungwiza ,22 years 272 days,Mountaineers ,,Right-hand bat,Right-arm offbreak,,
Kevin Kandala,June 13  1992  Kwekwe ,25 years 299 days,Matabeleland Tuskers,,Right-hand bat,Right-arm medium,,
Kantilal Kanjee,April 22  1944  Salisbury (now Harare) ,,,,,,Umpire,
Romeo Tatenda Kasawaya,January 16  1985  Bulawayo ,33 years 82 days,Matabeleland ,,Right-hand bat,Legbreak,,
Richard Herbert Kaschula,November 9  1946  Gwelo (now Gweru)  Midlands ,71 years 150 days,Rhodesia ,,Right-hand bat,Slow left-arm orthodox,Administrator,
Friday Kasteni,March 25  1988  Kadoma ,30 years 14 days,Zimbabwe ,Batsman,Left-hand bat,Left-arm slow,,
Kevin Tatenda Kasuza,June 20  1993  Mutare ,24 years 292 days,Mountaineers ,,Right-hand bat,Right-arm offbreak,Wicketkeeper,
Benjamin Katsande,June 7  1985  Harare ,32 years 305 days,Mountaineers,Wicketkeeper,Right-hand bat,,Wicketkeeper,
Kudakwashe Percy Katyora,date unknown ,,Eastern Lions,,,,,
Prince Kaunda,February 24  1999  Bulawayo ,19 years 43 days,Zimbabwe Under-19s,,,,,
Rodney Thomas Keast,January 10  1937  Nkana  Northern Rhodesia ,81 years 88 days,Rhodesia,,Right-hand bat,Right-arm medium,,
Adam Keefe,May 3  1997 ,20 years 340 days,Zimbabwe Under-19s,,Right-hand bat,Right-arm medium,,
Clive Burton Kemp,May 7  1935  Springs  Transvaal  South Africa ,82 years 336 days,Rhodesia,,Right-hand bat,Legbreak,,
Robert Day Kennedy,August 14  1925  Bulawayo ,,Rhodesia,,Right-hand bat,Right-arm fast-medium,May 8  1979  Bulawayo (aged 53 years 267 days) ,
Damian John Kenny,May 16  1967  Salisbury (now Harare) ,50 years 327 days,Mashonaland,,Right-hand bat,Right-arm offbreak,,
Mecury Kenny,November 28  1979  Bulawayo ,38 years 131 days,Matabeleland,,Right-hand bat,Right-arm offbreak,,
Saif Mohammad Khan,December 11  1975  Peshawar  Pakistan ,42 years 118 days,Mashonaland,,Right-hand bat,Right-arm fast-medium,,
Gary King,May 26  1996 ,21 years 317 days,Zimbabwe Under-17s,,Right-hand bat,Right-arm medium-fast,St. Johns,
Richard Heathcote King,November 23  1979  Harare ,38 years 136 days,,,Right-hand bat,Right-arm offbreak,Umpire,
Ryan Jason King,March 6  1979  Que Que (now Kwekwe)  Midlands ,39 years 33 days,Matabeleland ,,Right-hand bat,Right-arm offbreak,,
Christiaan Boyce Kok,October 2  1971  Gatooma (now Kadoma)  Mashonaland ,46 years 188 days,Young Mashonaland,,Right-hand bat,,Wicketkeeper,
Steyn Kombayi,April 26  1965  Chirimhanzu ,52 years 347 days,,,,,Referee,
Keith Ransberg Kondo,May 11  1988  Harare ,29 years 332 days,Mashonaland ,,Right-hand bat,Right-arm medium,,
Susan Kudzibatira,September 30  1985  Zimbabwe ,32 years 190 days,Zimbabwe Women,,,,,
Adiel Kugotsi,October 3  1984  Umtali (now Mutare)  Manicaland ,33 years 187 days,Manicaland,,Right-hand bat,Right-arm medium-fast,,
Dakarai Kuhlengisa,May 20  1982  Harare ,35 years 323 days,,,,,Referee,
Tapiwa Kuhkengisa,June 28  1988 ,29 years 284 days,Mashonaland,,Right-hand bat,Right-arm fast,,
Sean Anthony Kuhn,December 18  1959  Bulawayo ,58 years 111 days,Rhodesia ,,Right-hand bat,,Wicketkeeper,
Keith Kulinga,April 14  1979  Harare ,38 years 359 days,Mashonaland ,,Right-hand bat,Right-arm offbreak,,
Charles Kunje,May 27  1994  Harare ,23 years 316 days,Bulawayo Metropolitan ,,Right-hand bat,Right-arm offbreak,,
Simbarashe Kusano,May 21  1985  Harare ,32 years 322 days,Matabeleland,,Right-hand bat,Right-arm medium,,
Roy Kwari,June 9  1969  Chegutu ,48 years 303 days,,,,,Umpire,
Charles Kwinje,May 27  1994  Harare ,23 years 316 days,Zimbabwe Under-19s,,Right-hand bat,Right-arm offbreak,,
Mohammad Sad Khan,February 14  1982  Faisalabad  Punjab  Pakistan ,36 years 53 days,Northerns (Zimbabwe),,Left-hand bat,Right-arm medium,Wicketkeeper,
David Blair Lake,December 22  1959  Kadoma  Mashonaland ,58 years 107 days,Zimbabwe,,Right-hand bat,Right-arm medium,,
Malcolm Blair Lake,August 3  1994  Harare ,23 years 248 days,Oxford MCCU ,,Left-hand bat,Right-arm medium,,
Gregory Arthur Lamb,March 4  1981  Harare ,37 years 35 days,Zimbabwe ,Allrounder,Right-hand bat,Right-arm offbreak,Lomagundi College  Guildford College (both Zimbabwe),
Daniel Brendon Landman,July 3  1989  Harare ,28 years 279 days,Zimbabwe Under-19s,,Right-hand bat,Right-arm fast-medium,,
Edward Lang,circa 1895 ,,Rhodesia,,Right-hand bat,,circa 1955 ,
G Langlois,date unknown ,,Zimbabwe Country Districts,,,,,
Patrick Retief Latham,June 10  1926  Morogoro  Tanzania ,91 years 302 days,,,,,Umpire,
Errol Thomas Laughlin,April 29  1947  Durban  Natal  South Africa ,,Rhodesia ,,Right-hand bat,Right-arm medium  Right-arm offbreak,April 22  1986  King William's Town  Cape Province  South Africa (aged 38 years 358 days) ,
Stephen Paul Lawson,December 17  1968  Umtali (now Mutare)  Manicaland ,49 years 112 days,Manicaland,,Right-hand bat,Right-arm offbreak,,
D Leath,date unknown ,,,,,,Umpire,
Desmond Gerard Towerlerton Leather,August 23  1929  Louis Trichardt  Transvaal  South Africa ,,Rhodesia,,Right-hand bat,Right-arm medium,May 19  2006  near Hillcrest  KwaZulu-Natal  South Africa (aged 76 years 269 days) ,
John Michael Lee,October 19  1935  Tolworth  Surrey  England ,,Rhodesia ,,Right-hand bat,Right-arm medium,September 12  2012  Onrus  Cape Town (aged 76 years 329 days) ,
John Meyer Leibbrandt,March 14  1920  Johannesburg  Transvaal  South Africa ,98 years 25 days,Rhodesia ,,Right-hand bat,Right-arm medium,,
Darryl Wayne Leith,October 6  1955  Bulawayo  Zimbabwe ,62 years 184 days,Zimbabwe,,,,Umpire,
David John Lewis,July 27  1927  Bulawayo ,,Rhodesia ,,Right-hand bat,Right-arm offbreak,Cape Town University; Oxford University,
Justin Morley Lewis,December 30  1982  Redcliffe  Midlands ,35 years 99 days,Manicaland ,,Right-hand bat,Left-arm medium,,
Geoff Liddiard,date unknown ,,Zimbabwe Select XI,,,,,
Campbell Richard Light,September 13  1993  Harare ,24 years 207 days,Zimbabwe Under-19s,,Left-hand bat,Right-arm fast-medium,,
Andrew Lindsay,May 5  1991  Harare ,26 years 338 days,Zimbabwe Under-19s,,Right-hand bat,Right-arm medium,,
Michael Gerald Linnell,January 13  1876  Reigate  Surrey  England ,,Rhodesia ,,Right-hand bat,Right-arm medium-fast,Wicketkeeper,
Alan Charles Ingram Lock,September 10  1962  Marandellas (now Marondera)  Mashonaland ,55 years 210 days,Zimbabwe ,Bowler,Right-hand bat,Right-arm fast-medium,,
Richard Lock,January 2  1997 ,21 years 96 days,Zimbabwe Under-17s,,Left-hand bat,Right-arm offbreak,,
S Long,date unknown ,,,,,,Umpire,
Nevar Lundu,date unknown ,,Mashonaland Eagles B,,,,,
Travis Lunga,date unknown ,,Inkatha,,,,,
T Machawaya,date unknown ,,Rising Stars,,,,,
Mbekezeli Mark Mabuza,January 6  1985  Bulawayo ,33 years 92 days,Matabeleland ,,Right-hand bat,Right-arm medium  Right-arm offbreak,Wicketkeeper,
Bruce James McBride,June 9  1926  Durban  Natal  South Africa ,91 years 303 days,Rhodesia ,,Right-hand bat,Right-arm fast-medium,,
Allen John McCallum,May 10  1952  Krugersdorp  Transvaal  South Africa ,65 years 333 days,Rhodesia ,,Left-hand bat,Slow left-arm orthodox,,
Bradley McCoun,April 30  1979 ,38 years 343 days,Zimbabwe Under-19s,,Right-hand bat,Right-arm fast-medium,,
Forbes McDonald,June 27  1917  Kadoma  Mashonaland ,,Rhodesia ,,Right-hand bat,Right-arm medium,February 4  1983  Pietermaritzburg  Natal  South Africa (aged 65 years 222 days) ,
Liberty Macharaga,February 25  1990  Chiredzi ,28 years 42 days,Southern Rocks,,Right-hand bat,Right-arm medium,,
Hendrichs Macheke,February 15  1995 ,23 years 52 days,Zimbabwe Under-17s,,Right-hand bat,Right-arm medium-fast,St Georges,
Tendai Machiri,April 2  1985  Harare ,33 years 6 days,Southern Rocks ,,Right-hand bat,Right-arm offbreak,,
Angus James Mackay,June 13  1967  Salisbury (now Harare) ,50 years 299 days,Zimbabwe ,,Right-hand bat,Right-arm fast-medium,Marlborough High School; Plumtree High School,
Peter David MacKenzie,January 18  1942  Irvine  Ayrshire  Scotland ,,Rhodesia,,Right-hand bat,Right-arm medium-fast,March 13  2006  Bulawayo (aged 64 years 54 days) ,
A McKeown,date unknown ,,Zimbabwe Country Districts,,,,,
Michael Grant McKillop,April 24  1981  Bulawayo ,36 years 349 days,Matabeleland,,Right-hand bat,Right-arm medium,,
B MacLachlan,date unknown ,,,,,,Umpire,
Patrick Roy McLoughlin,September 20  1948  Bulawayo ,,Rhodesia,,Right-hand bat,Right-arm fast-medium,Presumed Dead ,
Campbell Macmillan,April 16  1982  Harare ,35 years 357 days,Midlands,,Right-hand bat,Right-arm medium,Chrome,
Chistopher Bruce McNally,June 29  1973  Salisbury (now Harare) ,44 years 283 days,Matabeleland Invitation XI,,Right-hand bat,Right-arm offbreak,,
John David McPhun,September 8  1940  Salisbury (now Harare) ,77 years 212 days,Rhodesia,,Right-hand bat,,,
Christopher Russell MacTavish,January 16  1944  Salisbury (now Harare) ,74 years 82 days,Rhodesia,,Right-hand bat,Right-arm medium,,
Clive Madhande,date unknown ,,Zimbabwe High Performance XI,,,,,
Taurai Madhiri,October 11  1985  Bindura ,32 years 179 days,Matabeleland Tuskers ,,Left-hand bat,Left-arm medium,,
Munyaradzi Christan Madhombiro,May 28  1999 ,18 years 315 days,Zimbabwe Under-13s,,Right-hand bat,Right-arm offbreak,Falcon College,
Neville Madziva,August 2  1991  Kadoma ,26 years 249 days,Zimbabwe ,Allrounder,Right-hand bat,Right-arm medium-fast,Jameson High School  Kadoma,
Tafadzwa Bernard Madondo,February 17  1981  Bindura  Mashonaland ,,Manicaland,,Right-hand bat,Right-arm offbreak,Brother - ,
Trevor Nyasha Madondo,November 22  1976  Mount Darwin  Mashonaland ,,Zimbabwe ,,Right-hand bat,Right-arm medium,Brother - ,
Romeo Madziva,May 15  1991  Kwekwe ,26 years 328 days,Mid West Rhinos,,Right-hand bat,Right-arm medium,,
Tinofara Mafusire,date unknown ,,Rainbow,,,,,
Munyaradzi Magada,date unknown ,,Rainbow,,,,,
Rugare Ozare Magarira,April 27  1997 ,20 years 346 days,Zimbabwe ,,Right-hand bat,Slow left-arm chinaman,,
Richard George Maggs,September 5  1962  Umtali (now Mutare)  Manicaland ,55 years 215 days,Mashonaland Country Districts,,Left-hand bat,,,
Andrew Magodo,February 9  1984 ,34 years 58 days,,,,,Umpire,
Spencer Magodo,date unknown ,,Eastern Lions,,,,,
Lawrence Magwenzi,May 8  1997  Masvingo ,20 years 335 days,Zimbabwe Cubs ,,Right-hand bat,Right-arm medium,Occasional wicketkeeper,
Clement Mahachi,September 27  1979  Bulawayo ,38 years 193 days,Matabeleland ,,Left-hand bat,Left-arm medium,Umpire,
Tarisai Mahlunge,April 21  1988  Harare ,29 years 352 days,Centrals ,,Left-hand bat,,Wicketkeeper,
Joshua  Mahwire,November 6  1992 ,25 years 153 days,Mid West Rhinos,,Right-hand bat,Right-arm medium,,
Ngonidzashe Blessing Mahwire,July 31  1982  Bikita  Masvingo ,35 years 251 days,Zimbabwe ,Bowler,Right-hand bat,Right-arm fast-medium,,
Craig Faindani Majawa,June 20  1979  Karoi ,38 years 292 days,Midlands,,Right-hand bat,Right-arm offbreak,,
Brian Majoka,date unknown ,,Takashinga Patriots 1,,,,,
Praise Makaza,date unknown ,,Southern Lions,,,,,
Talati Makhdum,date unknown ,,Zimbabwe Under-19s,,,,,
B Makoni,date unknown ,,,,,,Umpire,
Tanunurwa Makoni,November 28  1999  Harare ,18 years 131 days,Takashinga Patriots 2 ,Opening batsman,Right-hand bat,Right-arm medium,,
Bruce Makovah,November 3  1969  Fort Victoria (now Masvingo)  Masvingo ,48 years 156 days,Mashonaland Under-24s,,Right-hand bat,Right-arm medium,,
Shepherd Tichandepi Makunura,October 23  1976  Salisbury (now Harare) ,41 years 167 days,Mashonaland A,,Right-hand bat,Right-arm offbreak,,
D Makunzini,date unknown ,,Matabeleland Tuskers B,,,,,
Lance Stephen Malloch-Brown,June 29  1979  Salisbury (now Harare) ,38 years 283 days,Mashonaland ,,Right-hand bat,,,
Patrick Taremekedzwa Mambo,November 15  1995 ,22 years 144 days,Zimbabwe Under-17s,,Right-hand bat,Right-arm offbreak,Hellenic,
Godwill Anesu Tawanda Mamhiyo,May 13  1992  Bulawayo ,25 years 330 days,Matabeleland Tuskers ,,Right-hand bat,Right-arm offbreak,Brother - ,
Godwin Ngonidzashe Mamhiyo,December 19  1987  Bulawayo ,30 years 110 days,Matabeleland Tuskers ,,Right-hand bat,Right-arm medium,Brother - ,
Bothwell Tinodarirei mandiya,January 27  1983  Chiredzi  Masvingo ,35 years 71 days,,,,,Umpire,
Tapfumaneyi Mandizha,June 27  1985  Harare ,32 years 285 days,Midlands,,Right-hand bat,Right-arm medium,,
Dean Mangongo,date unknown ,,Southern Rocks B,,,,,
Nobel Mangongo,date unknown ,,Southern Rocks B,,,,,
Stephen Mangongo,date unknown ,,,,,,Coach,
Dumisai Bongani Mankunzini,July 10  1990  Bulawayo ,27 years 272 days,Matabeleland Tuskers B,,Right-hand bat,Legbreak,,
Tasso Manoussis,August 19  1978 ,39 years 232 days,Zimbabwe Under-19s,,Left-hand bat,Right-arm offbreak,,
Tasso Manoussis,August 19  1978 ,39 years 232 days,Zimbabwe Under-19s,,Left-hand bat,Right-arm offbreak,,
Arthur James Mervyn Mansell,January 19  1918  Bulawayo ,,Rhodesia,,Right-hand bat,,Brother - ,
Rangarirai Norbert Manyande,August 29  1979  Bikita  Masvingo ,38 years 222 days,Namibia ,,Right-hand bat,Right-arm medium,,
Tafadzwa Basil Manyimo,March 17  1977  Bulawayo ,41 years 22 days,Matabeleland,,Right-hand bat,Right-arm medium,,
Admire Marvellous Manyumwa,December 28  1987  Chitungwiza  Mashonaland ,30 years 101 days,Mashonaland ,,Right-hand bat,Right-arm medium,,
A Manziva,date unknown ,,Mid West Rhinos B,,,,,
Vuyisile Mapala,May 13  1993  Harare ,24 years 330 days,Zimbabwe Under-19s,,Right-hand bat,Right-arm medium,,
Alec Maparura,August 17  1987  Mutare  Manicaland ,30 years 234 days,Easterns (Zimbabwe) ,,Left-hand bat,Slow left-arm orthodox,Umpire,
Collins Maparura,date unknown ,,Eastern Lions,,,,,
D Maphosa,date unknown ,,,,,,Umpire,
D Maphosa,date unknown ,,,,,,Umpire,
M Maphosa,date unknown ,,Mountaineers B,,,,,
Tatenda Crispen Maponga,date unknown ,,Southern Lions,,,,,
Malvern Maposa,September 7  1991 ,26 years 213 days,Zimbabwe Under-19s,,Right-hand bat,,,
S Maradza,date unknown ,,Mashonaland Eagles B,,,,,
Precious Marange,November 26  1982  Zimbabwe ,35 years 133 days,Zimbabwe Women,,Left-hand bat,Right-arm fast-medium,,
Alester Maregwede,August 5  1981  Harare ,36 years 246 days,Zimbabwe ,,Right-hand bat,,Wicketkeeper,
Martin Marijeni,date unknown ,,Takashinga Patriots 2,,,,,
Anthony Marillier,June 3  1944  Chinhoyi  Mashonaland ,73 years 309 days,Rhodesia,,Right-hand bat,,Son - ,
Douglas Anthony Marillier,April 24  1978  Salisbury (now Harare) ,39 years 349 days,Zimbabwe ,,Right-hand bat,Right-arm offbreak,Father - ,
Eian Robert Marillier,September 19  1976  Scotland ,41 years 201 days,Mashonaland ,,Right-hand bat,,Father - ,
Stephan James Marillier,September 25  1984  Harare ,33 years 195 days,Derbyshire 2nd XI ,,Right-hand bat,Right-arm offbreak,Father - ,
Stanley Chikomborero Marisa,November 18  1985  Chiredzi ,32 years 141 days,Southern Rocks ,,Left-hand bat,Slow left-arm orthodox,,
Admire Marodza,April 13  1973  Murehwa ,44 years 360 days,,,,,Referee,
Brandon Marsh,October 9  1986  Bulawayo ,31 years 181 days,Westerns,,Right-hand bat,Right-arm fast,,
Takodza Marshal,July 29  2000 ,17 years 253 days,Zimbabwe Under-19s,,Right-hand bat,Right-arm offbreak,,
Gary Christopher Martin,May 30  1966  Marandellas (now Marondera)  Mashonaland ,51 years 313 days,Zimbabwe ,,Right-hand bat,Right-arm medium,,
Timycen Maruma,April 19  1988  Harare ,29 years 354 days,Zimbabwe ,Top-order batsman,Right-hand bat,Legbreak googly,Brother - ,
Tendai Power Maruma,September 24  1992  Harare ,25 years 196 days,Mid West Rhinos,,Right-hand bat,Right-arm offbreak,Brother - ,
Johnson Marumisa,March 1  1983  Harare ,35 years 38 days,Easterns (Zimbabwe) ,,Right-hand bat,Legbreak,,
Hamilton Masakadza,August 9  1983  Harare ,34 years 242 days,Zimbabwe ,Top-order batsman,Right-hand bat,Right-arm medium,Brother - ,
Shingirai Winston Masakadza,September 4  1986  Harare ,31 years 216 days,Zimbabwe ,Bowler,Right-hand bat,Right-arm fast-medium,Brother - ,
Wellington Pedzisai Masakadza,October 4  1993  Harare ,24 years 186 days,Brendan Taylor XI ,Bowler,Left-hand bat,Slow left-arm orthodox,Brother - ,
John Kumbirai Masara,August 16  1991  Mutare ,26 years 235 days,Mountaineers,,Right-hand bat,Legbreak,,
Luke Masasire,November 13  1993  Harare ,24 years 146 days,Zimbabwe Under-19s,,Left-hand bat,Left-arm medium-fast,,
Vincent Masekesa,March 27  1997 ,21 years 12 days,Rising Stars,,Right-hand bat,Legbreak,,
S Mashava,date unknown ,,Southerns,,,,,
William Takudzwa Mashinge,October 6  1996  Marondera ,21 years 184 days,Zimbabwe ,,Right-hand bat,Right-arm fast-medium,,
Tendai Mashonganyika,February 1  1989 ,29 years 66 days,Mashonaland,,Right-hand bat,Right-arm medium,,
Tadana Masike,date unknown ,,Muzvezve Tigers,,,,,
Vigilance Masilo,April 9  1986  Chiredzi  Masvingo ,31 years 364 days,,,Right-hand bat,Right-arm medium,Umpire,
Ronald Masocha,August 6  1995 ,22 years 245 days,Mid West Rhinos,,Right-hand bat,Right-arm medium,,
Finlay Shepherd Massey,April 16  1971  Melbourne  Victoria  Australia ,46 years 357 days,Mashonaland Under-24s,,Left-hand bat,Right-arm medium-fast,,
Ernest Masuku,December 31  1992  Harare ,25 years 98 days,Matabeleland Tuskers,,Right-hand bat,Right-arm medium,,
Larvet Tonderai Masunda,July 23  1992  Chitungwiza ,25 years 259 days,Mashonaland Eagles,,Left-hand bat,Right-arm offbreak,,
Tendai Masunda,date unknown ,,Eastern Lions,,,,,
Prince Spencer Masvaure,October 7  1988  Bulawayo ,29 years 183 days,Zimbabwe ,,Left-hand bat,Left-arm fast-medium,,
Jonas Matagonda,date unknown ,,Mid West Rhinos B,,,,,
Darlington Rutendo Matambanadzo,April 13  1976  Salisbury (now Harare) ,41 years 360 days,Zimbabwe ,,Right-hand bat,Right-arm medium-fast,Twin brother - ,
Everton Zvikomborero Matambanadzo,April 13  1976  Salisbury (now Harare) ,41 years 360 days,Zimbabwe ,,Right-hand bat,Right-arm medium-fast,Twin brother - ,
Farai Prince Matambanadzo,October 25  1978  Salisbury (now Harare) ,39 years 165 days,Mashonaland ,,Right-hand bat,Right-arm medium-fast,,
Hilary Matanga,July 9  1984  Marondera ,33 years 273 days,Masvingo ,,Left-hand bat,Right-arm offbreak,,
Kudzai Matare,date unknown ,,Southern Rocks B,,,,,
O Matare,date unknown ,,,,,,Umpire,
Tinaye Rashid Matare,August 3  1984  Harare ,33 years 248 days,,,,,Umpire,
Walter Ntandoyenkosi Matawu,April 20  1998  Kwewke ,19 years 353 days,Muzvezve Tigers,,Right-hand bat,Right-arm medium,,
F Matawu,date unknown ,,Mashonaland Eagles B,,,,,
Richard Tongaishe Matewa,April 18  1999 ,18 years 355 days,Zimbabwe Under-13s,,Right-hand bat,Right-arm medium,St George’s College,
Owen Matibiri,date unknown ,,,,,,Umpire,
Tichaona Jeremiah Matibiri,May 31  1971  Harare ,46 years 312 days,,,,,Umpire,
Kundai Matigimu,February 2  1998 ,20 years 65 days,Zimbabwe Under-17s ,,Right-hand bat,Right-arm fast,,
Johannes Matigonda,June 11  1984  Harare ,33 years 301 days,Centrals ,,Right-hand bat,Right-arm fast-medium,,
Stewart Matsika,May 16  1989  Harare ,28 years 327 days,Easterns (Zimbabwe) ,,Right-hand bat,Right-arm medium,,
Edward Matsikenyeri,date unknown ,,,,,,Brother - ,
Stuart Matsikenyeri,May 3  1983  Harare ,34 years 340 days,Zimbabwe ,,Right-hand bat,Right-arm offbreak,Brother - ,
Bright Matsiwe,date unknown ,,Muzvezve Tigers,,,,,
Amos Maungwa,June 6  1978  Gutu  Masvingo ,39 years 306 days,Mashonaland A,,Right-hand bat,Right-arm medium,,
J Maunze,date unknown ,,Mountaineers B,,,,,
Kudzai Oliver Maunze,April 10  1991  Harare ,26 years 363 days,Centrals ,,Right-hand bat,Right-arm offbreak,,
Gift Mavhaire,date unknown ,,Inkatha,,,,,
Dzikamai Alexander Mavhiko,October 30  1984  Redcliff ,33 years 160 days,Midlands,,Right-hand bat,Right-arm fast-medium,,
Brandon Anesu Mavuta,March 4  1997  Kadoma ,21 years 35 days,Mid West Rhinos ,Allrounder,Right-hand bat,Legbreak,,
Definate Waraidzo Mawadzi,date unknown ,,Eastern Lions,,,,,
Tinotenda Mbiri Kanayi Mawoyo,January 8  1986  Umtali (now Mutare)  Manicaland ,32 years 90 days,Zimbabwe ,Batsman,Right-hand bat,Right-arm medium-fast,Occasional wicketkeeper,
Jethro Takudzwa Mawudzi,March 10  1991  Mutare ,27 years 29 days,Mountaineers,,Right-hand bat,Legbreak,,
Nyasha Prince Mayavo,October 1  1992  Bulawayo ,25 years 189 days,Mid West Rhinos ,,Right-hand bat,Legbreak,Wicketkeeper,
Francis Mayebe,date unknown ,,Matabeleland Tuskers,,,,,
Sharne Mary Mayers,July 19  1992  Bulawayo ,25 years 263 days,Zimbabwe Women,,Right-hand bat,Right-arm offbreak,Shaene Meyers,
Dean Mazhawidza,March 22  1991  Harare ,27 years 17 days,Mashonaland Eagles ,,Right-hand bat,,Wicketkeeper,
Dion Steven Mazhawidza,March 3  1999 ,19 years 36 days,Zimbabwe Under-17s ,,Right-hand bat,Right-arm medium,,
Audrey Mazvishaya,March 9  1993 ,25 years 30 days,Zimbabwe Women,,Right-hand bat,Right-arm medium,,
Frank Kudzai Mazwita,date unknown ,,Eastern Lions,,,,,
Mpumelelo Mbangwa,June 26  1976  Plumtree  Matabeleland ,41 years 286 days,Zimbabwe ,,Right-hand bat,Right-arm fast-medium,Coach  Commentator,
Obey Mberi,date unknown ,,Southern Lions,,,,,
Davison Mbindi,date unknown ,,Mid West Rhinos B,,,,,
Esther Mbofana,November 23  1992 ,25 years 136 days,Zimbabwe Women,,Right-hand bat,Right-arm medium,,
Mark Ramon Henry Mbofana,March 25  1989  Harare ,29 years 14 days,Mashonaland Eagles ,,Right-hand bat,Right-arm medium,,
Dalubhle Mboyi,December 26  1992  Bulawayo ,25 years 103 days,Matabeleland Tuskers,,Right-hand bat,,Wicketkeeper,
Thabo Mkhululi Mboyi,May 17  1985  Bulawayo ,32 years 326 days,Matabeleland ,,Right-hand bat,Right-arm medium,,
Alfred Mbwembwe,April 16  1984  Harare ,33 years 357 days,Mashonaland A,,Right-hand bat,Right-arm medium-fast,,
Lovemore Mugove Mbwembwe,January 7  1982  Chivhu (Midlands) ,36 years 91 days,Mashonaland,,Right-hand bat,Right-arm medium,,
Campbell McCallum,date unknown ,,Zimbabwe Under-15s,,,,,
R McDonald,date unknown ,,Mid West Rhinos B,,,,,
CB McGaw,date unknown ,,Zimbabwe Under-19s,,,,,
A McLaughlin,date unknown ,,,,,,Umpire,
Mohammed Ahmed Meman,June 26  1952  Lundazi  Northern Rhodesia ,65 years 286 days,Zimbabwe ,,Right-hand bat,Right-arm offbreak,,
Keegan Orry Meth,February 8  1988  Bulawayo ,30 years 59 days,Zimbabwe ,Allrounder,Right-hand bat,Right-arm medium-fast,St John's College  Harare,
Jan Adrian Meyer,August 20  1960  Salisbury (now Harare) ,,Rhodesia ,,Right-hand bat,,August 28  1984  Harare (aged 24 years 8 days) ,
Odicious Mhanje,February 20  1994  Mudzi ,24 years 47 days,Zimbabwe A ,,Right-hand bat,Right-arm offbreak,,
Manny Mhlanga,July 20  1968  Bulawayo ,49 years 262 days,,,,,Umpire,
Manny Mhlanga,date unknown ,,,,,,Umpire,
Victor Mhlanga,May 28  1969  Chinhoyi ,48 years 315 days,,,,,Umpire,
Paddington Mhondoro,September 27  1986  Gweru ,,Mid West Rhinos,,Right-hand bat,Right-arm medium,March 13  2015  Kwekwe (aged 28 years 167 days) ,
Tinashe Gerald Mhora,August 1  1991  Bulawayo ,26 years 250 days,Matabeleland Tuskers ,,Right-hand bat,Right-arm medium-fast,,
Tawanda Mhundwa,date unknown ,,Takashinga Patriots 1,,,,,
Jeffery Taremedzwa Mhuriyengwe,September 8  1993  Mutare ,24 years 212 days,Inkatha ,,Right-hand bat,Right-arm medium,,
Ronald Robert Michell,June 23  1914  Umtali (now Mutare)  Manicaland ,,Rhodesia ,,Right-hand bat,Right-arm medium,October 27  1988  Harare (aged 74 years 126 days) ,
J Minshall,date unknown ,,,,,,Umpire,
Solomon Farai Mire,August 21  1989  Harare ,28 years 230 days,Zimbabwe ,Batsman,Right-hand bat,Right-arm medium-fast,,
James Clarence Mitchell,April 14  1947  Johannesburg  Transvaal  South Africa ,70 years 359 days,Rhodesia ,,Right-hand bat,Slow left-arm orthodox,,
Paul Michael Mitchell,January 13  1975  Salisbury (now Harare) ,43 years 85 days,Mashonaland,,Right-hand bat,,,
Alexander Mlambo,February 13  1986  Harare ,32 years 54 days,Manicaland ,,Left-hand bat,Left-arm medium,,
Bernard Mlambo,December 2  1985  Mbare  (Harare) ,32 years 127 days,Easterns (Zimbabwe) ,,Left-hand bat,Legbreak,Wicketkeeper,
Donald Mlambo,April 17  1999  Harare ,18 years 356 days,Zimbabwe Under-19s,,Right-hand bat,,,
Thandolwenkosi Mlilo,June 16  1985  Pelandaba  Bulawayo ,32 years 296 days,Zimbabwe Women,,Right-hand bat,Right-arm medium-fast,,
Mohammad Eqlakh,April 10  1996  Nevada  Uttar Pradesh ,21 years 363 days,Mountaineers,,Right-hand bat,Right-arm offbreak,,
Hendrik de Villiers Moll,February 19  1907  Mariasburg  Transvaal ,,Rhodesia,,Right-hand bat,Right-arm fast-medium,May 27  1988  Durban  Natal (aged 81 years 98 days) ,
Henry Howard Montgomery,April 30  1923  Bulawayo ,,Rhodesia,,Left-hand bat,Left-arm medium,March 4  1989  Bulawayo (aged 65 years 308 days) ,
Peter Joseph Moor,February 2  1991  Harare ,27 years 65 days,Zimbabwe ,Middle-order batsman,Right-hand bat,Right-arm offbreak,Wicketkeeper,
Bruce Dirk Moore-Gordon,February 25  1976  Salisbury (now Harare) ,42 years 42 days,Zimbabwe Cricket Academy,,Right-hand bat,,Wicketkeeper,
DC Moore-Gordon,date unknown ,,,,,,Umpire,
Frederick Hilton Morgan,1893  Johannesburg  Transvaal  South Africa ,,Rhodesia,,Right-hand bat,Legbreak,July 29  1980  Bulawayo (aged 87 years) ,
Dudley Jakins Morris,October 12  1910  Mazowe  Mashonaland ,,Rhodesia,,Right-hand bat,Legbreak,August 10  1995  Harare (aged 84 years 302 days) ,
Edgar David Morris,May 12  1914  Salisbury (now Harare) ,,Rhodesia,,Right-hand bat,Right-arm fast-medium,May 21  2002  Johannesburg  Transvaal  South Africa (aged 88 years 9 days) ,
Tsunga Motsi,date unknown ,,Zimbabwe Under-13s,,Right-hand bat,,Hellenic,
Bekezela Moyo,February 9  1985  Harare ,33 years 58 days,Centrals,,Right-hand bat,,Wicketkeeper,
Kandrick Bhekimpilo Moyo,May 3  1988  Bulawayo ,29 years 340 days,Matabeleland Tuskers,,Right-hand bat,Right-arm medium-fast,,
Matsiliso Moyo,February 8  1977  Gwanda ,41 years 59 days,,,,,Umpire,
Mandisi Moyo,date unknown ,,Inkatha,,,,,
Siphatisiwe Moyo,March 1  1985  Bulawayo ,33 years 38 days,Zimbabwe Women,,Right-hand bat,Right-arm medium-fast,,
Vumindaba Moyo,April 15  1978  Bulawayo ,39 years 358 days,,,Right-hand bat,Right-arm offbreak,Referee,
Vusumuzi Mbanjwa Moyo,September 22  1975  Bulawayo ,42 years 198 days,,,,,Umpire,
Christopher Bobby Mpofu,November 27  1985  Plumtree  Matabeleland ,32 years 132 days,Zimbabwe ,Bowler,Right-hand bat,Right-arm fast-medium,,
Nkosana Mpofu,July 10  1990  Bulawayo ,27 years 272 days,Matabeleland Tuskers ,,Left-hand bat,Right-arm offbreak,,
Sinikiwe Gava Mpofu,February 21  1985  Bulawayo ,33 years 46 days,Zimbabwe Women,,Right-hand bat,Right-arm medium-fast,,
Tafadzwa Brian Mpofu,May 9  1985  Kwekwe ,32 years 334 days,Midlands,,Left-hand bat,Right-arm medium,,
Nigel Mpurura,date unknown ,,Takashinga Patriots 1,,,,,
Forbes Mtombodzi,date unknown ,,Takashinga Patriots 2,,,,,
Wallace T Mubayawa,April 2  1998  Harare ,20 years 6 days,Zimbabwe Under-19s,,Right-hand bat,Slow left-arm orthodox,1.68 m ,
B Mucharonza,date unknown ,,Mashonaland Eagles B,,,,,
Tinashe Muchawaya,October 29  1997  Mutare ,20 years 161 days,Rising Stars ,,Right-hand bat,Right-arm medium,,
Tanaka Mudozori,June 23  2003 ,14 years 289 days,Zimbabwe Under-13s,,Right-hand bat,,,
Bob Mudzwinga,December 9  1994  Masvingo ,23 years 120 days,Southern Rocks,,Right-hand bat,Right-arm medium-fast,,
Tafadzwa Vintlane Mufambisi,December 17  1986  Glen View (Harare) ,31 years 112 days,Zimbabwe ,Wicketkeeper batsman,Right-hand bat,Right-arm offbreak,Wicketkeeper,
Tapiwa Mufudza,September 20  1990  Harare ,27 years 200 days,Mountaineers ,,Right-hand bat,Right-arm offbreak,,
Prosper Aaron Mugari,date unknown ,,Eastern Lions,,,,,
Simon Munyaradzi Mugava,November 29  1990  Harare ,27 years 130 days,Mid West Rhinos ,,Right-hand bat,Right-arm offbreak,,
Chipo Spiwe Mugeri,March 2  1992  Zimbabwe ,26 years 37 days,Zimbabwe Women,Allrounder,Left-hand bat,Right-arm medium,,
Brighton Mugochi,July 23  1988  Harare ,29 years 259 days,Centrals ,,Left-hand bat,Slow left-arm orthodox,,
Parudo Mugore,date unknown ,,Zimbabwe Under-13s,,Right-hand bat,,St. Georges College,
M Muguda,date unknown ,,Mashonaland Eagles B,,,,,
Tabryz Muhammad,March 4  1997 ,21 years 35 days,Zimbabwe Under-17s,,Left-hand bat,Right-arm offbreak,,
Evans Mujaji,date unknown ,,Easterns (Zimbabwe),,,,,
Pellagia Mujaji,October 9  1991  Mutare ,26 years 181 days,Zimbabwe Women,,Right-hand bat,Right-arm medium-fast,,
Silent Mujaji,September 24  1985  Mutare ,32 years 196 days,Easterns (Zimbabwe) ,,Right-hand bat,Right-arm fast-medium,,
Bonaparte Tafireyi Mujuru,April 10  1987  Chitungwiza ,30 years 363 days,Matabeleland ,,Right-hand bat,Legbreak,,
Enerst Mujuru,date unknown ,,Matabeleland Tuskers,,,,,
Munir Mukadam,February 15  1983  Bulawayo ,35 years 52 days,Matabeleland,,Right-hand bat,Right-arm medium,,
Claudius Mukandiwa,May 8  1980  Harare ,37 years 335 days,,,,,Referee,
T Mukoki,date unknown ,,Southern Rocks B,,,,,
Bernard Mukondiwa,June 3  1984  Harare ,33 years 309 days,Westerns,,Right-hand bat,Right-arm medium,Brother - ,
Norman Mukondiwa,April 21  1982  Harare ,35 years 352 days,Matabeleland ,,Right-hand bat,Right-arm medium,Brother - ,
Timothy Mukondiwa,date unknown ,,Southern Rocks B,,,,,
Charles Muliliwana,July 14  1987 ,30 years 268 days,Mashonaland,,Right-hand bat,Right-arm medium,,
Carl Tapfuma Mumba,May 6  1995  Kwekwe ,22 years 337 days,Zimbabwe ,,Right-hand bat,Right-arm fast-medium,,
Takawira Anald Mundure,April 7  1983  Masvingo ,35 years 1 days,Southerns,,Right-hand bat,Right-arm medium-fast,Wicketkeeper,
Michael Glenn Munson,June 25  1981  Harare ,36 years 287 days,Zimbabwe Under-19s,,Right-hand bat,Right-arm medium,,
Cornelius Munyanyiwa,date unknown ,,Southern Lions,,,,,
P Munyaradzi,date unknown ,,Mashonaland Eagles B,,,,,
Tanyaradzwa Munyaradzi,June 20  1988  Harare ,29 years 292 days,Centrals ,,Right-hand bat,Right-arm medium,,
Kudakwashe Munyede,April 30  1991  Harare ,26 years 343 days,Mashonaland Eagles ,,Right-hand bat,Slow left-arm orthodox,,
Tony Tanaka Munyonga,January 31  1999  Chitungwiza ,19 years 67 days,Rising Stars,,Right-hand bat,Right-arm offbreak,,
T Munyoro,March 27  1992  Harare ,26 years 12 days,Mashonaland Eagles ,,Left-hand bat,Left-arm medium-fast,,
Modester Mupachikwa,January 19  1997  Zimbabwe ,21 years 79 days,Zimbabwe Women,,Right-hand bat,,,
N Mupamba,date unknown ,,Mashonaland Eagles B,,,,,
Tawanda Mupariwa,April 16  1985  Bulawayo ,32 years 357 days,Zimbabwe ,Bowler,Right-hand bat,Right-arm fast-medium,Brother - ,
Tafara Rodwell Mupariwa,April 3  1996  Bulawayo  Matabeleland ,22 years 5 days,KwaZulu-Natal Under-17s ,,Left-hand bat,Right-arm offbreak,Brother - ,
Tonny Tatenda Mupariwa,September 10  1991  Bulawayo ,26 years 210 days,Matabeleland Tuskers,,Right-hand bat,,Brother - ,
Tatenda Ian Mupunga,April 24  1987  Harare ,30 years 349 days,Mashonaland ,,Right-hand bat,Right-arm medium-fast,,
Nigel Mupurura,August 8  1990  Harare ,27 years 243 days,Southern Rocks,,Right-hand bat,Right-arm medium,,
S Muringani,date unknown ,,Mid West Rhinos B,,,,,
Sydney Murombo,March 22  1997  Chiredzi ,21 years 17 days,Zimbabwe Chairman's XI ,,Right-hand bat,Right-arm medium,,
Douglas Murove,date unknown ,,Southern Lions,,,,,
Brian Andrew Murphy,December 1  1976  Salisbury (now Harare) ,41 years 128 days,Zimbabwe ,,Right-hand bat,Legbreak googly,Twin brother - ,
David J Murphy,December 1  1976  Salisbury (now Harare) ,41 years 128 days,Zimbabwe Under-19s,,,,Twin brother - ,
Kevin James Murphy,August 15  1963  Kitwe  Northern Rhodesia ,54 years 236 days,Mashonaland,,Right-hand bat,,Wicketkeeper,
David Murray,February 21  1930  Umtata  Cape Province  South Africa ,,Rhodesia,,Right-hand bat,Right-arm fast-medium,Presumed Dead  Johannesburg ,
Ryan Craig Murray,March 30  1998 ,20 years 9 days,Zimbabwe ,Wicketkeeper,Right-hand bat,Right-arm offbreak,Wicketkeeper,
Davis Murwendo,March 25  1998 ,20 years 14 days,Zimbabwe Cubs ,,Right-hand bat,Right-arm medium,,
Tarisai Kenneth Musakanda,October 31  1994  Masvingo ,23 years 159 days,Zimbabwe ,,Right-hand bat,Right-arm medium  Right-arm slow-medium,Prince Edward,
Tafadzwa Musakwa,May 22  1984  Harare ,33 years 321 days,,,Right-hand bat,Right-arm medium,Umpire,
Walter Musakwa,September 13  1979  Chitungwiza ,38 years 207 days,,,,,Umpire,
Tapiwanashe Musariri,date unknown ,,Southern Lions,,,,,
Sheanopa Shane Fiddis Musekwa,January 16  1994  Bulawayo ,24 years 82 days,Amakhosi ,,Right-hand bat,Right-arm medium,,
Anesu Catherine Mushangwe,February 25  1996 ,22 years 42 days,Zimbabwe Women,,Right-hand bat,Legbreak,,
Natsai M'shangwe,February 9  1991  Mhangura ,27 years 58 days,Zimbabwe ,Bowler,Right-hand bat,Legbreak,,
Happymore Mushayi,date unknown ,,Southern Rocks B,,,,,
T Mushdriwa,date unknown ,,Mashonaland Eagles B,,,,,
Cuthbert Musoko,May 13  1994  Highfield  Harare ,23 years 330 days,Southern Rocks ,,Right-hand bat,Right-arm fast-medium,,
Mary-Anne Musonda,April 8  1991 ,27 years 0 days,KwaZulu-Natal Inland Women ,,Right-hand bat,Right-arm offbreak,,
Joseph Musorosekwa,April 26  1993  Highfield  Harare ,24 years 347 days,Southern Rocks,,Right-hand bat,Right-arm fast-medium,,
Steady Musoso,September 24  1986  Mutare ,31 years 196 days,Easterns (Zimbabwe) ,,Right-hand bat,Right-arm fast-medium,,
Blessed Mutandwa,December 11  1999 ,18 years 118 days,Zimbabwe Under-13s,,Left-hand bat,Left-arm fast,Glen View 8 Primary,
Josphat Mutapure,December 27  1980  Chegutu ,37 years 102 days,,,Right-hand bat,Right-arm medium,Umpire,
Reginald Mutaramutswa,June 15  1981  Goromonzi ,36 years 297 days,,,Right-hand bat,Right-arm medium,Umpire,
Reginald Mutare,December 7  1983 ,34 years 122 days,Mashonaland,,Right-hand bat,,Wicketkeeper,
Nomatter Mutasa,October 28  1995  Kwekwe ,22 years 162 days,Zimbabwe Women,,Right-hand bat,Right-arm medium-fast,,
David Travolta Mutendera,January 25  1979  Salisbury (now Harare) ,39 years 73 days,Zimbabwe ,,Right-hand bat,Right-arm fast-medium,,
Leopold Mutendi,February 24  2003 ,15 years 43 days,Zimbabwe Under-13s,,Right-hand bat,Right-arm offbreak,,
Forster Mutizwa,August 24  1985  Harare ,32 years 227 days,Zimbabwe ,Wicketkeeper batsman,Right-hand bat,Right-arm offbreak,Wicketkeeper,
Confidence Tinotenda Mutombodzi,December 21  1990  Harare ,27 years 108 days,Zimbabwe ,Allrounder,Right-hand bat,Legbreak googly,,
Travor Mutsamba,date unknown ,,Takashinga Patriots 1,,,,,
Ashby Mutumbami,November 15  1985  Masvingo ,32 years 144 days,Masvingo ,,Right-hand bat,Right-arm medium,Brother - ,
Richmond Mutumbami,June 11  1989  Masvingo ,28 years 301 days,Zimbabwe ,Wicketkeeper batsman,Right-hand bat,Right-arm offbreak,Brother - ,
Sylvester Mutusva,October 24  1974  Harare ,43 years 166 days,,,Right-hand bat,Right-arm fast-medium,Umpire  Coach,
Prince Mutambwa,date unknown ,,Northerns (Zimbabwe),,,,Umpire,
Luther Kurauone Mutyambizi,June 26  1980  Gwelo (now Gweru)  Midlands ,37 years 286 days,Centrals ,,Right-hand bat,Right-arm medium,,
Tafara Muzamindo,date unknown ,,Zimbabwe Under-13s,,Right-hand bat,Right-arm medium,St. Georges College,
Blessing Muzarabani,October 2  1996  Harare ,21 years 188 days,Zimbabwe ,Bowler,Right-hand bat,Right-arm fast-medium,,
Taurai Muzarabani,March 27  1987  Centenary  Mashonaland ,31 years 12 days,Zimbabwe ,Bowler,Right-hand bat,Right-arm fast-medium,,
Tafadzwa Muzarawetu,April 30  1991  Harare ,26 years 343 days,Mashonaland Eagles,,Right-hand bat,Right-arm medium,,
G Muzeya,date unknown ,,Mid West Rhinos,,,,,
Joel Muzeya,January 16  1975  Chinhoyi ,43 years 82 days,,,,,Umpire  Referee,
Richard Muzhange,January 30  1991 ,27 years 68 days,Mid West Rhinos ,,Right-hand bat,Right-arm medium,,
Blessed Wadana Muzite,date unknown ,,Southern Lions,,,,,
Samuel Mwakayeni,August 17  1988  Harare ,29 years 234 days,Manicaland ,,Right-hand bat,Right-arm offbreak,,
B Mwale,date unknown ,,,,,,Referee,
Christopher Mwanza,date unknown ,,Matabeleland Tuskers B,,,,,
A Mwaunga,date unknown ,,Mashonaland,,,,,
Allan Mwayenga,June 28  1982  Harare ,35 years 284 days,Zimbabwe Cricket Academy,,Right-hand bat,Left-arm fast-medium,,
Waddington Mwayenga,June 20  1984  Harare ,33 years 292 days,Zimbabwe ,,Right-hand bat,Right-arm medium,Waddy,
Frank Kudzai Mwazviita,November 9  1998  Mutare ,19 years 150 days,Zimbabwe Under-19s,,Right-hand bat,Right-arm medium,,
Ashley Mwenda,date unknown ,,Mashonaland Eagles B,,,,,
Dion Myers,March 21  2002 ,16 years 18 days,Zimbabwe Under-13s ,Top-order batsman,Right-hand bat,Right-arm medium,St Georges College,
Jack Myers,June 19  1995 ,22 years 293 days,Zimbabwe Under-17s ,,Right-hand bat,Legbreak,St Georges,
Henry Filby Myles,June 6  1911  Cape Town  Cape Province  South Africa ,,Rhodesia ,,Right-hand bat,,June 15  1942  Kirkinner  Dumfries  Scotland (aged 31 years 9 days) ,
R Naik,date unknown ,,,,,,Umpire,
David Charles Napier,March 8  1933  Bulawayo ,85 years 31 days,Rhodesia,,Right-hand bat,Left-arm fast-medium  Slow left-arm orthodox,,
Mark Napier,May 24  1912  Springs Farm  Bulawayo ,,Rhodesia,,Right-hand bat,Slow left-arm orthodox,November 23  1989  Pietermaritzburg  Natal  South Africa (aged 77 years 183 days) ,
William Alexander Napier,April 28  1907  Springs Farm  Bulawayo ,,Rhodesia,,Right-hand bat,,July 28  1990  Harare (aged 83 years 91 days) ,
Caesar Bond Nayoto,February 15  1980  Kwekwe ,38 years 52 days,,,,,Referee,
Cunningham Ncube,April 17  1990  Bulawayo ,27 years 356 days,Matabeleland Tuskers ,,Right-hand bat,,Wicketkeeper,
Njabulo Ncube,October 14  1989  Bulawayo ,28 years 176 days,Mountaineers ,Bowler,Right-hand bat,Right-arm fast-medium,,
Kudakwashe Ncumanie,date unknown ,,Eastern Lions,,,,,
Kudakwashe Ndagurwa,date unknown ,,Eastern Lions,,,,,
Ashley Rutendo Ndiraya,July 6  1992 ,25 years 276 days,Zimbabwe Women,,Left-hand bat,Legbreak,,
N Ndiweni,date unknown ,,,,,,Umpire,
Mgcinumuzi Ndlela,November 21  2003 ,14 years 138 days,Zimbabwe Under-13s,,Right-hand bat,Right-arm offbreak,,
Ainsley Ndlovu,January 1  1996  Bulawayo  Matabeleland ,22 years 97 days,KwaZulu-Natal Inland Under-19s ,,Right-hand bat,Slow left-arm orthodox,DHS,
Edgar Ndlovu,date unknown ,,Amakhosi,,,,,
Lungile Ndlovu,February 26  1990  Bulawayo ,28 years 41 days,Southerns,,Right-hand bat,Legbreak,,
Sidwell Ndlovu,August 19  1988  Bulawayo ,29 years 232 days,Westerns,,Right-hand bat,Right-arm medium,,
Henry Nedawa,August 4  1981  Mutare ,36 years 247 days,,,,,Umpire,
Andre John Carel Neethling,July 3  1979  Harare ,38 years 279 days,Mashonaland A ,,Right-hand bat,Legbreak googly,,
Reginald Nehonde,June 4  1990  Harare ,27 years 308 days,Botswana ,,Right-hand bat,Right-arm offbreak,,
Dylan Nel,June 17  1997  Marondera ,20 years 295 days,Zimbabwe Under-19s,,Right-hand bat,Legbreak googly,,
Evans N Nemaungwe,December 22  1997  Harare ,20 years 107 days,Zimbabwe Under-19s,,Right-hand bat,Right-arm medium,1.90 m ,
Tinashe Julian Nenhunzi,October 21  1999 ,18 years 169 days,Zimbabwe Under-13s ,Middle-order batsman,Right-hand bat,Legbreak,Falcon College,
Zibusiso Netha,March 15  1978  Bulawayo ,40 years 24 days,,,Right-hand bat,,Umpire,
Richard Ngarava,December 28  1997  Harare ,20 years 101 days,Zimbabwe ,,Left-hand bat,Left-arm fast-medium,,
Andrew Ngondo,date unknown ,,,,,,Umpire,
Blessing Ngondo,November 2  1969  Salisbury (now Harare) ,48 years 157 days,Mashonaland Under-24s,,Right-hand bat,,Wicketkeeper,
Tafadzwa Ngulube,May 3  1988  Bulawayo ,29 years 340 days,Matabeleland ,,Right-hand bat,,Wicketkeeper,
Lucky Able Ngwenya,September 23  1981  Mpilo  Bulawayo ,36 years 197 days,,,,,Umpire,
Malvern Nhachi,June 1  1987  Harare ,30 years 311 days,,,,,Umpire,
Liberty Nherera,December 25  1993  Mutare ,24 years 104 days,Mountaineers B ,,Right-hand bat,Right-arm offbreak,,
Jordane Stanley Nicolle,December 20  1982  Bulawayo ,35 years 109 days,Zimbabwe Cricket Academy,,Right-hand bat,Right-arm fast-medium,,
Ian Alan Nicolson,October 9  1986  Harare ,31 years 181 days,Zimbabwe ,Bowler,Right-hand bat,Right-arm fast-medium,,
Bright Njanji,September 26  1992  Bindura ,25 years 194 days,Mid West Rhinos,,Right-hand bat,Legbreak,Wicketkeeper,
Emily Njinjika,July 11  1996  Mutare ,21 years 271 days,Zimbabwe Women,,Right-hand bat,,,
Mluleki Luke Nkala,April 1  1981  Bulawayo ,37 years 7 days,Zimbabwe ,,Right-hand bat,Right-arm medium,,
Bernard Nkomo,July 24  1984 ,33 years 258 days,,,,,Umpire,
Flemming Kudzai Nkomo,date unknown ,,Inkatha,,,,,
Josephine Nakai Nkomo,May 21  1997  Kwekwe ,20 years 322 days,Zimbabwe Women,,Right-hand bat,Right-arm medium-fast,,
Reginald John Noble,July 6  1918  Bulawayo ,,Rhodesia,,Right-hand bat,Right-arm medium,November 5  1984  Somerset West  Cape Province  South Africa (aged 66 years 122 days) ,
Mathew John Norvall,January 28  1986  Gweru ,32 years 70 days,Midlands,,Right-hand bat,Right-arm medium,,
Khawulani Ntuli,August 20  1985  Bulawayo ,32 years 231 days,Matabeleland Tuskers ,,Right-hand bat,Right-arm medium,,
Nkosilathi Nungu,date unknown ,,Southern Lions,,,,,
Nkosilatu Nunu,February 12  2001  Masvingo ,17 years 55 days,Zimbabwe Under-19s,,Right-hand bat,Right-arm medium,,
Thamsanqa Keith Nunu,August 18  1998  Bulawayo ,19 years 233 days,Amakhosi,,,,,
T Nyakupfuka,date unknown ,,Mashonaland Eagles B,,,,,
Senyo Kweku Nyakutse,April 15  1981  Kano  Nigeria ,36 years 358 days,Matabeleland,,Right-hand bat,Right-arm medium,,
Tendai Nyamayaro,date unknown ,,Takashinga Patriots 2,,,,,
Artwell Nyambanje,February 10  1991  Bindura ,27 years 57 days,Mid West Rhinos,,Right-hand bat,Legbreak,,
Patrick Nyampfeni,April 11  2003 ,14 years 362 days,Zimbabwe Under-13s,,Right-hand bat,Right-arm medium,,
Shaun Nyamutsa,May 5  1996 ,21 years 338 days,Zimbabwe Under-17s,,Right-hand bat,Left-arm medium,,
N Nyamutsaka,date unknown ,,Mountaineers B,,,,,
