S Naqvi,date unknown ,,Madhya Pradesh,,,,,
SIR Naqvi,date unknown ,,,,,,Umpire,
Narain,date unknown ,,Madhya Pradesh,,,,,
MP Narang,date unknown ,,,,,,Umpire,
Pulkit Narang,June 18  1994 ,23 years 294 days,Ram Lal Anand College (Delhi),,Right-hand bat,Right-arm offbreak,Ram Lal Anand College (Delhi),
Sandeepsingh Hemrajsingh Narang,July 24  1982  Allahabad  Uttar Pradesh ,35 years 258 days,Railways,,Right-hand bat,Right-arm medium,,
V Narang,date unknown ,,Jharkhand,,,,,
V Narang,date unknown ,,Madhya Pradesh,,,,,
AL Narasimham,date unknown ,,,,,,Umpire,
KN Narasimhamurthy,date unknown ,,,,,,Umpire,
AL Narasimhan,April 27  1940 ,77 years 346 days,,,,,Umpire,
R Narasimhan,September 20  1931  Nagpur  Maharashtra ,,Central Provinces and Berar ,,Right-hand bat,,Wicketkeeper,
TS Narasimhan,date unknown ,,Madras,,,,,
BVSL Narasimha Sastry,October 19  1948 ,69 years 171 days,,,,,Umpire,
Modireddy Venkat Narasimha Rao,August 11  1954  Secunderabad  Andhra Pradesh ,63 years 240 days,India ,,Right-hand bat,Legbreak,,
Narayan,date unknown ,,United Provinces,,,,,
Prince Kumar Hitendra Singh Narayan,July 1  1890  Cooch Behar (now Koch Bihar)  Bengal ,,Maharaja of Cooch-Behar's XI ,,Right-hand bat,,November 7  1920  Darjeeling (now Darjiling)  Bengal (aged 30 years 129 days) ,
Prince Kumar Victor Nitendra Narayan,1887 ,,Maharaja of Cooch-Behar's XI,,,,1937 (aged 50 years) ,
Prateek Narayan,1948 ,,Bihar,,,,January 2  2009  Patna  Bihar (aged 61 years) ,
Prathap Narayan,May 21  1984 ,33 years 322 days,Rockstars,,Right-hand bat,Right-arm medium,,
Ramesh Narayan,September 15  1952  Rohtak  Haryana ,65 years 205 days,Haryana,,Right-hand bat,Slow left-arm orthodox,,
Subramanyam Narayan,October 1  1929  Mysore  Karnataka ,88 years 189 days,Mysore,,Right-hand bat,Right-arm medium,Wicketkeeper,
Abinav Shankar Narayan,September 20  1984 ,33 years 200 days,Bangalore Brigadiers (Urban),,Right-hand bat,Legbreak googly,,
Prasil Narayanan,August 19  1981  Maharashtra ,36 years 232 days,Kerala,,Right-hand bat,Right-arm medium,Prasi,
S Narayanan,date unknown ,,Madras,,,,,
TR Narayanan,date unknown ,,Kerala,,,,,
Subramanian Narayanan Menon,December 4  1964  Ernakulam  Kerala ,53 years 125 days,Kerala,,Right-hand bat,Right-arm offbreak,Umpire,
TD Narayanaswami Rao,1910 ,,Madras,,,,December 2  1974  Madras (now Chennai)  Tamil Nadu (aged 64 years) ,
Sribhashyan Lakshmi Narayana Rao,August 19  1940  Guntur  Andhra Pradesh ,77 years 232 days,Andhra,,Right-hand bat,Right-arm medium,,
MK Narayaniyengar,date unknown ,,Mysore,,,,1985 ,
Vengalil Narayan Kutty,May 25  1967  Calicut (now Kozhikhode)  Kerala ,50 years 318 days,Kerala,,Right-hand bat,,Referee,
Narayan Raju,date unknown ,,United Provinces,,,,,
Narayan Singh,date unknown ,,Sikhs,,,,,
Narendera Singh,August 16  1975  Kanpur  Uttar Pradesh ,42 years 235 days,Services,,Right-hand bat,,,
Narender Jain,date unknown ,,Madras Cricket Club,,,,,
Narender Kumar,date unknown ,,Dubai Destroyers,,,,,
Narender Kumar Singh,October 4  1984  Bhiwani  Haryana ,33 years 186 days,Services,,Right-hand bat,Right-arm medium,,
Narender Singh,September 17  1987  Delhi ,30 years 203 days,Delhi,,Right-hand bat,Right-arm offbreak,,
Narender Singh,date unknown ,,Jammu &amp; Kashmir,,,,,
Narendra Kumar Choudhary,date unknown ,,Udaipur Mewar Royals,,,Right-arm offbreak,,
Dharma Naren Reddy,December 14  1994  Produture  Andhra Pradesh  ,23 years 115 days,Andhra,,Right-hand bat,Right-arm offbreak,,
Naresh,date unknown ,,Hyderabad (India) ,,,,,
G Naresh,date unknown ,,Tamil Nadu Cricket Association XI,,,,,
KN Naresh,date unknown ,,Karnataka State Cricket Association,,,,Umpire,
Ramadoss Naresh,November 13  1985  Madras (now Chennai)  Tamil Nadu ,32 years 146 days,Tamil Nadu Under-19s,,Left-hand bat,Left-arm medium,Nandhu,
Naresh Kumar,date unknown ,,Chittors Chetak,,Right-hand bat,Right-arm medium-fast,,
Kappla Naresh Kumar,November 24  1991  Anantapur  Andhra Pradesh ,26 years 135 days,Andhra Under-19s ,,Right-hand bat,Right-arm medium,,
Naresh Nama,date unknown ,,Kota Chambal Tigers,,,,,
Framroze Kaikobad Nariman,March 17  1910  Baroda  Gujarat ,,Mumbai,,Left-hand bat,Left-arm medium,January 31  1991  Bombay (now Mumbai)  Maharashtra (aged 80 years 320 days) ,
Narinder Singh,date unknown ,,Rajputana ,,Right-hand bat,Right-arm medium,,
Ashutosh Ashok Narkar,September 26  1980  Bombay (now Mumbai)  Maharashtra ,37 years 194 days,Mumbai,,Right-hand bat,Legbreak,,
D Narottam,August 29  1922  Sind ,95 years 222 days,Kathiawar ,,,,,
Jaideep Suresh Narse,June 7  1971  Poona (now Pune)  Maharashtra ,46 years 305 days,Maharashtra,,Right-hand bat,Right-arm offbreak,,
SK Narsinha,date unknown ,,Mumbai Champs,,,,,
Mukesh Shamsunder Narula,September 2  1962  Delhi ,55 years 218 days,Baroda,,Right-hand bat,Right-arm medium,,
Sunil Narula,June 13  1966  Chandigarh ,51 years 299 days,Services,,Left-hand bat,Right-arm offbreak,,
BB Narvekar,date unknown ,,Mumbai,,,,,
Dhiraj Govind Narvekar,October 20  1977  Vasco da Gama  Goa ,40 years 170 days,Goa,,Left-hand bat,Right-arm offbreak,,
Ganeshraj Dayanand Narvekar,February 28  1993  Mapusa  Goa ,25 years 39 days,Goa,,Right-hand bat,Legbreak googly,,
C Narveria,date unknown ,,Vidarbha,,,,,
Narvinder Pratap,date unknown ,,Northern Punjab,,,,,
Sumit Narwal,April 16  1982  Chirao  Karnal  Haryana ,35 years 357 days,Delhi ,Allrounder,Left-hand bat,Right-arm medium,,
Mohammad Nasim,January 26  1942  Allahabad  Uttar Pradesh ,76 years 72 days,Uttar Pradesh,,Right-hand bat,,Wicketkeeper,
SM Nasir,date unknown ,,Central Provinces and Berar,,,,,
Nasiruddin,date unknown ,,Hyderabad (India),,,,,
Shaikh Mohammed Nasiruddin,August 9  1916  Mangrol  Gujarat ,,Muslims ,,Right-hand bat,,later HH the Shaikh Sahib of Mongrol,
Thameesdeen Nasiruddin,August 10  1969  Mandya  Karnataka ,48 years 241 days,Karnataka,,Right-hand bat,Left-arm medium,,
Syed Nasir Ali,September 21  1985  Hyderabad  Andhra Pradesh ,32 years 199 days,Hyderabad Under-16s,,Left-hand bat,Right-arm offbreak,,
S Nasir Ali Khan,date unknown ,,Hyderabad (India),,,,,
Nasir Hussain,date unknown ,,Ajmer Meru Warriors,,,,,
Nasir Qayoom,date unknown ,,Jammu &amp; Kashmir,,,,,
Meghdut Kanri Naskar,November 24  1986  Mallickpur  Bengal ,31 years 135 days,Bengal Under-14s,,Right-hand bat,,Wicketkeeper,
S Nataraj,December 28  1947  Davanagere  Karnataka ,,Mysore ,,,,November 16  1994  New Delhi (aged 46 years 323 days) ,
S Natarajan,date unknown ,,Jharkhand,,,,,
Thangarasu Natarajan,May 27  1991  Salem ,26 years 316 days,Dindigul Dragons ,Bowler,Left-hand bat,Left-arm medium,,
VS Natarajan,date unknown ,,,,,,Umpire,
Bijoy Nath,date unknown ,,Tripura,,,,,
Kartar Nath,March 1  1969  Jammu ,49 years 38 days,Delhi,,Left-hand bat,Slow left-arm orthodox,,
Ranabir Ram Prasad Nath,May 16  1981  Howrah (now Haora)  Bengal ,36 years 327 days,Bengal,,Right-hand bat,Right-arm medium,,
Samarendra Nath,April 6  1941  Calcutta (now Kolkata)  Bengal ,77 years 2 days,Bengal,,Left-hand bat,Slow left-arm orthodox,,
Samarjit Nath,November 1  1981  Bongaigaon ,36 years 158 days,Assam,,Right-hand bat,,Wicketkeeper,
Swapan Nath,July 31  1960  Agartala  Tripura ,57 years 251 days,Tripura,,Right-hand bat,Right-arm offbreak,,
SP Nathan,date unknown ,,Albert TUTI Patriots ,,Right-hand bat,Right-arm offbreak,,
Mauzzam Mehboob Nathani,March 18  1984  Bombay (now Mumbai)  Maharashtra ,34 years 21 days,Kerala,,Right-hand bat,,Wicketkeeper,
Nazeem J Nathani,date unknown ,,Baroda ,,,,,
Douglas Codrington Nation,March 31  1916  Crowborough  Sussex  England ,,Northern India,,Right-hand bat,,Grandson - ,
Sandil Kannan Natkan,September 24  1983  Rajkot  Gujarat ,34 years 196 days,Saurashtra ,,Right-hand bat,Right-arm medium,,
Vijay Natke,date unknown ,,Services,,,,,
Natraj Bhuban Behera,May 28  1988  Rourkela  Orissa ,29 years 315 days,Kolkata Knight Riders ,,Right-hand bat,,,
Mehboob Khan Nausheer,December 24  1934  Hyderabad  Andhra Pradesh ,83 years 105 days,Hyderabad (India),,Left-hand bat,Slow left-arm orthodox,,
Dinesh Chand Nautiyal,August 12  1943  Lucknow  Uttar Pradesh ,74 years 239 days,Uttar Pradesh,,Left-hand bat,Slow left-arm orthodox,,
Raghuttam Navalli,November 29  1971 ,46 years 130 days,Bangalore Brigadiers (Urban),,Right-hand bat,,Wicketkeeper,
MS Navaneeth,April 17  1983  Kozhikode  Kerala ,34 years 356 days,Kerala,,Right-hand bat,Right-arm medium-fast,Umpire,
Navdeep Singh,January 24  1974  Chandigarh ,44 years 74 days,Punjab,,Right-hand bat,Slow left-arm orthodox,Umpire,
Naved Shakeel Ahmed,July 1  1986  Fatehpur  Uttar Pradesh ,31 years 281 days,Bengal,,Right-hand bat,Right-arm offbreak,,
Balachandra Naveen,July 9  1976 ,41 years 273 days,Belagavi Panthers,,Left-hand bat,Slow left-arm orthodox,,
M Gneshwar Naveen,May 24  1994  Mandya  Karnataka ,23 years 319 days,Bijapur Bulls,,Right-hand bat,Right-arm medium,,
Seetharama Rao Naveen,January 1  1980  Mysore  Karnataka ,38 years 97 days,Karnataka Under-16s ,,Right-hand bat,Right-arm bowler,Danny,
Garanapally Naveen Kumar,March 28  1977  Belampalli  Andhra Pradesh ,41 years 11 days,Combined Districts XI,,Right-hand bat,Right-arm offbreak,Navvulu,
Mekala Naveen Reddy,May 9  1984  Hyderabad  Andhra Pradesh ,33 years 334 days,Hyderabad Under-16s ,,,,,
Nagella Naveen Kumar,September 8  1992  Guntur  Andhra Pradesh ,25 years 212 days,Hyderabad (India),,Right-hand bat,Legbreak googly,,
V Navinatham,date unknown ,,Hyderabad (India),,,,,
M Navinchandra,date unknown ,,Mysore,,,,Wicketkeeper,
Janardan Gyanoba Navle,December 7  1902  Fulgaon  Maharashtra ,,India ,,Right-hand bat,,Wicketkeeper,
Navneet Singh,December 7  1994  Shahdol  Gujarat ,23 years 122 days,Baroda ,,Left-hand bat,Right-arm offbreak,,
Raghuttam Nawali,November 29  1971  Hanamsagar  Karnataka ,46 years 130 days,Karnataka,,Right-hand bat,,Wicketkeeper,
Ibrahim Nawaz,April 28  1987  Dispur  Assam ,30 years 345 days,Assam Under-16s,,Right-hand bat,Right-arm medium,Jonty,
Nawaz Hussain,date unknown ,,Indian Universities,,,,,
Pravat Nayak,January 22  1984  Puri  Orissa ,34 years 76 days,Orissa,,Right-hand bat,Right-arm offbreak,,
Subham Bidyut Nayak,October 25  1998  Bhadrak  Orissa ,19 years 165 days,India Under-19s ,,Right-hand bat,Right-arm offbreak,,
Sujit Surendra Nayak,June 23  1989  Mumbai ,28 years 289 days,Delhi Daredevils ,,Left-hand bat,Slow left-arm orthodox,,
Surendra Vithal Nayak,October 20  1954  Bombay (now Mumbai)  Maharashtra ,63 years 170 days,India ,,Left-hand bat,Right-arm medium  Legbreak,,
YK Nayak,date unknown ,,,,,,Umpire,
K Nayana,July 1  1936 ,81 years 281 days,Andhra,,Right-hand bat,,,
Abhishek Mohan Nayar,October 8  1983  Secunderabad  Hyderabad ,34 years 182 days,India ,Allrounder,Left-hand bat,Right-arm medium,,
Nayeem Bakshi,date unknown ,,Jammu &amp; Kashmir,,,,,
Nayeen Ahmed,date unknown ,,Jammu &amp; Kashmir,,,,,
B Nayudu,date unknown ,,Hindus,,,,,
Cottari Kanakaiya Nayudu,October 31  1895  Nagpur  Maharashtra ,,India ,,Right-hand bat,Right-arm offbreak,Brother - ,
CL Nayudu,date unknown ,,Hindus,,,,Brother - ,
CN Nayudu,date unknown ,,Holkar ,,,,Father - ,
CR Nayudu,date unknown ,,Maharaj Kumar of Vizianagram's XI,,,,Brother - ,
Cottari Subbanna Nayudu,April 18  1914  Nagpur  Maharashtra ,,India ,,Right-hand bat,Legbreak googly,Brother - ,
Prakash Nayudu,November 20  1937  Indore  Madhya Pradesh ,,Madhya Pradesh,,Right-hand bat,Legbreak googly,Father - ,
SS Nayudu,date unknown ,,Andhra ,,,,,
Venkatesh K Nayudu,date unknown ,,Rajasthan,,Right-hand bat,,,
Vijay K Nayudu,October 30  1944  Indore  Madhya Pradesh ,73 years 160 days,Madhya Pradesh,,,,Grandfather - ,
Abhisekh Nayyar,date unknown ,,Bombay Cricket Association President's XI,,,,,
Gautam Nayyar,date unknown ,,Services,,,,,
Manu Nayyar,May 9  1964  Delhi ,53 years 334 days,Delhi,,Right-hand bat,Right-arm offbreak,Referee,
Rajeev Nayyar,March 28  1968  Chamba  Himachal Pradesh ,50 years 11 days,Himachal Pradesh,,Right-hand bat,Legbreak googly,,
S Nayyar,October 28  1934  Chamba  Himachal Pradesh ,83 years 162 days,Himachal Pradesh,,Right-hand bat,,,
Sham Sunder Nayyar,October 15  1932  Jalandar  Punjab ,,Eastern Punjab,,Right-hand bat,Right-arm slow-medium,March 21  2009  St George’s Hospital  Tooting  South London (aged 76 years 157 days) ,
Shadab Nazar,June 14  1987  Bijnore ,30 years 298 days,Services,,Right-hand bat,Right-arm medium,,
Salus Nazareth,June 9  1932  Goa ,85 years 303 days,Mysore,,Right-hand bat,Legbreak,,
Kunjappan Nazer,July 30  1973  Palghat (now Palakkad)  Kerala ,44 years 252 days,Tamil Nadu,,Right-hand bat,,Wicketkeeper,
Mohammed Nazim Siddiqui,October 17  1994  Dhanbad  Jharkhand ,23 years 173 days,Jharkhand,,Right-hand bat,Right-arm medium,,
K Naziruddin,date unknown ,,Andhra,,,,,
Syed Nazir Ali,June 8  1906  Jullundur (now Jalandhar)  Punjab ,,India ,,Right-hand bat,Right-arm fast-medium,Brother - ,
Syed Nazir Ali,1910 ,,Maharashtra,,Left-hand bat,Left-arm fast  Slow left-arm orthodox,November 17  1959  Poona (now Pune)  Maharashtra (aged 49 years) ,
Nazir Hussain,date unknown ,,Muslims,,,,,
Syed Nazir Hussain,date unknown ,,Delhi,,,,,
Nazir Nizami,date unknown ,,Northern India,,,,,
George Rupert Neale,May 14  1900  Bogawantalawa  Ceylon ,,Europeans (India),,,,February 16  1969  Cuckfield  Sussex  England (aged 68 years 278 days) ,
Neelakantan,date unknown ,,Southern India,,,,,
Krishnaiyer Neelakantan,November 22  1958  Trivandrum (now Thiruvananthapuram)  Kerala ,59 years 137 days,Kerala,,Right-hand bat,Right-arm medium,,
Tirunellai Venkateswarier Neelakantan,June 7  1941  Palghat (now Palakkad)  Kerala ,76 years 305 days,Kerala,,Right-hand bat,,Mohan,
Neelambuj Vats,date unknown ,,Tripura,,,,,
Neeraj,date unknown ,,Hyderabad Cricket Association Colts XI,,,,,
Neeraj Sharma,November 27  1984  Amritsar  Punjab ,33 years 132 days,Delhi Under-16s,,Right-hand bat,,,
Neetu Kaushik,March 2  1981  Indore  Madhya Pradesh ,37 years 37 days,Madhya Pradesh Women,,Left-hand bat,Slow left-arm orthodox,Neerja,
Neetu Singh,December 6  1980  Samastipur  Bihar ,37 years 123 days,East Zone Women ,,Right-hand bat,Right-arm medium,,
Neetu Singh,May 22  1986  Kanpur  Uttar Pradesh ,31 years 321 days,Central Zone Women ,,Right-hand bat,Right-arm medium,Rashmi,
Amar Singh Negi,February 10  1966  Kota  Rajasthan ,52 years 57 days,Railways ,,Left-hand bat,Slow left-arm orthodox,,
Babita Negi,December 3  1989  Delhi ,28 years 126 days,Delhi Women,,Left-hand bat,,,
Dikshanshu Negi,May 10  1990 ,27 years 333 days,Bijapur Bulls ,,Right-hand bat,Right-arm medium,,
Naveen Negi,December 28  1974  Sonipat  Haryana ,43 years 101 days,Haryana ,,Right-hand bat,,Wicketkeeper,
Narender Negi,February 12  1978 ,40 years 55 days,Delhi ,,Right-hand bat,Right-arm medium,,
P Negi,date unknown ,,,,,,,
Pawan Negi,January 6  1993  Delhi ,25 years 92 days,Air India ,Bowler,Left-hand bat,Slow left-arm orthodox,,
Ritesh Negi,December 29  1987 ,30 years 100 days,Services,,Right-hand bat,Right-arm medium,,
Swapnesh Negi,December 26  1984  Kota  Rajasthan ,33 years 103 days,Rajasthan,,Right-hand bat,,Monu,
Ashish Nehra,April 29  1979  Delhi ,38 years 344 days,India ,Bowler,Right-hand bat,Left-arm medium-fast,,
Rahul Nehra,date unknown ,,Striking Panthers,,,,,
Moti Lal Nehru,date unknown ,,Jammu &amp; Kashmir,,,,,
Manil Mehra Nehru,date unknown ,,Jammu &amp; Kashmir,,,,,
Rameez Khan Nemat,November 14  1986 ,31 years 145 days,Jharkhand,,Right-hand bat,,,
Samarjit Neogi,date unknown ,,Assam,,,,,
Pradeep Neogy,May 28  1949  Poona (now Pune)  Maharashtra ,,Bengal,,Right-hand bat,Right-arm medium,December 1993  Calcutta (now Kolkata)  Bengal (aged 44 years) ,
Siddhesh Sunil Neral,June 3  1994  Nagpur ,23 years 309 days,Vidarbha,,Right-hand bat,Right-arm medium,,
Anant Nathrao Neralkar,July 20  1968  Nanded  Maharashtra ,49 years 262 days,Maharashtra,,Right-hand bat,Right-arm medium-fast,,
A Nerker,date unknown ,,Vidarbha,,,,,
Vishwas Digamber Nerurkar,October 1  1956 ,61 years 189 days,,,,,Umpire,
Lakshminarayan Nethra Iyer,February 1  1995  Madras (now Chennai)  Tamil Nadu ,23 years 66 days,Tamil Nadu Women,,Right-hand bat,Right-arm offbreak,,
Saurabh Naresh Netravalkar,October 16  1991  Mumbai ,26 years 174 days,United States of America ,,Right-hand bat,Left-arm fast-medium,,
W H Neville,date unknown ,,Delhi,,,,,
Newab Darshan Singh,June 27  1992  Jalandhar  Punjab ,25 years 285 days,Himachal Pradesh,,Right-hand bat,Right-arm medium,,
William Oswald Newsam,March 13  1892  Hastings  St Michael  Barbados ,,Europeans (India),,,,March 23  1972  Croydon  Surrey  England (aged 80 years 10 days) ,
Niaz Ahmed,date unknown ,,Jammu &amp; Kashmir,,,,,
Niaz Khan,date unknown ,,Jammu &amp; Kashmir,,,,,
Bernard James William Nicholas,October 26  1890 ,,Mysore,,,,July 24  1969  Dover  Kent  England (aged 78 years 271 days) ,
Lucius Nicholls,January 22  1885  Tendring  Essex  England ,,Europeans (India),,Right-hand bat,,September 3  1969  Brighton  Sussex  England (aged 84 years 224 days) ,
H G Nicolson,date unknown ,,Burma ,,,,,
G Nicul Anand,date unknown ,,Albert TUTI Patriots,,Right-hand bat,Right-arm offbreak,,
Mohanram Nidesh,July 28  1986  Shimago  Karnataka ,31 years 254 days,Shamanoor Davangere Diamonds,,Right-hand bat,Right-arm offbreak,,
Mattakandathil Dinesan Nidheesh,May 5  1991  Chembu  Kottayam  Kerala ,26 years 338 days,Kerala ,Bowler,Right-hand bat,Right-arm medium,,
S Nidhuvan,date unknown ,,Karnataka State Cricket Association XI,,,,,
Nidhuvan Kumar,April 17  1984 ,33 years 356 days,Mangalore United,,Right-hand bat,Right-arm offbreak,,
Mansingh Ramesh Nigade,October 2  1986  Pune  Maharashtra ,31 years 188 days,Maharashtra,,Right-hand bat,Right-arm offbreak,,
Rajendra Kumar Nigam,April 14  1949  Indore  Madhya Pradesh ,68 years 359 days,Madhya Pradesh,,,Slow left-arm orthodox,,
Tamanna Yogeshwar Nigam,December 7  1995  Bhopal  Madhya Pradesh ,22 years 122 days,Madhya Pradesh Women,,Right-hand bat,Right-arm medium-fast,,
Ujwala Vasudev Nikam,June 19  1958  Poona (now Pune)  Maharashtra ,59 years 293 days,India Women ,,,,,
Kesav Nikhil,October 10  1986  Margao (now Madgaon)  Goa ,31 years 180 days,Goa,,Right-hand bat,,Nikhy,
Nikhil Dias,date unknown ,,St Xavier's High School,,,,,
Nikhil Sharma,December 12  1985  Jammu ,32 years 117 days,Jammu &amp; Kashmir Under-16s ,,Left-hand bat,,,
Nikhil Sharma,date unknown ,,Jaipur Pink City Royals,,,,,
Nikin Jose,August 21  2000 ,17 years 230 days,Mysore Warriors,,Right-hand bat,,,
Nikita Singh,February 24  1997  Rewa  Madhya Pradesh ,21 years 43 days,Madhya Pradesh Women,,Right-hand bat,Right-arm medium-fast,,
S Nikith,May 17  1992 ,25 years 326 days,Jain Bangalore,,Right-hand bat,,Jain Bangalore,
Nikka Ram,July 1  1933 ,84 years 281 days,Maharaja of Patiala's XI ,,,,,
TC Nikum,date unknown ,,,,,,Referee,
R Nilesh Subramanian,date unknown ,,Chemplast ,,Left-hand bat,,Wicketkeeper,
Nilima Waghmare,July 13  1976  Nagpur  Maharashtra ,41 years 269 days,Vidarbha ,,Right-hand bat,Right-arm medium,,
Devashish Krishnakant Nilosey,December 4  1964  Indore  Madhya Pradesh ,53 years 125 days,Madhya Pradesh,,Right-hand bat,Right-arm medium-fast,Coach,
Pooja Shanti Nimavat,February 18  1995  Amreli  Saurashtra ,23 years 49 days,Saurashtra Women,,Right-hand bat,Slow left-arm orthodox,,
Bhausaheb Babasaheb Nimbalkar,December 12  1919  Kolhapur  Maharashtra ,,Baroda ,,Right-hand bat,Right-arm fast-medium,Wicketkeeper,
Raosaheb Babasaheb Nimbalkar,December 1  1915  Kolhapur  Maharashtra ,,India ,,Right-hand bat,Legbreak,Wicketkeeper,
Suryaji Bhausaheb Nimbalkar,September 14  1956  Karad  Maharashtra ,61 years 206 days,Maharashtra ,,Right-hand bat,Right-arm offbreak,,
Sandeep Nimsey,date unknown ,,Baharain Bravehearts,,Right-hand bat,Right-arm medium-fast,,
Ryan Ninan,November 19  1985  Thiruvananthapuram ,32 years 140 days,Goa ,Allrounder,Right-hand bat,Right-arm offbreak,5 ft 8 in ,
Nipan Deka,date unknown ,,Assam,,,,,
Savita Nirala,January 13  1986  Hyderabad  Andhra Pradesh ,32 years 85 days,India Under-21s Women ,Top-order batsman,Right-hand bat,Legbreak,,
Pagadala Saikumar Niranjan,December 16  1984  Hyderabad  Andhra Pradesh ,33 years 113 days,Hyderabad (India) ,,Left-hand bat,Legbreak,Nicky,
Niranjana Nagarajan,October 9  1988  Madras (now Chennai)  Tamil Nadu ,29 years 181 days,India Red Women ,Middle-order batsman,Right-hand bat,Right-arm medium,Ninja,
RS Nirmal,date unknown ,,Gujarat,,,,,
Nirmal Kumar,July 12  1974  Ajmer ,43 years 270 days,India Blind,,Right-hand bat,Right-arm bowler,Tuntun,
PS Nirmal Kumar,date unknown ,,Chepauk Super Gillies,,Right-hand bat,Legbreak,,
Nirmal Singh,date unknown ,,Jammu &amp; Kashmir,,,,,
Nirmal Singh,date unknown ,,Sikhs,,,,,
Shresth Nirmohi,November 2  1991  Ajmer  Rajasthan ,26 years 157 days,D.A.V College (Chandigarh) ,,Left-hand bat,Right-arm medium,D.A.V College Chandigarh,
V Nirukar,date unknown ,,,,,,Umpire,
Dega Nischal,October 19  1994  Bangalore  Karnataka ,23 years 171 days,Karnataka State Cricket Association XI,,Right-hand bat,Legbreak googly,,
Nischal Gaur,May 12  1971  Mandi  Himachal Pradesh ,46 years 331 days,Himachal Pradesh,,Right-hand bat,Right-arm medium,,
D Nisha,date unknown ,,Tamil Nadu Women,,,,,
Nishant Singh,date unknown ,,Bijapur Bulls,,,,,
Nishan Singh,September 3  1987  Sri Ganga Nagar  Rajasthan ,30 years 217 days,Rajasthan,,Right-hand bat,Right-arm medium,,
Syed Nishat Fatma,date unknown ,,Hyderabad (India) Women,,,,,
N Nishith,October 16  1990 ,27 years 174 days,Mangalore United,,Left-hand bat,,,
Mohammad Nissar,August 1  1910  Hoshiarpur  Punjab ,,India ,,Right-hand bat,Right-arm fast-medium,March 11  1963  Lahore  Punjab  Pakistan (aged 52 years 222 days) ,
Pudhuvacherry Nissar,September 20  1949  Tellicherry (now Thalassery)  Kerala ,68 years 200 days,Kerala,,Right-hand bat,,,
Nissar Khan,date unknown ,,Jammu &amp; Kashmir,,,,,
Gulab Nissar Khan,August 16  1937  Osmanabad  Maharashtra ,80 years 235 days,Maharashtra,,Right-hand bat,Right-arm bowler,,
Nithin Kumar,February 8  1981  Bangalore  Karnataka ,37 years 59 days,Mysore Maharaajas,,Right-hand bat,Right-arm offbreak,,
PD Nithish,date unknown ,,Rockstars,,,,,
Nitin Sharma,date unknown ,,Dehradun Devils,,,,,
Nitin Yadav,date unknown ,,Services,,Right-hand bat,Right-arm medium,,
V Nitish Rao,September 17  1990  Shahdol   Madhya Pradesh ,27 years 203 days,Chhattisgarh ,,Left-hand bat,Slow left-arm orthodox,,
Godugu Nityanand,December 1  1980  Hyderabad  Andhra Pradesh ,37 years 128 days,,,Right-hand bat,,,
Moses Nityanand,date unknown ,,Hyderabad (India),,,,,
Nivethan Radhakrishnan,date unknown ,,Karaikudi Kaalai,,Left-hand bat,Slow left-arm orthodox,,
NR Nivsarkar,date unknown ,,Holkar ,,,,Wicketkeeper,
S Nivsarkar,date unknown ,,Madhya Pradesh ,,,,,
Mohammed Niyas Nisar,date unknown ,,Hubli Tigers,,Right-hand bat,Right-arm medium,,
Nizamuddin Asif Nizam,February 26  1981  Trivandrum (now Thiruvananthapuram)  Kerala ,37 years 41 days,Kerala,,Right-hand bat,Right-arm medium,,
U Nizamuddin,March 18  1975 ,43 years 21 days,Bijapur Bulls,,Right-hand bat,Right-arm medium,,
Nizamuddin,date unknown ,,Kerala,,,,,
Nizam Yar Khan,date unknown ,,Hyderabad (India),,,,Wicketkeeper,
Nishal Nooruddin,October 5  1984  Kannur  Kerala ,33 years 185 days,Kerala,,Right-hand bat,Right-arm medium,,
Syed Nooruddin,May 31  1973  Raichur ,44 years 312 days,Shamanoor Davangere Diamonds,,Right-hand bat,Slow left-arm orthodox,,
Noor Mohammad,date unknown ,,Gujarat,,,,,
Shaik Noushad,May 7  1987  Nellore  Andhra Pradesh ,30 years 336 days,Andhra,,Right-hand bat,Right-arm medium,,
RM Nowfal,May 23  1979  Thrissur  Kerala ,38 years 320 days,Kerala,,Right-hand bat,Right-arm medium,Nowfy,
John Nuttall,date unknown ,,Bengal,,,Right-arm medium,,
Shah Nyalchand,September 14  1919  Dhrangadhra  Gujarat ,,India ,,Left-hand bat,Left-arm medium,January 4  1997  Junagadh  Gujarat (aged 77 years 112 days) ,
Piyush Negi,date unknown ,,Cricket Star XI,,Right-hand bat,Right-arm fast,,
Sushil Gupteshwar Ojha,May 2  1984  Allahabad  Uttar Pradesh ,33 years 341 days,Railways,,Right-hand bat,Left-arm medium,,
Omar Alam,March 7  1985  Srinagar ,33 years 32 days,Jammu &amp; Kashmir,,Right-hand bat,Right-arm medium,,
Aniruddha Janardhan Oak,September 4  1973  Pune  Maharashtra ,44 years 216 days,Maharashtra,,Right-hand bat,Right-arm medium,,
SD Oak,date unknown ,,Vidarbha,,,,,
Vasudev Vishnu Oak,November 1  1959  Poona (now Pune)  Maharashtra ,58 years 158 days,Maharashtra,,Right-hand bat,Right-arm fast-medium,,
W Oak,date unknown ,,Vidarbha,,,,,
Sunil Chandrasekharan Oasis,April 3  1973  Calicut (now Kozhikhode)  Kerala ,45 years 5 days,Kerala ,,Right-hand bat,Right-arm medium,,
Obaidullah,date unknown ,,Uttar Pradesh,,,,,
Khaja Obaidullah,August 1  1977  Hyderabad  Andhra Pradesh ,40 years 250 days,Hyderabad (India),,Right-hand bat,Right-arm medium,,
Mohammad-Al Obaidullah,August 20  1913  Calcutta (now Kolkata)  Bengal ,,Bengal,,Right-hand bat,Right-arm medium,February 1991 (aged 77 years) ,
Obaid Ahmed,December 2  1986  Srinagar  Kashmir ,31 years 127 days,Jammu &amp; Kashmir ,,Right-hand bat,,Wicketkeeper,
Praveen Oberoi,September 7  1953  Delhi ,64 years 213 days,Delhi,,Right-hand bat,Slow left-arm orthodox,,
Salil Oberoi,December 7  1983  Delhi ,34 years 122 days,Delhi ,,Right-hand bat,Right-arm bowler,,
L O'Callaghan,date unknown ,,Europeans (India),,,,,
Jayesh Arashi Odedra,October 20  1987  Bagvadar  Saurashtra ,30 years 170 days,Saurashtra,,Right-hand bat,Right-arm medium,,
Nilesh Rambhai Odedra,April 15  1973  Porbandar  Gujarat ,44 years 358 days,Saurashtra,,Left-hand bat,Right-arm offbreak,,
Niraj Rambhai Odedra,January 18  1975  Porbandar  Gujarat ,43 years 80 days,Saurashtra,,Right-hand bat,Right-arm offbreak,,
Keshav Rama Odedra,September 3  1941  Fatana  Gujarat ,76 years 217 days,Saurashtra,,Right-hand bat,Right-arm medium,,
R Odedra,date unknown ,,Saurashtra,,,,,
Odharji,date unknown ,,Sind,,,,,
Oghad Shankar,date unknown ,,Hindus,,,,,
Arun Muralidhar Ogiral,September 25  1942  Nagpur  Maharashtra ,,Vidarbha,,,,February 26  2004  Nagpur  Maharashtra (aged 61 years 154 days) ,
Bhawna Ohlan,April 4  1999  Rohtak  Haryana ,19 years 4 days,Haryana Women,,Right-hand bat,Right-arm medium-fast,,
Satish Ohlan,March 26  1982  Rohtak  Haryana ,36 years 13 days,Haryana,,Right-hand bat,,Wicketkeeper,
Sanjee Ohlan,date unknown ,,,,,,,
RK Ohri,date unknown ,,Services,,,,,
Abhishek Rajesh Ojha,date unknown ,,Mumbai Combined XI,,,,,
Harapriya Ojha,date unknown ,,Odisha Women,,Right-hand bat,Right-arm medium,,
Namita Birendra Ojha,March 4  1987  Hazaribag ,31 years 35 days,Tamil Nadu Women,,Right-hand bat,,,
Naman Vinaykumar Ojha,July 20  1983  Ujjain  Madhya Pradesh ,34 years 262 days,India ,Wicketkeeper batsman,Right-hand bat,,Wicketkeeper,
Pragyan Prayash Ojha,September 5  1986  Bhubaneswar  Orissa ,31 years 215 days,India ,Bowler,Left-hand bat,Slow left-arm orthodox,,
S Oliver,date unknown ,,Europeans (India),,,,,
Omanakuttan,date unknown ,,Kerala,,,,,
Dinakar Omakar,July 6  1985  Vasco da Gama  Goa ,32 years 276 days,Goa,,Right-hand bat,,Om,
Omkar Verma,October 23  1991  Raipur ,26 years 167 days,Chhattisgarh,,Right-hand bat,Right-arm medium,,
Omprakash Birju Yadav,November 2  1984  Bilaspur  Madhya Pradesh ,33 years 157 days,Madhya Pradesh,,Right-hand bat,Right-arm fast,,
Omveer Singh,July 5  1989 ,28 years 277 days,India Disable,,,,,
Om Kishore,date unknown ,,Delhi,,,,,
Om Kishore,date unknown ,,Delhi ,,,,,
Om Parkash,date unknown ,,Himachal Pradesh,,,Right-arm offbreak,,
Om Prakash,date unknown ,,Haryana,,,,,
Om Prakash,date unknown ,,Hindus,,,,,
Sandir Om Prakash,November 9  1929 ,,Jharkhand ,,,,October 8  1994 (aged 64 years 333 days) ,
Om Sharma,date unknown ,,,,,,Umpire,
Onkarnath,date unknown ,,Hindus,,,,,
Bibin Koshy Oommen,April 21  1985  Kayankulam  Kerala ,32 years 352 days,Kerala Under-16s,,Right-hand bat,Right-arm medium,Oomma,
Samarth NagaraddyOoty,September 1  1994  Haveri  Karnataka ,23 years 219 days,KSCA Colts XI,,Right-hand bat,Right-arm offbreak,,
Gordon Arthur Orford,August 18  1917  Thornton Heath  Surrey  England ,100 years 233 days,Europeans (India),,Right-hand bat,,Wicketkeeper,
Montague Henry Ormsby,November 11  1877  Rainton  Co Durham  England ,,Europeans (India),,,,October 20  1955  Woodbridge  Suffolk  England (aged 77 years 343 days) ,
Aadit Osatwal,May 28  1988  Calcutta (now Kolkata)  Bengal ,29 years 315 days,Bengal Under-14s,,Right-hand bat,Right-arm medium,Micku,
Robert Edward Osborne-Smith,July 18  1908  St Helier  Jersey  Channel Islands ,,Army,,,,December 13  1972  St Aubin  Jersey  Channel Islands (aged 64 years 148 days) ,
Kevin Peter Oscar,July 30  1987  Thumpolly  Alappuzha ,30 years 252 days,Kerala,,Right-hand bat,Right-arm medium,,
Anand Manohar Ovalekar,January 24  1976 ,42 years 74 days,India,,,,Umpire,
Izzat Oza,date unknown ,,Nawanagar,,,,,
Jayashuklal Oza,date unknown ,,Nawanagar ,,,,,
Jayantilal Oza,date unknown ,,Nawanagar ,,,,,
Naresh Oza,December 19  1958  Surendranagar  Gujarat ,59 years 110 days,Saurashtra,,Left-hand bat,,,
Nirali Lalitbhai Oza,February 13  1992  Jamnagar  Saurashtra ,26 years 54 days,Saurashtra Women,,Right-hand bat,Right-arm offbreak,,
Joshua Ben Ozukum,August 4  2000  Kolkata ,17 years 247 days,Cricket Association of Bengal Under-17s,,Right-hand bat,Right-arm medium,,
Priyank Kirit Panchal,April 9  1990  Ahmedabad ,27 years 364 days,Gujarat,,Right-hand bat,Right-arm medium,,
Ravi Kant Pandey,December 21  1986  Allahabad ,31 years 108 days,Services,,Right-hand bat,,,
Sachidanand Pandey,July 1  1996  Allahabad  Uttar Pradesh ,21 years 281 days,Services,,Right-hand bat,Right-arm medium,,
Pankaj Kumar Rao,October 19  1989  Paradi Bobbili ,28 years 171 days,Madhya Pradesh,,Right-hand bat,Right-arm medium,,
Pratharesh Ramnikbhai Parmar,May 25  1988  Gandhinagar  Gujarat ,29 years 318 days,Gujarat,,Right-hand bat,Right-arm offbreak,,
Anupam Sukhabhai Patel,May 1  1985  Jamshedpur  Bihar ,32 years 342 days,Gujarat,,Right-hand bat,Right-arm medium,,
Mehulkumar Balubhai Patel,January 18  1989  Gaviyar  Gujarat ,29 years 80 days,Gujarat Cricket Association XI,,Right-hand bat,Right-arm medium,,
Utkarsh Balwantbhai Patel,October 11  1987  Paradi  Gujarat ,30 years 179 days,Baroda,,Right-hand bat,Right-arm offbreak,,
Penta Rao,May 10  1985  Vishakapatnam ,32 years 333 days,Services,,Right-hand bat,,,
Reagan John Pinto,September 21  1991  Bombay (now Mumbai)  Maharashtra ,26 years 199 days,Goa,,Right-hand bat,Legbreak googly,,
Prasanjit Das,June 11  1987  Sodepur  Bengal ,30 years 301 days,Bengal ,,Right-hand bat,Legbreak,,
Prem Prateek,September 11  1987  Hisar ,30 years 209 days,Haryana,,Right-hand bat,Right-arm offbreak,,
Praveeth Kumar,date unknown ,,Cricket Star XI,,Right-hand bat,Right-arm fast,,
Parvinder Awana,July 19  1986  Delhi  India ,31 years 263 days,India ,Bowler,Right-hand bat,Right-arm medium,,
Amit Rakesh Pachhara,September 8  1995  Mathura  Uttar Pradesh ,22 years 212 days,Services ,,Right-hand bat,Right-arm offbreak,,
Gaurav Pachori,October 4  1987  Bilaspur  Madhya Pradesh ,30 years 186 days,Madhya Pradesh Under-14s,,Right-hand bat,Legbreak,Gaurav,
Padam Singh,date unknown ,,Rajasthan,,Right-hand bat,Right-arm medium,,
M B Padgett,date unknown ,,Rangoon Gymkhana,,,,,
Ashok K Padhi,January 3  1957  Brahmapur  Orissa ,61 years 95 days,Orissa,,Right-hand bat,Right-arm offbreak,,
Nimal C Padhi,date unknown ,,Orissa,,,,,
Kiran Deepak Padhiyar,March 25  1983  Bombay (now Mumbai)  Maharashtra ,35 years 14 days,Baroda,,Right-hand bat,,Wicketkeeper,
Keyur Sureshbhai Padia,May 31  1976  Ahmedabad  Gujarat ,41 years 312 days,Gujarat,,Right-hand bat,,,
Devdutt Padikkal,date unknown ,,Bellary Tuskers,,Left-hand bat,Right-arm offbreak,,
Ellutla Padmaja,April 19  2000  Tirupathi  Andhra ,17 years 354 days,Andhra Women,,Right-hand bat,Right-arm medium-fast,,
Vidya Shanmugampillai Padmakumar,December 2  1972  Trivandrum (now Thiruvananthapuram)  Kerala ,45 years 127 days,Kerala,,Right-hand bat,Right-arm medium,Umpire,
Ananthakrishnaiyer Padmanabhan,December 5  1939  Trivandrum (now Thiruvananthapuram)  Kerala ,,Kerala,,Right-hand bat,Right-arm medium,October 13  2010  Chennai  Tamil Nadu (aged 70 years 312 days) ,
Komadur Srinivasa Padmanabhan,November 13  1937  Hyderabad  Andhra Pradesh ,80 years 146 days,Andhra ,,,,,
N Padmanabhan,date unknown ,,Travancore-Cochin,,,,,
Padma Rao,date unknown ,,,,,,Umpire,
Padma Rao,date unknown ,,Hyderabad (India),,,,,
Padma Rao,date unknown ,,Railways,,,,,
Raja Padminder Singh,date unknown ,,Southern Punjab,,,,,
Amit Anil Pagnis,September 18  1978  Bombay (now Mumbai)  Maharashtra ,39 years 202 days,Mumbai ,,Left-hand bat,Right-arm medium,,
Sanjay Pahal,June 29  1993  Sonipat  Punjab ,24 years 283 days,Haryana,,Right-hand bat,Right-arm medium,,
Pahlajani,date unknown ,,Assam,,,,,
A Pahuja,date unknown ,,Jharkhand,,,,,
Ajit Manohar Pai,April 28  1945  Bombay (now Mumbai)  Maharashtra ,72 years 345 days,India ,,Left-hand bat,Right-arm fast-medium,,
Balaji Avinash Pai,January 24  1982  Hyderabad  Andhra Pradesh ,36 years 74 days,,,Right-hand bat,Right-arm medium,,
Karkulu Narayan Pai,July 2  1929  Kenkulu ,,Mumbai,,Right-hand bat,Right-arm fast-medium,June 30  1995  Bombay (now Mumbai)  Maharashtra (aged 65 years 363 days) ,
Mukundrao Damodar Pai,June 21  1883  Bombay (now Mumbai)  Maharashtra ,,Hindus,,Right-hand bat,,August 5  1948  Bombay (now Mumbai)  Maharashtra (aged 65 years 45 days) ,
Nitin R Pai,June 25  1962 ,55 years 287 days,,,,,Umpire,
Sanjay Pai,date unknown ,,,,,,Umpire,
Srinivas Anoop Pai,December 20  1984  Addis Ababa  Ethiopia ,33 years 109 days,Hyderabad (India),,Left-hand bat,Legbreak googly,Anu,
Viraj Ashok Pai,January 25  1980  Bombay (now Mumbai)  Maharashtra ,38 years 73 days,Mumbai,,Right-hand bat,Right-arm offbreak,,
Duncan Westlake Pailthorpe,December 8  1890  South Stoneham  Hampshire  England ,,Europeans (India),,,,December 21  1971  Alton  Hampshire  England (aged 81 years 13 days) ,
Onkar N Pajnu,date unknown ,,Jammu &amp; Kashmir,,,,,
Soumya Lakshminarayan Pakre,March 18  1989  Tribeny  Bengal ,29 years 21 days,Bengal,,Left-hand bat,Slow left-arm orthodox,Soumya Pakre,
Amit Krishna Pal,January 25  1980  Indore ,38 years 73 days,Madhya Pradesh,,Right-hand bat,Right-arm offbreak,,
Debabrata Gajanan Pal,April 26  1986  Bankura  Bengal ,31 years 347 days,Bengal Under-16s ,,Right-hand bat,Right-arm offbreak,Debu  Khokon,
Mohit Pal,November 25  1997 ,20 years 134 days,Sports College Lucknow,,Right-hand bat,Right-arm offbreak,Sports College Lucknow,
R Pal,date unknown ,,Uttar Pradesh,,,,,
Rajbahadur Golahi Pal,October 5  1993   Allahabad  Uttar Pradesh ,24 years 185 days,Air India,,Left-hand bat,Slow left-arm orthodox,,
Rambabu Nankhu Pal,January 1  1973  Allahabad  Uttar Pradesh ,,Uttar Pradesh,,Right-hand bat,,October 13  2007  Allahabad  Uttar Pradesh (aged 34 years 285 days) ,
Soumya Pal,October 17  1985  Calcutta (now Kolkata)  Bengal ,32 years 173 days,Bengal,,Left-hand bat,Slow left-arm orthodox,Somu,
Sarnendu Sankar Pal,December 25  1987  Bon  Hugli  Bengal ,30 years 104 days,Bengal Under-14s,,Right-hand bat,Legbreak,Babu,
Prakash Baban Palande,December 29  1980  Bombay (now Mumbai)  Maharashtra ,37 years 100 days,Mumbai,,Left-hand bat,Slow left-arm orthodox,,
V R Palekar,date unknown ,,Goa,,,,,
Adil H Palia,date unknown ,,,,,,Umpire,
Phiroze Edulji Palia,September 5  1910  Bombay (now Mumbai)  Maharashtra ,,India ,,Left-hand bat,Slow left-arm orthodox,September 9  1981  Bangalore  Karnataka (aged 71 years 4 days) ,
Sudip Swapankumar Palit,November 3  1982  Bihar ,35 years 156 days,Railways,,Right-hand bat,Right-arm medium,Joy,
Rajat Suresh Paliwal,December 24  1991  Sonepat  Haryana ,26 years 105 days,India A ,,Right-hand bat,Right-arm offbreak,,
Sunil Paliwal,December 31  1982 ,35 years 98 days,Madhya Pradesh,,Right-hand bat,Right-arm fast-medium,,
Abhay Hemchandra Palkar,November 9  1965  Baroda  Gujarat ,52 years 150 days,Baroda,,Right-hand bat,Left-arm fast-medium,,
Aniruddha Laxman Palkar,December 23  1960  Nagpur  Maharashtra ,57 years 106 days,Vidarbha,,Right-hand bat,Right-arm fast-medium,,
Manoj Sadashiv Palkhede,November 6  1983  Nasik  Maharashtra ,34 years 153 days,Maharashtra Under-19s,,Right-hand bat,Right-arm medium,,
SM Palsetia,date unknown ,,Sind,,,,,
Devika Palshikar,June 20  1979  Malvan  Maharashtra ,38 years 292 days,India Women ,,Right-hand bat,Right-arm medium,Sabug,
Sadashiv Gopal Palsule,December 3  1919  Belgaum  Karnataka ,,Maharashtra,,Right-hand bat,Legbreak,February 19  1996  Pune  Maharashtra (aged 76 years 78 days) ,
SH Palsule,date unknown ,,,,,,Umpire,
KV Palwankar,date unknown ,,Dr CR Pereira's XI,,,,,
Yeshwant Baloo Palwankar,1926 ,,Mumbai,,Left-hand bat,Right-arm medium-fast,June 19  2001  Pune  Maharashtra (aged 75 years) ,
Sonam Palzor,September 28  1986  Pelling  Sikkim ,31 years 192 days,Sikkim Under-16s,,Right-hand bat,Right-arm medium,Palzor,
Krishna Raj Pamani,May 20  1950  Mundra ,67 years 323 days,Bengal,,Right-hand bat,Right-arm medium,,
Agniv Subrata Pan,January 1  1997   West Midnapore  Bengal ,21 years 97 days,Bengal ,,Left-hand bat,,Wicketkeeper,
Sambhu Prasad Pan,January 3  1919  Calcutta (now Kolkata)  Bengal ,,,,,,Umpire,
Sambhu Prasad Pan,January 3  1919  Calcutta (now Kolkata)  Bengal ,,,,,,Umpire,
Asav Prahaladbhai Panchal,September 19  1997  Ahmedabad  Gujarat ,20 years 201 days,Gujarat ,,Left-hand bat,Slow left-arm orthodox,,
Bhavik Yogesh Panchal,June 15  1984  Nadiad  Gujarat ,33 years 297 days,Gujarat,,Left-hand bat,Slow left-arm orthodox,,
Darshan Suresh Panchal,August 1  1980  Bombay (now Mumbai)  Maharashtra ,37 years 250 days,Mumbai,,Right-hand bat,Right-arm offbreak,,
Jasu Panchal,date unknown ,,Gujarat,,,,,
Ketan Narottam Panchal,October 4  1986 ,31 years 186 days,Baroda,,Left-hand bat,Right-arm fast-medium,,
Kavish Bipin Panchal,September 6  1996  Ahmedabad  Gujarat ,21 years 214 days,Gujarat ,,Left-hand bat,Right-arm medium,,
Nayan Kaniyalal Panchal,September 7  1957  Ahmedabad  Gujarat ,60 years 213 days,Gujarat,,Right-hand bat,,,
Payal Panchal,April 22  1978  Ahmedabad  Gujarat ,39 years 351 days,Gujarat Women ,,Right-hand bat,Right-arm offbreak,Pinky,
Pooja Panchal,June 18  1995  Bijapur  Karnataka ,22 years 294 days,Karnataka Women,,Left-hand bat,Left-arm medium-fast,,
Yogendra Panchal,September 29  1982 ,35 years 191 days,Madhya Pradesh,,Right-hand bat,Slow left-arm orthodox,,
Arvind Jamnadas Panchasara,June 10  1950  Rajkot ,67 years 302 days,Saurashtra ,,Right-hand bat,Right-arm offbreak,,
B J Panchasara,date unknown ,,Baroda,,,,,
Govind Jadavjibhai Panchasara,April 1  1943  Badhuka ,75 years 7 days,Gujarat,,Left-hand bat,Left-arm medium-fast,,
Manish Bhagwandas Panchasara,August 10  1972  Indore  Madhya Pradesh ,45 years 241 days,Madhya Pradesh,,Right-hand bat,Right-arm offbreak,,
A Panda,May 21  1961  Cuttack  Orissa ,56 years 322 days,Orissa,,Left-hand bat,Slow left-arm orthodox,,
Bibhudutta Lingaraj Panda,March 14  1989  Cuttack  Orissa ,29 years 25 days,Orissa ,,Right-hand bat,Right-arm medium,,
Rabi Narayan Panda,October 4  1958  Puri  Orissa ,59 years 186 days,East Zone ,,Right-hand bat,,Referee,
Sumit Panda,December 3  1979  Jamshedpur  Bihar ,38 years 126 days,Bengal ,,Right-hand bat,Right-arm medium,Joy,
PN Pandav,July 6  1933  Poona (now Pune)  Maharashtra ,84 years 276 days,Maharashtra ,,,Slow left-arm orthodox,,
DP Pande,date unknown ,,Vidarbha,,,,,
Jay Shilpa Pande,September 20  1994   Pune  Maharashtra ,23 years 200 days,Maharashtra ,,Right-hand bat,Right-arm offbreak,,
Mukund M Pande,June 28  1968  Akot  Maharashtra ,49 years 284 days,Vidarbha,,,Slow left-arm orthodox,,
Madan Purushottam Pande,December 25  1943  Nagpur  Maharashtra ,,Vidarbha,,,,April 28  2014  Talegaon  Maharashtra (aged 70 years 124 days) ,
Nikhil Shirish Pande,March 31  1980  Pune  Maharashtra ,38 years 8 days,Maharashtra,,Right-hand bat,Right-arm medium-fast,,
Pankan Pande,July 20  1951  Indore  Madhya Pradesh ,66 years 262 days,Madhya Pradesh,,Right-hand bat,Right-arm offbreak,,
Ranjit Rajanikant Pande,February 1  1973  Pune  Maharashtra ,45 years 66 days,Maharashtra,,Right-hand bat,Right-arm medium,,
SB Pande,date unknown ,,Orissa,,,,,
Vinod Pande,July 1  1968  Allahabad  Uttar Pradesh ,49 years 281 days,Uttar Pradesh,,Left-hand bat,Slow left-arm orthodox,,
Alok Pandey,July 12  1982  Allahabad  Uttar Pradesh ,35 years 270 days,Uttar Pradesh,,Right-hand bat,,Bablu,
Arun Pandey,September 9  1978  Varanasi  Uttar Pradesh ,39 years 211 days,Bihar ,,Left-hand bat,Slow left-arm orthodox,,
Abhishek R Pandey,August 7  1988  Darekhu  Uttar Pradesh ,29 years 244 days,Railways,,Right-hand bat,Right-arm medium,,
Akshat R Pandey,March 19  1993  Firozabad  Uttar Pradesh ,25 years 20 days,Railways,,Left-hand bat,Right-arm medium,,
Anshuman Vachaspati Pandey,September 26  1975  Chhatarpur  Madhya Pradesh ,42 years 194 days,Madhya Pradesh,,Right-hand bat,Right-arm offbreak,,
Deependra Pandey,December 11  1985  Lucknow  Uttar Pradesh ,32 years 118 days,Uttar Pradesh Under-16s,,Right-hand bat,Right-arm offbreak,Dipu,
Dinesh Pandey,date unknown ,,Haryana,,,,,
