William John Cotterill,1863  Christchurch  Canterbury ,,Canterbury,,Right-hand bat,,Brother - ,
Henry Edward Welby Cotton,1845  St Austell  Cornwall ,,Auckland,,,,August 11  1907  Auckland (aged 62 years) ,
Kim Diane Cotton,February 24  1978  Auckland ,40 years 43 days,,,,,Umpire,
Gordon Graeme Coull,March 15  1928  Christchurch  Canterbury ,,Canterbury,,Right-hand bat,Slow left-arm orthodox,October 1  2004  Christchurch  Canterbury (aged 76 years 200 days) ,
Jean Marie Coulston,October 8  1934  Petone ,,New Zealand Women ,,Left-hand bat,Right-arm fast-medium,Nephew - ,
Robert Neil Couper,December 19  1927  Palmerston North  Manawatu ,,Otago,,Right-hand bat,Slow left-arm orthodox,March 24  1997  Taihape  Manawatu (aged 69 years 95 days) ,
Robert John McQueen Coupland,1918 ,,North Island Army,,,,March 8  1981  Titahi Bay  Wellington (aged 63 years) ,
Robert William Coupland,September 24  1904  Christchurch  Canterbury ,,Otago,,Right-hand bat,Right-arm offbreak,September 29  1968  Sydney  New South Wales  Australia (aged 64 years 5 days) ,
Arthur Henry Courtis,March 21  1881  Timaru  South Canterbury ,,,,,,Umpire,
Henry Donald Coutts,November 14  1866  Karapo ,,Taranaki,,,,April 30  1944  Wellington (aged 77 years 168 days) ,
Peter John Charles Coutts,November 3  1937  Napier  Hawke's Bay ,80 years 156 days,Central Districts ,,Right-hand bat,Right-arm offbreak,,
Verna Reed Coutts,1931 ,87 years,New Zealand Women ,,,,Verna McDonald,
Graham Ian James Cowan,October 4  1940  Wellington ,,,,,,Umpire,
Millie Rose Cowan,July 7  1993  Dunedin  Otago ,24 years 275 days,Otago Under-21s Women ,,Right-hand bat,Right-arm medium,,
Sarah Terese Cowan,November 22  1995  Hastings ,22 years 137 days,Central Districts Under-21s Women ,,Right-hand bat,Right-arm medium,,
Douglas Bruce Cowie,December 2  1946  Kaitaia  Northland ,71 years 127 days,,,Right-hand bat,Right-arm offbreak,Umpire,
John Cowie,March 30  1912  Auckland ,,New Zealand ,,Right-hand bat,Right-arm fast-medium,Umpire  Administrator,
Shirley Dawn Cowles,1940 ,78 years,Canterbury Women ,,,,,
William Patten Cowlishaw,November 1  1839  Sydney  New South Wales  Australia ,,Canterbury,,,,March 29  1903  Christchurch  Canterbury (aged 63 years 148 days) ,
Sacha Ellen Margaret Cowlrick,February 13  1975  Auckland ,43 years 54 days,Auckland Women,,Right-hand bat,Right-arm offbreak,,
Stanley Corbett Cowman,April 14  1923  Yorkshire ,,,,,,Umpire,
Stanley Corbett Cowman,April 14  1923  Heckmondwike  Yorkshire  England ,,,,,,Umpire,
Craig Cowper,date unknown ,,,,,,Umpire,
Cox,date unknown ,,,,,,Umpire,
Arthur Cox,date unknown ,,Canterbury,,Right-hand bat,,,
Keith Fortnam Sandford Cox,August 30  1903  Marton  Manawatu ,,Otago,,,,November 8  1977  Taupo  Waikato (aged 74 years 70 days) ,
Natalie Bridget Cox,August 21  1994  Dunedin  Otago ,23 years 230 days,Canterbury Under-21s Women ,,Right-hand bat,,,
Richard Dawson Cox,May 1  1951  Waipawa  Hawke's Bay ,66 years 342 days,New Zealand Under-23s,,Right-hand bat,Right-arm medium,,
Roseanne Erin Cox,June 29  1990  Auckland ,27 years 283 days,Auckland Women,,Left-hand bat,Left-arm medium,,
Theodolphus Alexander Cox,1855 ,,Wellington,,,,details unknown ,
Sidney W Coxon,date unknown  England ,,Auckland,,,,,
Angela Kate Coyle,November 10  1982  Auckland ,35 years 149 days,Auckland Women,,Right-hand bat,Right-arm medium,,
Terry Colin Crabb,July 23  1976  Auckland ,41 years 259 days,Denmark ,,Left-hand bat,Left-arm medium,,
Carl Antony Crafar,November 18  1964  Wanganui ,53 years 141 days,Central Districts,,Right-hand bat,Right-arm medium,,
Kirsty A Craig,date unknown ,,Canterbury Women ,,,,,
Mark Donald Craig,March 23  1987  Auckland ,31 years 16 days,New Zealand ,Bowler,Left-hand bat,Right-arm offbreak,,
Emmett Duncan Craik,November 25  1974  Hastings  Hawke's Bay ,43 years 134 days,Central Districts,,Right-hand bat,Right-arm medium,,
Albert Alexander Cramond,December 12  1881  Dunedin  Otago ,,Otago,,,,June 21  1954  Wellington (aged 72 years 191 days) ,
Cyril Gore Crawford,March 13  1902  Christchurch  Canterbury ,,Canterbury,,Right-hand bat,,Nephew - ,
Francis Roy Crawford,December 23  1917  Wellington ,,Wellington,,Right-hand bat,Legbreak,July 29  1996  Wellington (aged 78 years 219 days) ,
Adele Elizabeth Crawley,September 11  1983  Wellington ,34 years 209 days,Otago Women,,Right-hand bat,Right-arm medium,,
Ernest Elgood Crawshaw,1889 ,,Canterbury,,,,October 9  1918  France (aged 29 years) ,
William Joseph Crawshaw,1861  Melbourne  Victoria  Australia ,,Canterbury ,,Left-hand bat,,February 11  1938  Caterham  England (aged 77 years) ,
Michael Clayton Creagh,May 25  1845  Ireland ,,Otago,,,,May 27  1895  Dunedin  Otago (aged 50 years 2 days) ,
Thomas Michael Creed,1879  Paramatta  Sydney  New South Wales  Australia ,,Hawke's Bay,,,Right-arm offbreak,May 9  1950  Napier  Hawke's Bay (aged 71 years) ,
Thomas Elliott Creeks,1859 ,,Wellington,,,,September 27  1917  Auckland (aged 58 years) ,
Desmond Bruce Crene,August 19  1945  Kaitaia  Northland ,72 years 232 days,Northern Districts,,Left-hand bat,Right-arm medium,,
Arthur Edward Cresswell,August 7  1917  Christchurch  Canterbury ,,Central Districts ,,Right-hand bat,Right-arm fast-medium,Brother - ,
George Fenwick Cresswell,March 22  1915  Wanganui ,,New Zealand ,,Left-hand bat,,Brother - ,
John Sidney Crocker,April 28  1948  Dunedin  Otago ,69 years 345 days,,,,,Umpire,
Lindsay Mervyn Crocker,May 16  1958  Taumarunui  Wanganui ,59 years 327 days,Northern Districts,,Right-hand bat,Right-arm slow-medium,,
Ian Burns Cromb,June 25  1905  Christchurch  Canterbury ,,New Zealand ,,Right-hand bat,Right-arm fast-medium,March 6  1984  Christchurch  Canterbury (aged 78 years 255 days) ,
Melville John Crombie,1876  Wellington ,,Wellington,,,,April 23  1932  Wellington (aged 56 years) ,
Ingrid Cronin-Knight,October 6  1977  Auckland ,40 years 184 days,Auckland Women ,,Right-hand bat,,,
Brendon John Crook,June 29  1984  Lower Hutt  Wellington ,33 years 283 days,Wellington,,Left-hand bat,Right-arm medium,,
Ronald Clarence Crook,January 28  1907  Wellington ,,Wellington,,Right-hand bat,Right-arm fast,January 17  1943  Western Desert  Lybia (aged 35 years 354 days) ,
Christopher S Cross,date unknown ,,Nelson ,,,(unknown arm) fast,Brother - ,
H Cross,date unknown ,,Nelson,,,,Brother - ,
Kathleen Cross,June 28  1957  Taumarunui  King Country ,60 years 284 days,,,,,Umpire,
Hugh Edward Crosse,January 27  1896  Hastings  Hawke's Bay ,,Hawke's Bay,,,,Wicketkeeper,
GW Croudis,date unknown ,,Otago A,,,,,
David William Crowe,October 18  1933  Blenheim  Marlborough ,,Canterbury ,,Left-hand bat,Legbreak,Son - ,
Jeffrey John Crowe,September 14  1958  Auckland ,59 years 206 days,New Zealand ,,Right-hand bat,Right-arm bowler,Father - ,
Martin David Crowe,September 22  1962  Henderson  Auckland ,,New Zealand ,,Right-hand bat,Right-arm medium,Father - ,
Kylie Jayne Crowley,December 20  1990  Dunedin  Otago ,27 years 109 days,Otago Women,,Left-hand bat,,Wicketkeeper,
Cyril Lawrence Crowson,1906  North Witchford  Cambridgeshire ,,,,,,Umpire,
J Crowther,date unknown ,,Wellington,,,,,
William Robert James Croxford,September 4  1863  Clerkenwell  London  England ,,Otago,,,,Wicketkeeper,
Martyn Gilbert Croy,January 23  1974  Hamilton  Waikato ,44 years 75 days,Otago,,Right-hand bat,,Wicketkeeper,
Christopher Paul Cruikshank,May 12  1985  Hawera  Taranaki ,32 years 331 days,Central Districts,,Left-hand bat,Left-arm medium-fast,,
Charles Crump,November 7  1837  Derby  England ,,Otago,,,,February 22  1912  Palmerston North  Manawatu (aged 74 years 107 days) ,
William Charles Crump,February 3  1928  Auckland ,90 years 64 days,Auckland,,Right-hand bat,,Wicketkeeper,
Darren Paul Cudby,May 4  1982  Lower Hutt  Wellington ,35 years 339 days,Wellington Second XI,,Right-hand bat,,Wicketkeeper,
C A Cuff,date unknown ,,Canterbury,,,,,
Leonard Albert Cuff,March 28  1866  Christchurch  Canterbury ,,Auckland ,,,,Son - ,
M Culkin,date unknown ,,Central Districts Second XI,,,,,
Craig Derek Cumming,August 31  1975  Timaru  Canterbury ,42 years 220 days,New Zealand ,Opening batsman,Right-hand bat,,,
David Cummings,1942 ,76 years,,,,,Umpire,
Edwin Moon Cummings,January 29  1885  Dunedin  Otago ,,Otago,,,,November 22  1951  Christchurch  Canterbury (aged 66 years 297 days) ,
George Buck Cummings,September 21  1882  Dunedin  Otago ,,Auckland ,,,,December 30  1943  Auckland (aged 61 years 100 days) ,
Gerald Ian Cummins,November 11  1958  Rangiora  Canterbury ,59 years 148 days,Canterbury,,Left-hand bat,Right-arm fast-medium,,
Robert Smith Cunis,January 5  1941  Whangarei  Northland ,,New Zealand ,,Right-hand bat,Right-arm fast-medium,Son - ,
Stephen John Cunis,January 17  1978  Whakatane  Bay of Plenty ,40 years 81 days,Canterbury,,Right-hand bat,Right-arm fast-medium,Father - ,
Hamish J Cunliffe,date unknown ,,Otago,,Right-hand bat,,,
Amber Nicole Cunningham,October 14  2000  Oamaru  North Otago ,17 years 176 days,Otago Under-21s Women ,,Right-hand bat,Right-arm medium,,
Emily Grace Cunningham,July 5  1997  Bury St Edmunds  Suffolk ,20 years 277 days,Central Districts Under-21s Women ,,Right-hand bat,Right-arm offbreak,,
J Cunningham,date unknown ,,Taranaki,,,,,
William Henry Ranger Cunningham,January 23  1900  Christchurch  Canterbury ,,Canterbury,,Right-hand bat,Right-arm medium-fast,Nephew - ,
Clive James Currie,December 25  1955  Wellington ,62 years 104 days,Wellington,,Left-hand bat,Right-arm offbreak,,
Donald Cameron Currie,July 7  1934  Christchurch  Canterbury ,83 years 275 days,Canterbury ,,Right-hand bat,Legbreak,,
DE Currie,date unknown ,,,,,,Umpire,
Margaret Joyce Currie,1933 ,85 years,Canterbury Women ,,,,Joyce Innes,
Robin G Currie,date unknown ,,,,,,Umpire,
Samantha Rae Haereakau Curtis,October 28  1985  Auckland ,32 years 162 days,Auckland Women ,,Right-hand bat,Legbreak,Sam Barriball,
William Michael Curtis,August 30  1933  Auckland ,84 years 221 days,Wellington,,Left-hand bat,,Wicketkeeper,
John Arthur James Cushen,February 15  1950  Dunedin  Otago ,68 years 52 days,Auckland ,,Right-hand bat,Right-arm fast-medium,,
Arthur Sydney Hamilton Cutler,January 17  1913  Palmerston North  Manawatu ,,Otago,,Right-hand bat,Legbreak,August 27  1997  Invercargill  Southland (aged 84 years 222 days) ,
Charles Christian Ralph Dacre,May 15  1899  Devonport  Auckland ,,Auckland ,,Right-hand bat,Slow left-arm orthodox,Brother - ,
Life Marwell Dacre,October 6  1896  Devonport  Auckland ,,Auckland,,Right-hand bat,,Brother - ,
A E Dakin,date unknown ,,Canterbury,,,,,
Nathan Michael Daley,June 2  1977  Sydney  New South Wales  Australia ,40 years 310 days,Northern Districts,,Right-hand bat,,Wicketkeeper,
Richard William Dalgleish,1880  Galashiels  Selkirkshire  Scotland ,,Hawke's Bay,,,(unknown arm) medium,September 16  1955  Napier  Hawke's Bay (aged 75 years) ,
C J Dalton,date unknown ,,Wellington,,,,,
Helen Rachel Daly,May 26  1976  Hamilton  Waikato ,41 years 317 days,Canterbury Women ,,Right-hand bat,Left-arm medium,Helen Bastion,
John William D'Arcy,April 23  1936  Christchurch  Canterbury ,81 years 350 days,New Zealand ,,Right-hand bat,,,
William Alexander D'Arcy,January 30  1863  Orongaronga  Wairarapa ,,Taranaki,,,,1940  Wanganui (aged 76 years) ,
Darragh,date unknown ,,Southland,,,,,
Philip Godfrey D'Auvergne,June 23  1950  Invercargill  Southland ,67 years 289 days,Canterbury,,Left-hand bat,Slow left-arm orthodox,,
Robert Noel Davenport,November 26  1852  Adelaide  South Australia  Australia ,,Otago,,,,December 22  1934  Port Elliott  South Australia  Australia (aged 82 years 26 days) ,
Sean Benjamin Davey,April 8  1993  Tauranga  Bay of Plenty ,25 years 0 days,New Zealand Under-19s ,,Right-hand bat,Right-arm medium,,
Michael Philip Forbes Davidson,September 24  1981  Christchurch  Canterbury ,36 years 196 days,Canterbury,,Right-hand bat,Left-arm fast-medium,,
Michael Scott John Davidson,September 3  1992  Christchurch  Canterbury ,25 years 217 days,Canterbury ,,Left-hand bat,,,
Chris Andrew Davies,January 16  1980  Nelson  Nelson ,38 years 82 days,Otago,,Left-hand bat,Left-arm medium,,
Douglas Peter Davies,July 23  1956  Wellington ,61 years 259 days,,,,,Umpire,
BM Davis,date unknown ,,New Zealand,,,,Umpire,
Coleman Davis,date unknown ,,,,,,Umpire,
David Grant Davis,January 12  1902  Wanstead  Hawke's Bay ,,Hawke's Bay,,Right-hand bat,Right-arm medium,March 2  1995  Auckland (aged 93 years 49 days) ,
Harry Davis,date unknown ,,Canterbury,,Right-hand bat,Right-arm medium,,
Heath Te-Ihi-O-Te-Rangi Davis,November 30  1971  Lower Hutt  Wellington ,46 years 129 days,New Zealand ,,Right-hand bat,Right-arm fast,,
Te Ahu Trevor Davis,December 9  1985  New Zealand ,32 years 120 days,New Zealand Under-19s ,,Right-hand bat,Right-arm fast,,
J Dawe,date unknown ,,Canterbury,,,,,
William Hill Dawe,April 8  1825  Sherborne  Dorset  England ,,Canterbury,,,,August 12  1912 (aged 87 years 126 days) ,
Alexander Dawes,November 20  1859  Inverness  Scotland ,,Otago,,,,February 24  1939  Dunedin  Otago (aged 79 years 96 days) ,
Brian Day Dawson,July 30  1931  Invercargill  Southland ,86 years 252 days,,,,,Grandson - ,
Frederick Francis Dawson,June 19  1917  Timaru  Canterbury ,,Canterbury,,Right-hand bat,,April 27  1986  Christchurch  Canterbury (aged 68 years 312 days) ,
Garth James Dawson,October 17  1959  Invercargill  Southland ,58 years 173 days,Otago,,,,Son - ,
Greg Joseph Dawson,June 6  1989  Invercargill  Southland ,28 years 306 days,Canterbury,Opening batsman,Left-hand bat,,Grandfather - ,
James Hurren Martin Dawson,October 28  1937  Christchurch  Canterbury ,80 years 162 days,Canterbury,,,Right-arm fast-medium,,
Alecz Denny Day,April 1  1990  Brisbane  Queensland ,28 years 7 days,Wellington,,Right-hand bat,Right-arm offbreak,,
G Day,date unknown ,,Wellington,,,,,
Jeremy James Barton Dean,September 5  1985  Wellington ,32 years 215 days,Gloucestershire 2nd XI ,,Left-hand bat,,Wicketkeeper,
Kenneth Dean,date unknown ,,Hawke's Bay,,,,,
Alan Deane,date unknown ,,Auckland,,Right-hand bat,,,
Kenneth Robert Deas,July 10  1927  Papatoetoe  Auckland ,,Scotland ,,Right-hand bat,Slow left-arm orthodox,October 20  2000  Auckland (aged 73 years 102 days) ,
Andrew Philip de Boorder,July 6  1988  Hastings ,29 years 276 days,Auckland ,,Right-hand bat,Right-arm offbreak,Brother - ,
Derek Charles de Boorder,October 25  1985  Hastings ,32 years 165 days,Auckland ,,Right-hand bat,,Brother - ,
DM Deeble,date unknown ,,Auckland A,,,,,
J G Dees,date unknown ,,Wellington,,,,,
Colin de Grandhomme,July 22  1986  Harare ,31 years 260 days,New Zealand ,Allrounder,Right-hand bat,Right-arm fast-medium,Great-uncle - ,
Richard Paul de Groen,August 5  1962  Otorohanga  Waikato ,55 years 246 days,New Zealand ,,Right-hand bat,Right-arm fast-medium,,
GJ de Joux,date unknown ,,New Zealand Young Cricketers,,,,,
Harold Noel Dellow,February 14  1929  Ashburton  Canterbury ,89 years 53 days,Canterbury,,Left-hand bat,Right-arm medium,,
Herbert Seton De Maus,September 15  1871  Levuka  Fiji ,,Canterbury,,Right-hand bat,(unknown arm) slow,July 15  1932  Suva  Fiji (aged 60 years 304 days) ,
David Angus Dempsey,May 27  1955  Christchurch  Canterbury ,62 years 316 days,Canterbury,,Right-hand bat,Right-arm medium,,
John Michael Dempsey,September 28  1965  Papakura ,52 years 192 days,,,,,Umpire,
Charles Stewart Dempster,November 15  1903  Wellington ,,New Zealand ,,Right-hand bat,,Coach,
Eric William Dempster,January 25  1925  Wellington ,,New Zealand ,,Left-hand bat,Slow left-arm orthodox,August 15  2011  Dunedin  Otago (aged 86 years 202 days) ,
Henry Frederick Christian Dencker,1865  Upper Moteure  Nelson ,,Nelson,,,,1949  Te Awamutu  Waikato (aged 84 years) ,
Hono Evan Horrell Denham,May 18  1913  Brisbane  Queensland  Australia ,,Canterbury,,Right-hand bat,Legbreak,June 16  1991  Christchurch  Canterbury (aged 78 years 29 days) ,
J Denham,date unknown ,,Canterbury,,,,,
Bruce Victor Denison,June 22  1943  Auckland ,74 years 290 days,,,,,Umpire,
Ballantyne Dennison,May 19  1919  Dunedin  Otago ,,,,,,Umpire,
William Bankes Denshire,October 17  1853  Baston  Lincolnshire  England ,,Nelson,,,,April 29  1920  Ashburton (aged 66 years 195 days) ,
Thomas Henry Dent,1879  Sydney  Australia ,,Hawke's Bay,,Right-hand bat,Legbreak,September 11  1929  Kyogle  New South Wales (aged 50 years) ,
A Desai,date unknown ,,Northern Districts XI,,,,,
James William de Terte,January 16  1983  Sydney  New South Wales ,35 years 82 days,Central Districts,,Right-hand bat,Right-arm medium,,
Anton Paul Devcich,September 28  1985  Hamilton  Waikato ,32 years 192 days,New Zealand ,Opening batsman,Left-hand bat,Slow left-arm orthodox,,
Sophie Frances Monique Devine,September 1  1989  Wellington ,28 years 219 days,Adelaide Strikers Women ,,Right-hand bat,Right-arm medium,,
Alan John Devlin,October 2  1959  Rangiora  Canterbury ,58 years 188 days,Canterbury,,Left-hand bat,Right-arm medium,,
Albert Evelyn Dewes,April 1860  Blenheim  Marlborough ,,Auckland,,,,Wicketkeeper,
Alexander Dey,1872  Mosgiel  Otago ,,,,,,Umpire,
Brendon John Diamanti,April 30  1981  Blenheim  Marlborough ,36 years 343 days,New Zealand ,Batsman,Right-hand bat,Right-arm medium-fast,,
Arthur Edward Dick,October 10  1936  Middlemarch  Otago ,81 years 180 days,New Zealand ,,Right-hand bat,,Wicketkeeper,
Thomas Wallace Dick,April 10  1898  Maybole  Ayrshire  Scotland ,,,,,,Umpire,
Carlson Richard Wellesley Dickel,July 2  1946  Dunedin  Otago ,71 years 280 days,Canterbury ,,Right-hand bat,Legbreak,,
Thomas Henry Victor Dickel,July 31  1897  Dunedin  Otago ,,Otago,,,,February 18  1969  Dunedin  Otago (aged 71 years 202 days) ,
Clifford Wayne Dickeson,March 26  1955  Kawakawa  Northland ,63 years 13 days,Northern Districts,,Right-hand bat,Slow left-arm orthodox,,
George Dickinson,1828  Sheffield  Yorkshire  England ,,Canterbury,,,,June 15  1913  Christchurch  Canterbury (aged 85 years) ,
George Ritchie Dickinson,March 11  1903  Dunedin  Otago ,,New Zealand ,,Right-hand bat,Right-arm fast,March 17  1978  Lower Hutt  Wellington (aged 75 years 6 days) ,
Evon Joan Dickson,1934 ,84 years,New Zealand Women,,,,,
James Fairfield Wills Dickson,1887 ,,Wellington,,,,July 21  1970  Auckland (aged 83 years) ,
L Diehl,date unknown ,,,,,,Umpire,
M A Dind,date unknown ,,Wellington,,,,,
Barry Michael Joseph Dineen,September 17  1936  Christchurch  Canterbury ,81 years 203 days,Canterbury ,,Right-hand bat,Right-arm medium,,
William George Ditchfield,May 21  1903  Sydney  New South Wales  Australia ,,Otago,,Right-hand bat,Right-arm medium,March 21  1991  Dunedin  Otago (aged 87 years 304 days) ,
Robert John Diver,September 19  1974  Auckland ,43 years 201 days,Northern Districts,,Right-hand bat,,,
David Collins Dixon,November 26  1890  Fylde  Lancashire  England ,,Southland,,,,May 29  1974  Opotiki  Bay of Plenty (aged 83 years 184 days) ,
Ernest Richter Dixon,June 22  1854  Lee  England ,,Auckland,,,,January 9  1889  Hawke's Bay (aged 34 years 201 days) ,
William Gordon Dixon,July 21  1856  Little Sutton  Cheshire  England ,,Otago,,,,January 26  1938  Point Piper  New South Wales  Australia (aged 81 years 189 days) ,
Peter Wayne Dobbs,February 20  1968  Dunedin  Otago ,50 years 47 days,Otago,,Right-hand bat,,,
Anna Maree Dodd,October 24  1980  Foxton  Manawatu ,37 years 166 days,New Zealand Women ,,Right-hand bat,Right-arm offbreak,Anna Corbin,
Andrew Mark Dodd,November 17  1989  Dunedin  Otago ,28 years 142 days,Central Districts ,,Left-hand bat,Slow left-arm orthodox,,
Natalie Claire Dodd,November 22  1992  Hamilton ,25 years 137 days,Northern Districts Women,,Right-hand bat,Right-arm offbreak,,
Caitlin Ethne Clare Dodunski,March 6  1993  Hamilton ,25 years 33 days,Northern Districts Women,,Right-hand bat,Right-arm medium,,
Michael Richard Dodunski,December 18  1987  Hamilton ,30 years 111 days,Northern Districts A ,,Right-hand bat,Right-arm medium,,
Jack A Doig,1870  Beachworth  Australia ,,Southland,,,,November 24  1951  Invercargill  Southland (aged 81 years) ,
David Lindsay Donald,July 20  1933  Palmerston North  Manawatu ,84 years 262 days,Northern Districts,,Right-hand bat,Right-arm slow,,
Grant Thomas Donaldson,June 8  1976  Upper Hutt  Wellington ,41 years 304 days,Wellington,,Right-hand bat,Right-arm medium,,
John Bruce Donaldson,October 3  1919  Masterton  Wellington ,,Auckland,,Right-hand bat,Right-arm medium,January 25  1984  Auckland (aged 64 years 114 days) ,
Brendon P Donkers,date unknown ,,Canterbury,,,,,
Ian Telford Donnelly,February 26  1946  Timaru  Canterbury ,72 years 41 days,Auckland,,Right-hand bat,Right-arm offbreak,,
Jason Patrick T Donnelly,April 24  1987  Auckland ,30 years 349 days,Canterbury ,,Right-hand bat,Left-arm slow,,
Martin Paterson Donnelly,October 17  1917  Ngaruawahia  Waikato ,,New Zealand ,,Left-hand bat,Slow left-arm orthodox,October 22  1999  Sydney  New South Wales  Australia (aged 82 years 5 days) ,
Arthur E Donoghue,date unknown ,,Wellington,,Right-hand bat,,circa 1945  Wellington ,
Brad James Kelvin Doody,August 17  1973  Rangiora  Canterbury ,44 years 234 days,Canterbury,,Left-hand bat,Legbreak,,
Lucy Rose Doolan,December 11  1987  Lower Hutt  Wellington ,30 years 118 days,New Zealand Women ,,Right-hand bat,Right-arm offbreak,Occasional wicketkeeper,
RE Dore,date unknown ,,,,,,Umpire,
Michael Edmund Francis Dormer,April 22  1937  Lower Hutt  Wellington ,80 years 351 days,Auckland,,Right-hand bat,,Wicketkeeper,
Neil Dorreen,October 11  1901  Hampden  Otago ,,Canterbury,,Right-hand bat,,Wicketkeeper,
Deanna Mary Doughty,December 7  1993  Porirua  Wellington ,24 years 122 days,Wellington Women,,Right-hand bat,Legbreak,,
Graham William Douglas,May 13  1945  Nelson  Nelson ,72 years 330 days,Central Districts,,Right-hand bat,Left-arm medium,Son - ,
Mark William Douglas,October 20  1968  Nelson  Nelson ,49 years 170 days,New Zealand ,,Left-hand bat,,Father - ,
T Douglas,date unknown ,,Otago,,,,,
William Mackie Douglas,June 6  1903  Dunedin  Otago ,,Otago,,Left-hand bat,Slow left-arm orthodox,July 5  1981  Auckland (aged 78 years 29 days) ,
Judith D Doull,1938  Whakatane  Bay of Plenty ,80 years,Auckland Women ,,Right-hand bat,,Judi McCarthy,
Lincoln John Doull,January 8  1964  Pukekohe  Auckland ,54 years 90 days,Wellington,,Right-hand bat,Right-arm medium,Brother - ,
Simon Blair Doull,August 6  1969  Pukekohe  Auckland ,48 years 245 days,New Zealand ,,Right-hand bat,Right-arm medium,Brother - ,
Raymond Thomas Dowker,July 6  1919  New Brighton  Christchurch  Canterbury ,,Canterbury,,Right-hand bat,,Grandson - ,
Graham Thorne Dowling,March 4  1937  Christchurch  Canterbury ,81 years 35 days,New Zealand ,,Right-hand bat,Right-arm medium,Referee,
Lauren Renee Down,May 7  1995  Auckland ,22 years 336 days,Auckland Women ,,Right-hand bat,Right-arm medium,,
Alexander Dalziel Downes,February 2  1868  Emerald Hill  South Melbourne  Victoria  Australia ,,Otago,,Right-hand bat,Right-arm offbreak,February 10  1950  Dunedin  Otago (aged 82 years 8 days) ,
J Downes,date unknown ,,Hawke's Bay,,,,,
Leslie William Downes,September 19  1945  Lower Hutt  Wellington ,72 years 201 days,Auckland ,,Right-hand bat,,Wicketkeeper,
Thomas Alan Downes,January 12  1921  Palmerston North  Manawatu ,,Wellington,,,Left-arm fast,June 24  1960  Wellington (aged 39 years 164 days) ,
William Fowles Downes,1843  Nantwich  Cheshire  England ,,Otago,,,,January 1  1896  Wanganui (aged 53 years) ,
Arthur Brownall Drabble,February 12  1864  Llandudno  Caernarvonshire  Wales ,,Otago,,,,Wicketkeeper,
William Tasman Drake,December 2  1884  Hobart  Tasmania  Australia ,,Minor Associations,,,,April 15  1946  Hastings  Hawke's Bay (aged 61 years 134 days) ,
Terence Michael Dravitzki,February 11  1940  New Plymouth  Taranaki ,78 years 56 days,Central Districts,,Right-hand bat,,Wicketkeeper,
Frank William P Dredge,1880  Alderbury  Wiltshire  England ,,Wellington,,,,August 22  1916  France (aged 36 years) ,
Duncan John Drew,November 11  1976  Oamaru  Otago ,41 years 148 days,Otago,,Right-hand bat,,Wicketkeeper,
A Driscoll,date unknown ,,Southland,,,,,
Richard John Drown,May 2  1966  Hastings  Hawke's Bay ,51 years 341 days,Auckland,,Right-hand bat,Right-arm medium,,
Christopher James Drum,July 10  1974  Auckland ,43 years 272 days,New Zealand ,,Right-hand bat,Right-arm fast-medium,,
Emily Cecilia Drumm,September 15  1974  Avondale  Auckland ,43 years 205 days,Auckland Women ,,Right-hand bat,Right-arm medium  Legbreak,,
J Drummond,date unknown ,,Hawke's Bay,,,,,
Lance Richard Dry,December 14  1975  Wellington ,42 years 115 days,Wellington,,Right-hand bat,Legbreak,,
Charles Henry Dryden,1860  Wellington ,,Wellington,,,Legbreak,Brother - ,
Walter Edward Dryden,1864  Wellington ,,Wellington,,,,Brother - ,
Victor Henry Du Chateau,August 1  1911  Wellington ,,Wellington,,,,September 26  2005  Auckland (aged 94 years 56 days) ,
Albert George Duckmanton,October 9  1933  Christchurch  Canterbury ,,Canterbury,,Right-hand bat,Right-arm offbreak,February 1  2015  Christchurch  Canterbury (aged 81 years 115 days) ,
Liam Raymond Dudding,June 13  1994  Hamilton  Waikato ,23 years 299 days,Central Districts,,Right-hand bat,Right-arm medium,,
Edmund Thomas Dufaur,1849  St Pancras  London  England ,,Auckland,,,,Brother - ,
Frederick Eccleston Dufaur,September 14  1832  St Pancras  London  England ,,Auckland,,,,Wicketkeeper,
Percy Parker Espie Dufaur,1861  Marylebone  London  England ,,Auckland,,,,Brother - ,
Stuart William Duff,December 14  1962  Hastings  Hawke's Bay ,55 years 115 days,Central Districts,,Right-hand bat,Slow left-arm orthodox,,
WA Duff,date unknown ,,,,,,Umpire,
Jack Duffy,date unknown ,,Wellington,,Right-hand bat,,,
Jacob Andrew Duffy,August 2  1994  Lumsden  Southland ,23 years 249 days,New Zealand Under-19s ,,Right-hand bat,Right-arm fast-medium,,
Ryan Mitchell Duffy,March 25  1991  Frankton  Otago ,27 years 14 days,Otago ,,Right-hand bat,,Wicketkeeper,
Douglas Philip Dumbleton,April 27  1918 ,,Wellington,,,Right-arm medium,Umpire,
Arthur Alexander Keith Duncan,1860  Christchurch  Canterbury ,,Wellington,,,,February 13  1911  Wellington (aged 51 years) ,
AC Duncan,date unknown ,,Canterbury Second XI,,,,,
Arthur Duncan Stewart Duncan,1876  Ceylon ,,Wellington,,,,March 10  1951  Wellington (aged 75 years) ,
Alfred William Duncan,January 8  1895  Wellington ,,Wellington,,,Slow left-arm orthodox,January 21  1975  Wellington (aged 80 years 13 days) ,
Brenda M Duncan,date unknown ,,New Zealand Women,,,,,
Fou Malifa Duncan,August 6  1967  Apia ,50 years 245 days,Wellington Women,,Right-hand bat,Right-arm medium,Fou Charteris,
Graham Hugh Reid Duncan,December 1  1947  New Plymouth  Taranaki ,70 years 128 days,Central Districts,,Left-hand bat,,,
Hugh Duncan,August 26  1898  Auckland ,,Otago,,Right-hand bat,,August 31  1964  Blenheim  Marlborough (aged 66 years 5 days) ,
Stuart Ferguslie Duncan,July 15  1906  Dunedin  Otago ,,Otago,,Right-hand bat,,July 2  1971  Dunedin  Otago (aged 64 years 352 days) ,
William Mackay Duncan,December 29  1933  Christchurch  Canterbury ,,Northern Districts,,Right-hand bat,Left-arm medium,August 24  2008  Christchurch  Canterbury (aged 74 years 239 days) ,
David Edward Logan Dunlop,May 8  1855 ,,Canterbury,,,Legbreak,May 23  1900 (aged 45 years 15 days) ,
Eric Frederick Dunn,August 10  1929  Whangarei  Northland ,88 years 241 days,Auckland,,Right-hand bat,Right-arm medium,,
Robert Stephen Dunne,April 22  1943  Dunedin  Otago ,74 years 351 days,Otago,,Right-hand bat,Left-arm medium,Umpire,
Desmond Murray Dunnet,August 20  1913  Christchurch  Canterbury ,,Canterbury ,,Right-hand bat,,Wicketkeeper,
Brian Dunning,March 20  1940  Warkworth  Auckland ,,New Zealand ,,Left-hand bat,Right-arm medium,Dunno,
Edward James Dunning,1914 ,,Auckland,,Right-hand bat,,March 14  1937  Leigh  North Auckland (aged 23 years) ,
John Angus Dunning,February 6  1903  Omaha  North Auckland ,,New Zealand ,,Right-hand bat,,June 24  1971  Adelaide  South Australia  Australia (aged 68 years 138 days) ,
Jeanette Rose Dunning,March 4  1957  Wellsford  Auckland ,61 years 35 days,New Zealand Women ,,,,,
Lawrence Raymond Dunster,October 11  1908 ,,Canterbury,,Right-hand bat,,March 18  1968  Christchurch  Canterbury (aged 59 years 159 days) ,
William Henry Dustin,August 30  1909 ,,Wellington,,Right-hand bat,,2001 (aged 91 years) ,
Kevin Francis Dwyer,February 12  1929  Wellington ,89 years 55 days,Auckland,,Right-hand bat,,,
Percy William Dyhrberg,February 10  1920  Wellington ,,Central Districts,,Left-hand bat,,1995 (aged 74 years) ,
Ross Alexander Dykes,February 26  1945  Auckland ,73 years 41 days,Auckland,,Left-hand bat,,Wicketkeeper,
Kevin David Earl,March 22  1949  Katikati  Bay of Plenty ,69 years 17 days,,,,,Umpire,
Herbert Douglas Earney,1887 ,,Hawke's Bay,,,,January 10  1963  Napier  Hawke's Bay (aged 76 years) ,
AM Eastwood,date unknown ,,Auckland Under-21s Women,,,,,
Sean William Eathorne,May 5  1986  Dunedin  Otago ,31 years 338 days,New Zealand Under-19s ,,Right-hand bat,Right-arm offbreak,,
Robert James Ebert,March 26  1941  Lower Hutt  Wellington ,77 years 13 days,,,,,Umpire,
Robert John Ebert,1951 ,67 years,,,,,Umpire,
KE Ebrahim,date unknown ,,Canterbury Women,,,,,
Rochelle Rose Ebrey,June 21  1980  Howick  Auckland ,37 years 291 days,Auckland Women,Middle-order batsman,Right-hand bat,Right-arm medium,,
Albertus David Eckhoff,June 24  1875  Dunedin  Otago ,,Otago,,,,April 1  1949  Wellington (aged 73 years 281 days) ,
Lawrence Raymond James Eckhoff,May 19  1952  Dunedin  Otago ,65 years 324 days,Otago,,Right-hand bat,Right-arm fast-medium,,
Alfred George Eckhold,December 28  1885  Adelaide  South Australia  Australia ,,Otago,,,,October 24  1931  Dunedin  Otago (aged 45 years 300 days) ,
Warren Lex Eddington,October 14  1955  Methven  Canterbury ,62 years 176 days,Canterbury,,Right-hand bat,Right-arm medium,,
James Eden,1864 ,,Nelson,,,,Brother - ,
Thomas Gowland Eden,May 9  1855  Nelson ,,Nelson,,,,Brother - ,
William Eden,1851 ,,Nelson,,,,Brother - ,
Arthur John Edgar,May 22  1924  Auckland ,,Wellington,,Right-hand bat,,Son - ,
Bruce Adrian Edgar,November 23  1956  Wellington ,61 years 136 days,New Zealand ,,Left-hand bat,Right-arm bowler,Father - ,
David Baxter Edmonds,1907 ,,Auckland,,,,Wicketkeeper,
Ernest Edward Edmunds,August 11  1846  Worthing  Sussex  England ,,Wellington,,,,Wicketkeeper,
Mervyn Ray Edmunds,January 13  1932  Wellington ,86 years 85 days,Otago,,Right-hand bat,,Wicketkeeper,
H Edser,date unknown ,,Canterbury,,,,,
Stewart James Edward,November 1  1943  Hamilton  Waikato ,74 years 158 days,Otago,,Right-hand bat,Right-arm medium,,
Allan James Edwards,April 12  1920  Dunedin  Otago ,,Otago,,,,August 18  1942  at sea  off Cherbourg  France (aged 22 years 128 days) ,
Charles Howard Edwards,1852  Australia ,,Hawke's Bay,,,Right-arm slow,March 20  1924  Napier  Hawke's Bay (aged 72 years) ,
Graham Neil Edwards,May 27  1955  Nelson  Nelson ,62 years 316 days,New Zealand ,,Right-hand bat,,Wicketkeeper,
Lee Jonathan Edwards,April 21  1979  Wellington ,38 years 352 days,Wellington,,Right-hand bat,Right-arm fast-medium,,
Natalie Patricia Edwards,February 1  1989  Hamilton ,29 years 66 days,Northern Districts Women,,Right-hand bat,Right-arm medium,,
Dunu Eliaba,date unknown ,,Auckland,,,,,
Shannen Elliott,date unknown ,,Auckland Women,,,,,
Agnes Elizabeth Ell,January 17  1917  Wellington ,,New Zealand Women,,Right-hand bat,Right-arm medium-fast,Brother - ,
James Anthony Ell,September 15  1915  Lower Hutt  Wellington ,,Wellington,,Right-hand bat,,Wife - ,
Michael Borlase Elliot,May 26  1956  Kaikohe  Northland ,61 years 317 days,,,,,Umpire,
Grant David Elliott,March 21  1979  Johannesburg  Transvaal ,39 years 18 days,New Zealand ,Allrounder,Right-hand bat,Right-arm medium,St Stithians,
Graeme Mark Elliott,January 15  1960  Hamilton ,58 years 83 days,,,Right-hand bat,,Umpire,
Harry Sinclair Elliott,1870 ,,Taranaki,,,,1941  Hawera  Taranaki (aged 71 years) ,
I Elliott,date unknown ,,Auckland,,,,,
JG Elliott,date unknown ,,,,,,Umpire,
T Elliott,date unknown ,,Auckland,,,,Wicketkeeper,
William Leonard Tenison Elliott,1901 ,,Auckland,,Right-hand bat,,April 8  1970  Auckland (aged 69 years) ,
Andrew Malcolm Ellis,March 24  1982  Christchurch  Canterbury ,36 years 15 days,New Zealand ,Allrounder,Right-hand bat,Right-arm fast-medium,,
Harry Ellis,1878  Concord  New South Wales  Australia ,,Canterbury ,,,,Wicketkeeper,
Mark CG Ellis,date unknown ,,Canterbury Invitation XI,,,,,
Norman Ellis,1913 ,,Auckland,,Right-hand bat,,October 27  2005  Oamaru  Canterbury (aged 92 years) ,
Richard Hugh Ellis,May 22  1945  Nelson  Nelson ,72 years 321 days,Central Districts,,Right-hand bat,Right-arm medium,,
Samuel Howard Ellis,June 2  1889  Waipu  Northland ,,Auckland,,,,Wicketkeeper,
Marc Phillip Ellison,October 11  1986  Lower Hutt  Wellington ,31 years 179 days,Auckland ,,Right-hand bat,,,
Dave J Ellwood,date unknown ,,,,,,Umpire,
Cedric James Elmes,May 23  1909  Christchurch  Canterbury ,,Otago,,Left-hand bat,Slow left-arm orthodox,March 9  1995  Dunedin  Otago (aged 85 years 290 days) ,
LP Els,date unknown ,,,,,,Umpire,
Raymond William George Emery,March 28  1915  Auckland ,,New Zealand ,,Right-hand bat,Right-arm medium,December 18  1982  Auckland (aged 67 years 265 days) ,
England,date unknown ,,Wellington,,,,,
John Everest England,June 1  1940  Christchurch  Canterbury ,77 years 311 days,Canterbury,,Right-hand bat,,Wicketkeeper,
Jarrod Ian Englefield,December 18  1979  Blenheim  Marlborough ,38 years 111 days,Canterbury ,,Right-hand bat,,,
Wayne Steven Enoka,January 30  1970  Wellsford  Auckland ,48 years 68 days,Auckland,,Right-hand bat,Right-arm medium,,
Pieter Bernardus Erasmus,March 19  1983  South Africa ,35 years 20 days,Auckland,,Right-hand bat,Left-arm fast,,
Allex Dana Evans,July 20  1988  Auckland ,29 years 262 days,Wellington Women,,Right-hand bat,Right-arm medium,,
Cyril Edward Evans,January 10  1896  Christchurch  Canterbury ,,Canterbury,,Right-hand bat,Legbreak,May 13  1975  Christchurch  Canterbury (aged 79 years 123 days) ,
H Evans,date unknown ,,Wellington,,,,,
James Kerse Everest,March 28  1918  Frankton  Hamilton  Waikato ,,Auckland ,,Left-hand bat,Right-arm medium,September 28  1992  Hamilton  Waikato (aged 74 years 184 days) ,
Olaf James Nigel Everson,February 6  1912  Auckland ,,Otago,,Right-hand bat,,Wicketkeeper,
George Proudfoot Ewing,April 7  1851  Hillhead  Scotland ,,Auckland,,,,Wicketkeeper,
Paul Richard Facoory,August 3  1951  Dunedin  Otago ,66 years 248 days,Otago,,Right-hand bat,,,
Maria Frances Fahey,March 5  1984  Timaru  Canterbury ,34 years 34 days,Canterbury Women ,,Left-hand bat,Right-arm offbreak,,
Andrew Fairbairn,December 18  1862  Mallow  Ireland ,,Otago,,Left-hand bat,,July 24  1925  Marylebone  London  England (aged 62 years 218 days) ,
George Sumner Fairey,December 27  1884  Brightwater  Nelson ,,Hawke's Bay,,,Right-arm offbreak,June 17  1955  Napier  Hawke's Bay (aged 70 years 172 days) ,
Samuel Anthony Fairley,September 19  1980  Whakatane  Bay of Plenty ,37 years 201 days,Wellington,,Left-hand bat,Right-arm medium,,
Henry Albert Fannin,1870  Napier  Hawke's Bay ,,Hawke's Bay,,,,1959 (aged 89 years) ,
Ray Newson Farman,March 2  1927  Warkworth  Auckland ,,Auckland,,Left-hand bat,Right-arm offbreak,July 1  1996  Rarotonga  Cook Islands (aged 69 years 121 days) ,
Donald George Farquhar,1929  Dunedin  Otago ,,,,,,Umpire,
Anthony John Farrant,June 20  1955  Fairlie  Canterbury ,62 years 292 days,Canterbury,,Right-hand bat,Right-arm medium-fast,Brother - ,
David Graeme Farrant,August 1  1960  Fairlie  Canterbury ,57 years 250 days,Canterbury,,Right-hand bat,Right-arm medium,Brother - ,
Violet Helen Maude Farrell,August 20  1913  London ,,New Zealand Women ,,Right-hand bat,,Wicketkeeper,
Herman Fayen,1853 ,,Nelson,,,,1943  Taradale  Hawke’s Bay (aged 90 years) ,
Charles Devey Fearon,April 26  1846  Hunstanton  England ,,Canterbury,,,,October 21  1876  Nelson  Nelson (aged 30 years 178 days) ,
William Rex Fenton,May 8  1943  Auckland ,74 years 335 days,Auckland,,Right-hand bat,,,
Fairfax Frederick Fenwick,September 8  1852  Elsinore  Denmark ,,Otago,,,,Wicketkeeper,
Herbert Shakespeare Fenwick,1861  Köpenhamn  Denmark ,,Canterbury,,,,Wicketkeeper,
Rene Edouard Denis Ferdinands,May 3  1969  Colombo  Ceylon ,48 years 340 days,Northern Districts,,Right-hand bat,Slow left-arm orthodox,,
JL Ferguson,date unknown ,,,,,,Umpire,
Lachlan Hammond Ferguson,June 13  1991  Auckland ,26 years 299 days,New Zealand ,Bowler,Right-hand bat,Right-arm fast,Lockie,
G Fernley,date unknown ,,Hawke's Bay,,,,,
Danru Ferns,date unknown ,,Auckland ,,,,,
Desmond Joseph Ferrow,October 29  1933  Wollongong  New South Wales  Australia ,84 years 161 days,Northern Districts,,Right-hand bat,Right-arm offbreak,,
FG Fielding,date unknown ,,,,,,Umpire,
Christopher John William Finch,June 23  1975  Balclutha  Otago ,42 years 289 days,Otago,,Right-hand bat,Right-arm medium,,
Walter Philip Finch,October 12  1860  Dunedin  Otago ,,Hawke's Bay,,,,July 6  1943  Napier  Hawke's Bay (aged 82 years 267 days) ,
Brent R. Findlay,October 16  1985 ,32 years 174 days,Canterbury ,,Right-hand bat,Right-arm medium,,
Craig Owen Findlay,August 17  1971  Waipukurau  Hawke's Bay ,46 years 234 days,Central Districts,,Right-hand bat,Right-arm medium,,
James Lloyd Findlay,October 6  1895  Wellington ,,Canterbury,,Right-hand bat,Slow left-arm orthodox,Brother - ,
John Wilfred Findlay,November 27  1891  Wellington ,,Wellington,,,,Brother - ,
Dean John Howard Finlay,May 7  1965  Palmerston North  Manawatu ,52 years 336 days,Central Districts,,Right-hand bat,Left-arm fast-medium,,
Charles Gordon Finlayson,August 9  1889  Napier  Hawke's Bay ,,Auckland ,,Left-hand bat,Left-arm medium,July 9  1943  Otahuhu  Auckland (aged 53 years 334 days) ,
Joshua Liam Finnie,December 18  1996 ,21 years 111 days,Elite International Cricket Academy ,,Right-hand bat,Right-arm offbreak,,
Joseph Pentland Firth,March 25  1859  Cobden  West Coast ,,Nelson ,,Right-hand bat,Left-arm fast,April 13  1931  Wellington (aged 72 years 19 days) ,
Arthur Hadfield Fisher,February 11  1871  Nelson  Nelson ,,New Zealand ,,Right-hand bat,Left-arm medium,Brother - ,
Frederick Eric Fisher,July 28  1924  Johnsonville  Wellington ,,New Zealand ,,Right-hand bat,Left-arm medium,June 19  1996  Palmerston North  Manawatu (aged 71 years 327 days) ,
Ian David Fisher,March 1  1961  Auckland ,57 years 38 days,Auckland ,,Left-hand bat,Right-arm medium,,
Matthew John Fisher,November 10  1999  Auckland ,18 years 149 days,New Zealand Under-19s,Bowler,Right-hand bat,Right-arm medium-fast,,
Ronald Lewellin Fisher,1880  Canterbury ,,Canterbury,,,,Brother - ,
James Fitzgerald,March 20  1862  Pigeon Bay  Canterbury ,,Otago,,,,June 24  1943  Dunedin  Otago (aged 81 years 96 days) ,
James Errol Fitzgerald,October 23  1931  Dunedin  Otago ,,,,,,Umpire,
Nicholas Patrick Fitzgerald,October 28  1986  Otahuhu ,31 years 162 days,New Zealand Under-19s ,,Left-hand bat,,Wicketkeeper,
Shaun Matthew Fitzgibbon,September 24  1986  Invercargill  Southland ,31 years 196 days,New Zealand Under-19s ,,Right-hand bat,,Wicketkeeper,
Henry Samuel Fitzherbert,1851  Wellington ,,West Coast,,,,1912  Wellington (aged 61 years) ,
Edward Fitzsimmons,1869 ,,Wellington,,Right-hand bat,Right-arm offbreak,January 28  1942  Wanganui (aged 73 years) ,
John Patrick Flaherty,August 4  1942  Dunedin  Otago ,75 years 247 days,Otago,,Right-hand bat,Left-arm medium,,
Christopher Warren Flanagan,May 7  1964  Christchurch  Canterbury ,53 years 336 days,Canterbury,,Left-hand bat,Left-arm medium,,
Flanaghan,date unknown ,,Wellington,,,,,
Paula Bernadette Flannery,May 27  1974  Clyde  Otago ,43 years 316 days,Canterbury Women ,,Right-hand bat,Right-arm offbreak,,
Thomas Flaws,May 13  1932  Dunedin  Otago ,85 years 330 days,Otago,,Left-hand bat,,Wicketkeeper,
Stephen Paul Fleming,April 1  1973  Christchurch  Canterbury ,45 years 7 days,New Zealand ,Top-order batsman,Left-hand bat,,,
Cameron Dean Fletcher,March 1  1993  Auckland ,25 years 38 days,Auckland A ,,Right-hand bat,,Wicketkeeper,
Daniel Raymond Flynn,April 16  1985  New Zealand ,32 years 357 days,New Zealand ,Middle-order batsman,Left-hand bat,Left-arm slow,,
Robert Harwood Broughton Fogo,1896  Christchurch  Canterbury ,,Southland,,,,August 1964  Invercargill  Southland (aged 68 years) ,
Michael Foley,1854  Auckland ,,Taranaki ,,,,November 20  1904  Wellington (aged 50 years) ,
Henry Foley,January 28  1906  Wellington ,,New Zealand ,,Left-hand bat,,October 16  1948  Brisbane  Queensland  Australia (aged 42 years 262 days) ,
Lucy Margaret McLennan Foote,July 23  1990  Christchurch  Canterbury ,27 years 259 days,Otago Women,,Right-hand bat,Right-arm medium,,
Brian Stuart Ford,August 28  1970  Kaiapoi  Canterbury ,47 years 223 days,Canterbury,,Right-hand bat,Right-arm medium,,
Deborah L Ford,1965  New Zealand ,53 years,Canterbury Women ,,,,,
Roger Murray Ford,November 29  1965  Leeston  Canterbury ,52 years 130 days,Canterbury,,Right-hand bat,Right-arm fast-medium,,
W Ford,date unknown ,,Auckland,,,,Wicketkeeper,
Kevin Alexander Forde,November 22  1985  Invercargill ,32 years 137 days,Wellington,,Left-hand bat,Right-arm fast,,
Lindsay James Forde,July 27  1954  Dunedin  Otago ,63 years 255 days,Canterbury,,,(unknown arm) medium,,
Simon Francis Forde,January 25  1972  Tuatapere  Southland ,46 years 73 days,Otago,,Right-hand bat,Right-arm offbreak,,
Wolverley Attwood Fordham,September 9  1859  Broxbourne  Hertfordshire  England ,,Wellington,,,,February 24  1921  Achwell  Hertfordshire  England (aged 61 years 168 days) ,
Glen R Forgie,date unknown ,,Central Districts ,,Right-hand bat,Right-arm offbreak,,
James Cameron Forrest,June 16  1974  Auckland ,43 years 296 days,Auckland,,Left-hand bat,Right-arm medium,,
JT Forrester,date unknown ,,,,,,Umpire,
Cindy Leonie Forsyth,December 23  1980  New Plymouth  Taranaki ,37 years 106 days,Central Districts Women,,Left-hand bat,,,
H Forsyth,date unknown ,,Canterbury,,,,,
Philip Stanley Foster,April 4  1885  Timaru  Canterbury ,,Canterbury ,,Right-hand bat,Right-arm offbreak,March 20  1965  Christchurch  Canterbury (aged 79 years 350 days) ,
Roger James Fouhy,March 25  1972  Hamilton  Waikato  New Zealand ,46 years 14 days,Wellington ,,Right-hand bat,Right-arm medium-fast,,
Brian Graham Foulds,December 14  1944  Melbourne  Victoria  Australia ,73 years 115 days,Northern Districts,,Right-hand bat,Left-arm fast-medium,,
Liam Foulkes,date unknown ,,Namibia Under-19s,,,,,
JL Fourie,date unknown ,,,,,,Umpire,
John Nicholls Fowke,October 23  1859  Tenby  Pembrokeshire  Wales ,,Auckland ,,Right-hand bat,,Wicketkeeper,
Fowler,date unknown ,,Taranaki,,,,,
G Fowler,date unknown ,,Nelson,,,,Brother - ,
J Fowler,date unknown ,,Canterbury,,,(unknown arm) fast,,
L Fowler,date unknown ,,Nelson,,,,Brother - ,
Stanley Fowler,August 10  1854  Waimea South  Nelson ,,Nelson,,,,Brother - ,
George Henry Fox,February 20  1867  Tredington  Gloucestershire  England ,,Otago,,,,George Henry Lane-Fox,
Ronald Henry Fox,January 23  1880  Caversham  Dunedin  Otago ,,New Zealand ,,Right-hand bat,,Wicketkeeper,
William David Frame,August 31  1932  Mosgiel  Otago ,,Otago,,Right-hand bat,Right-arm medium-fast,February 12  1965  Papanui  Christchurch  Canterbury (aged 32 years 165 days) ,
John Patterson Emilius Francis,1846  Epping  Essex  England ,,Wellington,,,,April 6  1891  Auckland (aged 45 years) ,
Joan Winifred Francis,1921 ,,New Zealand Women ,,,Right-arm fast-medium,July 23  1961  Wellington (aged 40 years) ,
Scott William Sanders Francis,September 17  1974  Hamilton  Waikato ,43 years 203 days,Auckland,,Right-hand bat,,Wicketkeeper,
Ernest Hay Frankish,1876 ,,Canterbury,,,,Brother - ,
Frank Stanley Frankish,November 2  1872  Christchurch  Canterbury ,,New Zealand ,,,Left-arm fast-medium,Brother - ,
James Edward Charles Franklin,November 7  1980  Wellington ,37 years 152 days,New Zealand ,Allrounder,Left-hand bat,Left-arm medium,Aunt - ,
Trevor John Franklin,March 15  1962  Mount Eden  Auckland ,56 years 24 days,New Zealand ,,Right-hand bat,Right-arm medium,,
Fiona Elizabeth Fraser,September 6  1980  Wellington ,37 years 214 days,Canterbury Women ,,Right-hand bat,Right-arm medium,,
Ian Comyn Fraser,August 25  1902  Inverness  Scotland ,,Otago,,,,February 2  1990  Shrewsbury  Shropshire  England (aged 87 years 161 days) ,
Janice Mary Fraser,February 3  1979  Tokoroa  Waikato ,39 years 64 days,Central Districts Women ,,Right-hand bat,Right-arm medium,,
Linda Mary Fraser,October 30  1953 ,64 years 160 days,Auckland Women ,,,,,
Thomas Campbell Fraser,October 29  1917  Dunedin  Otago ,,Otago,,Right-hand bat,Right-arm slow-medium,May 20  1998  Dunedin  Otago (aged 80 years 203 days) ,
RC Frater,date unknown ,,,,,,Umpire,
Robert Ernest Frater,February 24  1902  Devonport  Auckland ,,Auckland,,Right-hand bat,,August 17  1968  Nelson  Nelson (aged 66 years 175 days) ,
Carl Frauenstein,October 23  1985  Stutterheim  South Africa ,32 years 167 days,Canterbury ,,Right-hand bat,Right-arm medium-fast,,
Krystina Anne Fredric,October 15  1985  Wellington ,32 years 175 days,Central Districts Women,Middle-order batsman,Right-hand bat,Right-arm medium,,
Alexander Abercrombie Freeman,1868  Napier  Hawke's Bay ,,Hawke's Bay,,,,July 18  1918  Wellington (aged 50 years) ,
Barry Thomas Freeman,February 28  1948  Dunedin  Otago ,70 years 39 days,Otago,,Right-hand bat,,Father - ,
