Sallie Davids,October 14  1926  Paarl  Cape Province ,91 years 176 days,,,,,Umpire,
Whalin Davids,March 9  1991  Oudtshoorn ,27 years 30 days,South Western Districts Under-19s,,Right-hand bat,Right-arm medium,,
Z Davids,date unknown ,,Eastern Province (SACB) ,,,,,
Donald Alexander Davidson,September 19  1904  Cape Town  Cape Province ,,Border ,,,,July 17  1985  East London  Cape Province (aged 80 years 301 days) ,
Hubert Eric Davidson,March 21  1905  Port Elizabeth  Cape Province ,,Eastern Province,,,,April 24  1987  Pinelands  Cape Town  Cape Province (aged 82 years 34 days) ,
James Davidson,date unknown ,,Natal,,,,,
Peter Robin Davidson,August 19  1924  Kearsney  Natal ,,Northerns,,Right-hand bat,Right-arm medium,May 4  2001  Umkomaas  KwaZulu-Natal (aged 76 years 258 days) ,
Christopher John Ellery Davies,July 24  1952  East London  Cape Province ,,Border,,Right-hand bat,Slow left-arm orthodox,February 14  2002  Parktown  Johannesburg  Gauteng (aged 49 years 205 days) ,
Douglas David Davies,No Details Known ,,Border ,,,,,
Eric Quail Davies,August 26  1909  King William's Town  Cape Province ,,South Africa ,,Left-hand bat,Right-arm fast,November 11  1976  Port Alfred  Cape Province (aged 67 years 77 days) ,
George R Davies,April 30  1933  Calcutta (now Kolkata)  Bengal  India ,84 years 343 days,Transvaal,,Right-hand bat,,,
Helen Ann Davies,July 29  1966  Cape Town  Cape Province ,51 years 253 days,South Africa Women ,,Right-hand bat,Right-arm medium,,
Melvyn Glen Davies,January 28  1950  Bethlehem  Orange Free State ,68 years 70 days,Natal ,,Left-hand bat,Left-arm medium,,
Marchant Starr Davies,May 31  1896  Balfour  Cape Province ,,Border ,,,,February 22  1973  Port Elizabeth  Cape Province (aged 76 years 267 days) ,
N Davies,date unknown ,,Griqualand West Women ,,,,,
Peter Casimir Davies,October 18  1928  Brakpan  Transvaal ,89 years 172 days,Northerns,,Right-hand bat,,,
Richard Edwyn Davies,1900 ,,Natal ,,,,January 4  1960  Cape Town  Cape Province (aged 60 years) ,
Laurence Edward Davis,September 13  1930  Lobito Bay  Angola ,,Eastern Province,,,,March 29  1974 (aged 43 years 197 days) ,
Mark Jeffrey Gronow Davis,October 10  1971  Port Elizabeth  Cape Province ,46 years 180 days,Marylebone Cricket Club ,,Right-hand bat,Right-arm offbreak,,
Neil Robert Davis,September 16  1962  Johannesburg  Transvaal ,55 years 204 days,Orange Free State,,Right-hand bat,Left-arm medium,,
Richard Peter Davis,December 30  1919  Pietermaritzberg  Natal ,98 years 99 days,Western Province,,,Left-arm bowler,,
Shane Ivan Davis,June 17  1967  Welkom  Orange Free State ,50 years 295 days,Orange Free State,,Right-hand bat,Right-arm medium,,
Thomas Winfield Davis,September 8  1944  Durban  Natal ,73 years 212 days,Natal,,Left-hand bat,Left-arm medium,,
Terence Andrew Davis-Taylor,September 2  1978  Uitenage  Eastern Cape ,39 years 218 days,South Western Districts,,Right-hand bat,Right-arm medium-fast,Daniel Pienaar Technical High School  University of Port Elizabeth,
A Dawood,date unknown ,,Transvaal (SACB),,,,,
Hassen Dawood,June 28  1976  Pretoria  Transvaal ,41 years 284 days,,,,,Umpire,
Junaid Dawood,October 2  1996  Cape Town ,21 years 188 days,Rondebosch Boys High School ,,Right-hand bat,Legbreak,Rondebosch Boys High School,
Alan Charles Dawson,November 27  1969  Cape Town  Cape Province ,48 years 132 days,South Africa ,,Right-hand bat,Right-arm medium-fast,,
H Dawson,date unknown ,,Western Province (SACB),,,,Wicketkeeper,
Kevin David Dawson,April 21  1957  East London  Cape Province ,60 years 352 days,Natal ,,Right-hand bat,Right-arm medium,,
Oswald Charles Dawson,September 1  1919  Rossburgh  Durban  Natal ,,South Africa ,,Right-hand bat,Right-arm medium,December 22  2008  Umhlanga  KwaZulu-Natal (aged 89 years 112 days) ,
Noel Trevor Day,December 31  1953  Johannesburg  Transvaal ,64 years 98 days,Northern Transvaal ,,Right-hand bat,,Wicketkeeper,
Devyesh Daya,March 6  2003  Standerton ,15 years 33 days,Mpumalanga Under-13s,,Right-hand bat,Legbreak,Standerton Primary,
Shivesh Daya,February 1  1995 ,23 years 66 days,Mpumalanga Under-19s,,Right-hand bat,Right-arm offbreak,Hoerskool Standerton,
Hillio Bernadino de Abreu,February 3  1993  Cape Town ,25 years 64 days,Western Province Under-19s,,Right-hand bat,Right-arm offbreak,,
Diego de Abrue,July 23  1999 ,18 years 259 days,Griqualand West Under-13s,,Right-hand bat,,St. Patricks,
Wycliffe Andrew Deacon,June 23  1980  Kroonstad  Orange Free State ,37 years 289 days,Eagles ,,Left-hand bat,Left-arm fast-medium,,
Damian de Allende,November 25  1991  Cape Town ,26 years 134 days,Springboks,,Right-hand bat,Right-arm slow-medium,6 ft 2 in ,
Hubert Gouvaine Deane,July 21  1895  Eshowe  Zululand ,,South Africa ,,Right-hand bat,,October 21  1939  Lower Houghton  Johannesburg  Transvaal (aged 44 years 92 days) ,
Henry Perrier Deane,September 16  1867  Balmain  Sydney  New South Wales  Australia ,,Natal,,,,Wicketkeeper,
John Deane,date unknown ,,Western Province,,,,,
CR Deare,date unknown ,,,,,,Umpire,
T Dearlove,date unknown ,,,,,,Umpire,
Conraad de Beer,date unknown ,,,,,,Umpire,
D De Beer,date unknown ,,Griqualand West,,,,,
Divan De Beer,June 20  1997 ,20 years 292 days,Easterns Under-15s,,Left-hand bat,Right-arm medium,Kempton Park High School,
Fritz du Plessis de Beer,July 6  1996 ,21 years 276 days,Boland ,,Left-hand bat,,Grey College,
Houlton Augustus De Beer,1866  Cradock  Cape Province ,,Griqualand West,,,,details unknown ,
Jandre de Beer,February 3  2000 ,18 years 64 days,Limpopo Under-13s,,Right-hand bat,Right-arm offbreak,Pietersburg Laerskool,
J de Beer,date unknown ,,,,,,Umpire,
Kevin de Beer,February 16  1977  Empangeni ,41 years 51 days,South Western Districts,,Right-hand bat,,Knysna High School,
Lonell de Beer,June 12  1980  Pretoria ,37 years 300 days,Northerns Women ,,Right-hand bat,Legbreak,,
Naps de Beer,January 1  1997 ,21 years 97 days,Gauteng Under-15s,,Left-hand bat,Right-arm fast,KES,
Shane de Beer,August 13  1994 ,23 years 238 days,North West Under-19s,,Right-hand bat,Right-arm offbreak,,
Stefan Pieter De Beer,May 19  1972  Bredasdorp  Cape Province ,45 years 324 days,Griqualand West,,Right-hand bat,Left-arm fast-medium,,
Tristan de Beer,September 23  1997 ,20 years 197 days,Wynberg Boys' High School,,Right-hand bat,,Wynberg Boys High School,
Lukholo Debeshe,April 6  1999 ,19 years 2 days,Eastern Province Under-13s,,Right-hand bat,Right-arm fast,Clarendon Park,
Connor de Boer,March 24  1999 ,19 years 15 days,Gauteng Under-13s,,Right-hand bat,Left-arm medium,Cliffview Primary,
Cornelius Jansen de Bruin,March 26  1986  Durban ,32 years 13 days,Griqualand West,,Right-hand bat,Right-arm medium,,
Gerhardus Johannes de Bruin,August 18  1982  Alberton  Transvaal ,35 years 233 days,Gauteng ,,Right-hand bat,Right-arm fast-medium,,
Hendrik J de Bruin,August 25  1943  Germiston  Transvaal ,74 years 226 days,,,,,Umpire,
Quinton Eugene de Bruin,August 12  1975  Durban  Natal ,42 years 239 days,Eastern Province,,Right-hand bat,Right-arm fast-medium,,
Rudy De Bruin,October 17  1944  Amsterdam  Netherlands ,73 years 173 days,Orange Free State,,Right-hand bat,Legbreak,,
Dian de Bruyn,March 23  1999 ,19 years 16 days,Free State Under-13s,,Right-hand bat,Legbreak,Kroonheuwel Primer,
Ettiene De Bruyn,March 31  1977  Pretoria  Transvaal ,41 years 8 days,Northerns,,Right-hand bat,,Wicketkeeper,
Pierre de Bruyn,March 31  1977  Pretoria  Transvaal ,41 years 8 days,Dolphins ,,Right-hand bat,Right-arm fast-medium,Occasional wicketkeeper,
Theunis Booysen de Bruyn,October 8  1992  Pretoria ,25 years 182 days,South Africa ,Middle-order batsman,Right-hand bat,Right-arm medium-fast,Tribbes,
Zander de Bruyn,July 5  1975  Johannesburg  Transvaal ,42 years 277 days,South Africa ,,Right-hand bat,Right-arm fast-medium,,
Paul de Chaud,February 19  1993  Johannesburg  Transvaal ,25 years 48 days,Gauteng Under-19s ,,Right-hand bat,Right-arm offbreak,,
Dale Robin Deeb,September 8  1990  Johannesburg  Transvaal ,27 years 212 days,Gauteng ,,Right-hand bat,Slow left-arm orthodox,,
Curtley Deelman,March 30  1998  Montagu ,20 years 9 days,Boland Under-15s,,Right-hand bat,Right-arm medium,Worcester Gymansium,
Stewart Michael Deenik,November 27  1972  Port Elizabeth  Cape Province ,,,,,,Umpire,
R A I Dees,date unknown ,,Orange Free State,,,,,
Dylan Deetlefs,June 23  1999 ,18 years 289 days,Border Under-17s,,Right-hand bat,Right-arm medium,,
Jade de Figerido,date unknown ,,KwaZulu-Natal Women,,,,,
Christopher De Freitas,June 2  2002  Welkom ,15 years 310 days,North West Under-13s,,Left-hand bat,Right-arm medium,Laerskool Saamtrek,
Keanu De Freitas,September 2  2002  Welkom ,15 years 218 days,Free State Under-13s,,Right-hand bat,,St Dominics,
Kyle Degambur,March 18  1994 ,24 years 21 days,Easterns,,,,,
Ian De Gersigny,June 22  1924  Durban  Natal ,,Natal,,Right-hand bat,,June 6  1967  Cedara  Natal (aged 42 years 349 days) ,
Xavier De Gersigny,May 11  1896  Natal ,,Natal,,,,May 16  1991  Durban  Natal (aged 95 years 5 days) ,
Gerrit Johan Deist,February 16  1973  Warmbaths  Transvaal ,45 years 51 days,Northerns,,Left-hand bat,Left-arm fast,,
Christoffel Johannes de Jager,May 31  1983  Pretoria  Transvaal ,34 years 312 days,Griqualand West,,Right-hand bat,,,
Clarens Valintyn De Jager,April 10  1917  Kuruman  Cape Province ,,Orange Free State,,,,December 7  1978  Bloemfontein  Orange Free State (aged 61 years 241 days) ,
Dudley Hayward De Jager,November 30  1918  Kuruman  Cape Province ,,Griqualand West ,,,,June 15  1987  Bloemfontein  Orange Free State (aged 68 years 197 days) ,
Girvacques de Jager,August 18  1995 ,22 years 233 days,Limpopo Under-17s,,Right-hand bat,Right-arm medium,HS Ben Vorster,
Johannes Jacobus De Jager,June 9  1968  Kroonstad  Orange Free State ,49 years 303 days,Orange Free State,,Right-hand bat,Slow left-arm orthodox,,
Wilfred de Jager,July 16  1975  Oudtshoorn ,,South Western Districts,,Right-hand bat,Right-arm medium,Bridgton Senior Secondary School,
Zian de Jager,January 22  2000 ,18 years 76 days,Gauteng Under-13s,,Right-hand bat,Right-arm offbreak,Emfuleni Park,
Ruan De Jong,date unknown ,,Potchefstroom Gimnasium High School,,Right-hand bat,Right-arm offbreak,,
Rehan de Jongh,July 5  1999 ,18 years 277 days,Paarl Boys High School,,Right-hand bat,Right-arm offbreak,,
Ralton Marco de Jongh,February 15  1994  Springbok ,24 years 52 days,Griqualand West Under-17s,,Right-hand bat,Right-arm medium,,
N de Kerk,date unknown ,,Northerns Women,,,,,
Christopher Dekker,July 23  1998 ,19 years 259 days,Eastern Province Under-17s,,Left-hand bat,Left-arm medium,,
Barend de Klerk,September 1  1997 ,20 years 219 days,Free State Under-15s,,Right-hand bat,Right-arm medium-fast,Grey College,
Jade de Klerk,February 24  1999 ,19 years 43 days,Eastern Province Under-13s ,Bowler,Right-hand bat,Slow left-arm orthodox,Woodridge,
Joshua De Klerk,January 16  2003  Stellenbosch ,15 years 82 days,Boland Under-13s,,Right-hand bat,Right-arm medium,Rhenish Primary,
M de Klerk,date unknown ,,Boland Women,,,,,
Nico de Klerk,December 19  1982  Johannesburg ,35 years 110 days,Easterns,,Left-hand bat,Right-arm offbreak,,
Nadine de Klerk,January 16  2000 ,18 years 82 days,Northerns Women ,,Right-hand bat,Right-arm medium,,
Nicole de Klerk,January 19  1999 ,19 years 79 days,KwaZulu-Natal Inland Women,,Right-hand bat,Right-arm medium,,
Pierre Michiel de Klerk,October 4  1932  Port Elizabeth  Cape Province ,85 years 186 days,,,,,Umpire,
Stephen De Klerk,April 15  2000  Vryburg ,17 years 358 days,Griqualand West Under-17s,,Right-hand bat,Legbreak,Kathu High,
Theodore Radloff De Klerk,November 26  1906  Pearston  Cape Province ,,Western Province,,,,July 2  1982  Durban  Natal (aged 75 years 218 days) ,
A de Kock,date unknown ,,,,,,Umpire,
Anthony F De Kock,February 1  1944  East London  Cape Province ,74 years 66 days,Border,,Right-hand bat,Right-arm offbreak,,
G de Kock,date unknown ,,Gauteng XI,,,,,
Grant Andrew de Kock,November 18  1976  Bellville  Cape Province ,41 years 141 days,Western Province,,Left-hand bat,Left-arm fast-medium,,
Hannes de Kock,May 3  1990 ,27 years 340 days,Free State Under-19s,,Right-hand bat,Right-arm medium,,
Hendrik Gabriel de Kock,December 12  1983  Pretoria ,34 years 117 days,Free State ,,Right-hand bat,Legbreak,,
Kevin De Kock,April 18  2001 ,16 years 355 days,Northern Cape Under-15s,,Left-hand bat,Right-arm medium,,
Marko de Kock,May 1  1997 ,20 years 342 days,Griqualand West Under-15s,,Left-hand bat,Right-arm medium-fast,Northern Cape High,
Marko de Kock,November 20  1996 ,21 years 139 days,Mpumalanga Under-17s,,Right-hand bat,Right-arm medium,HTS Middelburg,
Marco de Kock,June 18  2001  Free State ,16 years 294 days,Free State Under-15s,,Right-hand bat,,Grey College,
Manfred Stephen de Kock,February 3  1975  Paarl  Cape Province ,43 years 64 days,Boland,,Right-hand bat,,Wicketkeeper,
Quinton de Kock,December 17  1992  Johannesburg  Gauteng ,25 years 112 days,South Africa ,Wicketkeeper batsman,Left-hand bat,,Wicketkeeper,
R de Kock,date unknown ,,North West Women,,,,,
Shaun de Kock,May 7  1985  East London ,32 years 336 days,Border ,,Left-hand bat,Slow left-arm orthodox,,
Wendy de Kock,date unknown ,,,,,,Umpire,
Desmond de Koker,June 1  1991  Kimberley  Cape Province ,26 years 311 days,Free State ,,Right-hand bat,Right-arm medium-fast,,
Tim de la Hey,February 11  1991 ,27 years 56 days,KwaZulu-Natal Inland Under-19s,,Right-hand bat,Right-arm fast,,
Andre David de Lange,February 29  1984  Johannesburg  Transvaal ,34 years 38 days,Singapore ,,Right-hand bat,Right-arm medium,Cousin - ,
Connor De Lange,February 28  2000 ,18 years 39 days,Grey High School,Bowler,Right-hand bat,Legbreak,,
Cornelius Petrus Lourens de Lange,January 28  1958  Clocolan  Orange Free State ,60 years 70 days,Northern Transvaal Country Districts XI ,,Right-hand bat,Right-arm medium,Nephew - ,
Douglas George De Lange,October 9  1954  Welkom  Orange Free State ,,South African Universities,,Right-hand bat,Right-arm offbreak,August 10  1979  Greytown  Natal (aged 24 years 305 days) ,
HG de Lange,January 9  2000 ,18 years 89 days,Free State Under-13s,,Right-hand bat,Right-arm offbreak,Bloemfontein Laer,
Johannes De Lange,date unknown ,,Border Country Districts,,,,,
Marchant de Lange,October 13  1990  Tzaneen  Limpopo ,27 years 177 days,South Africa ,Bowler,Right-hand bat,Right-arm fast,,
Rynardt de Lange,February 3  1996 ,22 years 64 days,Limpopo Under-17s,,Right-hand bat,,HS Merensky,
Vone de Lange,date unknown ,,Limpopo Women,,,,,
Charles Sampson Delbridge,1892  Wynberg  Cape Town  Cape Province ,,Eastern Province,,,,1925  Kalk Bay  Cape Province (aged 33 years) ,
T de Lehey,date unknown ,,KwaZulu-Natal Inland Under-19s,,,,,
Julian Delicado,February 16  1995 ,23 years 51 days,Free State Under-17s,,Right-hand bat,Right-arm medium,Grey College,
Benjamin Erroll White Dell,August 28  1935  Steynsrus  Orange Free State ,,Orange Free State,,Right-hand bat,,Wicketkeeper,
Andrew John Delport,February 24  1968  Port Elizabeth  Cape Province ,50 years 43 days,Natal,,Right-hand bat,Slow left-arm orthodox,,
Cameron Scott Delport,May 12  1989  Durban  Natal ,28 years 331 days,Boost Defenders ,Allrounder,Left-hand bat,Right-arm medium,,
Louis Johannes Delport,February 12  1988 ,30 years 55 days,Western Province,,Left-hand bat,Slow left-arm orthodox,,
Ronald Frederick Delport,November 18  1931  Claremont  Cape Town  Cape Province ,86 years 141 days,Western Province,,Left-hand bat,Right-arm offbreak,,
SG Delport,February 26  2003  Pretoria ,15 years 41 days,Free State Under-13s,,Right-hand bat,Legbreak,Jordania,
Willem Jacobus Gerhardus Delport,January 17  1991  Port Elizabeth  Cape Province ,27 years 81 days,Eastern Province Under-19s,,Right-hand bat,,Wicketkeeper,
D Demas,date unknown ,,,,,,Umpire,
Jarred Demas,February 3  1999 ,19 years 64 days,Griqualand West Under-13s,,Right-hand bat,Legbreak googly,Kimberley Junior,
Steven Dembitzer,October 27  1989 ,28 years 163 days,Western Province Under-19s,,Right-hand bat,Right-arm medium-fast,,
E de Mello Koch,date unknown ,,Gauteng Women,,,,,
Elmane de Meyer,date unknown ,,Mpumalanga Women,,,,,
Arnold Davison Dende,July 27  1979  Zimbabwe ,38 years 255 days,,,,,Umpire,
Shaun de Necker,April 30  1996 ,21 years 343 days,Boland Under-17s,,Right-hand bat,,Paul Roos Gymnasium,
Rode De Neysschen,date unknown ,,Easterns Under-19s Women,,,,,
R de Neysshen,date unknown ,,Easterns Women,,,,,
Sebastian Denison-Brown,January 3  2000 ,18 years 95 days,Border Under-13s,,Right-hand bat,Right-arm fast,Selborne Primary,
Percival Luxmoore Denman,date unknown ,,Griqualand West,,,,March 11  1978 ,
Peter Henry Denne,August 8  1949  Gwelo (now Gweru)  Rhodesia ,,Western Province,,Right-hand bat,Right-arm medium,May 24  2000  Fish Hoek  Cape Town  Cape Province (aged 50 years 290 days) ,
Aubrey Dennis,May 27  1929  Benoni  Transvaal ,88 years 316 days,Northerns,,Left-hand bat,,,
Kilfoy Dennis,August 5  1930  Brakpan  Transvaal ,87 years 246 days,Northerns,,,Right-arm medium-fast,,
Trevor Owen Dennison,December 31  1956  Cape Town  Cape Province ,61 years 98 days,Border,,Right-hand bat,Right-arm fast-medium,,
Justin Jose De Nobrega,July 14  1979  Cape Town  Cape Province ,38 years 268 days,Western Province,,Right-hand bat,Right-arm medium,,
Walter Carlington Dent,April 3  1898  Kimberley  Cape Province ,,Griqualand West,,,,April 4  1957  Johannesburg  Transvaal (aged 59 years 1 days) ,
Rode de Nysschen,January 19  1998 ,20 years 79 days,Easterns Women,,Left-hand bat,Right-arm medium,,
David de Ponte,June 8  1995 ,22 years 304 days,South Western Districts Under-17s,,Right-hand bat,Right-arm medium,York High School,
Jason De Reuck,June 6  1979  Port Elizabeth  Cape Province ,38 years 306 days,Eastern Province,,Left-hand bat,Left-arm fast-medium,,
Ruall de Reuck,January 4  1981  George ,37 years 94 days,KwaZulu-Natal Inland,,Left-hand bat,Left-arm medium,PW Botha College  George,
M de Ridder,date unknown ,,Eastern Province Women,,,,Wicketkeeper,
Meike De Ridder,date unknown ,,Eastern Province Women,,,,Wicketkeeper,
Belinda Dermota,date unknown ,,South Africa Women,,,,,
M Desai,date unknown ,,Transvaal (SACB),,,,Son - ,
S Desai,date unknown ,,,,,,Umpire,
Ziyaad Desai,May 18  1980  Lenasia ,37 years 325 days,Gauteng,,Right-hand bat,Right-arm medium,Father - ,
Brian David Desfountain,June 19  1948  Port Elizabeth  Cape Province ,69 years 293 days,Eastern Province,,Left-hand bat,Slow left-arm orthodox,,
Jacinto de Silva,June 15  1996 ,21 years 297 days,Border Under-17s,,Right-hand bat,Right-arm fast-medium,Selborne College,
Rupert de Smidt,November 23  1883  Cape Town  Cape Province ,,Western Province,,Right-hand bat,Legbreak,August 3  1986  Cape Town  Cape Province (aged 102 years 253 days) ,
Jodi de Sousa,March 5  2002  Johannesburg ,16 years 34 days,Gauteng Under-13s,,Right-hand bat,Right-arm medium,St Stithians Boys' Preparatory,
D Desplace,date unknown ,,Natal (SACB),,,,,
Mark de Stadler,July 6  1975  Cape Town  Cape Province ,42 years 276 days,Western Province,,Right-hand bat,Right-arm medium,,
Abraham Jacobus De Swardt,April 3  1963  Bellville  Cape Province ,55 years 5 days,Boland,,Right-hand bat,Right-arm offbreak,,
Conrad de Swardt,October 15  1979  George ,38 years 175 days,KwaZulu-Natal Inland,,Right-hand bat,,Punt High School  Mossel Bay,
Ruan de Swardt,January 21  1998  Kempton ,20 years 77 days,Northerns Under-15s,,Left-hand bat,,Afrikaans Hoer Skool,
Colin Peter Dettmer,September 26  1958  Wynberg  Cape Town  Cape Province ,,Boland ,,Right-hand bat,Right-arm offbreak,January 12  2010  Midstream  Centurion  Gauteng (aged 51 years 108 days) ,
Kevin Ian Deutschmann,May 14  1944  King William's Town  Cape Province ,73 years 329 days,Border,,Right-hand bat,Left-arm fast-medium,,
Peter Derek De Vaal,December 3  1945  Cathcart  Cape Province ,72 years 126 days,Eastern Transvaal ,,Left-hand bat,Slow left-arm orthodox,,
Viraj Devdhara,March 23  1999 ,19 years 16 days,Limpopo Under-13s,,Right-hand bat,,Laerskool Messina,
Stanley Pierre De Vigne,June 8  1919  Keetmanshoop  South-West Africa ,,Northerns,,Right-hand bat,,January 17  1991  Kenilworth  Cape Town  Cape Province (aged 71 years 223 days) ,
Bradley de Villiers,December 4  1997  George ,20 years 125 days,South Western Districts,,Left-hand bat,Right-arm medium-fast,,
Abraham Benjamin de Villiers,February 17  1984  Pretoria ,34 years 50 days,South Africa ,Wicketkeeper batsman,Right-hand bat,Right-arm medium,Wicketkeeper,
C de Villiers,date unknown ,,Boland Women,,,,,
Cornelius Johannes Du Preez de Villiers,March 16  1986  Kroonstad  Orange Free State ,32 years 23 days,Eagles ,,Right-hand bat,Right-arm medium-fast,,
David De Villiers,August 7  1933  Kimberley  Cape Province ,84 years 244 days,Griqualand West,,Right-hand bat,Legbreak,,
Dirk Isaac De Villiers,July 20  1889  Wellington  Cape Province ,,Orange Free State ,,,,October 1  1958  Cape Town  Cape Province (aged 69 years 73 days) ,
Giliam Gerhardus Mattheus De Villiers,February 13  1947  Pretoria  Transvaal ,71 years 54 days,Northerns,,Right-hand bat,,,
Gavin John De Villiers,January 22  1967  Kimberley  Cape Province ,51 years 76 days,Griqualand West,,Right-hand bat,Legbreak,,
Hanre De Villiers,March 13  2001  Klerksdorp ,17 years 26 days,North West Under-15s,,Right-hand bat,Right-arm fast,Wesvalia High,
Jacques De Villiers,August 19  1954  Paarl  Cape Province ,63 years 232 days,Boland,,Right-hand bat,Right-arm fast-medium,,
Juandre de Villiers,March 16  1999 ,19 years 23 days,Boland Under-13s,,Right-hand bat,Right-arm fast,,
Jean de Villiers,February 24  1981  Paarl ,37 years 43 days,Springboks,,,,6 ft 3 in ,
John Garrett De Villiers,July 5  1956  Ladismith  Cape Province ,61 years 277 days,Boland,,Left-hand bat,Right-arm offbreak,,
John Olivier De Villiers,February 28  1930  Cape Town  Cape Province ,,Orange Free State ,,Right-hand bat,,July 3  1969  Tarkastad  Cape Province (aged 39 years 125 days) ,
Juan Pierre de Villiers,April 5  1989 ,29 years 3 days,Northerns ,,Right-hand bat,Right-arm fast-medium,,
J S De Villiers,date unknown ,,Eastern Province,,,,,
Konrad de Villiers,date unknown ,,Eastern Province Invitation XI,,Right-hand bat,Right-arm fast-medium,,
Leon De Villiers,September 23  1958  Boksburg  Transvaal ,59 years 197 days,Eastern Transvaal,,Right-hand bat,Legbreak,,
L de Villiers,date unknown ,,North West Women,,,,,
Louis Ewald De Villiers,September 27  1908  Muizenberg  Cape Town ,,Orange Free State,,Right-hand bat,Right-arm offbreak,Bloemfontein,
Matthew De Villiers,November 21  2000 ,17 years 138 days,Wynberg Boys' High School,,Right-hand bat,Right-arm medium,,
Marx de Villiers,October 13  1998  Bloemfontein ,19 years 177 days,Free State Under-15s,,Left-hand bat,Right-arm offbreak,Grey College,
Michael Craig de Villiers,May 10  1970  Cape Town  Cape Province ,47 years 333 days,Western Province,,Right-hand bat,Right-arm medium,,
Peter De Villiers,January 24  1941  Pretoria  Transvaal ,,Griqualand West,,Right-hand bat,,Sam,
Pieter Hendrik De Villiers,1867  Goede Hoop  near Stanford  Cape Province ,,Western Province,,,,August 23  1928  Stellenbosch  Cape Province (aged 61 years) ,
Pieter Robert de Villiers,April 3  2000 ,18 years 5 days,Hoer Volkskool,,Right-hand bat,Right-arm medium,,
Petrus Stephanus de Villiers,October 13  1964  Vereeniging  Transvaal ,53 years 177 days,South Africa ,,Right-hand bat,Right-arm fast-medium,Nephew - ,
Robert de Villiers,March 4  2000 ,18 years 35 days,North West Under-13s,,Right-hand bat,Right-arm medium,M L Fick,
Ronald F de Villiers,April 10  1940  Durban  Natal ,77 years 363 days,Rhodesia ,,Right-hand bat,Left-arm medium,,
Vincent Patrick Devitt,March 14  1905  Johannesburg  Transvaal ,,Transvaal,,,,June 30  1970  Johannesburg  Transvaal (aged 65 years 108 days) ,
Luke De Vlieg,March 13  1999 ,19 years 26 days,KwaZulu-Natal Under-17s,,Right-hand bat,,,
Dinesha Devnarain,November 12  1988 ,29 years 147 days,South Africa Women,,Right-hand bat,Right-arm medium,,
Dinesha Devnarian,date unknown ,,Gauteng Women ,,,,,
Dirk Johannes Jacobus De Vos,June 15  1975  Pretoria  Transvaal ,42 years 297 days,North West ,,Right-hand bat,Right-arm offbreak,,
Hendrik de Vos,date unknown ,,Lions Cubs,,,,,
Hendrik Moller De Vos,October 5  1969  Klerksdorp  Transvaal ,48 years 185 days,North West ,,Right-hand bat,,Wicketkeeper,
Jammie De vos,date unknown ,,Mpumalanga Under-19s Women,,,,,
M de Vries,date unknown ,,Boland ,,,,Wicketkeeper,
Rudi Angus De Vry,December 23  1977  Port Elizabeth  Cape Province ,40 years 106 days,KwaZulu-Natal,,Right-hand bat,Right-arm fast-medium,,
Mike Kenneth de Vrye,May 22  1986  Port Elizabeth ,31 years 321 days,Gauteng,,Right-hand bat,Right-arm fast,,
Michael De Waal,October 22  1937  Pretoria  Transvaal ,80 years 168 days,Northerns,,Right-hand bat,Slow left-arm orthodox,,
Andrew Christie Dewar,March 3  1971  East London  Cape Province ,47 years 36 days,Border,,Right-hand bat,,,
Matt Dewar,August 26  2000 ,17 years 225 days,Border Under-13s,Wicketkeeper,Right-hand bat,,Queens Junior,
Dennis Albert Harry Dewberry,December 25  1923  Cape Town  Cape Province ,,Orange Free State,,,,June 29  1989  Bloemfontein  Orange Free State (aged 65 years 186 days) ,
Granville Ruwayne de Wee,July 9  1988  Upington ,29 years 273 days,Griqualand West,,Right-hand bat,Right-arm fast,,
Patrick Richard John Dewes,April 28  1954  Johannesburg  Transvaal ,63 years 345 days,Natal,,Right-hand bat,Right-arm offbreak,,
Campbell de Wet,July 27  1999 ,18 years 255 days,Eastern Province Under-13s,,Right-hand bat,Right-arm fast,Grey Junior School,
Cameron James de Wet,March 22  1993 ,25 years 17 days,Grey High School,,,,,
Friedel de Wet,June 26  1980  Durban  Natal ,37 years 286 days,South Africa ,Bowler,Right-hand bat,Right-arm fast-medium,Grenswag High School; Tswane University of Technology  Pretoria,
Hennie Wouter de Wet,April 17  1989  Cape Town  Cape Province ,28 years 356 days,Boland ,,Right-hand bat,Right-arm medium-fast,,
Jéan De Wet,July 31  1997 ,20 years 251 days,KwaZulu-Natal Inland Under-17s,,Right-hand bat,Right-arm medium,Maritzburg College,
Burton Christopher de Wett,December 25  1980  East London  Cape Province ,37 years 104 days,Border ,,Left-hand bat,Legbreak googly,,
Michael De Wit,August 2  1997 ,20 years 249 days,Easterns Under-15s,,Right-hand bat,Right-arm fast,Benoni High School,
Christopher Ian Dey,May 15  1947  Durban  Natal ,70 years 328 days,Northerns,,Right-hand bat,,Wicketkeeper,
Devoux Deysel,March 30  2001 ,17 years 9 days,Limpopo Under-15s,,Right-hand bat,Right-arm fast,Frikkie Meyer,
Elmar Deysel,February 17  1993  Klerksdorp ,25 years 50 days,Free State Under-19s,,Right-hand bat,Right-arm fast-medium,,
Elmar Deysel,February 17  1993 ,25 years 50 days,Grey College,,Right-hand bat,Right-arm medium,,
Bennett Brian Deyzel,August 24  1951  Cape Town  Cape Province ,66 years 227 days,Griqualand West,,Right-hand bat,Right-arm fast-medium,,
Tony de Zorzi,August 28  1997 ,20 years 223 days,Gauteng Under-17s ,,Left-hand bat,Right-arm offbreak,King Edward VII,
Jacques de Graaf,March 20  1997  Pretoria ,21 years 19 days,Northerns Under-17s,,Right-hand bat,Right-arm medium-fast,,
B Dhlamini,date unknown ,,Easterns Women,,,,Wicketkeeper,
Bradley Dial,April 1  1995  Sunward Park  Boksburg  Gauteng ,23 years 7 days,Gauteng ,,Right-hand bat,Right-arm offbreak,St John's College,
Stefano di Bartolomeo,June 30  1995 ,22 years 282 days,Easterns Under-17s,,Right-hand bat,Right-arm medium,Benoni High,
Charles Wallace Dick,January 31  1902  East London  Cape Province ,,Border,,Right-hand bat,,June 10  1969  East London  Cape Province (aged 67 years 130 days) ,
Garfield Andrew Raymond Dick,September 30  1920  Bloemfontein  Orange Free State ,,Orange Free State,,,,July 24  1989  Bloemfontein  Orange Free State (aged 68 years 297 days) ,
Nakhane Dick,June 11  1988  Alice ,29 years 301 days,Border Under-19s,,Right-hand bat,Right-arm medium,,
Norman Alexander Dick,March 27  1900  Mafeking  Cape Province ,,Orange Free State,,,,August 2  1954  St John's  Newfoundland  Canada (aged 54 years 128 days) ,
Ryeford Thomas St Clarke Dick,July 17  1905  Mafeking  Cape Province ,,Orange Free State,,,,Wicketkeeper,
William James Aubrey Dick,August 21  1902  Mafeking  Cape Province ,,Orange Free State,,,,February 18  1985  Cape Town  Cape Province (aged 82 years 181 days) ,
Charles John Dickens,November 20  1924  Kimberley  Cape Province ,93 years 139 days,Griqualand West,,,,,
Walter Dickens,October 27  1883  Grahamstown  Cape Province ,,Griqualand West,,,,Wicketkeeper,
William Dickens,December 16  1888  Kimberley  Cape Province ,,Griqualand West,,,,December 15  1956  Johannesburg  Transvaal (aged 67 years 365 days) ,
Frank O Dickenson,No Details Known ,,Transvaal,,,,,
Thomas Matthew Dickerson,May 22  1889  East London  Cape Province ,,Border,,,,July 2  1970  East London  Cape Province (aged 81 years 41 days) ,
G L Dickinson,date unknown  England ,,Griqualand West,,,,,
L Dickman,date unknown ,,,,,,Umpire,
Matthew Dicks,May 29  1998  Durban ,19 years 314 days,KwaZulu-Natal Inland Under-15s ,,Right-hand bat,,Maritzburg College,
Sean Robert Dickson,September 2  1991  Johannesburg  Transvaal ,26 years 218 days,Kent ,,Right-hand bat,Right-arm medium,,
Cariston Diedericks,January 12  1997 ,21 years 86 days,Border Under-15s,,Right-hand bat,Right-arm offbreak,Hudson Park,
Cowan Diedericks,January 18  2001 ,17 years 80 days,Northerns Under-15s,,Right-hand bat,Right-arm fast,Pretoria Boys High,
G Diedericks,date unknown ,,,,,,Umpire,
Rainier Diedericks,May 13  2002  Pretoria ,15 years 330 days,Northerns Under-13s,,Left-hand bat,Left-arm fast,Wierdapark,
Wilfred Andrew Diedricks,March 6  1945  Cape Town  Cape Province ,,,,,,Umpire  Referee,
Cullum Dien Diem,May 12  1998  Cape Town ,19 years 331 days,Western Province Under-15s,,Right-hand bat,Right-arm medium,Bishops,
Hein Diemont,date unknown ,,,,,,Umpire,
Archibald Newcombe Difford,April 9  1883  Cape Town  Cape Province ,,Transvaal ,,,,September 20  1918  Palestine (aged 35 years 164 days) ,
Ivor Denis Difford,January 29  1873  Glastonbury  Somerset  England ,,Transvaal,,,,February 5  1949  Johannesburg  Transvaal (aged 76 years 7 days) ,
Isaac Dikgale,May 14  1995 ,22 years 329 days,Gauteng Under-17s,,Right-hand bat,Right-arm medium,King Edward,
William Thabo Dikgale,January 14  1988  Pretoria  Transvaal ,30 years 84 days,Northerns,,Right-hand bat,Right-arm offbreak,,
Reabetswe Dikgatswi,July 5  1999 ,18 years 277 days,North West Under-13s,,Right-hand bat,Right-arm medium,Sol Plaatjies,
Tumelo Dikhudu,date unknown ,,North West Under-19s,,,,,
Amogelang Dilape,December 6  1999 ,18 years 123 days,North West Under-13s,,Right-hand bat,Right-arm medium,Fields College,
Anda Dilima,February 15  2002  Paarl ,16 years 52 days,Western Province Under-13s,,Left-hand bat,Right-arm fast,Blouberg Ridge PS,
Khanya Dilima,April 30  1999 ,18 years 343 days,Western Province Under-17s,,Right-hand bat,Right-arm medium,,
Justin Greef Dill,November 10  1994  Port Elizabeth  Cape Province ,23 years 149 days,Boland ,,Right-hand bat,Right-arm medium,Paul Roos Gymnasium,
Michael Dilley,April 12  1970  Queenstown  Cape Province ,47 years 361 days,Border Country Districts,,Right-hand bat,Right-arm medium,,
Sifundo Beua Dimaza,November 5  1992  Queenstown  Eastern Cape ,25 years 154 days,Boland,,Left-hand bat,Slow left-arm orthodox,Desmond Tutu High School,
Desmond Edgar Dimbleby,September 11  1919  Cape Town  Cape Province ,,Eastern Province ,,Right-hand bat,,Brother - ,
Kenneth Graham Dimbleby,October 23  1914  Port Elizabeth  Cape Province ,,Eastern Province ,,Right-hand bat,,Brother - ,
A Dinath,date unknown ,,Rest of SACB ,,,,,
E Dindar,date unknown ,,Transvaal (SACB),,,,,
Nazier Dindar,February 12  1966  Lenasia  Transvaal ,,Transvaal ,,Right-hand bat,Right-arm medium,July 6  2015  Riyadh  Saudi Arabia (aged 49 years 144 days) ,
John Pierre Dineen,May 16  1947  East London  Cape Province ,70 years 327 days,,,,,Umpire,
Mihle Dingiswayo,February 21  2002  George ,16 years 46 days,South Western Districts Under-13s,,Right-hand bat,Right-arm medium,Holy Cross Primary,
Thapelo Dinkebogile,November 1  1994  Klerksdorp ,23 years 158 days,North West Under-19s,,Right-hand bat,Right-arm medium,,
Derryck Morris Dinkelman,August 1  1925  Hillcrest  Natal ,92 years 250 days,Natal,,Left-hand bat,Slow left-arm orthodox,,
Lazola Dipha,October 17  1982  Port Elizabeth  Cape Province ,35 years 173 days,Eastern Province,,Right-hand bat,Right-arm fast-medium,,
Hendrik Human Dippenaar,June 14  1977  Kimberley  Cape Province ,40 years 298 days,South Africa ,,Right-hand bat,Right-arm offbreak,,
Joshua Archibald Dippenaar,May 31  1993 ,24 years 312 days,Grey High School,,,,,
Johannes Newty Diseko,October 2  1990  Potchefstroom  Transvaal ,27 years 188 days,Eagles ,,Right-hand bat,Slow left-arm orthodox,,
Tshepang Alvin Dithole,March 10  1993  Krugersdorp  Johannesburg ,25 years 29 days,Border ,,Left-hand bat,Right-arm offbreak,,
M Ditshwanelo,date unknown ,,Free State Women,,,,,
Peter John Dix,March 27  1942  Johannesburg  Transvaal ,76 years 12 days,Northerns,,Right-hand bat,,,
Grant Dixie,February 15  1997 ,21 years 52 days,Eastern Province Under-15s,,Right-hand bat,Right-arm fast,St. Andrews College,
Cecil Donovan Dixon,February 12  1891  Potchefstroom  Transvaal ,,South Africa ,,Right-hand bat,Right-arm medium,Father - ,
Gavin Bert Dixon,August 30  1960  Grahamstown  Cape Province ,57 years 221 days,Eastern Province Country Districts,,Right-hand bat,Right-arm medium,,
H O Dixon,date unknown ,,Orange Free State,,,,,
Ian George Dixon,September 10  1933  Glenwood  Durban  Natal ,84 years 210 days,Natal,,Right-hand bat,Right-arm offbreak,,
L A Dixon,date unknown ,,Griqualand West,,,,,
Sean Robert Dixon,September 30  1986  Durban ,31 years 190 days,KwaZulu-Natal,,Right-hand bat,Right-arm medium-fast,,
Tristan Dixon,April 23  1997 ,20 years 350 days,KwaZulu-Natal Under-15s,,Right-hand bat,Right-arm medium-fast,Kearsney College,
Thomas James Dixon,October 6  1847  Shoreditch  London  England ,,Transvaal,,,,Son - ,
Lucky Dladla,date unknown ,,Dolphins Cubs,,,,,
Nhlanhla Dladla,August 9  1980  Pietermaritzberg  Natal ,37 years 242 days,KwaZulu-Natal,,Right-hand bat,Right-arm fast-medium,,
Ayanda Dlamini,June 24  1991  Swaziland ,26 years 288 days,KwaZulu-Natal Inland Under-19s,,Right-hand bat,Right-arm medium,,
Malusi Dlamini,May 16  1991  Boksburg ,26 years 327 days,Easterns ,,Right-hand bat,Right-arm fast-medium,,
P Dlamini,date unknown ,,KwaZulu-Natal Women,,,,,
Thando Dlamini,May 5  1996 ,21 years 338 days,KwaZulu-Natal Inland Under-17s,,Right-hand bat,Right-arm offbreak,St Charles College,
J Dlangamandla,date unknown ,,Easterns Women,,,,,
Thabile Dlepu,February 10  1990  Port Elizabeth  Cape Province ,28 years 57 days,Eastern Province Under-19s,,Left-hand bat,Legbreak googly,,
Sinesipho Dlongodlongo,January 26  1998  Alice ,20 years 72 days,Border Under-15s ,,Right-hand bat,Right-arm offbreak,Dale College,
Siphosoxolo Dlongodlongo,January 26  1998  Alice ,20 years 72 days,Border Under-17s,,Left-hand bat,Slow left-arm orthodox,Dale College,
Edumisa Dlulemnyango,June 30  2003  East London ,14 years 282 days,Limpopo Under-13s,,Right-hand bat,Right-arm medium,Ellisras,
Tyson Dlungwana,February 18  1997 ,21 years 49 days,KwaZulu-Natal Inland Under-15s,,Right-hand bat,Right-arm medium,Maritzburg College,
Z Dlungwane,date unknown ,,KwaZulu-Natal Inland Women,,,,,
Lubabalo Dobela,May 2  1998 ,19 years 341 days,Border Under-15s,,Right-hand bat,Right-arm medium,,
Derrick Dobson,December 6  1943  Bloemfontein  Orange Free State ,74 years 123 days,Griqualand West,,Right-hand bat,,,
Derrick Kevin Dobson,September 23  1978  Kimberley  Cape Province ,39 years 197 days,Griqualand West,,Right-hand bat,Right-arm offbreak,,
William Dobson,March 6  1955  Kimberley  Cape Province ,63 years 33 days,Griqualand West,,Left-hand bat,,Wicketkeeper,
M Dodds,date unknown ,,Western Province Under-19s,,,,,
Peter Michael Dodds,November 26  1933  Durban  Natal ,84 years 133 days,Natal ,,Left-hand bat,Slow left-arm orthodox,,
Geoffrey Alan Dods,February 27  1990  Cape Town  Cape Province ,28 years 40 days,Western Province Under-19s,,Left-hand bat,Right-arm medium-fast,,
Alan Gavin Doherty,August 6  1982  Kimberley ,35 years 245 days,Griqualand West,,Right-hand bat,Slow left-arm chinaman,,
Liam Doherty,January 26  2004  Kimberley ,14 years 72 days,Griqualand West Under-13s,,Right-hand bat,Right-arm medium,Newton Primary,
Michael John Desmond Doherty,March 14  1947  Vryburg  Cape Province ,71 years 25 days,Griqualand West,,Left-hand bat,Right-arm medium  Right-arm offbreak,,
James George Eric Doig,1873  Cape Town  Cape Province ,,Transvaal,,,,1930  South Africa (aged 57 years) ,
Douglas Brian Lorimer Dold,August 19  1930  Grahamstown  Cape Province ,,Eastern Province,,Right-hand bat,,September 14  1976  Grahamstown  Cape Province (aged 46 years 26 days) ,
John Biddulph Dold,January 3  1902  Grahamstown  Cape Province ,,Eastern Province,,,,September 17  1968  Port Elizabeth  Cape Province (aged 66 years 258 days) ,
Wayne Doller,date unknown ,,,,,,Umpire,
Brad Matthew Dolley,July 7  1992  Port Elizabeth  Cape Province ,25 years 275 days,Eastern Province ,,Right-hand bat,Legbreak,Father - ,
Corbyn Richard Dolley,November 26  1987  Port Elizabeth ,30 years 133 days,Eastern Province ,,Right-hand bat,Right-arm offbreak,Father - ,
Gary Anthony Dolley,August 12  1965  Port Elizabeth  Eastern Province ,52 years 239 days,Eastern Province (SACB),,,,Brother - ,
Josh Dolley,May 19  1992  Port Elizabeth  Cape Province ,25 years 324 days,Eastern Province Under-19s,,Left-hand bat,Right-arm offbreak,Uncle - ,
Richard Bertram Dolley,March 3  1960  Port Elizabeth  Eastern Province ,58 years 36 days,Eastern Province (SACB),,Right-hand bat,Right-arm medium-fast,Brother - ,
Wade Dollman,July 13  1999 ,18 years 269 days,Western Province Under-13s,,Left-hand bat,Left-arm fast,WBJS,
Michael Doman,date unknown ,,Transvaal (SACB) ,,,,,
F Domingo,date unknown ,,,,,,Umpire,
Mogamat Fayyaad Domingo,October 21  2003 ,14 years 169 days,Western Province Under-13s,,Right-hand bat,Right-arm medium,,
Russell Craig Domingo,August 30  1974  Port Elizabeth ,43 years 221 days,,,,,Coach,
Harold Hendrik Donachie,April 16  1964  Cape Town  Cape Province ,53 years 357 days,Eastern Province ,,Right-hand bat,Right-arm medium,,
Allan Anthony Donald,October 20  1966  Bloemfontein  Orange Free State ,51 years 170 days,South Africa ,,Right-hand bat,Right-arm fast,,
Ian Theodore Donald,March 4  1945  Pretoria  Transvaal ,73 years 35 days,Northerns,,Right-hand bat,Slow left-arm orthodox,,
Donovan Donaldson,April 17  1986  Klerksdorp  Transvaal ,31 years 356 days,Griqualand West,,Left-hand bat,Right-arm fast-medium,,
Ian Charles Donaldson,April 3  1954  Johannesburg  Transvaal ,64 years 5 days,Transvaal,,,Right-arm medium-fast,,
Kurt Donell Donaldson,November 13  1973  Durban  Natal ,44 years 146 days,Natal,,Right-hand bat,,,
Robert Graythorne Donovan,November 22  1935  Johannesburg  Transvaal ,,Orange Free State,,Right-hand bat,Right-arm fast-medium,June 16  1959  Johannesburg  Transvaal (aged 23 years 206 days) ,
Jesse Donson,March 20  2000 ,18 years 19 days,Mpumalanga Under-15s,,Right-hand bat,Right-arm offbreak,,
Sashen Dorasamy,February 12  1981 ,37 years 55 days,KwaZulu-Natal Inland,Middle-order batsman,Right-hand bat,Right-arm medium-fast,,
H R Dore,date unknown ,,Orange Free State,,,,,
Robyn Dormehl,date unknown ,,Easterns Women,,,,,
Herbert Victor Dorrington,June 21  1889  Port Elizabeth  Cape Province ,,Eastern Province,,,,January 2  1941  Port Elizabeth  Cape Province (aged 51 years 195 days) ,
Adriano dos Santos,January 26  1988  Nelspruit ,30 years 72 days,Mpumalanga,,Right-hand bat,Right-arm medium-fast,,
Mzolisi Dotwana,February 28  2000 ,18 years 39 days,Eastern Province Under-13s,,Right-hand bat,(unknown arm) fast,St George's,
Alexander Douglas,September 10  1939  Port Elizabeth ,,Eastern Province (SACB),,Right-hand bat,,July 17  2014  Port Elizabeth (aged 74 years 310 days) ,
Colin Robert Douglas,November 30  1974  Johannesburg  Transvaal ,43 years 129 days,Easterns,,Right-hand bat,Right-arm fast-medium,,
Freddy Douglas,February 18  1990 ,28 years 49 days,Free State Under-19s,,Right-hand bat,Right-arm fast-medium,,
Ockert Douglas,July 27  1966  Paarl  Cape Province ,51 years 255 days,Boland,,Right-hand bat,,,
William Hamilton Douglas,August 11  1904  Durban  Natal ,,North Eastern Transvaal,,Right-hand bat,Left-arm bowler,April 6  1981  Durban  Natal (aged 76 years 238 days) ,
William Harvey Douglas,No Details Known ,,Transvaal,,,,,
Robert Reid Dower,June 4  1876  Kokstad  Cape Colony ,,South Africa ,,Right-hand bat,,September 15  1964  Cape Town  Cape Province (aged 88 years 103 days) ,
Dereck Frank Dowling,July 25  1914  Pietermaritzberg  Natal ,,Border ,,Left-hand bat,Legbreak,May 30  2003  Durban  Natal (aged 88 years 309 days) ,
Henry Frank Dowling,February 12  1889  Pilgrim's Rest  Transvaal ,,Natal,,,,December 19  1952  Durban  Natal (aged 63 years 311 days) ,
Justin Charles Dowling,August 3  1918  Pietermaritzberg  Natal ,,Griqualand West,,,,October 17  1984  Durban  Natal (aged 66 years 75 days) ,
Caitlin Anne Downes,November 18  1997  Johannesburg  Transvaal ,20 years 141 days,KwaZulu-Natal Women,,Right-hand bat,Right-arm medium,Katy,
T Downes,date unknown ,,,,,,Umpire,
Conan Doyle,1913  Aberdeen  Cape Province ,,Orange Free State,,,,October 24  1942  Egypt (aged 29 years) ,
Travis Doyle,March 27  1998 ,20 years 12 days,Gauteng Under-17s,,Right-hand bat,Right-arm fast,,
Alexander Draai,December 14  2000 ,17 years 115 days,Eastern Province Under-15s,,Right-hand bat,Right-arm fast,Pearson,
Jonothan Draai,April 7  1997 ,21 years 1 days,Eastern Province Under-15s,,Left-hand bat,Right-arm fast,Alexander Road High School,
Stephen Draai,date unknown ,,Eastern Province (SACB),,,,,
Arthur Drake,date unknown ,,Griqualand West,,,,,
Anthony Herbert Drake,September 14  1956  Johannesburg  Transvaal ,61 years 206 days,Transvaal,,Left-hand bat,Slow left-arm orthodox,,
Derek John Drake,September 2  1933  Johannesburg  Transvaal ,84 years 218 days,Northerns ,,Left-hand bat,Left-arm medium  Slow left-arm orthodox,,
Jeremey Brian Drake,August 6  1968  East London  Cape Province ,49 years 245 days,Border,,Right-hand bat,Right-arm medium,,
Daniel G Draper,date unknown ,,,,,,Son - ,
Dan G Draper,date unknown ,,,,,,Umpire,
Errol John Draper,September 27  1934  Port Elizabeth  Cape Province ,83 years 193 days,Eastern Province ,,Right-hand bat,Right-arm offbreak,Brother - ,
James Gordon Draper,March 9  1925  Durban  Natal ,,,,,,Father - ,
Ronald George Draper,December 24  1926  Oudtshoorn  Cape Province ,91 years 105 days,South Africa ,,Right-hand bat,,Brother - ,
Bryan John Drew,January 23  1971  Durban  Natal ,47 years 75 days,Boland,,Right-hand bat,Right-arm offbreak,,
David Thomas Drew,March 30  1919  Durban  Natal ,,,,,,Umpire,
Peter Jack Drew,August 26  1945  Burton-on-Trent  Staffordshire  England ,72 years 225 days,Natal ,,Right-hand bat,Left-arm medium,,
Jared Drewett,July 10  1999 ,18 years 272 days,KwaZulu-Natal Inland Under-13s,,Right-hand bat,Right-arm medium,Merchiston Preparatory,
Kieran Dreyden,March 16  1999 ,19 years 23 days,Boland Under-13s,,Right-hand bat,Right-arm medium,,
Jandre Dreyer,October 25  1997 ,20 years 165 days,North West Under-15s,,Right-hand bat,Right-arm medium-fast,,
Jacobus Johannes Francios Dreyer,March 14  1994  Johannesburg ,24 years 25 days,University of Free State,,Right-hand bat,Right-arm medium,Janko,
Jan Nicolaas Dreyer,September 9  1976  Amanzimtoti  Natal ,41 years 211 days,KwaZulu-Natal ,,Right-hand bat,Right-arm medium,,
Jacobus Nicolaas Dreyer,October 25  1997 ,20 years 165 days,Hoer Volkskool,,Right-hand bat,,,
Quinton Dreyer,date unknown ,,Wynberg Boys' High School,,,,,
John Stanley Driffill,March 27  1947  Durban  Natal ,71 years 12 days,Natal,,Right-hand bat,Left-arm medium,,
Irvine Ernest Drimmie,September 28  1913  Port Elizabeth  Cape Province ,,Eastern Province,,,,August 1  1974  Port Elizabeth  Cape Province (aged 60 years 307 days) ,
G E Driver,date unknown ,,Griqualand West,,,,September 7  1916  East Africa ,
Louis Droomer,March 4  1993  Kimberly ,25 years 35 days,South Western Districts Under-19s,,Right-hand bat,Right-arm offbreak,,
Gerald Dros,April 2  1973  Pretoria  Transvaal ,45 years 6 days,Ireland ,,Right-hand bat,Right-arm medium,,
Henry James Druce,April 2  1877  Kimberley  Cape Province ,,Griqualand West,,,,Wicketkeeper,
William George Roxby Druce,January 27  1881  Kimberley  Cape Province ,,Griqualand West,,,,June 28  1962  Kimberley  Cape Province (aged 81 years 152 days) ,
Desmond Drummer,July 27  1940  Maitland  Cape Town  Cape Province ,,Western Province,,Right-hand bat,Right-arm medium,Brother - ,
Francois Theodore Max Drummer,September 20  1938  Cape Town  Cape Province ,,Transvaal ,,Right-hand bat,Right-arm medium,Brother - ,
Robert Angus Drummond,April 28  1953  Durban  Natal ,64 years 345 days,Western Province,,Right-hand bat,,Wicketkeeper,
Timothy James Drummond,March 5  1988  Cape Town  Cape Province ,30 years 34 days,KwaZulu-Natal Inland,,Right-hand bat,,Hilton College,
Leonard H Drury,June 28  1928  Riversdale  Cape Province ,,Griqualand West ,,Right-hand bat,Legbreak,August 10  2005  Durban North  Natal (aged 77 years 43 days) ,
T Drury,date unknown ,,Pretoria University,,,,,
Corné Adrian Dry,February 4  1993  Cape Town  Cape Province ,25 years 63 days,Free State ,,Right-hand bat,Right-arm medium-fast,,
Willem Moolman Dry,January 9  1971  Vryburg  Cape Province ,47 years 89 days,Griqualand West ,,Right-hand bat,Right-arm medium,,
Denilson Dube,July 15  1998 ,19 years 267 days,Northerns Under-17s,,Right-hand bat,Slow left-arm orthodox,,
M J Du Bois,date unknown ,,Natal Country Districts,,,,,
Dylan du Buisson,May 1  1995  Pretoria ,22 years 342 days,Waterkloof High School,,Right-hand bat,Right-arm medium,Waterkloof High School,
Christopher Anthony Russell Duckworth,March 22  1933  Que Que (now Kwekwe)  Rhodesia ,,Rhodesia ,,Right-hand bat,,Wicketkeeper,
Kevin Dion Duckworth,March 27  1974  Salisbury (now Harare)  Rhodesia ,44 years 12 days,Eastern Province,,Left-hand bat,Right-arm medium,,
Anda Sonwabile Duda,March 13  2001 ,17 years 26 days,Border Under-15s,,Right-hand bat,Left-arm fast,Queen's College,
Sivuyile Duda,May 27  1981  Alice ,36 years 316 days,Kei,,Right-hand bat,Right-arm medium-fast,Wicketkeeper,
Keith Jack Dudgeon,November 7  1995  Johannesburg ,22 years 152 days,Gauteng ,,Right-hand bat,Right-arm fast-medium,,
Benjamin Robert Duff,October 16  1867  Swellendam  Cape Colony ,,Western Province,,,,Brother - ,
William Dick Duff,September 19  1890  Pietermaritzberg  Natal ,,Transvaal,,,Legbreak googly,October 7  1953  Johannesburg  Transvaal (aged 63 years 18 days) ,
Louis George Duffus,May 13  1904  Melbourne  Victoria  Australia ,,Transvaal,,Right-hand bat,,Wicketkeeper,
Callum Dugmore,September 16  1999 ,18 years 204 days,Eastern Province Under-13s,,Right-hand bat,Legbreak,St. Andrews College,
Herbert Balfour John Dugmore,August 4  1909  Bulawayo  Rhodesia ,,Eastern Province,,Right-hand bat,,1974  Bulawayo  Rhodesia (aged 64 years) ,
John Morris Dugmore,December 6  1950  Fort Beaufort  Cape Province ,67 years 123 days,Eastern Province,,Left-hand bat,Slow left-arm orthodox,,
Kenneth Charles Dugmore,May 5  1960  Salt Lake  Cape Province ,57 years 338 days,Griqualand West,,Right-hand bat,,Wicketkeeper,
Ryan Dugmore,date unknown ,,Eastern Province Under-19s,,,,,
Sidney Ian Dugmore,December 11  1945  Bloemfontein  Orange Free State ,72 years 118 days,Northerns,,Right-hand bat,Right-arm medium,,
Warren Alan Dugmore,February 27  1977  Johannesburg  Transvaal ,41 years 40 days,Gauteng ,,Left-hand bat,Slow left-arm orthodox,,
Gareth Dukes,November 9  1992 ,25 years 150 days,KwaZulu-Natal Inland ,Allrounder,Right-hand bat,Right-arm medium-fast,,
Jon Elliott Dumbrill,April 9  1935  Collier's Wood  Surrey  England ,82 years 364 days,Eastern Province ,,Right-hand bat,Right-arm offbreak,,
Richard Dumbrill,November 19  1938  Wandsworth  London  England ,79 years 140 days,South Africa ,,Right-hand bat,Right-arm medium,,
