M J Morris,date unknown ,,South African Defence Force XI,,,,,
Paul Morris,August 4  1946  Nongoma  Zululand ,71 years 247 days,Griqualand West,,Left-hand bat,,Wicketkeeper,
Richard Edwin Tuffrey Morris,January 28  1947  Cape Town  Cape Province ,71 years 70 days,Western Province,,Right-hand bat,Right-arm offbreak,Brother - ,
William Francis Morris,March 30  1955  Pretoria  Transvaal ,63 years 9 days,Northern Transvaal,,Left-hand bat,Slow left-arm orthodox,Son - ,
Angus Morrison,October 15  1935  Johannesburg  Transvaal ,82 years 175 days,South African Universities,,Right-hand bat,,Wicketkeeper,
Ian Morrison,September 11  1931  Johannesburg  Transvaal ,86 years 209 days,Transvaal,,Right-hand bat,,,
Kyle Dalton Morrison,February 4  1990  Johannesburg ,28 years 63 days,KwaZulu-Natal,,Right-hand bat,Right-arm fast,,
Darryn Shane Mortimer,April 28  1984  Pietermaritzburg ,33 years 345 days,KwaZulu-Natal Inland,,Right-hand bat,Right-arm medium,,
Morton,date unknown ,,Northern Rhodesia,,,,,
Henry Morton,No Details Known ,,Transvaal,,,,Wicketkeeper,
Jack Andrew Stanley Morton,November 15  1968  Harrismith ,49 years 144 days,,,,,Umpire,
Seshoka Morwamotsheti,January 20  2003  Bochum ,15 years 78 days,Limpopo Under-13s,,Right-hand bat,Right-arm fast,Bochum,
Bheki Mosana,January 2  1999 ,19 years 96 days,Easterns Under-13s,,Right-hand bat,Right-arm medium,Daveyton,
Mangaliso Mosehle,April 24  1990  Duduza ,27 years 349 days,South Africa ,Wicketkeeper batsman,Right-hand bat,,Wicketkeeper,
Itumaleng Moseki,August 26  1991  Pretoria  Transvaal ,26 years 225 days,Northerns Under-19s,,Right-hand bat,Right-arm fast-medium,,
Bokang Braine Mosena,February 6  1991 ,27 years 61 days,Free State ,,Right-hand bat,Right-arm medium,,
Lefa Nelson Mosena,March 18  1987  Bloemfontein  South Africa ,31 years 21 days,Free State ,,Right-hand bat,,Wicketkeeper,
Herbert Francis Mosenthal,June 8  1866  Sydenham  London  England ,,Transvaal,,,,October 12  1904  Sidmouth  Devon  England (aged 38 years 126 days) ,
Brad Moses,April 3  1983  Durban  Natal ,35 years 5 days,Dolphins ,Top-order batsman,Right-hand bat,Right-arm offbreak,,
Calum Bradley Moses,April 10  1997 ,20 years 363 days,Boland Under-15s ,,Right-hand bat,Right-arm medium,Stellenbosch High School,
Elliot Moses,August 2  1996 ,21 years 249 days,Boland Under-17s,,Left-hand bat,Right-arm medium,Somerset College,
Eric Claude Moses,July 18  1893  Johannesburg  Transvaal ,,Derbyshire ,,Right-hand bat,Right-arm offbreak,Repton,
G Moses,date unknown ,,Natal (SACB),,,,Wicketkeeper,
Vaughn Gabriel Moses,October 29  1993  Durban ,24 years 161 days,KwaZulu-Natal Inland Under-19s,,Right-hand bat,Right-arm offbreak,St Charles College,
Olebogeng Mosiane,February 26  2000 ,18 years 41 days,North West Under-15s,,Right-hand bat,Left-arm fast,,
Dennis Neil Mossop,October 1  1951  Salisbury (now Harare)  Rhodesia ,66 years 189 days,Transvaal,,Left-hand bat,Left-arm medium,,
Andrew Colin Mostert,May 18  1953  Pretoria  Transvaal ,64 years 325 days,Northerns,,,,,
D Mostert,date unknown ,,Southern Cape,,,,,
J Mostert,date unknown ,,,,,,Umpire,
Johan Francois Mostert,March 14  1986  Klerksdorp ,32 years 25 days,Free State ,,Left-hand bat,Right-arm offbreak,,
K Mostert,date unknown ,,Limpopo Women,,,,,
Liam Mostert,February 18  2002  Johannesburg ,16 years 49 days,Gauteng Under-13s,,Right-hand bat,Right-arm offbreak,Montrose Primary School,
Marius Jacobus Mostert,February 17  1976  Pretoria  Transvaal ,42 years 50 days,Easterns ,,Right-hand bat,Right-arm fast-medium,,
Tianne Jacques Mostert,June 18  1987  Klerksdorp  Transvaal ,30 years 294 days,North West,,Right-hand bat,Right-arm medium,Klersdorp Hoerskool,
Mokete Motake,January 26  1995 ,23 years 72 days,Free State Under-17s,,Right-hand bat,Right-arm medium,HTS Louis Botha,
Bheki Motau,August 2  1998 ,19 years 249 days,Northerns Under-17s,,Right-hand bat,Right-arm medium,,
Simphiwe Motaung,January 17  2001  Potchefstroom ,17 years 81 days,North West Under-15s,,Right-hand bat,Right-arm fast,Potchefstroom Volkskool,
Tshepo Motaung,August 9  1999 ,18 years 242 days,Northerns Under-13s,,Left-hand bat,Right-arm offbreak,Soshanguve,
Thabo Motaung,August 11  1999 ,18 years 240 days,Prestige College,,Left-hand bat,Right-arm offbreak,,
Tshepo Sydney Motaung,March 22  1983  Free State ,35 years 17 days,Easterns,,Right-hand bat,Right-arm medium,,
William Buti Motaung,December 29  1979  Krugersdorp  Transvaal ,38 years 100 days,Gauteng B,,Right-hand bat,Right-arm medium,,
George Sephiwe Motha,March 28  1986  Randfontein ,32 years 11 days,University Sports South Africa XI,,Right-hand bat,,,
CJ Mothibi,September 1  2000 ,17 years 219 days,Griqualand West Under-13s,,Right-hand bat,Right-arm offbreak,West End Primary,
Sthembiso Mothise,December 1  2001 ,16 years 128 days,Prestige College,,Right-hand bat,,,
Shimane Alfred Mothoa,December 16  1989  Hammanskraal  Transvaal ,28 years 113 days,Northerns ,,Right-hand bat,Right-arm fast-medium,,
Tshepang Motjale,June 30  1997 ,20 years 282 days,North West Under-15s,,Right-hand bat,Left-arm medium,,
Tshepo Motlaping,date unknown ,,,,,,Umpire,
Arthur William Motley,August 9  1931  Johannesburg  Transvaal ,86 years 242 days,Transvaal,,Right-hand bat,Right-arm medium,,
Kevin George Motley,July 5  1958  Kensington  Johannesburg  Transvaal ,59 years 277 days,Northern Transvaal ,,Right-hand bat,Right-arm medium,,
Orapeleng Motlhoaring,August 23  2001 ,16 years 228 days,Northern Cape Under-15s,,Right-hand bat,Right-arm medium,,
Tello Sylvester Motsamai,September 21  1982  Bloemfontein ,35 years 199 days,Free State,,Right-hand bat,Right-arm medium-fast,Vesie,
Given Motsana,July 20  1998  Pretoria ,19 years 262 days,Northerns Under-15s,,Right-hand bat,Right-arm medium,Cullinan,
Benedict Motsepe,March 21  1991  Potchefstroom  Transvaal ,27 years 18 days,North West Under-19s,,Right-hand bat,Right-arm medium,,
Lucky Motshege,date unknown ,,,,,,Umpire,
Emmanuel Motswiri,date unknown ,,Gauteng Under-17s,,,,,
John Hardie Moulder,September 29  1881  Richmond-upon-Thames  Surrey  England ,,London County ,,Right-hand bat,Right-arm offbreak,October 13  1933  Parktown  Johannesburg  Transvaal (aged 52 years 14 days) ,
Roger Douglas Moult,May 1  1963  Kimberley  Cape Province ,54 years 342 days,Border ,,Right-hand bat,Right-arm fast-medium,,
Keegan Mountjoy,March 14  2001 ,17 years 25 days,South Western Districts Under-13s,,Right-hand bat,Right-arm medium,Plettenbergbay Primary,
Wian Mouton,December 23  1997 ,20 years 106 days,Grey College,,Right-hand bat,Right-arm medium,,
Eric Matheson Mowat,November 19  1898  Glasgow  Lanarkshire  Scotland ,,Natal,,,,February 26  1967  Durban  Natal (aged 68 years 99 days) ,
Kevin Arthur Moxham,October 25  1965  Salisbury (now Harare)  Rhodesia ,52 years 165 days,Eastern Transvaal,,Right-hand bat,,,
Thabo Moyo,November 7  2003  Hounslow ,14 years 152 days,Gauteng Under-13s,,Right-hand bat,Right-arm medium,Constantia Kloof Primary,
N Mpahleni,date unknown ,,Kei Women,,,,,
C Mpemvana,date unknown ,,Eastern Province Women,,,,,
Chrsitmas Mpenyane,December 26  1998  Daveyton ,19 years 103 days,Easterns Under-15s,,Left-hand bat,Legbreak,Unity Secondary,
Charlene Mpevana,date unknown ,,Eastern Province Women,,,,,
Selaelo Magdeline Mphahele,March 3  1994  Pretoria  Transvaal ,24 years 36 days,Northerns Women,,Right-hand bat,Right-arm fast-medium,,
Nduvho Mphidi,November 13  1997 ,20 years 146 days,Limpopo Under-19s,,Right-hand bat,Right-arm offbreak,,
Roben Mpholo,date unknown ,,North West Under-19s,,,,,
Phenyo Victor Mpitsang,March 28  1980  Kimberley  Cape Province ,38 years 11 days,South Africa ,Bowler,Right-hand bat,Right-arm fast-medium,,
Juan Mpofu,February 3  2000 ,18 years 64 days,Northern Cape Under-15s,,Right-hand bat,Right-arm medium,,
Stenly Mpofu,March 8  1974  Gauteng ,44 years 31 days,,,,,Umpire,
Mihlali Mpongwana,May 15  2000 ,17 years 328 days,Western Province Under-15s,,Right-hand bat,Right-arm fast,,
Zintle Mpupha,date unknown ,,Border Women,,,,,
S Mqgobhozi,date unknown ,,South Western Districts Women,,,,,
Sivuyile Mqingwana,January 12  1981 ,37 years 86 days,,,,,Umpire,
Nkosana Mqoco,November 2  1998 ,19 years 157 days,Easterns Under-17s,,Right-hand bat,,,
Zanovuyo Mqumbisa,March 23  1994  East London ,24 years 16 days,Border Under-17s ,,Right-hand bat,,Thomo,
Lundi Msenge,January 12  1999 ,19 years 86 days,Boland Under-17s,,Right-hand bat,Right-arm medium,,
M Mshumpela,date unknown ,,South Africa African XI,,,,,
T Msipha,date unknown ,,,,,,Umpire,
Thabiso Msipha,July 1  1995 ,22 years 281 days,Easterns Under-19s,,Right-hand bat,Right-arm medium,Tiakuia,
Nkosinathi Msiza,October 5  1999 ,18 years 185 days,Northerns Under-13s ,,Right-hand bat,Legbreak,Mamelodi,
Lutho Mtandeki,December 10  1995 ,22 years 119 days,Boland Under-19s,,Right-hand bat,Right-arm medium,,
Anelisa Mteto,June 22  1995 ,22 years 290 days,Eastern Province Under-17s,,Right-hand bat,Right-arm fast,Kingswood,
P Mthalane,date unknown ,,KwaZulu-Natal Inland Women,,,,,
Lubabalo Mthembu,December 9  1990  East London  Cape Province ,27 years 120 days,Border Under-19s,,Right-hand bat,Right-arm medium-fast,,
Lethu Mthembu,June 18  1998  South Africa ,19 years 294 days,KwaZulu-Natal Inland Under-17s,,Right-hand bat,Right-arm medium,,
Siswe Mthembu,April 12  1996 ,21 years 361 days,KwaZulu-Natal Under-17s,,Right-hand bat,Right-arm medium,Grantleigh,
Sibonelo Cyril Mthimkhulu,October 22  1993  Durban ,24 years 168 days,KwaZulu-Natal Inland ,,Right-hand bat,Right-arm fast,,
Mthokozisi Chiloane,February 11  2000 ,18 years 56 days,Mpumalanga Under-17s,,Right-hand bat,Right-arm offbreak,Malekutu,
Thami Mthonxa,March 24  1993  Postmasburg ,25 years 15 days,Griqualand West Under-19s,,Right-hand bat,Legbreak,,
Sango Mthotywa,January 21  1996 ,22 years 77 days,Border Under-17s,,Right-hand bat,Right-arm medium,Dale College,
Mangaliso Mtiya,date unknown ,,Boland,,,,,
Vezokhule Mtnungwa,December 18  1999 ,18 years 111 days,Boland Under-19s,,Right-hand bat,,,
Wonder Mtolo,October 18  2000 ,17 years 172 days,KwaZulu-Natal Under-15s,,Right-hand bat,Right-arm medium,,
Lungelo Mtshali,February 12  1997 ,21 years 55 days,Mpumalanga Under-15s,,Right-hand bat,Right-arm medium-fast,,
Brian Mtsweni,January 22  1995 ,23 years 76 days,Mpumalanga Under-17s,,Right-hand bat,Right-arm medium,Hertzorg,
Siyabonga Mtsweni,May 19  1997 ,20 years 324 days,Mpumalanga Under-15s ,,Right-hand bat,Right-arm offbreak,,
Wallace Mubaiwa,August 24  1998 ,19 years 227 days,Zimbabwe Under-17s,,Left-hand bat,Slow left-arm chinaman,,
M Muchmguane,date unknown ,,North West Women,,,,,
Hilton Mudriki,April 8  1992  Zimbabwe ,26 years 0 days,KwaZulu-Natal Inland Under-19s,,Right-hand bat,,Wicketkeeper,
Minenhle Senzelokuhle Magubane,December 18  1990  Petermaritzburg ,27 years 111 days,KwaZulu-Natal Inland Under-19s,,Right-hand bat,Right-arm medium,Fundokuhle Secondary,
N Mugabe,date unknown ,,Northerns Under-19s,,,,,
Muhammed Khan,October 16  1999 ,18 years 174 days,North West Under-17s,,Right-hand bat,Legbreak,,
Muhammed Mayet,February 19  1998 ,20 years 48 days,Gauteng Under-17s,,Right-hand bat,Right-arm medium,,
Biance Muhl,date unknown ,,KwaZulu-Natal Inland Women,,,,,
John Stewart Muil,July 10  1945  Durban  Natal ,72 years 272 days,Natal,,Right-hand bat,Slow left-arm orthodox,,
James A Muir,1890 ,,Border,,,,details unknown ,
Mujaahid Toffar,September 12  1998 ,19 years 208 days,Western Province Under-17s,,Right-hand bat,Right-arm medium,,
Tintswalo Mukansie,date unknown ,,KwaZulu-Natal Inland Under-19s,,,,,
Llunga Mukendi,May 7  1997 ,20 years 336 days,KwaZulu-Natal Under-15s,,Right-hand bat,Right-arm fast,Glenwood High,
Claude Ludovic Hickman Mulcahy,June 26  1886  Little Headington  Oxfordshire  England ,,Natal,,,,July 11  1916  Corbie-sur-Somme  France (aged 30 years 15 days) ,
Bjorn Mulder,date unknown ,,Lions,,,,,
Izak Francois Mulder,February 13  1966  Cradock  Cape Province ,52 years 54 days,Western Transvaal,,Right-hand bat,Right-arm medium,,
Johannes Paulus Mulder,April 20  2000 ,17 years 353 days,Gauteng Under-13s,,Right-hand bat,Legbreak,Helderkruin,
Johannes Petrus Botha Mulder,March 18  1969  Cradock  Cape Province ,49 years 21 days,Western Transvaal,,Right-hand bat,Right-arm medium,,
Pieter Willem Adriaan Mulder,February 19  1998  Gauteng ,20 years 48 days,Gauteng Under-15s ,Allrounder,Right-hand bat,Right-arm medium,St Stithians,
Mazhur Mulla,March 25  1990  Klerksdorp ,28 years 14 days,North West Under-19s,,Left-hand bat,Legbreak,,
John W Mullen,date unknown ,,Border,,,,,
Antonie Michael Muller,November 22  1993 ,24 years 137 days,Easterns Under-19s,,Right-hand bat,Right-arm medium,,
Frederick Jacobus Muller,February 3  1990  Cape Town  Cape Province ,28 years 64 days,Boland Under-19s,,Right-hand bat,,Wicketkeeper,
Granville Arthur Bruce Muller,November 4  1943  Cape Town  Cape Province ,,Transvaal,,Right-hand bat,Right-arm fast,June 5  1994  Grabouw  Western Cape (aged 50 years 213 days) ,
Helgard Lourens Muller,June 1  1963  Bloemfontein  Orange Free State ,54 years 311 days,Orange Free State,,Right-hand bat,Right-arm offbreak,,
Hendrik Stephanus Johannes Muller,April 1  1932  Johannesburg  Transvaal ,86 years 7 days,Transvaal,,,Right-arm medium-fast,,
Johan Muller,May 23  2001 ,16 years 320 days,South Western Districts Under-15s,,Right-hand bat,Right-arm medium,,
John Clifford Muller,July 23  1933  Stutterheim  Cape Province ,,Border,,Right-hand bat,Right-arm offbreak,July 1  2014  Stutterheim  Eastern Cape (aged 80 years 343 days) ,
Kerwyn Muller,December 24  1991  Oudtshoorn ,26 years 105 days,South Western Districts Under-19s,,Right-hand bat,Right-arm offbreak,,
Keegan Muller,September 9  1993  Kimberley ,24 years 211 days,Griqualand West Under-19s,,Right-hand bat,Right-arm fast,,
Lourens Muller,May 26  1969  Brakpan  Transvaal ,48 years 317 days,Eastern Transvaal,,Right-hand bat,,,
Levin Muller,September 21  1998  George ,19 years 199 days,South Western Districts Under-15s,,Left-hand bat,Right-arm offbreak,Outeniqua,
Leslie Dennis Muller,November 30  1938  East London  Cape Province ,79 years 129 days,Border,,Right-hand bat,Right-arm medium,,
N Muller,date unknown ,,Transvaal (SACB) ,,,,,
R Muller,date unknown ,,,,,,Umpire,
Simon Muller,June 29  1998 ,19 years 283 days,Griqualand West Under-15s,,Right-hand bat,Right-arm medium,Northern Cape High,
Travis Muller,March 4  1993  Cape Town  Cape Province ,25 years 35 days,Cape Cobras ,,Right-hand bat,Right-arm fast-medium,,
Wessel Muller,July 29  1997 ,20 years 253 days,Mpumalanga Under-15s,,Right-hand bat,Right-arm offbreak,,
Zurich Hilgard Muller,May 1  1972  Paarl  Cape Province ,45 years 342 days,Boland,,Right-hand bat,,,
Anthony Michael Muller,May 18  1962  Port Elizabeth  Cape Province ,55 years 325 days,,,,,Umpire,
Jonty Eamonn Peter Mulligan,January 8  1991  Pietermaritzburg ,27 years 90 days,,,,,Umpire,
Lawrence Mulligan,January 3  1936  Chiswick  Middlesex ,82 years 95 days,,,,,Umpire,
Antonio Kenneth Mullins,May 9  1980  Johannesburg  Transvaal ,37 years 334 days,Western Province,,Right-hand bat,Right-arm fast,,
James Mullins,May 20  2002 ,15 years 323 days,Eastern Province Under-13s,,Right-hand bat,,St Andrews Preparatory,
S Mumble,date unknown ,,Eastern Province Women,,,,,
William Henry Mundell,June 17  1943  Maseru  Basutoland ,74 years 295 days,Eastern Province,,Right-hand bat,Right-arm medium,,
Kerwin Mungroo,July 31  1994 ,23 years 251 days,KwaZulu-Natal Inland Under-19s,,Right-hand bat,Right-arm fast,,
Shaldon Mungroo,November 27  1991  Ladysmith ,26 years 132 days,KwaZulu-Natal Inland Under-19s,,Right-hand bat,Right-arm medium,Ladysmith Secondary,
Munashe Munjoma,June 8  2003  Harare ,14 years 304 days,Easterns Under-13s,,Right-hand bat,Right-arm medium,Aston Manor,
Claude Walsley Powrie Munn,May 13  1892  Kimberley  Cape Province ,,Griqualand West,,,,details unknown ,
James Barry Munnik,October 1  1953  Graaff-Reinet  Cape Province ,,Boland,,Right-hand bat,Right-arm offbreak,November 10  2010  De Tyger  Parow  Western Cape (aged 57 years 40 days) ,
James Xavious Munnik,June 12  1925  Cape Town  Cape Province ,92 years 300 days,,,,,Umpire,
Renier Munnik,January 7  1978  Cape Town  Cape Province ,40 years 91 days,Western Province,,Right-hand bat,Right-arm fast-medium,,
Campbell Munro,July 22  1899  Alicedale  Cape Province ,,Eastern Province ,,,Right-arm fast-medium,details unknown ,
Imraan Munshi,December 19  1967  Ladysmith  Natal ,50 years 110 days,South African Invitational XI,,Right-hand bat,,Wicketkeeper,
Eugene Muntingh,May 5  1958  Pietersburg  Transvaal ,59 years 338 days,Northerns ,,Right-hand bat,,,
Douglas S Murdoch,June 22  1938  Durban  Natal ,79 years 290 days,Natal,,Left-hand bat,,,
Ruan Murison,May 13  1997 ,20 years 330 days,Northerns Under-15s,,Right-hand bat,Right-arm fast,,
Shane Ross Murphy,September 10  1992  Johannesburg  Transvaal ,25 years 210 days,Gauteng Under-19s,,Right-hand bat,Right-arm medium-fast,,
A Murray,date unknown ,,,,,,Umpire,
Archibald Patterson Murray,July 22  1901  Scotland ,,Natal,,Right-hand bat,Legbreak googly,February 13  1972  Durban  Natal (aged 70 years 206 days) ,
Anton Ronald Andrew Murray,April 30  1922  Grahamstown  Cape Province ,,South Africa ,,Right-hand bat,Right-arm slow-medium,April 17  1995  Cape Town  Cape Province (aged 72 years 352 days) ,
Clem Murray,March 6  1997 ,21 years 33 days,Mpumalanga Under-15s,,Right-hand bat,Right-arm slow,,
Dylan Murray,August 24  1999 ,18 years 227 days,Easterns Under-13s,,Right-hand bat,,St Dunstans,
Darian Murray,November 12  2002  Johannesburg ,15 years 147 days,Gauteng Under-13s,,Right-hand bat,Right-arm medium,Laerskool Gustav Preller,
Denys Wayne Murray,July 29  1977  Graaff-Reinet  Cape Province ,40 years 253 days,Eastern Province,,Right-hand bat,,Wicketkeeper,
G Murray,date unknown ,,Eastern Province,,,,,
I Murray,date unknown ,,Border,,,,Wicketkeeper,
Michael Ritchie Murray,June 8  1917  Cathcart  Cape Province ,100 years 304 days,,,,,Umpire,
Nathan Marcel Murray,September 6  1983  Beaufort West  Western Cape ,34 years 214 days,South Western Districts,,Right-hand bat,Right-arm medium,,
Arthur Ernest Murrell,October 28  1891  Port Elizabeth  Cape Province ,,Border,,,,April 5  1962  Tarkastad  Cape Province (aged 70 years 159 days) ,
Ntsako Mushwana,June 28  2000 ,17 years 284 days,Prestige College,,Right-hand bat,Right-arm medium,,
Tlangi Mushwana,January 17  1996 ,22 years 81 days,Limpopo Under-17s,,Right-hand bat,Right-arm offbreak,Merensky,
Tivani Mushwana,May 21  1998  Tzaneen ,19 years 322 days,Limpopo Under-15s,,Right-hand bat,Right-arm medium,Merensky,
Wisani Mushwana,January 19  2001 ,17 years 79 days,Northerns Under-15s,,Right-hand bat,Right-arm medium,Pretoria Boys High,
D Muso,date unknown ,,Free State Women,,,,,
R Musson,date unknown ,,Transvaal (SACB) ,,,,Wicketkeeper,
T Musson,date unknown ,,,,,,Umpire,
Robert Grant Mutch,September 3  1984 ,33 years 217 days,Easterns ,,Left-hand bat,Left-arm medium-fast,,
Senuran Muthusamy,February 22  1994  Durban ,24 years 45 days,Dolphins ,,Left-hand bat,Slow left-arm orthodox,Sen,
Muzammil Sheik,July 2  1997 ,20 years 280 days,Western Province Under-15s,,Right-hand bat,Right-arm medium,Pinelands High School,
Jack Kendal Muzzell,August 29  1905  Stutterheim  Cape Province ,,Border,,Right-hand bat,Right-arm fast-medium,August 11  1996  Stutterheim  Eastern Cape (aged 90 years 348 days) ,
Peter John Muzzell,September 29  1939  Stutterheim  Cape Province ,78 years 191 days,Border,,Right-hand bat,Slow left-arm orthodox,,
Robert Kendal Muzzell,December 23  1945  Stutterheim  Cape Province ,72 years 106 days,Eastern Province ,,Right-hand bat,Legbreak,,
Ndumiso Praise Mvelase,August 23  1996  Johannesburg  Transvaal  South Africa ,21 years 228 days,Gauteng Under-17s ,,Right-hand bat,Right-arm offbreak,St Johns,
Samnkelo Mvimbi,January 23  1999 ,19 years 75 days,South Western Districts Under-13s,,Right-hand bat,Right-arm fast-medium,Greenwood Primary School,
Ayanda Clement Mvovo,April 23  1982  Flagstaff ,35 years 350 days,Kei ,,Right-hand bat,Right-arm medium,,
Clement Mvovu,date unknown ,,KwaZulu-Natal Inland,,,,,
F Mxoli,date unknown ,,South Africa African XI,,,,,
P Mxoli,date unknown ,,,,,,Umpire,
Darren Myburgh,January 14  1994 ,24 years 84 days,St Martin's College,Middle-order batsman,Right-hand bat,,,
Gerrit Jacobus Myburgh,December 10  1989  Bloemfontein  Orange Free State ,28 years 119 days,Griqualand West Under-19s,,Right-hand bat,Right-arm medium,,
George Wayne Myburgh,February 1  1977  Cape Town  Cape Province ,41 years 66 days,Easterns,,Right-hand bat,Right-arm medium,,
Johann Gerhardus Myburgh,October 22  1980  Pretoria  Transvaal ,37 years 168 days,Auckland ,,Right-hand bat,Right-arm offbreak,Brother - ,
Johannes Lodewikus Myburg,January 19  1997  Potchefstroom ,21 years 79 days,,,,,Umpire,
Kobus Myburgh,date unknown ,,Gauteng Under-19s,,Right-hand bat,Left-arm medium,,
Willem Pieter Myburgh,December 1  2000 ,17 years 128 days,Easterns Under-13s,,Right-hand bat,,Christiaan Beyers,
Jodi Henre Myers,September 6  1973  Cape Town  Cape Province ,44 years 214 days,Boland ,,Right-hand bat,,Wicketkeeper,
Ayavuya Myoli,June 8  1990  King William's Town  Cape Province ,27 years 304 days,Border ,,Right-hand bat,Right-arm fast,Dale College and Fort Hare University,
Siphe Gift Mzaidume,March 8  1989 ,29 years 31 days,Border Under-19s,,,,,
Malwade Mzamo,January 9  1997 ,21 years 89 days,Border Under-15s,,Right-hand bat,Right-arm medium-fast,Dale College,
Siyamthanda Makhwenkwane Mzananda,August 26  1991  Fort Beaufort  Cape Province ,26 years 225 days,Border Under-19s,,Right-hand bat,Right-arm fast,Sakhulueka Secondary School,
Vusumzi Joseph Mzema,June 5  1983  Parys  Orange Free State ,34 years 307 days,North West,,Right-hand bat,Right-arm medium-fast,Papi Mzema,
M Mzingeli,date unknown ,,,,,,Umpire,
Singonzo Mzukisi,date unknown ,,Free State Under-17s,,Right-hand bat,,HTS Louis Botha,
Mike Smith,date unknown ,,Dolphins Cubs,,,,,
Bradley Nell,date unknown ,,,,,,,
Godfrey Nkosi,date unknown ,,,,,,Umpire,
Gladwyn Nkosi,date unknown ,,,,,,Umpire,
Mdngezi Nabe,October 10  1984  Fort Beaufort ,33 years 180 days,Kei,,Right-hand bat,Right-arm medium-fast,,
Mthiwekhaya Nabe,date unknown ,,Western Province,,,,,
Nabeel Mahmoud,November 1  1999 ,18 years 158 days,KwaZulu-Natal Inland Under-19s,,Right-hand bat,Right-arm medium,,
Imran Nackerdien,April 21  1990 ,27 years 352 days,Boland ,,Left-hand bat,Legbreak,Father - ,
Mugammad Salieg Nackerdien,July 19  1963  Paarl  Cape Province ,54 years 263 days,Boland,,Left-hand bat,Right-arm medium,Son - ,
Shivani Nades,date unknown ,,Mpumalanga Under-19s Women,,,,,
Keegan Nagan,April 23  1984  Durban ,33 years 350 days,KwaZulu-Natal ,,Right-hand bat,Right-arm fast-medium,,
Anij Nagar,January 12  2001  Nelspruit ,17 years 86 days,Mpumalanga Under-15s,,Right-hand bat,Right-arm offbreak,Penryn College,
A Nagdee,date unknown ,,Transvaal (SACB),,,,,
Z Nagdee,date unknown ,,Transvaal (SACB),,,,,
C Nagel,date unknown ,,Easterns Women,,,,,
D Nagin,date unknown ,,Transvaal (SACB),,,,,
Nathan Nagoor,June 14  1997 ,20 years 298 days,KwaZulu-Natal Inland Under-15s,,Left-hand bat,Left-arm medium,Ladysmith High School,
Kameeran Naicker,July 30  1997 ,20 years 252 days,KwaZulu-Natal Under-15s,,Right-hand bat,Left-arm medium,Kloof High,
Kreeson Meges Naiker,April 14  1989  Pretoria  Transvaal ,28 years 359 days,North West ,,Left-hand bat,Right-arm offbreak,,
Souvahn Naicker,September 20  2002 ,15 years 200 days,KwaZulu-Natal Under-13s,,Right-hand bat,Right-arm fast,Chelsea Prep,
Theesan Naicker,February 19  1999 ,19 years 48 days,KwaZulu-Natal Under-17s,,Right-hand bat,Right-arm offbreak,,
Tristan Naicker,May 9  2004  Durban ,13 years 334 days,KwaZulu-Natal Under-13s,,Left-hand bat,Legbreak,Glenwood Prep,
V Naicker,date unknown ,,Natal (SACB),,,,,
C Naidoo,date unknown ,,Natal (SACB),,,,,
C Naidoo,date unknown ,,Mpumalanga Women,,,,,
Dheyanka Naidoo,November 8  1992  Westville ,25 years 151 days,KwaZulu-Natal Women,,Right-hand bat,Right-arm medium,,
G Naidoo,date unknown ,,,,,,Umpire,
Keayen Naidoo,April 11  2000 ,17 years 362 days,Gauteng Under-13s,,Right-hand bat,Legbreak,Maragon,
K Naidoo,date unknown ,,Mpumalanga Women,,,,,
Kylan Naidoo,September 8  1996 ,21 years 212 days,KwaZulu-Natal Inland Under-17s,,Right-hand bat,Right-arm medium,St Charles College,
L Naidoo,date unknown ,,Natal (SACB),,,,,
LD Naidoo,date unknown ,,Natal (SACB),,,,,
LS Naidoo,date unknown ,,Natal (SACB),,,,,
Mikyle Naidoo,July 16  1995 ,22 years 266 days,KwaZulu-Natal Inland Under-17s,,Right-hand bat,Right-arm medium,Raisethorpe,
Mekhalin Naido,March 4  1996 ,22 years 35 days,KwaZulu-Natal Under-17s,,Right-hand bat,,Glenwood High,
Pranesh Naidoo,August 16  1978  Durban  Natal ,39 years 235 days,KwaZulu-Natal,,Right-hand bat,,,
Revat Naidoo,September 14  1999 ,18 years 206 days,Easterns Under-13s,,Right-hand bat,Right-arm medium,Curro Serengeti,
Rajendran Naidoo,June 11  1984 ,33 years 301 days,Raging Bulls,,,,,
RL Naidoo,date unknown ,,Natal (SACB),,,,,
Sagren Naidoo,March 16  1937  Durban  Natal ,81 years 23 days,,,,,Referee,
Shershan Naidoo,January 29  1990  Laudium ,28 years 69 days,Northerns ,,Right-hand bat,Right-arm offbreak,Pretoria Boys High,
Shailan Naidoo,September 17  1999 ,18 years 203 days,Gauteng Under-13s,,Right-hand bat,Right-arm medium,KEPS,
Steven Naidoo,January 21  2000 ,18 years 77 days,Northerns Under-13s ,,Right-hand bat,Right-arm fast,Cornwall Hill College,
Sashlin Naidoo,January 25  1996 ,22 years 73 days,Mpumalanga Under-17s,,Right-hand bat,Right-arm medium,Penryn,
Sean Ragunathan Naidoo,July 27  1982  Durban ,35 years 255 days,South Africa Blind,,Right-hand bat,Right-arm medium,,
Thushen Naidoo,October 5  1997 ,20 years 185 days,KwaZulu-Natal Inland Under-15s,,Left-hand bat,Slow left-arm orthodox,Hilton College,
Vishay Naidoo,May 10  2000 ,17 years 333 days,Border Under-13s,,Left-hand bat,Right-arm fast,Stirling Primary,
V Naidoo,date unknown ,,,,,,Umpire,
Warren Naidoo,date unknown ,,KwaZulu-Natal Inland Under-19s,,,,,
D Naidu,date unknown ,,,,,,Umpire,
Prealin Naidu,June 14  2000 ,17 years 298 days,KwaZulu-Natal Under-13s,,Right-hand bat,Right-arm offbreak,Northdene Prep,
H Naik,date unknown ,,Natal (SACB) ,,,,,
J Naik,date unknown ,,Transvaal (SACB),,,,,
M Nair,date unknown ,,,,,,Umpire,
MT Nair,date unknown ,,,,,,Umpire,
P Nair,date unknown ,,Natal (SACB),,,,,
R Nair,date unknown ,,Natal (SACB),,,,,
Desmond Hinton Naish,June 15  1926  Pretoria  Transvaal ,91 years 297 days,Northerns,,,,Wicketkeeper,
Akhona Namba,May 20  1998 ,19 years 323 days,Eastern Province Under-19s,,Left-hand bat,,,
S Nana,date unknown ,,Transvaal (SACB),,,,,
Muhammed Zunaid Nanabhay,January 11  1967  Potchefstroom  Transvaal ,51 years 87 days,,,,,Umpire,
Zenande Nanqayi,date unknown ,,Kei Women,,,,Wicketkeeper,
M Nape,date unknown ,,North West Women,,,,,
Marcia Hlompho Nape,date unknown ,,Free State Women,,,,,
Matshokolo Marcia Nape,October 19  1990  Botshabelo  Orange Free State ,27 years 171 days,Free State Women,,Right-hand bat,Right-arm medium-fast,,
David John Napier,October 11  1926  Durban  Natal ,91 years 179 days,Natal,,Left-hand bat,,,
Gordon Lennox Napier,1909  Gardens  Cape Town  Cape Province ,,Western Province,,,,1980  Newlands  Cape Town  Cape Province (aged 71 years) ,
I Naroo,date unknown ,,Goa,,,,,
C Narrandes,date unknown ,,Natal (SACB),,,,,
Nasan Nasir,date unknown ,,,,,,Umpire,
Brandon Aubrey Nash,July 26  1969  Durban  Natal ,48 years 256 days,Natal,,Right-hand bat,Right-arm offbreak,,
Henry Stow Nash,August 26  1926  Martindale  Cape Province ,91 years 225 days,Eastern Province,,,,,
Kyle Nasson,June 8  2002  Ceres ,15 years 304 days,Boland Under-13s,,Left-hand bat,Right-arm medium,Gericke Primary,
Diyanka Nathod,date unknown ,,KwaZulu-Natal Women,,,,,
Dale Roughet Nation,August 16  1978  Pretoria  Transvaal ,39 years 235 days,Northerns ,,Right-hand bat,Right-arm offbreak,,
N Nattia,date unknown ,,KwaZulu-Natal Inland Women,,,,,
Barry Naude,March 1  1969  Springs  Transvaal ,49 years 38 days,Eastern Transvaal,,Left-hand bat,Left-arm medium-fast,,
Henco Naude,September 21  2000 ,17 years 199 days,North West Under-13s,,Right-hand bat,Right-arm medium,Laerskool Vastrap,
Jack Jonson Naude,January 22  1990 ,28 years 76 days,Free State Under-19s,,Right-hand bat,Right-arm offbreak,,
M Naude,date unknown ,,Limpopo Women,,,,,
Stephanus Johannes Naude,June 8  1994  Potchefstroom ,23 years 304 days,North West Under-19s ,,Right-hand bat,Right-arm offbreak,,
Ahmed Nawab,June 15  1983  Johannesburg  Transvaal  South Africa ,34 years 297 days,Gauteng,,Right-hand bat,Right-arm offbreak,,
Khayalethu Nayamane,November 13  2002 ,15 years 146 days,Easterns Under-15s,,Right-hand bat,,Maria Viljoen,
Thami Salimane Ngubeni,May 17  1991  Nigel  South Africa ,26 years 326 days,Easterns Under-19s,,Right-hand bat,Legbreak,,
Wizzard Ncedane,September 24  1996 ,21 years 196 days,Free State Under-19s,,Right-hand bat,Right-arm medium,,
N Ncence,date unknown ,,,,,,Umpire,
Lesego Nchabeleng,May 22  2002  Boksburg ,15 years 321 days,Easterns Under-13s,,Right-hand bat,Right-arm medium,Nageng,
Lesego Nchapaleng,May 22  2001 ,16 years 321 days,Easterns Under-15s,,Right-hand bat,Right-arm medium,Illenge,
Dieketseng Nchapeleng,date unknown ,,Easterns Under-19s Women,,,,,
Mihlali Nchukana,February 26  1995 ,23 years 41 days,Border Under-17s,,Right-hand bat,Right-arm medium,Dale College,
S Ncongo,date unknown ,,Easterns Women,,,,,
Mhlengi Ndaba,September 4  2000 ,17 years 216 days,KwaZulu-Natal Under-15s,,Right-hand bat,,,
Solly Ndaba,date unknown ,,,,,,Umpire,
Zama Thembekile Anderson Ndamane,July 3  1964  de Aar ,53 years 279 days,,,,,Umpire,
Abram Lepono Ndhlovu,February 25  1986  Mamelodi ,32 years 42 days,Uganda ,Wicketkeeper,Right-hand bat,Right-arm offbreak,Wicketkeeper,
Solomzi Solomon Ndima,May 16  1977  Johannesburg  Transvaal ,40 years 327 days,Gauteng,,Right-hand bat,,,
Nokwazi Ndimande,date unknown ,,KwaZulu-Natal Women,,,,,
N Ndimangele,date unknown ,,Kei Women,,,,,
Zonke Ndimangele,date unknown ,,Kei Women,,,,,
Buntu Ndlela,October 24  1989  Springs  Transvaal ,28 years 166 days,Easterns ,,Right-hand bat,Right-arm medium,,
Sakhumuzi Ndlela,June 10  2002 ,15 years 302 days,Zimbabwe Under-13s,,Right-hand bat,Right-arm medium,Falcon College,
Banele Ndlovu,April 8  2002 ,16 years 0 days,Mpumalanga Under-13s,,Right-hand bat,Right-arm medium,Malekutu,
Judith Ndlovu,September 16  1997 ,20 years 204 days,South Western Districts Women,,Right-hand bat,Right-arm medium,,
Jackson Ndlovu,August 20  2001 ,16 years 231 days,Limpopo Under-15s,,Right-hand bat,Right-arm fast,,
P Ndlovu,date unknown ,,KwaZulu-Natal Inland Women,,,,,
Y Ndongeni,date unknown ,,Kei Women,,,,,
Patrick M. Ndopu,August 20  1983 ,34 years 231 days,Griqualand West ,,Right-hand bat,Right-arm fast-medium,,
Anderson Sizwe Siyabonga Ndovela,January 10  1982  Port Shepstone ,36 years 88 days,KwaZulu-Natal,,Right-hand bat,Right-arm medium,,
Mbgli Ndukwane,December 18  2000 ,17 years 111 days,South Western Districts Women,,,,Wicketkeeper,
Mpho Ndumo,January 15  1997  Vanderbijlpark ,21 years 83 days,Gauteng Under-17s,,Right-hand bat,Right-arm medium,,
S Ndunana,date unknown ,,Eastern Province Women,,,,,
S Ndunand,date unknown ,,Eastern Province Women,,,,,
Sithembiso Ndwandwa,November 10  1989  Port Elizabeth ,28 years 149 days,Eastern Province,,Right-hand bat,Right-arm medium,,
Sesona Ndwandwa,April 16  1996  Port Elizabeth ,21 years 357 days,Warriors Cubs,,Right-hand bat,Slow left-arm orthodox,,
Tshepiso Ndwandwa,April 16  1996 ,21 years 357 days,Eastern Province Under-17s,,Right-hand bat,,Motherwell,
Brian Mxousi Ndzundzu,July 17  1961  King William's Town  Cape Province ,56 years 265 days,Border,,Right-hand bat,Right-arm medium,,
Nolubabalo Ndzundzu,December 21  1977  King William's Town  Cape Province ,40 years 108 days,Border Women ,,Right-hand bat,Right-arm medium,,
Yolanda Ndzungu,date unknown ,,Kei Women,,,,,
James S Neave,March 7  1945  Alexandria  Cape Province ,73 years 32 days,Eastern Province,,Right-hand bat,,Wicketkeeper,
Peter Graham Needham,July 17  1932  Johannesburg  Transvaal ,,Transvaal,,Right-hand bat,Legbreak,August 23  2013 (aged 81 years 37 days) ,
Christean Neethling,November 25  2001 ,16 years 134 days,Free State Under-13s,,Right-hand bat,Right-arm medium,Grey High School,
Cheslyn Neethling,July 4  1995 ,22 years 278 days,Border Under-19s,,Right-hand bat,Right-arm medium,Queens College,
Johannes Neethling,June 4  1965  Cradock ,52 years 308 days,,,,,Umpire,
James Emilius Roslin Neethling,November 18  1888  Kimberley  Cape Province ,,Griqualand West,,,,November 24  1949  Kimberley  Cape Province (aged 61 years 6 days) ,
John J Neethling,July 20  1932  Goodwood  Cape Town  Cape Province ,,Western Province (SACB),,,,June 10  2015  Cape Town  Western Cape (aged 82 years 325 days) ,
Mathys Johannes Neethling,August 16  1977  Springs  Transvaal ,40 years 235 days,Easterns,,Left-hand bat,Slow left-arm orthodox,,
Rickus Neethling,July 29  2000 ,17 years 253 days,Easterns Under-15s,,Right-hand bat,Right-arm offbreak,,
Teunus Johannes Neethling,May 20  1985  Nelspruit ,32 years 323 days,Mpumalanga,,Right-hand bat,Right-arm medium,,
Sheila or Sheelagh Nefdt,date unknown ,,Rhodesia Women ,,,,,
Douglas Ralph Neilson,December 17  1948  Johannesburg  Transvaal ,69 years 112 days,Transvaal,,Right-hand bat,Right-arm medium-fast,,
Andre Nel,July 15  1977  Germiston  Transvaal ,40 years 267 days,South Africa ,,Right-hand bat,Right-arm fast-medium,Coach,
Aldre Nel,December 17  1991  Uitenhage ,26 years 112 days,Eastern Province Under-19s,,Right-hand bat,Right-arm bowler,,
Andreas Nel,date unknown ,,Paarl Boys High School,,Left-hand bat,Right-arm medium,,
Cornelius Nel,August 23  1975  Randfontein  Transvaal ,42 years 228 days,Western Transvaal,,Right-hand bat,,,
Coenie Nel,June 20  1996 ,21 years 292 days,Boland Under-19s,,Right-hand bat,,,
E Nel,date unknown ,,Free State Women,,,,,
E Nel,date unknown ,,,,,,Umpire,
Faan Nel,October 19  1998 ,19 years 171 days,Grey College,,Right-hand bat,Legbreak,,
Frederick Evert Nel,February 25  1921  Greytown  Natal ,97 years 42 days,Border,,Right-hand bat,Legbreak googly,,
Heynrych Nel,September 23  1994 ,23 years 197 days,Boland Under-19s,,Right-hand bat,Right-arm medium,Paarl Gymnasium,
Jeremy Nel,February 3  1969  Durban  Natal ,49 years 64 days,Natal,,Right-hand bat,,,
Jaco Nel,September 22  1986  Pretoria  Transvaal ,31 years 198 days,University of Free State,,Right-hand bat,Right-arm fast,,
Janco Nel,July 1  1997 ,20 years 281 days,Grey College,,Left-hand bat,Right-arm medium,Grey College,
J Nel,date unknown ,,Eastern Province Women,,,,,
Jacques Nel,February 13  1998  Brakpan ,20 years 54 days,Easterns Under-15s,,Right-hand bat,Right-arm fast,EG Jansen,
Jacobus Daniel Nel,March 5  1969  Fort Victoria (now Masvingo)  Rhodesia ,49 years 34 days,Western Transvaal,,Right-hand bat,Right-arm medium,,
John Desmond Nel,July 10  1928  Cape Town  Cape Province ,,South Africa ,,Right-hand bat,,January 2018 (aged 89 years) ,
John George Nel,August 17  1914  Johannesburg  Transvaal ,103 years 234 days,Transvaal,,,,,
Johannes Lodewyk Nel,March 13  1924  Port Elizabeth  Cape Province ,94 years 26 days,,,,,Umpire,
Johnte Wayne Nel,June 23  1997  Port Elizabeth ,20 years 289 days,Framesby High School,,Right-hand bat,Right-arm offbreak,Hoerskool Framesby,
K Nel,date unknown ,,Easterns Women,,,,Wicketkeeper,
Louis Nel,April 4  2000 ,18 years 4 days,Limpopo Under-15s,,Right-hand bat,Left-arm fast,,
Leon Gerhard Nel,November 9  1987  Pretoria  Transvaal ,30 years 150 days,Northerns,,Right-hand bat,Left-arm medium-fast,Nella,
Louis J Nel,February 2  1941  Somerset East  Cape Province ,77 years 65 days,Eastern Province,,Right-hand bat,Right-arm offbreak,,
Michael John Nel,July 24  1953  Cape Town  Cape Province ,64 years 258 days,Western Province,,Right-hand bat,,,
N Nel,date unknown ,,KwaZulu-Natal Women,,,,,
Nadia Nel,date unknown ,,Mpumalanga Women,,,,,
Oliver Newton Nel,June 11  1994  Cape Town  Cape Province ,23 years 301 days,Boland Under-19s,,Right-hand bat,Right-arm fast,Somerset College,
P Nel,date unknown ,,Southern Cape,,,,,
Phillip Nel,June 15  2000 ,17 years 297 days,Border Under-15s,,Left-hand bat,Right-arm medium,Stirling High,
Ruan Nel,October 13  1984  Springs ,33 years 177 days,Eastern Province,,Left-hand bat,,Nella,
Ros Nel,date unknown ,,KwaZulu-Natal Under-19s,,,,,
Rouche Nel,March 26  1996  Port Elizabeth ,22 years 13 days,Framesby High School,,Right-hand bat,,Hoerskool Framesby,
Tiaan Nel,September 20  1995 ,22 years 200 days,Limpopo Under-17s,,Right-hand bat,,HS Pietersburg,
Vandre Salvan Nel,November 12  1948  Krugersdorp  Transvaal ,69 years 147 days,Northerns,,Right-hand bat,,,
W Nel,date unknown ,,,,,,Umpire,
Siyabulela Michael Nelani,January 24  1979  East London  Cape Province ,39 years 74 days,Border,,Right-hand bat,,Wicketkeeper,
Aubrey Paul Nell,October 23  1952  Uitenhage  Cape Province ,65 years 167 days,Eastern Province,,Left-hand bat,Right-arm medium,,
Jana Nell,February 28  1990  Port Elizabeth  Eastern Province ,28 years 39 days,East Coast Women ,,Right-hand bat,Right-arm medium,Wicketkeeper,
Craig Brett Nelson,January 14  1969  Umtata  Cape Province (now Transkei) ,49 years 84 days,Border,,Right-hand bat,Right-arm offbreak,,
Gerald Winston Nelson,November 14  1941  Umtata  Cape Province (now Transkei) ,76 years 145 days,Border,,Right-hand bat,Right-arm medium,,
Thorwald Douglas Nelson,1893 ,,Transvaal,,,,October 24  1954  Johannesburg  Transvaal (aged 61 years) ,
Felane Neo,date unknown ,,Easterns Under-17s,,,,,
Matthew Nepgen,October 31  1996 ,21 years 159 days,Mpumalanga Under-17s,,Right-hand bat,Right-arm fast,,
Vivian Herbert Neser,June 16  1894  Klerksdorp  Transvaal ,,Oxford University ,,Right-hand bat,,Wicketkeeper,
Mario George Netto,December 10  1936  Johannesburg  Transvaal ,81 years 119 days,,,,,Umpire,
Ira Henley Neuper,August 15  1922  Peddie  Cape Province ,,Border,,Right-hand bat,Right-arm fast-medium,November 11  1994  East London  Cape Province (aged 72 years 88 days) ,
Charles Maurice Neustetel,March 21  1873  Kensington  London  England ,,Transvaal,,,,Wicketkeeper,
Kirk Nevay,January 15  2002  George ,16 years 83 days,South Western Districts Under-13s,,Right-hand bat,Right-arm offbreak,Glenwood House,
Ronny Adziambei Nevumbani,October 14  1980  Vhufuli  Venda  Limpopo ,37 years 176 days,Mpumalanga ,,Left-hand bat,Left-arm medium-fast,,
Claude Newberry,1889  Port Elizabeth  Cape Province ,,South Africa ,,Right-hand bat,Right-arm fast  Legbreak,August 1  1916  France (aged 27 years) ,
Jack Peter Christopher Newby,November 20  1993  Islington  London  United Kingdom ,24 years 139 days,University of Cape Town ,,Left-hand bat,Right-arm offbreak,,
Thomas Newby,May 19  2003 ,14 years 324 days,Western Province Under-13s,,Right-hand bat,Right-arm offbreak,,
William Crawford Newby,October 1856  Stockton-on-Tees  Co Durham  England ,,Transvaal,,,,August 2  1921  Thornton-le-Dale  Yorkshire  England (aged 64 years) ,
C Newers,date unknown ,,Easterns Under-19s,,,,,
Anwell Noel Newman,December 10  1966  Stellenbosch  Cape Province ,51 years 119 days,Boland,,Right-hand bat,Right-arm fast-medium,,
Ian George Newman,August 17  1932  Bloemfontein  Orange Free State ,85 years 234 days,Orange Free State,,,,,
Lewis Cyril Ashby Newnham,September 13  1881  Jansenville  Cape Province ,,Border ,,Left-hand bat,Left-arm bowler,Cranleigh School  Surrey,
John Newsome,February 2  1993 ,25 years 65 days,St John's College,,Right-hand bat,,Wicketkeeper,
Edward Serrurier Newson,December 2  1910  Sea Point  Cape Town  Cape Province ,,Rhodesia ,,Right-hand bat,Right-arm fast,April 24  1988  Durban  Natal (aged 77 years 144 days) ,
Alan Richard Newton,February 17  1906  Bloemfontein  Orange Free State ,,Orange Free State,,,,January 17  1988  Westminster  Orange Free State (aged 81 years 334 days) ,
Jason Newton,June 4  1993 ,24 years 308 days,St John's College,,Right-hand bat,Left-arm fast-medium,,
Jethro Newton,January 23  2000 ,18 years 75 days,Border Under-13s,,Right-hand bat,,Stirling Primary,
John Cecil Newton,September 20  1912  Bloemfontein  Orange Free State ,,Orange Free State,,,,June 8  1989  Bloemfontein  Orange Free State (aged 76 years 261 days) ,
John Oswald Newton-Thompson,December 2  1920  Paddington  London  England ,,Oxford University ,,Right-hand bat,Right-arm slow,April 3  1974  near Luderitz  South-West Africa (aged 53 years 122 days) ,
Prudence Ngabashe,date unknown ,,KwaZulu-Natal Women,,,,,
S Ngada,date unknown ,,Boland Women,,,,,
Sekela Ngadlela,May 10  1996 ,21 years 333 days,Border Under-19s,,Right-hand bat,Legbreak,,
Mfuneko Ngam,January 29  1979  Middledrift  Cape Province ,39 years 69 days,South Africa ,,Right-hand bat,Right-arm fast,,
N Ngam,date unknown ,,Eastern Province Under-19s,,,,,
Thembani Ngcizela,August 15  2001  Cape Town ,16 years 236 days,Western Province Under-15s,,Right-hand bat,Right-arm fast,Newlands Cricket High School,
Bandile Ngcobo,January 12  2002 ,16 years 86 days,KwaZulu-Natal Under-13s,,Right-hand bat,Right-arm offbreak,North Crest Primary,
Gugu Ngcobo,September 30  1992  Pietermaritzburg ,25 years 190 days,KwaZulu-Natal Inland Women,,Right-hand bat,Right-arm medium,,
Makabongwe Ngcobo,March 23  2003 ,15 years 16 days,KwaZulu-Natal Under-13s,,Right-hand bat,Right-arm offbreak,Glenwood Prep,
T Ngcobo,date unknown ,,KwaZulu-Natal Academy XI,,,,,
Thembela Ngcobo,date unknown ,,Kei Women,,,,,
Sibusiso Ngcokovane,February 17  1996  King William’s Town ,22 years 50 days,Border Under-17s,,Right-hand bat,Right-arm medium,,
Dumisa Ngcwembe,July 30  1997 ,20 years 252 days,Eastern Province Under-15s ,,Right-hand bat,Right-arm offbreak,Zwide Senior Secondary,
Mlungisi Ngece,September 18  1966  King William's Town  Cape Province ,51 years 202 days,Border,,Right-hand bat,Legbreak,,
Siyakudumisa Ngemntu,April 28  1999  Mdantsane ,18 years 345 days,Border Under-17s,,,,,
Lesiba Nggoepe,date unknown ,,Eastern Province Under-19s,,,,,
Lungisani Ngidi,March 29  1996  Durban  Natal ,22 years 10 days,South Africa ,Bowler,Right-hand bat,Right-arm fast,,
Bongo Nginingini,May 26  2004 ,13 years 317 days,Western Province Under-13s,,Right-hand bat,Right-arm medium,,
S Nglima,date unknown ,,Kei Women,,,,,
Lebogang Ngobeni,November 12  1999 ,18 years 147 days,Limpopo Under-17s,,Right-hand bat,Right-arm medium,,
Natasha Ngobeni,date unknown ,,Limpopo Women,,,,,
Lesiba Chris Ngoepe,April 14  1993  Vosloorus ,24 years 359 days,Easterns ,Allrounder,Left-hand bat,Slow left-arm orthodox,,
Aaron Sanele Ngongoma,November 9  1992  Durban  KwaZulu-Natal ,25 years 150 days,KwaZulu-Natal Under-19s,,Right-hand bat,Right-arm medium,,
Emihle Ngoqi,June 9  2001 ,16 years 303 days,Border Under-15s,,Right-hand bat,,Dale College,
V Ngqdlinyanga,date unknown ,,Eastern Province Women,,,,,
Thembisile Ngqolo,March 20  1978  Hanover  South Africa ,40 years 19 days,Kei,,Right-hand bat,Right-arm medium-fast,,
