Douglas Linford Freeman,September 8  1914  Randwick  Sydney  New South Wales  Australia ,,New Zealand ,,Right-hand bat,Legbreak googly,May 31  1994  Sydney  New South Wales  Australia (aged 79 years 265 days) ,
Jeffrey Freeman,May 10  1950  Wellington ,67 years 333 days,Northern Districts,,Right-hand bat,Left-arm medium-fast,,
Thomas Alfred Freeman,April 16  1923  Balclutha  Otago ,,Otago,,Right-hand bat,Right-arm fast-medium,Son - ,
Robert Mathew Frew,December 28  1970  Darfield  Canterbury ,47 years 101 days,Canterbury,,Right-hand bat,,,
Michele Alexandra Frey,November 21  1981  Innsbruck  Austria ,36 years 138 days,Central Districts Women,,Right-hand bat,Right-arm offbreak,Cousin - ,
Sven Eru Tipene Friday,October 24  1990  Wellington ,27 years 166 days,Wellington ,,Right-hand bat,Right-arm fast-medium,,
Charles Frith,January 19  1854  Bodmin  Cornwall  England ,,Canterbury ,,Right-hand bat,Right-arm offbreak,Brother - ,
William Frith,June 26  1856  Edmonton  Middlesex  England ,,Canterbury ,,,Slow left-arm orthodox,Brother - ,
Barry George Frost,February 6  1958  Warkworth  Auckland ,60 years 61 days,,,,,Umpire,
Marcus Darryl Frost,July 24  1994  New Plymouth ,23 years 258 days,Otago A,,Left-hand bat,Left-arm fast-medium,,
Michelle Kay Fruin,December 31  1961  Pukekohe  Auckland ,56 years 98 days,Auckland Women ,,Right-hand bat,,,
Justine Anne Fryer,October 8  1972  Dunedin  Otago ,45 years 182 days,New Zealand Women ,,Right-hand bat,Slow left-arm orthodox,,
Emma Marie Fulbrook,November 25  1997  Wellington ,20 years 134 days,Wellington Under-21s Women,,Right-hand bat,Right-arm medium,,
Marjorie Joyce Fulford,August 21  1914 ,,New Zealand Women ,,,,Joyce Holmes,
Donald McCormick Fuller,1871 ,,Wellington,,,,May 10  1936  Picton  Marlborough (aged 65 years) ,
E Fuller,date unknown ,,Canterbury,,Right-hand bat,,Wicketkeeper,
Edwin Thomas Augustus Fuller,May 12  1850  Launceston  Tasmania  Australia ,,Canterbury,,,(unknown arm) fast,1917  St Leonards  Sydney  New South Wales  Australia (aged 66 years) ,
James Kerr Fuller,January 24  1990  Cape Town  Cape Province ,28 years 74 days,Gloucestershire ,,Right-hand bat,Right-arm fast,,
David Howard Fulton,May 8  1983  Christchurch ,34 years 335 days,Canterbury A ,,Right-hand bat,,Brother - ,
Frederick Fulton,June 1  1859  Aligarh  Uttar Pradesh  India ,,Hawke's Bay ,,,,Uncle - ,
Francis Crossley Fulton,1836  Fatehgarh  Bengal  India ,,,,,,Brother - ,
James Fulton,June 27  1830  Fatehgarh  Bengal  India ,,Otago,,,,Brother - ,
John Charles Fulton,March 31  1849  Aligarh  Uttar Pradesh  India ,,Otago ,,,,Uncle - ,
John David Fulton,December 7  1965  Lower Hutt  Wellington ,52 years 122 days,Central Districts,,Right-hand bat,,Wicketkeeper,
Peter Gordon Fulton,February 1  1979  Christchurch  Canterbury ,39 years 66 days,New Zealand ,,Right-hand bat,Right-arm medium,Uncle - ,
Peter Robertson Fulton,1881  Ahuriri  Napier  Hawke's Bay ,,Hawke's Bay,,,Legbreak,Father - ,
Roddy Woodhouse Fulton,August 5  1951  Christchurch  Canterbury ,66 years 246 days,Canterbury ,,Left-hand bat,Right-arm medium,Nephew - ,
Blair Donald Marie Furlong,March 10  1945  Dannevirke  Manawatu ,73 years 29 days,Central Districts,,Left-hand bat,Right-arm offbreak,Son - ,
Campbell James Marie Furlong,June 16  1974  Napier  Hawke's Bay ,43 years 296 days,Central Districts,,Right-hand bat,Right-arm offbreak,Father - ,
John Bernard Marie Furlong,June 28  1972  Napier  Hawke's Bay ,45 years 284 days,Central Districts,,Right-hand bat,Right-arm fast,Father - ,
Arthur John Furness,January 11  1873  Sydney  New South Wales ,,New South Wales,,,,Umpire,
Shane Robert Gadsdon,April 8  1991  Auckland ,27 years 0 days,Northern Districts ,,Right-hand bat,,Wicketkeeper,
Christopher Blair Gaffaney,November 30  1975  Dunedin  Otago ,42 years 129 days,Otago,,Right-hand bat,,Umpire,
Olivia Nicole Gain,January 2  2002  Dunedin  Otago ,16 years 96 days,Otago Women,,Right-hand bat,,,
Chamika Dilshan Nilendra Gajanayaka,August 29  1991  Colombo  Sri Lanka ,26 years 222 days,Wellington A,,Right-hand bat,,Wicketkeeper,
Alexander Duncan Shanks Gale,December 17  1892  Glasgow  Lanarkshire  Scotland ,,Otago,,,,March 31  1965  Dunedin  Otago (aged 72 years 104 days) ,
Aaron James Gale,April 8  1970  Balclutha  Otago ,48 years 0 days,New Zealand ,,Right-hand bat,Right-arm medium,,
Arthur Galland,May 20  1891  Dunedin  Otago ,,Otago,,Right-hand bat,,Wicketkeeper,
Robert George Gallaugher,January 8  1923  Epsom  Auckland ,95 years 90 days,New Zealand Services,,Left-hand bat,Slow left-arm orthodox,,
Iain Watson Gallaway,December 26  1922  Dunedin  Otago ,95 years 103 days,Otago,,Right-hand bat,,Wicketkeeper,
Norman Gallichan,June 3  1906  Palmerston North  Manawatu ,,New Zealand ,,Right-hand bat,Slow left-arm orthodox,March 25  1969  Taupo  Waikato (aged 62 years 295 days) ,
David Langton Gallop,September 10  1937  Christchurch  Canterbury ,80 years 210 days,Canterbury,,Right-hand bat,Legbreak,,
Thomas Henry Garbutt,May 18  1907  Scarborough  Yorkshire  England ,,,,,,Umpire,
JR Gardiner,date unknown ,,,,,,Umpire,
Mark Gardiner,date unknown ,,Central Districts A,,,,,
William Gardiner,date unknown ,,Auckland ,,,,,
William Ralph Cameron Gardiner,January 1  1941  Whangarei  Northland ,77 years 97 days,,,,,Umpire,
Catherine May Garland,November 13  1913  Dunedin  Otago ,,Otago Women,,,,Twin sister - ,
Peter Garland,September 12  1946  Christchurch  Canterbury ,71 years 208 days,,,,,Umpire,
Craig Douglas Garner,July 12  1971  Porirua  Wellington ,46 years 270 days,Central Districts,,Right-hand bat,Right-arm offbreak,,
Charles Wilson Garrard,October 9  1868  Nelson ,,Canterbury,,,,Son - ,
Derwent Raoul Garrard,October 6  1897  Christchurch  Canterbury ,,Auckland,,Right-hand bat,Legbreak,Father - ,
Wilson Roziere Garrard,June 14  1899  Papanui  Christchurch  Canterbury ,,Auckland,,Right-hand bat,,Father - ,
Trevor James Garrett,May 31  1993  Auckland ,24 years 312 days,Canterbury ,,Right-hand bat,Right-arm medium-fast,,
Winston C Garrick,date unknown ,,,,,,Umpire,
Charles William Garrod,April 6  1947  Blenheim  Marlborough ,71 years 2 days,Central Districts,,Right-hand bat,,,
C W Garrod,date unknown ,,Wellington,,,,,
Claire Frances Garrood,February 15  1988  Rotorua  Bay of Plenty ,30 years 52 days,Northern Districts Women,,Right-hand bat,Right-arm medium,,
John Garty,1864 ,,Canterbury,,,,January 28  1997  Sydney  New South Wales  Australia (aged 133 years) ,
Walter John Garwood,April 30  1849  Tortington  England ,,Otago ,,,,details unknown ,
Ernest Arthur Gasson,August 14  1887  Christchurch  Canterbury ,,Canterbury,,Right-hand bat,,Son - ,
Ernest Arthur Gasson,November 11  1907  Christchurch  Canterbury ,,Canterbury,,Right-hand bat,,Father - ,
Peter Louis Gasston,June 8  1960  Cambridge  Waikato ,57 years 304 days,,,,,Umpire,
Gatland,date unknown ,,,,,,Umpire,
Herbert Ponsonby Loftus Gaussen,February 21  1871  Edenfarm  Leitram  Ireland ,,Hawke's Bay ,,,,June 28  1956  Vasey  Victoria  Australia (aged 85 years 128 days) ,
Caleb William Gaylard,September 25  1990  Wellington ,27 years 195 days,Central Districts ,,,,,
Samuel James Geake,1888  Bendigo  Victoria  Australia ,,Hawke's Bay,,Left-hand bat,Slow left-arm orthodox,December 23  1961  Hastings  Hawke's Bay  New Zealand (aged 73 years) ,
George Neville Gearry,December 17  1923  Christchurch  Canterbury ,,Canterbury,,Left-hand bat,Right-arm medium,Son - ,
Roy Malcolm Gearry,December 18  1946  Christchurch  Canterbury ,71 years 111 days,Canterbury ,,Right-hand bat,Right-arm medium,Father - ,
Thomas Francis Clive Geary,May 6  1922  Dunedin  Otago ,,Otago,,Left-hand bat,Right-arm medium,July 24  2004  Christchurch  Canterbury (aged 82 years 79 days) ,
Albert Edward Geddes,August 22  1871  Melbourne  Victoria  Australia ,,Otago,,Left-hand bat,,August 12  1935  Dunedin  Otago (aged 63 years 355 days) ,
Clifton Stewart Geddis,December 30  1894  Auckland ,,Hawke's Bay,,,,Wicketkeeper,
Arnold Ernest Gedye,February 23  1887  Auckland ,,Wellington,,Right-hand bat,,Son - ,
Sydney Graham Gedye,May 2  1929  Otahuhu  Auckland ,,New Zealand ,,Right-hand bat,,Father - ,
Stephen James Gellatly,March 25  1980  Palmerston North  Manawatu ,38 years 14 days,Wellington,,Left-hand bat,,,
B George,date unknown ,,Wellington,,,,,
Michael Peter George,August 12  1959 ,58 years 239 days,,,,,Umpire,
Struan Robert George,May 2  1978  Timaru ,39 years 341 days,Canterbury ,,Left-hand bat,Right-arm medium-fast,,
Luke Ian Georgeson,April 14  1999  Wellington ,18 years 359 days,New Zealand Under-19s,Allrounder,Left-hand bat,Right-arm medium-fast,,
Lee Kenneth Germon,November 4  1968  Christchurch  Canterbury ,49 years 155 days,New Zealand ,,Right-hand bat,Legbreak,Wicketkeeper,
James Porter Gerrard,November 17  1904  Devonport  Auckland ,,Auckland,,,,July 7  1964  Devonport  Auckland (aged 59 years 233 days) ,
Philippa Kathleen Gerrish,October 4  1982  Dannevirke  Manawatu ,35 years 186 days,Central Districts Women,,Left-hand bat,Legbreak,,
William Richard Ladsey Gibbes,1881  Sydney  New South Wales  Australia ,,Wellington,,Left-hand bat,,November 21  1918  Wellington (aged 37 years) ,
Cameron D Gibbons,March 25  1995 ,23 years 14 days,New Zealand Under-19s,,Right-hand bat,,,
Clifford Samuel Gibbs,1905  Auckland ,,Canterbury,,Right-hand bat,Slow left-arm orthodox,1976  Christchurch  Canterbury (aged 71 years) ,
DW Gibbs,date unknown ,,Northern Districts XI,,,,,
Megan Lisa Gibbs,January 21  1991  Hastings ,27 years 77 days,Otago Women,,Right-hand bat,Right-arm medium,,
Paul Bryan Gibbs,July 3  1965  Marton  Manawatu ,52 years 279 days,Central Districts,,Right-hand bat,Right-arm medium,,
James David Gibson,April 29  1993  Greytown  Wairarapa ,24 years 344 days,Wellington A,,Right-hand bat,Right-arm medium-fast,,
John Grant Gibson,November 12  1948  Hamilton  Waikato ,69 years 147 days,Auckland ,,Right-hand bat,Right-arm offbreak,,
William Alexander James Gibson,1872 ,,Hawke's Bay,,,,November 26  1961  Auckland (aged 89 years) ,
Zakary Neil Gibson,March 19  1997  Hamilton  Waikato ,21 years 20 days,New Zealand Under-19s,,Right-hand bat,Right-arm medium,,
Joseph Jarvis Gifford,October 22  1899  Napier  Hawke's Bay ,,Hawke's Bay,,,(unknown arm) medium,August 6  1930  Napier  Hawke's Bay (aged 30 years 288 days) ,
Alan William Gilbertson,December 6  1927  Invercargill  Southland ,,Otago,,Right-hand bat,Right-arm medium,Father - ,
James Gilbertson,January 1888  Invercargill  Southland ,,Southland,,Right-hand bat,,Brother - ,
John Henry Gilbertson,1884  Invercargill  Southland ,,Southland,,Right-hand bat,,Brother - ,
Shona Mary Gilchrist,October 8  1958  Dunedin  Otago ,59 years 182 days,Auckland Women ,,,,,
Eric David Giles,March 15  1939  Auckland ,,Auckland,,Left-hand bat,,Wicketkeeper,
Gary Victor Giles,January 12  1940  Hamilton  Waikato ,,Northern Districts,,Left-hand bat,Right-arm medium,February 5  2014  Hamilton  Waikato (aged 74 years 24 days) ,
Leslie Albert Giles,January 2  1906  Burwood  Christchurch  Canterbury ,,Otago,,Right-hand bat,,June 1  1981  Auckland (aged 75 years 150 days) ,
Maurice Edwin Giles,February 27  1928  Wellington ,,Wellington,,Left-hand bat,Right-arm medium,July 6  2001  Wellington (aged 73 years 129 days) ,
Richard John Gilhooly,March 26  1979  Hastings ,39 years 13 days,Wellington,,Left-hand bat,Right-arm fast-medium,,
Brian Gill,June 5  1948  Auckland ,69 years 307 days,Northern Districts,,Right-hand bat,Left-arm medium-fast,,
James Allan Gill,April 11  1928  Invercargill  Southland ,89 years 362 days,Otago,,Left-hand bat,,Wicketkeeper,
John George Gill,1854 ,,Auckland,,,(unknown arm) fast,March 15  1888  Takapuna  Auckland (aged 34 years) ,
Michael Frederick Gill,March 19  1957  Wanganui ,61 years 20 days,Central Districts,,Right-hand bat,Right-arm medium-fast,,
Stephen John Gill,September 28  1957  Nelson  Nelson ,60 years 192 days,Central Districts,,Left-hand bat,Left-arm medium,,
Hector David Gillespie,May 29  1901  Auckland ,,Auckland,,Right-hand bat,,October 12  1954  Auckland (aged 53 years 136 days) ,
Mark Raymond Gillespie,October 17  1979  Wanganui ,38 years 173 days,New Zealand ,Bowler,Right-hand bat,Right-arm fast-medium,,
Stuart Ross Gillespie,March 2  1957  Wanganui ,61 years 37 days,New Zealand ,,Right-hand bat,Right-arm fast-medium,,
Eric Kenneth Gillott,April 15  1951  Waiuku  Auckland ,66 years 358 days,Northern Districts,,Right-hand bat,Slow left-arm orthodox,,
Andrew Moncrieff Given,January 30  1886  Dunedin  Otago ,,Otago,,,,July 19  1916  France (aged 30 years 171 days) ,
James McClure Glasgow,1850  India ,,Otago,,,,Wicketkeeper,
Charles Gleeson,1845  Auckland ,,Auckland,,,,October 31  1931  Thames  Waikato (aged 86 years) ,
H A Gleeson,date unknown ,,Southland,,,,,
Adam Glen,March 1  1853  Dunedin  Otago ,,Otago,,,,July 3  1937  Auckland (aged 84 years 124 days) ,
Jamie Richard Glenn,September 13  1986  Dunedin  Otago ,31 years 207 days,Otago A,,Right-hand bat,Right-arm medium,,
Malcolm Bruce Glenny,1952  New Zealand ,66 years,,,,,Umpire,
Ross Lewis Glover,May 5  1964  Masterton  Wellington ,53 years 338 days,Central Districts,,Right-hand bat,Right-arm offbreak,,
Katie Alexandra Glynn,March 14  1989  Auckland ,29 years 25 days,Auckland Women,,Right-hand bat,,,
Harry Eden Godby,July 2  1847  Henley  Kent  England ,,Otago,,,,details unknown ,
Michael John Godby,September 29  1850  Henley  Kent  England ,,Canterbury ,,,,December 14  1923  Marylebone  London  England (aged 73 years 76 days) ,
Edmund Charles Godwin Austen,November 15  1854  Chilworth  Surrey ,,Canterbury,,,,January 25  1932  Channing  Hartley  Texas  United States of America (aged 77 years 71 days) ,
Scott Bernard Golder,September 17  1976  Lower Hutt  Wellington ,41 years 203 days,Wellington,,Right-hand bat,,,
Harold Desmond Gold-Smith,1888  Wandsworth  London ,,Hawke's Bay,,,,February 12  1919  Edinburgh  Midlothian  Scotland (war death) (aged 31 years) ,
William James Gollar,March 11  1858  Hobart  Tasmania  Australia ,,Otago,,,,August 31  1916  Dunedin  Otago (aged 58 years 173 days) ,
Frederick Robert Goodall,January 9  1938  Greymouth  West Coast ,80 years 89 days,,,,,Umpire,
Norman William Goode,July 24  1881  Millthorpe  New South Wales  Australia ,,Auckland,,,,Wicketkeeper,
Frederick John Gooder,January 17  1862  Wellington ,,Wellington,,,,April 13  1948  Wellington (aged 86 years 87 days) ,
Grace Patricia Gooder,March 22  1924 ,,Auckland Women ,,,,March 21  1983  North Shore  Auckland (aged 58 years 364 days) ,
Tony Colin Goodin,November 23  1988  Hamilton ,29 years 136 days,Northern Districts,,Right-hand bat,Right-arm fast-medium,,
Kelly Goodson,date unknown ,,Northern Districts Women,,,,,
Kelly Maree Goodson,January 11  1986  Rotorua  Bay of Plenty ,32 years 87 days,Northern Districts Women,,Right-hand bat,Right-arm medium,,
Matthew Charles Goodson,March 3  1970  Palmerston North  Manawatu ,48 years 36 days,Central Districts ,,Right-hand bat,Legbreak,,
Matthew John Goodson,1863  Wanganui ,,Taranaki,,,,June 3  1919  Hawera  Taranaki (aged 56 years) ,
L Gordon,date unknown ,,Canterbury,,,,,
Robert Wilfred Gordon,1889  Auckland ,,Auckland,,,,January 29  1914  Auckland (aged 25 years) ,
Arthur Hector Gore,1866  Wellington ,,Hawke's Bay ,,,Legbreak,Brother - ,
Charles St.George Gore,October 1  1871  Wellington ,,Wellington,,Right-hand bat,,Brother - ,
Ross Gore,1869  Wellington ,,Wellington,,,,Brother - ,
Richard Ingram Gossage,July 16  1850  Hobart  Tasmania  Australia ,,Hawke's Bay,,,,June 1  1933  Gore  Southland (aged 82 years 320 days) ,
Gouge,date unknown ,,Wellington,,,,,
William John Gough,October 20  1929  Dunedin  Otago ,,Otago,,Right-hand bat,,August 14  1978  Dunedin  Otago (aged 48 years 298 days) ,
Tamara Michelle Gould,June 30  1986  Timaru  Canterbury ,31 years 282 days,Canterbury Women ,,Right-hand bat,Legbreak,,
Henry William Gourlay,October 16  1895  Christchurch  Canterbury ,,,,,,Umpire,
Thomas Marshall Percy Grace,July 11  1890  Pukawa  Waikato ,,Wellington,,,,August 8  1915  Monash Valley  Gallipoli  Turkey (aged 25 years 28 days) ,
Archibald Clifford Graham,January 20  1917  Dunedin  Otago ,,Otago,,,,Brother - ,
Bernard Neylon Graham,October 27  1922  Gisborne ,,Auckland ,,Right-hand bat,,June 14  1992  Gisborne (aged 69 years 231 days) ,
Colin Gordon Graham,June 7  1929  Dunedin  Otago ,88 years 305 days,Otago,,Right-hand bat,Right-arm bowler,Brother - ,
Maurice Graham,August 12  1902  Leeston  Canterbury ,,Canterbury,,Left-hand bat,Right-arm medium,February 26  1993  Christchurch  Canterbury (aged 90 years 198 days) ,
Megan Maree Graham,March 23  1967  Wairoa  Hawke's Bay ,51 years 16 days,Central Districts Women,,Right-hand bat,Right-arm medium,,
William Hay Graham,1882  New Zealand ,,Auckland,,Right-hand bat,,July 28  1961  New Zealand (aged 79 years) ,
Lisa Margaret Grant,November 28  1988  Timaru  Canterbury ,29 years 131 days,Central Districts Women ,,Right-hand bat,Right-arm medium,,
Milton Reid Grant,1880  Milton  Otago ,,Hawke's Bay,,,,December 7  1961  Napier  Hawke's Bay (aged 81 years) ,
Thomas Alexander Brandon Grant,1894  Australia ,,Canterbury ,,Left-hand bat,Slow left-arm orthodox,June 9  1966  Lower Hutt  Wellington (aged 72 years) ,
Douglas John Gray,March 22  1936  Auckland ,,Northern Districts,,Left-hand bat,Right-arm medium,September 6  2004  Matamata  Waikato (aged 68 years 168 days) ,
Evan John Gray,November 18  1954  Wellington ,63 years 141 days,New Zealand ,,Right-hand bat,Slow left-arm orthodox,Umpire,
James Gray,date unknown ,,Canterbury,,,,,
Mark John Greatbatch,December 11  1963  Auckland ,54 years 118 days,New Zealand ,,Left-hand bat,Right-arm medium,Coach,
Amanda Jayne Green,March 19  1984  Turangi  Waikato ,34 years 20 days,New Zealand Women ,,Right-hand bat,Right-arm medium,,
Arthur Richard Wenman Pennefather Green,1858  Victoria  Australia ,,Nelson,,,,August 3  1935  Tauranga  Bay of Plenty (aged 77 years) ,
L Green,date unknown ,,Otago,,,,Wicketkeeper,
Lindsay Athol Green,October 14  1938  Sydney  New South Wales  Australia ,79 years 176 days,Auckland,,Right-hand bat,Right-arm offbreak,,
Madeline Lee Green,October 20  1992  Auckland ,25 years 170 days,Auckland Women ,,Right-hand bat,Right-arm offbreak,,
Alfred Greenfield,1829  England ,,Nelson,,,,Son - ,
David Alfred Greenfield,March 13  1939  Wellington ,79 years 26 days,,,,,Umpire,
David Alfred Greenfield,date unknown ,,,,,,Umpire,
Francis Edmund Greenfield,1862 ,,Nelson,,,,Father - ,
Wayne Anthony Greenstreet,January 21  1949  Lower Hutt  Wellington ,69 years 77 days,New Zealand ,,Right-hand bat,Right-arm medium,,
C Gregory,date unknown ,,Hawke's Bay,,,,,
George Richard Gregory,1894 ,,Canterbury,,,,August 17  1970  Christchurch  Canterbury (aged 76 years) ,
Kathryn Leigh Gregory,September 21  1988  Invercargill ,29 years 199 days,Otago Women,,Right-hand bat,Right-arm medium,,
Olivia Rose Gregory,January 17  1992  Hastings  Hawke’s Bay ,26 years 81 days,Central Districts Women ,,Right-hand bat,Right-arm medium,Cousin - ,
Mikaela Jane Greig,April 22  1995  Palmerston North ,22 years 351 days,Central Districts Under-21s Women ,,Right-hand bat,Right-arm offbreak,,
D Grenier,date unknown ,,Auckland,,,,Norman Grenier,
Trevor James Grierson,April 25  1849  Cardiff  Glamorgan  Wales ,,Auckland,,,,September 21  1913  Christchurch  Canterbury (aged 64 years 149 days) ,
Andrew John Grieve,October 24  1863  Dunedin  Otago ,,Otago,,,,December 12  1941  Dunedin  Otago (aged 78 years 49 days) ,
TES Griffin,date unknown ,,Otago A,,,,,
Adrian Alfred Griffiths,May 23  1951  Blenheim  Marlborough ,66 years 320 days,Wellington,,Left-hand bat,Right-arm offbreak,,
Bernard George Griffiths,February 24  1910  Wellington ,,Wellington,,Right-hand bat,Legbreak googly,Nephew - ,
Kylie Ann Griffiths,November 19  1988  Dunedin  Otago ,29 years 140 days,Otago Women,,Right-hand bat,Right-arm bowler,,
Roderick Joseph Griffiths,April 20  1948  Blenheim  Marlborough ,69 years 353 days,Northern Districts,,Right-hand bat,Left-arm fast-medium,,
Bevan Barry John Griggs,March 29  1978  Palmerston North  Manawatu ,40 years 10 days,Central Districts,,Right-hand bat,,Wicketkeeper,
George Arnold Grindrod,1870  West Derby  Lancashire  England ,,Taranaki,,,,January 7  1949  Hawera  Taranaki (aged 79 years) ,
Donovan Juan Grobbelaar,July 30  1983  Standerton  Mpumalanga  South Africa ,34 years 252 days,Auckland ,,Right-hand bat,Left-arm medium,Brother-in-law - ,
Leslie Joseph Groves,June 9  1911  Dunedin  Otago ,,Otago,,Right-hand bat,Legbreak googly,September 4  1990  Dunedin  Otago (aged 79 years 87 days) ,
Thomas George Groves,February 22  1891   Invercargill  Southland ,,Southland,,,,November 11  1940  Invercargill  Southland (aged 49 years 263 days) ,
Paula Anne Gruber,November 30  1974  Waiouru  Manawatu ,43 years 129 days,Auckland Women ,,Right-hand bat,Right-arm offbreak,,
George Gudgeon,1871  Silsoe  Ampthill  Bedfordshire  England ,,Taranaki,,,,September 30  1922  Inglewood  Taranaki (aged 51 years) ,
Charles Edward Guiney,April 29  1895  Christchurch  Canterbury ,,Canterbury,,,,December 15  1972  Glendownie  Auckland (aged 77 years 230 days) ,
John Gully,July 15  1957  Nelson  Nelson ,60 years 267 days,Canterbury,,Right-hand bat,Right-arm medium,,
Gundry,date unknown ,,,,,,Umpire,
Karen Vivienne Gunn,May 12  1962  Christchurch  Canterbury ,55 years 331 days,Canterbury 'A' Women ,,,,,
Henry Gunthorp,April 29  1871  Marylebone  London  England ,,Canterbury ,,,,October 7  1962  Balclutha  Otago (aged 91 years 161 days) ,
Martin James Guptill,September 30  1986  Auckland ,31 years 190 days,New Zealand ,Opening batsman,Right-hand bat,Right-arm offbreak,,
Michael Luke Guptill-Bunce,April 7  1989  Auckland ,29 years 1 days,Auckland ,,Right-hand bat,,St Kentigem College  Auckland; Auckland University,
Sophie Jane Gurnsey,April 2  1986  Christchurch  Canterbury ,32 years 6 days,Canterbury Women,Middle-order batsman,Right-hand bat,Right-arm slow-medium,,
Caitlin Ann Gurrey,May 3  1995  Lower Hutt  Wellington ,22 years 340 days,Northern Districts Under-21s Women,,Right-hand bat,Right-arm medium,Wicketkeeper,
David John Guthardt,October 24  1958  Nelson  Nelson ,59 years 166 days,Central Districts,,Right-hand bat,,Wicketkeeper,
Amanda Jane Guthrie,October 15  1975  Balclutha  Otago ,42 years 175 days,Otago Women,,Right-hand bat,Right-arm medium,,
Georgia Ann Guy,November 26  1993  Auckland ,24 years 133 days,Auckland Women ,,Right-hand bat,Right-arm offbreak,,
John William Guy,August 29  1934  Nelson  Nelson ,83 years 222 days,New Zealand ,,Left-hand bat,,,
William Joseph Chatten Gwynne,June 28  1913  Dunedin  Otago ,,,,,,Umpire,
Alfred Ernest Hadden,1877  Sydney  New South Wales  Australia ,,Auckland,,Right-hand bat,,1944  Granville  New South Wales  Australia (aged 67 years) ,
Gerald Peter Haddon,May 31  1941  Palmerston North  Manawatu ,76 years 312 days,Central Districts,,Right-hand bat,,,
Barry George Hadlee,December 14  1941  Christchurch  Canterbury ,76 years 115 days,New Zealand ,,Right-hand bat,,Father - ,
Dayle Robert Hadlee,January 6  1948  Riccarton  Christchurch  Canterbury ,70 years 92 days,New Zealand ,,Right-hand bat,Right-arm medium-fast,Father - ,
Karen Hadlee,date unknown ,,Canterbury Women ,,,,Husband - ,
Richard John Hadlee,July 3  1951  St Albans  Christchurch  Canterbury ,66 years 279 days,New Zealand ,,Left-hand bat,Right-arm fast,The finest cricketer New Zealand has produced  Richard Hadlee was a bowler of devastating control and intelligence: the first to 400 Test wickets; and one of the four great allrounders of the 1980s. ,
Walter Arnold Hadlee,June 4  1915  Lincoln  Canterbury ,,New Zealand ,,Right-hand bat,Right-arm medium,Son - ,
Herbert Edward Haggett,September 3  1868  Christchurch  Canterbury ,,Taranaki,,,,August 18  1938  Hutt Valley  Wellington (aged 69 years 349 days) ,
Frederick Hill Haig,April 23  1895  Wanganui ,,Otago,,,,December 3  1948  Dunedin  Otago (aged 53 years 224 days) ,
Shaun Barry Haig,March 19  1982  Auckland ,36 years 20 days,Otago,,Right-hand bat,Right-arm medium,Umpire,
William Smith Haig,April 6  1921  Prestonpans  East Lothian  Scotland ,,Otago,,Right-hand bat,Right-arm offbreak,August 21  1967  Dunedin  Otago (aged 46 years 137 days) ,
Stean Craig Wilby Hainsworth,December 22  1965  Upper Hutt  Wellington ,52 years 107 days,Wellington,,Right-hand bat,Right-arm medium,,
Dusan Neha Hakaraia,May 30  1983  Kahuku  Hawaii ,34 years 313 days,Auckland ,,Right-hand bat,Right-arm medium,,
G Haldane,date unknown ,,Wellington,,,,,
Everett Olive Hales,1876  Wellington ,,Wellington,,,Left-arm fast,November 1  1947  Wellington (aged 71 years) ,
R W Haley,date unknown ,,Otago,,,,,
Selwyn Gordon Haliday,November 13  1922  Auckland ,95 years 146 days,New Zealand Army ,,Right-hand bat,,,
Jan Louise Hall,November 21  1958  Mosgiel  Otago ,59 years 138 days,International XI Women ,,Right-hand bat,Right-arm slow-medium,,
Peter James Hall,December 4  1927  The Peak  Hong Kong ,90 years 125 days,Cambridge University ,,Right-hand bat,Right-arm medium,,
Raymond William Hall,August 27  1932  Dunedin  Otago ,,,,,,Umpire,
W K Hall,date unknown ,,Hawke's Bay,,,,,
Reginald Gerard Hallamore,February 7  1871  Penryn  Cornwall  England ,,Hawke's Bay ,,,Right-arm offbreak,Wicketkeeper,
Russell Halley,1860 ,,Canterbury,,Right-hand bat,Left-arm medium,July 6  1909  Wellington (aged 49 years) ,
Brooke Maree Halliday,October 30  1995  Hamilton ,22 years 160 days,Northern Districts Under-21s Women ,,Left-hand bat,Right-arm medium,,
Charles John Halliday,December 30  1844  Calcutta (now Kolkata)  Bengal  India ,,Nelson,,,,May 22  1906  Brompton  London  England (aged 61 years 143 days) ,
Henry Holden Halliday,March 30  1855  Nelson ,,Nelson,,,,Occasional wicketkeeper,
Thomas Stephen Hambrook,June 6  1922  London  England ,,Auckland,,Left-hand bat,Left-arm medium,September 2  1987  Auckland (aged 65 years 88 days) ,
A Hamilton,date unknown ,,,,,,Umpire,
Archibald James Hamilton,1890 ,,Southland,,,,Brother - ,
Bruce Glanville Hamilton,October 22  1932  Wanganui ,85 years 168 days,Central Districts,,Right-hand bat,,,
Donald Cameron Hamilton,January 19  1883  Invercargill  Southland ,,Southland,,,,Brother - ,
Ian Malone Hamilton,December 13  1906  Christchurch  Canterbury ,,Canterbury,,Left-hand bat,,August 29  1992  Ashburton  Canterbury (aged 85 years 260 days) ,
J Hamilton,date unknown ,,,,,,Umpire,
John James Hamilton,1855  Sherborne  Dorset  England ,,Wellington,,,,details unknown ,
Lance John Hamilton,April 5  1973  Papakura  Auckland ,45 years 3 days,New Zealand ,,Right-hand bat,Left-arm fast-medium,,
John Ernest Hammel,November 4  1940  Wellington ,,Wellington,,Left-hand bat,,March 14  1983  Wellington (aged 42 years 130 days) ,
G Hammond,date unknown ,,Southland,,,,,
Leighton John Hammond,December 6  1979  Palmerston North  Manawatu ,38 years 123 days,Northern Districts,,Left-hand bat,Left-arm medium,,
Barry Leon Hampton,January 16  1941  Westport  West Coast ,77 years 82 days,Central Districts,,Right-hand bat,Right-arm medium,Brother - ,
Brett Raymond Hampton,April 30  1991  Tauranga  Bay of Plenty ,26 years 343 days,Northern Districts ,,Right-hand bat,Right-arm medium-fast,,
George Samuel Hampton,August 31  1905  Hoddesden  Hertfordshire  England ,,Auckland,,Right-hand bat,,Wicketkeeper,
Ian Robert Hampton,July 30  1942  Motueka  Tasman ,75 years 252 days,Central Districts,,Left-hand bat,Right-arm medium,Brother - ,
Kim Bruce Hancock,July 22  1966  Matamata  Waikato ,51 years 260 days,Northern Districts,,Right-hand bat,Right-arm fast-medium,,
Maree Jennifer Hannay,March 1  1984  Whakatane  Bay of Plenty ,34 years 38 days,Northern Districts Women,,Right-hand bat,Right-arm offbreak,,
Clarence Hewson Hannell,October 15  1936  New South Wales  Australia ,,,,,,Umpire,
Melissa Jane Hansen,May 2  1996  Masterton ,21 years 341 days,Central Districts Under-21s Women,,Right-hand bat,Right-arm medium,,
Brian Christopher Harbridge,December 22  1917  Te Aroha  Waikato ,,Canterbury,,Right-hand bat,,Wicketkeeper,
Jordan Alyse Hardacre,January 4  1994  Gisborne ,24 years 94 days,Northern Districts Women,,Right-hand bat,Right-arm medium,,
George Wilfred Harden,1864 ,,Taranaki,,,,1933  Wanganui (aged 69 years) ,
Joel Ethan John Harden,February 1  1997  Taunton  Somerset ,21 years 66 days,Central Districts ,,Right-hand bat,Right-arm medium,Father - ,
Aaron James Hardie,April 19  1968  Great Dunmow  Essex  England ,49 years 354 days,,,,,Umpire,
Malcolm Garland Harding,May 28  1959  Hamilton  Waikato ,58 years 315 days,Northern Districts,,,,,
C Hardy,date unknown ,,,,,,Umpire,
Losalini Ravucake Vuetibau Stephi Harford,March 25  1973  Bridgetown  Barbados ,45 years 14 days,Auckland Women ,,Right-hand bat,Right-arm offbreak,,
Noel Sherwin Harford,August 30  1930  Winton  Southland ,,New Zealand ,,Right-hand bat,,March 30  1981  Auckland (aged 50 years 212 days) ,
Roy Ivan Harford,May 30  1936  Fulham  London  England ,81 years 313 days,New Zealand ,,Left-hand bat,,Wicketkeeper,
James Percy Hargreaves,1867 ,,Canterbury,,,,October 11  1924  Christchurch  Canterbury (aged 57 years) ,
John Tinline Harkness,April 6  1867  Richmond  Nelson ,,Auckland ,,,,December 15  1960  Christchurch  Canterbury (aged 93 years 253 days) ,
Richard C Harkness,date unknown ,,New Zealand Under-19s,,,,,
Edward Steane Harley,1839  Leicester  England ,,Canterbury,,Right-hand bat,,June 9  1901  Rakahu (aged 62 years) ,
Jack Austin Harliwich,July 14  1930  Christchurch  Canterbury ,87 years 268 days,Canterbury,,Right-hand bat,Right-arm medium,,
Annesley Frederick George Harman,November 10  1864 ,,Canterbury,,,,Brother - ,
Richard Dacre Harman,June 3  1859  Christchurch  Canterbury ,,Canterbury,,,,Brother - ,
Thomas de Renzy Harman,1860 ,,Canterbury,,,,Brother - ,
LHG Harmer,March 12  1921  Greenwich  London ,,New Zealand,,,,Umpire,
Frederick Harper,November 24  1863  Bolton  Lancashire  England ,,Otago,,,,January 19  1937  Christchurch  Canterbury (aged 73 years 56 days) ,
Gordon Dentford Harper,April 1  1937  Te Waitere  Waikato ,,Northern Districts,,Right-hand bat,Right-arm medium-fast,June 26  1997  Auckland (aged 60 years 86 days) ,
Thomas Arthur Harpur,1916 ,,Wellington,,,,1986  Rotorua (aged 70 years) ,
Anthony J Harris,June 26  1982  Dunedin  Otago ,35 years 286 days,Otago,,Right-hand bat,,Occasional wicketkeeper,
Ben Zinzan Harris,February 20  1964  Christchurch  Canterbury ,54 years 47 days,Canterbury ,,Right-hand bat,Right-arm medium,Father - ,
C Harris,date unknown ,,New Zealand Under-23s Women,,,,,
Clifford Morris Harris,1907 ,,Canterbury,,Left-hand bat,Right-arm medium,1970 (aged 63 years) ,
Chris Zinzan Harris,November 20  1969  Christchurch  Canterbury ,48 years 139 days,New Zealand ,Allrounder,Left-hand bat,Right-arm medium,Father - ,
James Clyde Harris,November 24  1905  Onehunga  Auckland ,,,,,,Umpire,
Julie Elizabeth Harris,November 24  1960  Lower Hutt  Wellington ,57 years 135 days,New Zealand Women ,,Right-hand bat,Right-arm medium,,
John Hyde Harris,November 21  1825  Deddington  Oxfordshire  England ,,Otago,,,,July 24  1886  Dunedin  Otago (aged 60 years 245 days) ,
Leonard Montague Harris,December 21  1855  Swansea  Tasmania  Australia ,162 years 108 days,Otago ,,Left-hand bat,,,
Mary Harris,date unknown ,,International XI Women,,,,,
Parke Gerald Zinzan Harris,July 18  1927  Christchurch  Canterbury ,,New Zealand ,,Right-hand bat,Right-arm medium,Son - ,
Roger Meredith Harris,July 27  1933  Otahuhu  Auckland ,84 years 255 days,New Zealand ,,Right-hand bat,Right-arm medium,,
Sheree A Harris,date unknown ,,Canterbury Women ,,,,,
Stuart Joseph Harris,August 12  1943  New Plymouth  Taranaki ,74 years 239 days,Northern Districts,,Right-hand bat,Right-arm medium,,
V Harris,date unknown ,,Wellington,,,,,
Hubert James Herbert Harrison,1917 ,,Auckland,,Right-hand bat,Right-arm fast-medium,February 27  1977  Otahuhu  Auckland (aged 60 years) ,
Alfred Duncan Hart,1867 ,,,,,,Umpire,
Arthur Henry Hart,February 24  1925 ,,,,,,Umpire,
Ashley William Hart,July 10  1956  Blenheim  Marlborough ,61 years 272 days,Canterbury,,Left-hand bat,,Wicketkeeper,
Benjamin Patrick Hart,May 4  1977  Hamilton  Waikato ,40 years 339 days,Otago,,Right-hand bat,,Wicketkeeper,
Gregory Richard James Hart,April 23  1971  Christchurch  Canterbury ,46 years 350 days,Central Districts,,Right-hand bat,,,
Matthew Norman Hart,May 16  1972  Hamilton  Waikato ,45 years 327 days,New Zealand ,,Left-hand bat,Slow left-arm orthodox,Brother - ,
Robert Garry Hart,December 2  1974  Hamilton  Waikato ,43 years 127 days,New Zealand ,,Right-hand bat,,Brother - ,
Ronald Terence Hart,November 7  1961  Lower Hutt  Wellington ,56 years 152 days,New Zealand ,,Right-hand bat,Right-arm offbreak,Wicketkeeper,
Blair Robert Hartland,October 22  1966  Christchurch  Canterbury ,51 years 168 days,New Zealand ,,Right-hand bat,,Father - ,
Ian Robert Hartland,August 12  1939  Christchurch  Canterbury ,,Canterbury,,Right-hand bat,Right-arm medium,Son - ,
John Ford Hartland,January 1862  Lyttelton  Christchurch  Canterbury ,,Canterbury,,Right-hand bat,,February 8  1918  Remuera  Auckland (aged 56 years) ,
David John Hartshorn,May 17  1966  Christchurch  Canterbury ,51 years 326 days,Canterbury ,,Right-hand bat,Legbreak,,
Mathew James Harvie,June 7  1984  Dunedin  Otago ,33 years 305 days,Otago,,Right-hand bat,Right-arm medium-fast,,
Walter Leslie Douglas Harvie,June 18  1891 ,,Auckland,,,,May 24  1969  Auckland (aged 77 years 340 days) ,
James Dick Harwood,May 13  1895  Portobello  Otago ,,,,,,Umpire,
Norman John Harwood,December 29  1929  Palmerston North  Manawatu ,88 years 100 days,Northern Districts,,Right-hand bat,Right-arm medium,,
Robert Crawford Harwood,November 20  1923  Dunedin  Otago ,,Otago,,Left-hand bat,Slow left-arm orthodox,November 23  1992  Christchurch  Canterbury (aged 69 years 3 days) ,
Alfred Spearpoint Hasell,1872  Croydon  Surrey  England ,,Canterbury,,,,January 13  1955  New Plymouth  Taranaki (aged 83 years) ,
Oscar Hungerford Haskell,April 24  1857  Brighton  Tasmania  Australia ,,Otago,,,,September 3  1943  Southport  Queensland  Australia (aged 86 years 132 days) ,
Wilfred John Raymond Haskell,December 12  1936  Karachi  Sind  India ,81 years 117 days,Wellington,,Right-hand bat,Right-arm medium-fast,,
Mark James Haslam,September 26  1972  Bury  Lancashire  England ,45 years 194 days,New Zealand ,,Left-hand bat,Slow left-arm orthodox,,
John Blair Robert Hastie,November 8  1932  Te Awamutu  Waikato ,85 years 151 days,,,,,Umpire,
Brian Frederick Hastings,March 23  1940  Island Bay  Wellington ,78 years 16 days,New Zealand ,,Right-hand bat,Legbreak googly,Son - ,
Jessica Leigh Hastings,March 5  1992  Christchurch  Canterbury ,26 years 34 days,Canterbury Women,,Right-hand bat,Right-arm medium,Great-uncle - ,
Mark Andrew Hastings,May 8  1968  Christchurch  Canterbury ,49 years 335 days,Canterbury,,Right-hand bat,Right-arm medium,Father - ,
Keith Hatch,date unknown ,,Wellington,,,(unknown arm) medium,Brother - ,
Ronald J Hatch,date unknown ,,Wellington,,,(unknown arm) fast-medium,Brother - ,
Joan Constance Hatcher,November 4  1923  Wellington ,,New Zealand Women ,,Right-hand bat,Right-arm medium,Sister - ,
Brook James Hatwell,March 12  1983  Hamilton  Waikato ,35 years 27 days,New Zealand Under-19s ,,Right-hand bat,Right-arm offbreak,Brother - ,
Jaden Glenn Hatwell,December 1  1977  Hamilton  Waikato ,40 years 128 days,New Zealand ,,Right-hand bat,Right-arm offbreak,Brother - ,
J H Haughton,date unknown ,,Wellington,,,,,
Philip John Havill,April 8  1937  Papatoetoe  Auckland ,81 years 0 days,Northern Districts,,Left-hand bat,Right-arm medium,,
Fraser Hawes,date unknown ,,Canterbury Under-17s,,,Slow left-arm orthodox,,
George Hawke,January 3  1871  Greytown  Wairarapa ,,Hawke's Bay,,,,September 19  1950  Napier  Hawke's Bay (aged 79 years 259 days) ,
Hawkins,date unknown ,,,,,,Umpire,
M Hawkins,date unknown ,,Hawke's Bay,,,,Wicketkeeper,
William H Hawkins,date unknown ,,Auckland,,,Left-arm medium-fast,Wicketkeeper,
William Henry Hawkins,1861  Patrick Plains  New South Wales  Australia ,,Hawke's Bay,,,,Wicketkeeper,
William Hawksworth,March 3  1911  Nelson  Nelson ,,Otago,,,,Wicketkeeper,
Brian Ashley Haworth,February 3  1932  Christchurch  Canterbury ,86 years 64 days,Canterbury,,Right-hand bat,,,
A Hawthorne,date unknown ,,Wellington,,,,,
David Hay,date unknown ,,Wellington,,,,,
Gregory Robert Hay,July 14  1984  Rotorua ,33 years 268 days,Central Districts,,Right-hand bat,Right-arm offbreak,,
James Campbell Hay,1886 ,,Canterbury,,,,1936  Pigeon Bay  Canterbury (aged 50 years) ,
Stuart Carlton Hay,October 6  1909  Auckland ,,Auckland,,Left-hand bat,,Father - ,
Thomas Douglas Baird Hay,August 31  1876  Auckland ,,Auckland,,Right-hand bat,,Brother - ,
William Arthur Hay,December 6  1873  Peterhead  Scotland ,,Otago,,,Slow left-arm orthodox,June 16  1945  Perth  Western Australia  Australia (aged 71 years 192 days) ,
William Patrick Carlton Hay,1875 ,,Auckland,,,,Brother - ,
Simon Christopher Hayden,October 26  1970  Ashford  Kent  England ,47 years 164 days,Auckland,,Right-hand bat,,,
William Henry Haydon,July 30  1872  Dunedin  Otago ,,Otago,,,,Wicketkeeper,
D Hayes,date unknown ,,Wairarapa,,,,,
John Arthur Hayes,January 11  1927  Auckland ,,New Zealand ,,Right-hand bat,Right-arm fast,Haybag,
Lisa Avryll Margaret Hayes,October 2  1987  Hastings  Hawke's Bay ,30 years 188 days,Central Districts Women,,Right-hand bat,Right-arm medium,,
Roydon Leslie Hayes,May 9  1971  Paeroa  Waikato ,46 years 334 days,New Zealand ,,Right-hand bat,Right-arm fast,,
TW Hayes,date unknown ,,Northern Districts XI,,,,,
William Hugh James Hayes,April 26  1890  Halswell  Christchurch  Canterbury ,,Canterbury,,Right-hand bat,Right-arm medium,Wicketkeeper,
Gareth Peter Hayne,June 13  1981  Auckland ,36 years 299 days,Canada ,,Right-hand bat,Right-arm offbreak,,
G Hayward,date unknown ,,Auckland,,,,,
RE Hayward,date unknown ,,,,,,Referee,
W Hayward,date unknown ,,Hawke's Bay,,,,,
William Hayward,November 3  1909  Auckland ,,Auckland,,Right-hand bat,,Wicketkeeper,
Maree Ellen-Mary Heal,January 10  1993  New Plymouth ,25 years 88 days,Central Districts Women,,Right-hand bat,Right-arm medium,,
W Heard,date unknown ,,,,,,Umpire,
Donald Heenan,November 25  1908  Gore  Southland ,,Otago,,,,Wicketkeeper,
George Charles Heenan,September 13  1855  Westmeath  Ireland ,,Taranaki ,,,,1913  Wellington (aged 57 years) ,
Rebecca Anne Heenan,May 13  1986  Ashburton ,31 years 330 days,Otago Women,,Right-hand bat,,,
Georgia Anne Heffernan,October 7  1999  Invercargill ,18 years 183 days,Otago Under-21s Women,,Right-hand bat,Right-arm medium,,
Kate A Heffernan,date unknown ,,Otago Women,,,,,
Brent Edward Hefford,May 8  1978  Blenheim  Marlborough ,39 years 335 days,Central Districts,,Left-hand bat,Right-arm medium,,
Gregory James Tristran Hegglun,August 7  1984  Blenheim ,33 years 244 days,Central Districts,,Right-hand bat,Right-arm medium-fast,,
Gilbert Borland Heley,1892 ,,Southland,,,,September 10  1966  Auckland (aged 74 years) ,
Alan Thomas Ranken Hellaby,November 11  1958  Auckland ,59 years 148 days,Auckland,,Right-hand bat,Right-arm medium,,
Ames Hellicar,March 2  1847  Bristol  England ,,Otago,,,,December 27  1907  Melbourne  Victoria  Australia (aged 60 years 300 days) ,
George Henry Noble Helmore,June 15  1862  Christchurch  Canterbury ,,Canterbury,,,,June 28  1922  Maidenhead  Berkshire  England (aged 60 years 13 days) ,
Sarah Katie Helmore,September 29  1971  Auckland ,46 years 191 days,Canterbury Women ,,Right-hand bat,,,
Ronald Courtney Hemi,May 15  1933  Whangarei  Northland ,,Auckland,,Left-hand bat,,September 13  2000  Hamilton  Waikato (aged 67 years 121 days) ,
Francis Edward Hemmingson,September 5  1912  Auckland ,,Auckland,,Left-hand bat,Slow left-arm orthodox,April 7  1963  Auckland (aged 50 years 214 days) ,
Lancelot Gerald Hemus,November 13  1881  Auckland ,,Auckland,,Right-hand bat,,October 27  1933  Auckland (aged 51 years 348 days) ,
John Duncan Henderson,August 8  1928  Hastings  Hawke's Bay ,89 years 243 days,Central Districts,,Right-hand bat,Right-arm medium,,
Matthew Henderson,August 2  1895  Auckland ,,New Zealand ,,Left-hand bat,Left-arm fast-medium,June 17  1970  Lower Hutt  Wellington (aged 74 years 319 days) ,
MJ Henderson,date unknown ,,,,,,Umpire,
Norman Douglas Henderson,January 13  1913  Dunedin  Otago ,,Otago,,Right-hand bat,Right-arm fast-medium,October 30  2000  Auckland (aged 87 years 291 days) ,
Rebecca Lauren Henderson,January 9  1995  Pukekohe  Auckland ,23 years 89 days,Otago Women,,Right-hand bat,Right-arm medium,,
William Hendley,date unknown ,,Otago,,,,September 4  1895  Dunedin  Otago ,
Michael J Hendry,date unknown ,,New Zealand Under-19s,,,,,
Russell Hendry,March 2  1939  Dunedin  Otago ,79 years 37 days,Otago,,Right-hand bat,,,
William James Hendy,April 2  1900  Auckland ,,Auckland,,Right-hand bat,Right-arm offbreak,September 23  1992  Auckland (aged 92 years 174 days) ,
C Henry,date unknown ,,Auckland,,,,,
David William Henry,June 13  1947  Nambour  Queensland  Australia ,70 years 299 days,Wellington,,Right-hand bat,Right-arm medium,,
Graham William Henry,June 8  1946  Christchurch  Canterbury ,71 years 304 days,Canterbury ,,Right-hand bat,,Wicketkeeper,
Matthew James Henry,December 14  1991  Christchurch  Canterbury ,26 years 115 days,New Zealand ,Bowler,Right-hand bat,Right-arm fast-medium,,
Paul James Henry,October 16  1970  Mataura  Southland ,47 years 174 days,Otago,,Right-hand bat,,Wicketkeeper,
Cheryl Elizabeth Henshilwood,August 1  1952 ,65 years 250 days,New Zealand Women ,,,,,
AE Henson,date unknown ,,Northern Districts Under-21s Women,,,,,
O Henson,date unknown ,,Wairarapa,,,,Wicketkeeper,
Wilfred Frederick Tenekaha Hepburn,August 25  1910  Wellington ,,Wellington,,Right-hand bat,,September 7  1973  Wellington (aged 63 years 13 days) ,
Eliot Herd,date unknown ,,Northern Territory Cricket Association Invitation XI,,,,,
Elliott Robert Samuel Herd,March 8  1992  Auckland ,26 years 31 days,Auckland A,,Right-hand bat,Right-arm offbreak,,
Gary le Roy Hermansson,January 17  1941  Palmerston North  Manawatu ,77 years 81 days,New Zealand Under-23s,,Right-hand bat,,Wicketkeeper,
Michael James Hesson,October 30  1974  Dunedin  Otago ,43 years 160 days,Otago,,,,Coach,
David Falconer Hewat,January 23  1866  Oamaru  Otago ,,Wellington,,,(unknown arm) fast,Brother - ,
Robert Hewat,October 18  1863  Oamaru  Otago ,,Otago,,,,Brother - ,
Allan Roy Hewson,June 6  1954  Lower Hutt  Wellington ,63 years 306 days,Wellington,,Right-hand bat,,Wicketkeeper,
Charles Ernest Hickey,1879 ,,Wellington,,,Legbreak,June 9  1919  Wellington (aged 40 years) ,
Jonathan David Hickey,March 30  1991  Auckland ,27 years 9 days,New Zealand Under-19s ,,Left-hand bat,Legbreak,,
Rupert George Hickmott,March 19  1894  Christchurch  Canterbury ,,Canterbury,,Right-hand bat,,September 16  1916  France (aged 22 years 181 days) ,
Shawn Hicks,July 10  1995  Centurion  South Africa ,22 years 272 days,Auckland A ,,Right-hand bat,Right-arm medium-fast,Auckland Grammar School  Auckland  New Zealand,
Henry Claude Hickson,September 4  1878  Wellington ,,Wellington,,Right-hand bat,,Brother - ,
Henry Samuel Hickson,April 19  1859 ,,Wellington,,,,April 29  1883  Wellington (aged 24 years 10 days) ,
Tessa Louise Hickson,February 17  1986  Tauranga  Bay of Plenty ,32 years 50 days,Northern Districts Women,,Right-hand bat,,,
William Richard Stanley Hickson,1877 ,,Wellington,,,,Brother - ,
John Sydney Hiddleston,December 10  1890  Invercargill  Southland ,,Otago ,,Right-hand bat,Right-arm medium,October 30  1940  Wellington (aged 49 years 325 days) ,
Bryan Breton Higgins,June 29  1927  Suva  Fiji ,,Northern Districts,,Right-hand bat,Legbreak,August 24  2003  Havelock North  Hawke’s Bay (aged 76 years 56 days) ,
William Lawrence Higgins,November 15  1888  St Leonard's ,,Otago,,,,July 3  1968  Ashburton  Canterbury (aged 79 years 231 days) ,
Ian Colin Higginson,May 10  1947  Rangiora  Canterbury ,70 years 333 days,,,,,Umpire,
Brandon Christopher Hiini,December 11  1981  Invercargill  New Zealand ,36 years 118 days,Canterbury,Middle-order batsman,Right-hand bat,Right-arm medium-fast,,
Anthony John Hill,March 13  1952  Auckland ,66 years 26 days,Auckland ,,Right-hand bat,Right-arm offbreak,Son - ,
Anthony Lloyd Hill,June 26  1951  Auckland ,66 years 286 days,,,,,Umpire,
Donald Hill,January 6  1940  Christchurch  Canterbury ,78 years 92 days,Auckland ,,Right-hand bat,,Wicketkeeper,
George Henry Fitzroy Hill,July 16  1868  Portsea  Portsmouth  Hampshire  England ,,Hawke's Bay,,,,Wicketkeeper,
Henry Philip Hill,July 13  1845  Newport  Monmouthshire  England ,,Canterbury,,,,January 6  1924 (aged 78 years 177 days) ,
John Hill,September 22  1930  Gore  Southland ,,Otago,,Right-hand bat,Left-arm medium,Son - ,
James Hill,date unknown ,,Wellington Under-19s,,,,,
Joseph Vettori Hill,October 18  1976  Blenheim  Marlborough ,41 years 172 days,Central Districts,,Right-hand bat,,Father - ,
MW Hill,date unknown ,,New Zealand,,,,Umpire,
Robert John Hill,February 1  1954  Gore  Southland ,64 years 66 days,Otago,,Right-hand bat,Right-arm medium,Father - ,
Sarah Joanne Hill,May 31  1979  Feilding  Manawatu ,38 years 312 days,Wellington Women,,Right-hand bat,,Wicketkeeper,
Peter William Hills,December 3  1958  Ranfurly  Otago ,59 years 126 days,Otago,,Right-hand bat,Left-arm fast-medium,,
Harris Smith Waghorn Hindmarsh,1900  Napier  Hawke's Bay ,,Hawke's Bay,,,,July 10  1958  Napier  Hawke's Bay (aged 58 years) ,
John St John Hindmarsh,November 14  1883  Napier  Hawke's Bay ,,Hawke's Bay,,,,June 26  1961  Napier  Hawke's Bay (aged 77 years 224 days) ,
Simon David Hinton,March 21  1968  Clyde  Otago ,50 years 18 days,Otago,,Right-hand bat,Right-arm medium,,
Andrew John Hintz,December 8  1963  Christchurch  Canterbury ,,Canterbury,,Right-hand bat,Right-arm fast-medium,February 7  2016  Christchurch  (aged 52 years 61 days) ,
Edwin Hipkiss,February 6  1947  Wallasey  Cheshire  England ,71 years 61 days,Northern Districts,,Right-hand bat,Right-arm medium-fast,,
NK Hira,date unknown ,,Auckland Under-21s Women,,,,,
Roneel Magan Hira,January 23  1987  Auckland ,31 years 75 days,New Zealand ,Bowler,Left-hand bat,Slow left-arm orthodox,,
A Hirst,date unknown ,,,,,,Umpire,
Paul Anthony Hitchcock,January 23  1975  Whangarei  Northland ,43 years 75 days,New Zealand ,,Right-hand bat,Right-arm medium,,
