John Graham Reed,January 15  1948  Sunderland  Co Durham ,70 years 83 days,,,,,Umpire,
Joshua John Reid,November 13  1989  Bristol  Gloucestershire ,28 years 146 days,Wiltshire,,Left-hand bat,,,
Martin Kenneth Reed,October 16  1955  Derby ,62 years 174 days,,,,,Umpire,
Michael Thomas Reed,September 10  1988  Leicester ,29 years 210 days,Cardiff MCCU ,,Right-hand bat,Right-arm fast-medium,,
Vincent Craven Reed,March 21  1940  Yelling  Cambridgeshire ,78 years 18 days,Cambridgeshire,,Right-hand bat,Right-arm medium,,
Walter Bartlett Reed,February 4  1839  Sompting  Sussex ,,Sussex,,Right-hand bat,Left-arm fast (roundarm),March 17  1880  Storrington  Sussex (aged 41 years 42 days) ,
Alan Henry Morgan Rees,February 17  1938  Port Talbot  Glamorgan  Wales ,80 years 50 days,Glamorgan,,Right-hand bat,Right-arm medium,,
Clive Rees,date unknown ,,England,,,,Umpire,
D Rees,date unknown ,,Shropshire,,,,,
Gareth Henry John Rees,October 24  1974  Bristol ,43 years 166 days,Glamorgan 2nd XI,,Right-hand bat,,,
Gareth Peter Rees,April 8  1985  Swansea ,33 years 0 days,Glamorgan ,,Left-hand bat,Left-arm medium,Coedcae Comprehensive  Bath University,
Simon Rees,March 20  1989  Newport  Isle of Wight ,29 years 19 days,Suffolk,Middle-order batsman,Right-hand bat,Right-arm fast-medium,,
Timothy Martyn Rees,September 4  1984  Loughborough  Leicestershire ,33 years 216 days,Lancashire ,,Right-hand bat,,,
William Rupert Rees-Davies,November 19  1916  Hong Kong ,,Cambridge University,,Right-hand bat,Right-arm fast-medium,January 12  1992  Monkton  Kent (aged 75 years 54 days) ,
Dermot Alexander Reeve,April 2  1963  Kowloon  Hong Kong ,55 years 6 days,England ,,Right-hand bat,Right-arm medium,Coach  Commentator,
Edmund Reeves,date unknown ,,Middlesex ,,Right-hand bat,Right-arm medium-fast,December 10  1906  Wimbledon  Surrey ,
Luke Reeves,May 2  1980  Adelaide  South Australia  Australia ,37 years 341 days,Leicestershire Cricket Board,,Right-hand bat,,Wicketkeeper,
SDP Reeves,date unknown ,,Nottinghamshire 2nd XI,,,,,
William Reeves,June 22  1875  Cambridge ,,Essex,,Right-hand bat,Right-arm medium,Umpire,
Charles Regan,May 11  1842  Barnsley  Yorkshire ,,Derbyshire,,Right-hand bat,,Wicketkeeper,
James Alan Regan,May 30  1994  Frimley  Surrey ,23 years 313 days,Hampshire Under-15s ,,Right-hand bat,,Wicketkeeper,
Fahid Rehamn,July 29  1991  Bradford ,26 years 253 days,Leicestershire 2nd XI,,Left-hand bat,Slow left-arm orthodox,,
F Rehman,date unknown ,,Leicestershire 2nd XI,,,,,
Katharine Dorothea Veronica Reichwald,September 1  1924  Ashstead  Surrey ,,,,,,Umpire,
Reid,date unknown ,,Kent,,,,,
Callum Reid,February 5  1995  Newport  Monmouthshire  Wales ,23 years 62 days,Wales Minor Counties,,Right-hand bat,Right-arm medium,,
Charles Timothy Reid,April 21  1991  Manchester  Lancashire ,26 years 352 days,Cheshire,,Right-hand bat,Right-arm offbreak,,
Leonard John Reid,January 14  1888  Chesterton  Cambridgeshire ,,Marylebone Cricket Club,,,,October 25  1938  New York  United States of America (aged 50 years 284 days) ,
Nicole Reid,October 6  1997 ,20 years 184 days,Wales Women,,,,,
Reuben James Reid,July 26  1988  Bristol ,29 years 256 days,Gloucestershire 2nd XI,,Left-hand bat,Right-arm medium,,
Robert Threshie Reid,April 3  1846  Kerkira  Corfu  Ionian Isles ,,Oxford University,,Right-hand bat,,Wicketkeeper,
Bernard Wilfrid Reidy,September 18  1953  Accrington ,64 years 202 days,Cumberland ,,Left-hand bat,Left-arm medium,Umpire,
Nico Reifer,date unknown ,,Surrey 2nd XI,,,,,
Charles Frederick Reiner,February 15  1884  Sutton  Surrey ,,Surrey,,,,January 9  1947  Maida Vale  London (aged 62 years 328 days) ,
Marc Reingold,date unknown ,,Marylebone Cricket Club,,,,,
Steven Reingold,date unknown ,,Middlesex 2nd XI,,,,,
Albert Edward Relf,June 26  1874  Burwash  Sussex ,,England ,,Right-hand bat,Right-arm medium-fast  Right-arm offbreak,Father - ,
Ernest Herbert Relf,November 19  1888  Sandhurst  Berkshire ,,Sussex,,Right-hand bat,Right-arm medium,Father - ,
Georgia Lucy Relf,November 28  1998  Leicester ,19 years 131 days,Leicestershire Women,,,,,
John Relf,February 26  1846 ,,,,,,Son - ,
Robert Richard Relf,September 1  1883  Sandhurst  Berkshire ,,PW Sherwell's XI ,,Right-hand bat,Right-arm fast-medium,Father - ,
Benjamin Remington,date unknown ,,England ,,,,Brother - ,
Michael Remington,date unknown ,,Kent XI,,,,Brother - ,
Thomas Remington,date unknown ,,Kent XI ,,,,Brother - ,
Ernest Richard Remnant,May 1  1881  Croydon  Surrey ,,Europeans (India) ,,Right-hand bat,Slow left-arm orthodox,March 18  1969  Harrow  Middlesex (aged 87 years 321 days) ,
George Henry Remnant,November 20  1846  Rochester  Kent ,,Kent,,Right-hand bat,Right-arm fast (roundarm),February 24  1941  Higham  Rochester  Kent (aged 94 years 96 days) ,
Peter Farquharson Remnant,September 21  1897  Paddington  London ,,Minor Counties,,Right-hand bat,,January 31  1968  Oxford (aged 70 years 132 days) ,
Robert John Farquharson Remnant,March 29  1895  Westminster  London ,,Minor Counties,,Right-hand bat,Right-arm medium-fast,succeeded to the title 2nd Baron Remnant in 1933,
Carlos Charles Remy,July 24  1968  Castries  St Lucia ,49 years 258 days,Leicestershire ,,Right-hand bat,Right-arm medium,,
Carlo Stefan Rendell,December 9  1982  Perth  Western Australia ,35 years 120 days,Middlesex,,Right-hand bat,Left-arm medium-fast,,
James Phillip Rendell,January 24  1980  Bristol ,38 years 74 days,Gloucestershire Cricket Board,,Right-hand bat,Right-arm offbreak,,
Perry John Rendell,January 20  1970  Weston-super-Mare  Somerset ,48 years 78 days,Combined Universities ,,Right-hand bat,Right-arm medium,,
George William Armitage Render,January 5  1887  Dewsbury  Yorkshire ,,Yorkshire,,Right-hand bat,Right-arm medium-fast,September 17  1922  Hanging-Heaton  Yorkshire (aged 35 years 255 days) ,
Andrew Geoffrey Rennison,August 6  1987  Doncaster  Yorkshire ,30 years 245 days,Derbyshire 2nd XI ,,Right-hand bat,,,
Adam Paul Rennocks,January 29  1982  Leicester ,36 years 69 days,Leicestershire Cricket Board,,Right-hand bat,Left-arm medium,,
Henry Waugh Renny-Tailyour,October 9  1849  Mussoorie  North West Provinces  India ,,Kent,,Right-hand bat,Right-arm fast (roundarm),June 15  1920  Newmanswalls  Montrose  Scotland (aged 70 years 250 days) ,
Alfred George Renshaw,September 8  1844  Islington  London ,,Marylebone Cricket Club,,,,July 14  1897  Svenningdal  Nordland  Norway (aged 52 years 309 days) ,
Simon John Renshaw,March 6  1974  Bebington  Cheshire ,44 years 33 days,Cheshire ,,Right-hand bat,Right-arm medium-fast,,
Humphry Repton,date unknown ,,Middlesex ,,,,December 1819  Hornchurch  Essex ,
Clive Reunert,December 7  1887  Hillbrow  Johannesburg  Transvaal  South Africa ,,Cambridge University,,,,April 11  1953  Johannesburg  Transvaal  South Africa (aged 65 years 125 days) ,
John Reunert,April 1  1886  Hillbrow  Johannesburg  Transvaal  South Africa ,,Cambridge University,,Left-hand bat,Left-arm fast,July 25  1946  Johannesburg  Transvaal  South Africa (aged 60 years 115 days) ,
Alan Chambers Revill,March 27  1923  Sheffield  Yorkshire ,,Berkshire ,,Right-hand bat,Right-arm offbreak,July 6  1998  Brent  London (aged 75 years 101 days) ,
Thomas Frederick Revill,May 9  1892  Bolsover  Derbyshire ,,Derbyshire,,Left-hand bat,Legbreak googly,March 29  1979  Mansfield  Nottinghamshire (aged 86 years 324 days) ,
Melissa Anne Reynard,March 14  1972  Harrogate  Yorkshire ,46 years 25 days,England Women ,,Right-hand bat,Left-arm medium,,
Alan Boyd Reynolds,March 12  1879  Islington  London ,,Oxford University,,Right-hand bat,,Wicketkeeper,
Brian Leonard Reynolds,June 10  1932  Kettering  Northamptonshire ,,Northamptonshire,,Right-hand bat,Right-arm offbreak,Wicketkeeper,
Elizabeth Grace Reynolds,March 22  1995  Bury St Edmunds  Suffolk ,23 years 17 days,Emeralds,,Right-hand bat,Left-arm fast-medium,,
Edward Morris Reynolds,August 30  1830  Clapham  London ,,Cambridge University,,,,April 3  1908  Ambleside  Westmorland (aged 77 years 217 days) ,
Frederick Reynolds,November 1  1764 ,,Earl of Winchilsea's XI,,,,April 16  1841 (aged 76 years 166 days) ,
Frederick Reginald Reynolds,August 7  1833  Bottisham  Cambridgeshire ,,Cambridge Town Club ,,Right-hand bat,Right-arm fast (roundarm)  Right-arm slow (underarm),Brother - ,
Gavin Reynolds,April 15  1979  Liverpool  Lancashire ,38 years 358 days,Lancashire Cricket Board,,Right-hand bat,Right-arm medium,,
Giles Denys Reynolds,July 13  1967  Monchengladbach  West Germany ,50 years 269 days,Dorset ,,Right-hand bat,,Wicketkeeper,
Graham Edward Arthur Reynolds,September 23  1937  Newport  Monmouthshire ,,Glamorgan,,Left-hand bat,Right-arm medium,St. Julian's High School  Newport;  Exeter University,
George William H Reynolds,December 4  1986  Greater London ,31 years 125 days,Eton College,,,,Eton; Corpus Christi  Cambridge,
Henry Smith Reynolds,January 6  1844  Ollerton  Nottinghamshire ,,Nottinghamshire,,Right-hand bat,Right-arm fast,April 21  1894  Burnley  Lancashire (aged 50 years 105 days) ,
Jason Daniel Reynolds,March 26  1996  Norwich  Norfolk ,22 years 13 days,Norfolk,,,,,
James Francis Reynolds,May 2  1866  Tonbridge  Kent ,,Kent,,Right-hand bat,Right-arm medium,September 6  1950  Malling Place  Kent (aged 84 years 127 days) ,
L Reynolds,date unknown ,,England Development Squad Women,,,,,
Michael David Reynolds,March 14  1994  Bath  Somerset ,24 years 25 days,Wiltshire ,,Right-hand bat,Right-arm medium,,
RJ Reynolds,date unknown ,,Marylebone Cricket Club,,,,,
Thomas Peter Reynolds,April 2  1830  Bottisham  Cambridgeshire ,,Cambridge Town Club,,,,Brother - ,
Andrew Mark Reynoldson,February 28  1989  Kettering ,29 years 39 days,Bedfordshire,,Left-hand bat,Slow left-arm orthodox,,
Netta Rheinberg,October 24  1911  Willesden  Middlesex ,,England Women ,,,,Administrator  Journalist,
Albert Rhodes,April 9  1889  Saddleworth  Yorkshire ,,Lancashire,,Right-hand bat,Right-arm slow-medium,March 10  1970  Blackpool  Lancashire (aged 80 years 335 days) ,
Arthur Cecil Rhodes,October 14  1906  Headingley  Leeds  Yorkshire ,,Yorkshire,,Right-hand bat,Right-arm fast-medium,May 21  1957  Headingley  Leeds  Yorkshire (aged 50 years 219 days) ,
Albert Ennion Groucott Rhodes,October 10  1916  Tintwistle  Cheshire ,,Derbyshire,,Right-hand bat,Right-arm fast-medium  Legbreak,Son - ,
Cecil Rhodes,August 12  1906 ,,Lancashire,,,Slow left-arm orthodox,February 1990  New York  United States of America (aged 83 years) ,
Dominic ER Rhodes,date unknown ,,Gloucestershire 2nd XI,,,,,
George Harry Rhodes,October 26  1993 ,24 years 164 days,Worcestershire 2nd XI ,,Right-hand bat,Right-arm offbreak,Grandfather - ,
Herbert Edward Rhodes,January 11  1852  Hennerton House  Berkshire ,,Yorkshire,,,,Wicketkeeper,
Harold James Rhodes,July 22  1936  Hadfield  Glossop  Derbyshire ,81 years 260 days,England ,,Right-hand bat,Right-arm fast,Father - ,
James Rhodes,July 27  1866  Aston  Birmingham  Warwickshire ,,Warwickshire,,Right-hand bat,,August 26  1939  Solihull  Warwickshire (aged 73 years 30 days) ,
John Rhodes,September 4  1962  Lancaster  Lancashire ,55 years 216 days,Devon,,Right-hand bat,Right-arm medium,,
Stuart Denzil Rhodes,March 24  1910  Sneinton  Nottingham ,,Nottinghamshire,,Right-hand bat,Right-arm medium,January 7  1989  Stamford  Lincolnshire (aged 78 years 289 days) ,
Steven John Rhodes,June 17  1964  Dirk Hill  Bradford  Yorkshire ,53 years 295 days,England ,,Right-hand bat,,Son - ,
Thomas Basil Rhodes,August 13  1874  Uttoxeter  Staffordshire ,,Warwickshire,,Right-hand bat,,Wicketkeeper,
Wilfred Rhodes,October 29  1877  North Moor  Kirkheaton  Yorkshire ,,England ,,Right-hand bat,Slow left-arm orthodox,July 8  1973  Branksome Park  Dorset (aged 95 years 252 days) ,
William Ernest Rhodes,August 5  1936  Five Lane Ends  Bradford  Yorkshire ,,Nottinghamshire,,Right-hand bat,,Grandson - ,
William Rhodes,March 4  1883  Bradford  Yorkshire ,,Yorkshire,,Right-hand bat,Right-arm fast,August 5  1941  Bradford  Yorkshire (aged 58 years 154 days) ,
William Michael Harry Rhodes,March 2  1995  Nottingham ,23 years 37 days,England Under-17s ,,Left-hand bat,Right-arm medium-fast,Cottingham High School; Cottingham 6th Form College (Hull),
Hubert Ralph John Rhys,August 31  1897  Aberdare  Glamorgan  Wales ,,Glamorgan ,,Right-hand bat,,March 18  1970  Llandaff  Glamorgan  Wales (aged 72 years 199 days) ,
H Riaz,date unknown ,,Nottinghamshire 2nd XI,,,,,
Hamza Riazuddin,December 19  1989  Hendon  Middlesex ,28 years 110 days,England Under-19s ,,Right-hand bat,Right-arm fast-medium,,
Augustus Louis Ricardo,1843  Chelsea  London ,,Hampshire,,,,April 19  1871  Cologne  Germany (aged 28 years) ,
Alan Sedgwick Rice,August 29  1929  West End  Leicester ,88 years 222 days,Leicestershire,,Left-hand bat,Right-arm fast-medium,,
David Rice,April 8  1914  Low Hellesdon  Norfolk ,,LC Steven's XI,,Right-hand bat,Right-arm medium,September 13  1997  Brighton  Sussex (aged 83 years 158 days) ,
Douglas William H Rice,March 22  1990 ,28 years 17 days,Cambridge MCCU,,Right-hand bat,,,
Edward Royd Rice,1790 ,,Middlesex ,,,,November 27  1878  Eastry  Kent (aged 88 years) ,
Gary Sedgwick Rice,August 24  1960  Leicester ,57 years 227 days,Cambridgeshire,,Right-hand bat,Right-arm medium-fast,,
James Rice,date unknown ,,B Aislabie's XI ,,,,,
J Rice,date unknown ,,Middlesex XI,,,,,
John Michael Rice,October 23  1949  Chandlers Ford  Hampshire ,68 years 167 days,Hampshire ,,Right-hand bat,Right-arm medium,,
Kevin Geoffrey Rice,January 13  1965  Morchard Bishop  Devon ,53 years 85 days,Devon,,Right-hand bat,Right-arm offbreak,,
Christopher Paul Edgar Rice,February 22  1948  Exeter  Devon ,,Suffolk,,Left-hand bat,,February 16  2013  Halesworth  Suffolk (aged 64 years 360 days) ,
Reginald William Rice,November 14  1868  Tewkesbury  Gloucestershire ,,Gloucestershire ,,Right-hand bat,Right-arm slow,February 11  1938  Bedford (aged 69 years 89 days) ,
William Ignatius Rice,March 15  1883  Birmingham  Warwickshire ,,Warwickshire,,Right-hand bat,Right-arm medium,St Edmund's Douai; Oxford University,
Arthur Saunders Rich,June 28  1807  Gravesend  Kent ,,Surrey,,,,September 4  1865  Peckham  London (aged 58 years 68 days) ,
Henry George William Rich,July 7  1819  Bossington  Hampshire ,,Oxford University,,,,January 26  1849 (aged 29 years 203 days) ,
Ian Gordan Rich,November 11  1957  Nottinghamshire ,60 years 148 days,,,,,Umpire,
Jeremy Rich,October 31  1979  Hemel Hempstead  Hertfordshire ,38 years 159 days,Hertfordshire,,Right-hand bat,Legbreak,,
Alexander Charles Richards,September 13  1971  Ilford  Essex ,46 years 207 days,Essex Cricket Board,,Right-hand bat,Right-arm offbreak,,
Arthur Carew Richards,February 20  1865  Grays  Essex ,,Hampshire,,Right-hand bat,Right-arm slow,November 29  1930  Nottingham (aged 65 years 282 days) ,
BDJ Richards,date unknown ,,Surrey 2nd XI,,,,,
Charles Herbert Richards,August 20  1873  Caerynwch  Dolgelley  Merioneth  Wales ,,London County,,,,September 21  1925  Ruthin  Denbighshire  Wales (aged 52 years 32 days) ,
Clifton James Richards,August 10  1958  Penzance  Cornwall ,59 years 241 days,England ,,Right-hand bat,Right-arm medium,Wicketkeeper,
Cyril James Ridding Richards,July 14  1870  Andover  Hampshire ,,Hampshire,,Left-hand bat,Left-arm fast,October 27  1933  Cluny Castle  Aberdeenshire  Scotland (aged 63 years 105 days) ,
David M Richards,November 6  1931  Bath  Somerset ,86 years 153 days,Wiltshire,,,,,
Dick Stanley Richards,September 10  1908  Bognor Regis  Sussex ,,Sussex,,Right-hand bat,Slow left-arm orthodox,November 13  1995  Worthing  Sussex (aged 87 years 64 days) ,
David Stephen Richards,September 29  1989  Treliske  Truro ,28 years 191 days,Cornwall,,Right-hand bat,Right-arm slow,,
Elis Owen Richards,January 1999  Swansea  Glamorgan  Wales ,19 years,Wales Minor Counties,,,,,
George Richards,October 4  1807  Godalming  Surrey ,,Surrey,,,,details unknown ,
Gwyn Richards,November 29  1951  Maesteg  Glamorgan  Wales ,66 years 130 days,Glamorgan,,Right-hand bat,Right-arm offbreak,,
GB Richards,date unknown ,,,,,,Umpire,
Gillian Kate Richards,September 27  1980  Wellington  Shropshire ,37 years 193 days,England Women ,,Right-hand bat,Slow left-arm orthodox,,
Hugh Richards,date unknown ,,Sussex 2nd XI ,,,,Wicketkeeper,
Ian Michael Richards,December 9  1957  Stockton-on-Tees  Co Durham ,60 years 120 days,Durham ,,Left-hand bat,Right-arm medium,,
James Henry Richards,January 3  1855  Brixton  London ,,Surrey,,,,August 24  1923  Tulse Hill  Brixton  London (aged 68 years 233 days) ,
John Lawson Richards,circa 1920  Australia ,,Cambridge University,,,,,
Mark Allan Elliott Richards,April 9  1974  Bridport  Dorset ,43 years 364 days,Devon,,,,,
Mary E Richards,date unknown ,,England Women ,,,,Date unknown ,
Nicole Richards,September 18  1992  Truro  Cornwall ,25 years 202 days,Somerset Women,,Right-hand bat,Legbreak,,
Oliver Benjamin Richards,December 8  1990  Lambeth  London ,27 years 121 days,Buckinghamshire Under-17s ,,Right-hand bat,,Dr Challoner's Grammar School  Amersham,
R Richards,date unknown ,,,,,,Umpire,
Robert John Richards,June 5  1934  Winchester  Hampshire ,83 years 307 days,Essex,,Right-hand bat,,Wicketkeeper,
Sophie Emma Richards,July 16  1997  Truro  Cornwall ,20 years 266 days,Cornwall Women,,,,,
T Richards,date unknown ,,Kent 2nd XI,,,,,
Walter Richards,September 28  1863  Balsall Heath  Worcestershire ,,Warwickshire,,Right-hand bat,Right-arm offbreak,Umpire,
William Henry Richards,June 26  1833  Keevil  Wiltshire ,,Marylebone Cricket Club,,,,September 22  1912  St Helens  Isle of Wight (aged 79 years 88 days) ,
Zoe Richards,date unknown ,,Nottinghamshire Women,,Right-hand bat,Right-arm medium,,
Annabelle Richards,date unknown ,,Kent Women,,,,,
Richardson,date unknown ,,Hampshire ,,,,,
Alex Richardson,date unknown ,,Liphook &amp; Ripsley,,,,,
Alex Richardson,date unknown ,,Hampshire Cricket Academy ,,,,,
Alan Richardson,May 6  1975  Newcastle-under-Lyme  Staffordshire ,42 years 337 days,Derbyshire ,,Right-hand bat,Right-arm medium,Alleyne's High School (Stone),
Allen Richardson,October 28  1926  Woodbeck  Nottinghamshire ,,Nottinghamshire,,Right-hand bat,Right-arm fast-medium,September 20  1998  Sherwood  Nottingham (aged 71 years 327 days) ,
Alfred Graham Richardson,July 24  1875  Sandy  Bedfordshire ,,Cambridge University ,,Right-hand bat,,December 17  1935  Umtata  Cape Province  South Africa (aged 60 years 146 days) ,
Andrew Robert Richardson,June 2  1965  Weymouth  Dorset ,52 years 310 days,Dorset,,Right-hand bat,,Wicketkeeper,
Alastair William Richardson,October 23  1972  Derby ,45 years 167 days,Derbyshire,,Right-hand bat,Right-arm fast-medium,,
Arthur Walker Richardson,March 4  1907  Quarndon  Derbyshire ,,Derbyshire,,Right-hand bat,,July 29  1983  Ednaston  Derbyshire (aged 76 years 147 days) ,
Bryan Anthony Richardson,February 24  1944  Kenilworth  Warwickshire ,74 years 43 days,Warwickshire,,Left-hand bat,Legbreak,,
Bertram Harold Richardson,March 12  1932  Ashton-under-Lyne  Lancashire ,86 years 27 days,Derbyshire,,Left-hand bat,Slow left-arm orthodox,,
Charles Adrian Richardson,June 5  1946  Stamford  Lincolnshire ,71 years 307 days,Lincolnshire,,Right-hand bat,,,
Charles Edwin Richardson,August 10  1853  Belgrave  Leicester ,,,,,,Umpire,
Charles Stewart Richardson,March 23  1885  Terling  Essex ,,Essex,,Left-hand bat,,April 5  1948  Great Totham  Essex (aged 63 years 13 days) ,
Daniel Phillip Richardson,January 19  1995  Stoke  Staffordshire ,23 years 79 days,Staffordshire,,Right-hand bat,Right-arm medium,,
Derek Walter Richardson,November 3  1934  Hereford ,83 years 156 days,England ,,Left-hand bat,Left-arm medium,,
George William Richardson,April 26  1938  Marylebone  London ,79 years 347 days,Derbyshire,,Right-hand bat,Left-arm fast-medium,,
Henry Richardson,October 4  1857  Bulwell  Nottinghamshire ,,Nottinghamshire,,Right-hand bat,Right-arm medium,March 20  1940  Bulwell  Nottinghamshire (aged 82 years 168 days) ,
Henry Adair Richardson,July 31  1846  Bayswater  London ,,Cambridge University ,,Right-hand bat,,Tonbridge; Cambridge University,
Harold Bamford Richardson,March 10  1873  Rochdale  Lancashire ,,Surrey,,Right-hand bat,Right-arm slow,details unknown ,
Ian Robert Richardson,February 11  1982  Swindon  Wiltshire ,36 years 56 days,Wiltshire,,Right-hand bat,Left-arm fast-medium,,
J Richardson,date unknown ,,Hampshire,,,,,
John Richardson,March 17  1856  Duckmanton  Derbyshire ,,Derbyshire,,Right-hand bat,Right-arm fast,February 19  1940  Brimington  Derbyshire (aged 83 years 339 days) ,
John Allan Richardson,August 4  1908  Sleights  Yorkshire ,,Yorkshire,,Right-hand bat,Right-arm offbreak,April 2  1985  Scarborough  Yorkshire (aged 76 years 241 days) ,
John Maunsell Richardson,June 12  1846  Great Limber  Caistor  Lincolnshire ,,Cambridge University,,Right-hand bat,Right-arm slow (roundarm),January 22  1912  Westminster  London (aged 65 years 224 days) ,
James Vere Richardson,December 16  1903  Prenton  Cheshire ,,Essex ,,Right-hand bat,Right-arm medium,May 2  1995  Surrey (aged 91 years 137 days) ,
Mike Richardson,date unknown ,,Kent 2nd XI,,,,,
Miles Andrew Richardson,August 26  1991  Maidstone  Kent  England ,26 years 225 days,Hong Kong Cricket Club ,,Right-hand bat,Right-arm medium-fast,,
Michael John Richardson,October 4  1986  Port Elizabeth  Eastern Province ,31 years 186 days,Badureliya Sports Club ,,Right-hand bat,,Grandfather - ,
N Richardson,date unknown ,,Cambridge Town Club,,,,,
Philip Charles Richardson,June 12  1965  Paddington  London ,52 years 300 days,Cambridge University,,Right-hand bat,Right-arm offbreak,,
Peter Edward Richardson,July 4  1931  Hereford ,,England ,,Left-hand bat,Right-arm bowler,February 17  2017 (aged 85 years 228 days) ,
Piers Francis Burdock Richardson,October 23  1996  Canterbury  Kent ,21 years 167 days,Kent ,,Right-hand bat,Right-arm medium,,
Percy John Richardson,April 2  1891  Hermon Hill  Snaresbrook  Essex ,,Cambridge University ,,,,March 23  1964  Wray Park  Reigate  Surrey (aged 72 years 356 days) ,
Richard Taswell Richardson,August 9  1852  Broughton  Hampshire ,,Marylebone Cricket Club,,Right-hand bat,,May 16  1930  Capenhurst Hall  near Chester  Cheshire (aged 77 years 280 days) ,
Samuel Richardson,May 24  1844  Derby ,,Derbyshire,,Right-hand bat,,Wicketkeeper,
Scott Andrew Richardson,September 5  1977  Oldham  Lancashire ,40 years 215 days,Cumberland ,,Right-hand bat,Right-arm medium,,
Stanley Hugh Richardson,July 2  1890  Marston Green  Warwickshire ,,Nottinghamshire ,,Right-hand bat,,January 24  1958  Cambridge (aged 67 years 206 days) ,
Scott Laurence Richardson,April 11  1993  Bradford ,24 years 362 days,Cumberland,,Left-hand bat,Left-arm fast-medium,,
Thomas Richardson,August 11  1870  Byfleet  Surrey ,,England ,,Right-hand bat,Right-arm fast,July 2  1912  St Jean d'Arvey  Chambery  Savoie  France (aged 41 years 326 days) ,
Thomas Geoffrey Richardson,March 7  1907  Worsley  Manchester  Lancashire ,,Oxford University,,,,Wicketkeeper,
Thomas Haden Richardson,July 4  1865  Tutbury  Staffordshire ,,Derbyshire,,Right-hand bat,,December 10  1923  Tutbury  Staffordshire (aged 58 years 159 days) ,
William Ethelbert Richardson,December 23  1894  St Helens  Lancashire ,,Worcestershire,,Right-hand bat,Right-arm fast,November 5  1971  Hartlebury  Worcestershire (aged 76 years 317 days) ,
William Percival Richardson,February 25  1861  Great Barford  Bedfordshire ,,Cambridge University,,Right-hand bat,,Wicketkeeper,
Peter Richer,date unknown ,,Cambridgeshire,,,,,
Peter Groves Richer,date unknown  High Wycombe  Buckinghamshire ,,Cambridgeshire,,,,,
Ian Riches,September 12  1975  Lincoln ,42 years 208 days,Nottinghamshire,,Right-hand bat,Left-arm fast-medium,,
John Dansey Hurry Riches,December 30  1920  Cathays  Cardiff  Glamorgan  Wales ,,Glamorgan,,Right-hand bat,Slow left-arm orthodox,Repton School,
Norman Vaughan Hurry Riches,June 9  1883  Tredegarville  Cardiff  Glamorgan  Wales ,,Glamorgan ,,Right-hand bat,Right-arm medium,Wicketkeeper,
Timothy William Richings,August 21  1962  Kingston-upon-Thames  Surrey ,55 years 230 days,Dorset,,Right-hand bat,Right-arm medium,,
Bruce Lyttelton Richmond,January 12  1871  Kensington  London ,,Oxford University,,Right-hand bat,,October 1  1964  Islip  Oxfordshire (aged 93 years 263 days) ,
Thomas Leonard Richmond,June 23  1890  Radcliffe-on-Trent  Nottinghamshire ,,England ,,Right-hand bat,Legbreak googly,December 29  1957  Saxondale  Nottinghamshire (aged 67 years 189 days) ,
William Richmond,December 1  1843  Keighley Green  Burnley  Lancashire ,,Lancashire,,,,Wicketkeeper,
Arthur James Ricketts,August 27  1913  Farmborough  Somerset ,,Somerset,,Left-hand bat,Slow left-arm orthodox,April 2000  Somerset (aged 86 years) ,
Courtney Ian Oswald Ricketts,April 26  1965  Kennington  London ,52 years 347 days,Sussex,,Right-hand bat,Slow left-arm orthodox,,
George William Ricketts,June 2  1864  Allahabad  Uttar Pradesh  India ,,Oxford University ,,Right-hand bat,Right-arm medium,June 16  1927  South Kensington  London (aged 63 years 14 days) ,
J Ricketts,date unknown ,,F Beauclerk's XI ,,,,,
James Ricketts,February 9  1842  Manchester  Lancashire ,,Lancashire,,Right-hand bat,Right-arm slow (roundarm),June 3  1894  Sale  Cheshire (aged 52 years 114 days) ,
Justin Donald Ricketts,November 8  1973  Salisbury  Wiltshire ,44 years 151 days,Oxford University,,Right-hand bat,Legbreak googly,,
Michael Rodney Ricketts,September 29  1923  Edgbaston  Birmingham  Warwickshire ,,Free Foresters,,Right-hand bat,,November 21  2004  Truro  Cornwall (aged 81 years 53 days) ,
Bethany Ellen Rickman,June 15  1998  Poole  Dorset ,19 years 297 days,Dorset Women,,,,,
Reginald Binns Rickman,May 6  1881  Doncaster  Yorkshire ,,Derbyshire,,Right-hand bat,Right-arm medium,November 22  1940  Chelsea  London (aged 59 years 200 days) ,
Clive Donald Ricks,February 29  1956  Brighton  Sussex ,62 years,Oxfordshire,,Right-hand bat,Right-arm medium,,
Alex Steven Ridd,November 21  1994  Acrotiri  Cyprus ,23 years 138 days,Cornwall,,Right-hand bat,Right-arm fast-medium,,
Edward Mitford Hutton Riddell,October 31  1845  Carlton-on-Trent  Nottinghamshire ,,Marylebone Cricket Club,,Right-hand bat,Right-arm medium-fast,October 22  1898  Lincoln (aged 52 years 356 days) ,
Neil Anthony Riddell,July 16  1947  Staindrop  Co Durham ,70 years 266 days,Durham ,,Left-hand bat,Right-arm medium,,
Victor Horsley Hume Riddell,July 23  1905  Hermeston Hall  Rotherham  Yorkshire ,,Cambridge University,,Right-hand bat,,Wicketkeeper,
Arthur Ridding,January 16  1827  Winchester  Hampshire ,,Oxford University,,,,September 4  1876  New College  Oxford (aged 49 years 232 days) ,
Charles Henry Ridding,November 26  1825  Winchester  Hampshire ,,Hampshire ,,Right-hand bat,,March 13  1905  Kneller Court  Funtley  Fareham  Hampshire (aged 79 years 107 days) ,
William Ridding,November 23  1830  Winchester College  Hampshire ,,Hampshire ,,Right-hand bat,,Wicketkeeper,
Anthony Riddington,December 22  1911  Countesthorpe  Leicestershire ,,Leicestershire,,Left-hand bat,Left-arm medium  Left-arm slow-medium,February 25  1998  Countesthorpe  Leicester (aged 86 years 65 days) ,
Neil David Rider,February 11  1978  Newmarket  Suffolk ,40 years 56 days,Suffolk,,Right-hand bat,Legbreak,,
James Acvar Ridge,February 6  1943  Ashton Keynes  Wiltshire ,75 years 61 days,Wiltshire,,Left-hand bat,Left-arm medium,,
Stuart Peter Ridge,November 23  1961  Beaconsfield  Buckinghamshire ,56 years 136 days,Oxford University,,Right-hand bat,Right-arm medium,,
Thomas Ridge,1737  England ,,Hampshire XI,,,,February 3  1801  Kimpston  Hampshire (aged 64 years) ,
Frederick Ridgway,August 10  1923  Stockport  Cheshire ,,England ,,Right-hand bat,Right-arm fast-medium,September 26  2015  Maidstone  Kent (aged 92 years 47 days) ,
Peter Frederick Ridgway,July 15  1972  Stoke-on-Trent  Staffordshire ,45 years 267 days,Staffordshire,,Left-hand bat,Right-arm fast-medium,,
Paul Matthew Ridgway,February 13  1977  Airedale  Yorkshire ,41 years 54 days,Lancashire,,Right-hand bat,Right-arm fast-medium,,
Ridhi Kashyap,August 7  1988  New Delhi  India ,29 years 244 days,Oxford University Women,,Right-hand bat,Right-arm offbreak,,
Henry Wadsworth Riding,September 19  1899  Epping  Essex ,,Essex,,,,May 21  1923  Forest Side  Chingford  Essex (aged 23 years 244 days) ,
Alfred Bayley Ridley,December 14  1859  Hollington House  Hampshire ,,Hampshire,,Right-hand bat,Right-arm fast (roundarm),March 26  1898  Lambeth  London (aged 38 years 102 days) ,
Andrew Claude Ridley,August 2  1968  Sydney  New South Wales  Australia ,49 years 249 days,Oxford University,,Left-hand bat,Right-arm medium,,
Arthur William Ridley,September 11  1852  Hollington House  Hampshire ,,Hampshire ,,Right-hand bat,Right-arm medium (underarm),Eton College; Oxford University,
Christopher Jonathan Ben Ridley,June 17  1946  Bulawayo  Rhodesia ,,Oxford University,,Right-hand bat,Right-arm medium-fast,September 10  2009  Hunt Bay  Cape Town (aged 63 years 85 days) ,
Christopher Thomas Ridley,April 2  1990  Poole  Dorset ,28 years 6 days,Dorset,,Right-hand bat,,Wicketkeeper,
David Anthony Ridley,May 5  1954  Stourbridge  Worcestershire ,63 years 338 days,Dorset,,Right-hand bat,,Wicketkeeper,
Dominic Giles May Ridley,February 24  1982  Cape Town  Cape Province  South Africa ,36 years 43 days,Hampshire 2nd XI ,,Right-hand bat,,,
Giles Nicholas Spencer Ridley,November 27  1944  Bulawayo  Rhodesia ,73 years 132 days,Kent ,,Right-hand bat,Slow left-arm orthodox,,
Gerald Vernon Newport Ridley,October 23  1897  Felsted  Essex ,,Essex,,Right-hand bat,Right-arm medium,November 12  1953  Chignal St James  Essex (aged 56 years 20 days) ,
Thomas Glynn Ridley,July 20  1858  Cullencoats  Northumberland ,,Gentlemen of England,,Right-hand bat,Right-arm slow (roundarm),June 30  1945  Sea Point  Cape Town  Cape Province  South Africa (aged 86 years 345 days) ,
Septimus Otter Barnes Ridsdale,August 2  1840  Crowcombe  Somerset ,,Oxford University,,,,November 15  1884  Fateypur  India (aged 44 years 105 days) ,
Giorgio Robert Rigali,June 1  1990  Swindon ,27 years 311 days,Wiltshire,,Right-hand bat,Right-arm fast-medium,,
Edward Grantham Righton,November 23  1884  Evesham  Worcestershire ,,Worcestershire,,Right-hand bat,Right-arm medium,January 3  1964  Evesham  Worcestershire (aged 79 years 41 days) ,
Edward Grantham Righton,September 24  1912  Evesham  Worcestershire ,,Worcestershire,,Right-hand bat,,May 2  1986  Evesham  Worcestershire (aged 73 years 220 days) ,
William Rigley,March 24  1852  Eastwood  Nottinghamshire ,,Derbyshire ,,Right-hand bat,Right-arm medium,April 15  1897  Nottingham (aged 45 years 22 days) ,
Riley,date unknown ,,Yorkshire,,,,,
A Riley,date unknown ,,,,,,Umpire,
Adam Edward Nicholas Riley,March 23  1992  Sidcup  Kent ,26 years 16 days,Kent ,,Right-hand bat,Right-arm offbreak,Beths Grammar School  Bexley,
Edwin Riley,March 21  1867  Stoney Stanton  Leicestershire ,,Leicestershire,,,,May 4  1936  Stoney Stanton  Leicestershire (aged 69 years 44 days) ,
Elizabeth A Riley,date unknown ,,,,,,Umpire,
EA Riley,date unknown ,,Houghton Main Cricket Club,,,,,
Harold Riley,October 3  1902  Stoney Stanton  Leicestershire ,,Leicestershire,,Right-hand bat,Right-arm offbreak,January 24  1989  Southfields  Leicester (aged 86 years 113 days) ,
Harry Riley,August 17  1875  Thackley  Yorkshire ,,Yorkshire,,,Left-arm medium,November 6  1922  Bradford  Yorkshire (aged 47 years 81 days) ,
Jack Riley,April 27  1927  Accrington  Lancashire ,,Worcestershire,,Right-hand bat,Slow left-arm orthodox,May 28  2008 (aged 81 years 31 days) ,
James Riley,December 11  1860  Kirkby-in-Ashfield  Nottinghamshire ,,Nottinghamshire,,Right-hand bat,Right-arm medium,November 8  1937  California  Derby (aged 76 years 332 days) ,
John Christopher William Riley,April 6  1934  Esher  Surrey ,84 years 2 days,Cambridge University,,Right-hand bat,,Wicketkeeper,
James Stephen Riley,September 21  1982  Middlesborough ,35 years 199 days,Cumberland,,Right-hand bat,,,
Martin Riley,April 5  1851  Liversedge  Cleckheaton  Yorkshire ,,Yorkshire,,Right-hand bat,Right-arm fast (roundarm),June 1  1899  Harrogate  Yorkshire (aged 48 years 57 days) ,
Paul Kevin Riley,November 18  1981  Rushcliffe  Nottinghamshire ,36 years 141 days,Nottinghamshire Cricket Board,,Right-hand bat,,,
Steve Riley,date unknown ,,Liphook &amp; Ripsley,,,,,
Timothy John Riley,March 28  1960  Hornchurch ,58 years 11 days,Herefordshire,,Right-hand bat,,Wicketkeeper,
Terence Michael Noel Riley,December 25  1939  Birmingham  Warwickshire ,78 years 104 days,Gloucestershire ,,Right-hand bat,Legbreak,,
Trevor Roger Riley,March 13  1951  Sheffield  Yorkshire ,67 years 26 days,,,,,Umpire,
William Riley,August 11  1888  Newstead Colliery  Nottinghamshire ,,Nottinghamshire,,Left-hand bat,Left-arm slow-medium,August 9  1917  near Coxyde  Belgium (aged 28 years 363 days) ,
William Nairn Riley,November 24  1892  Appleby Magna  Leicestershire ,,Cambridge University ,,Right-hand bat,Right-arm fast-medium,November 20  1955  Hove  Sussex (aged 62 years 361 days) ,
Geoffrey Acworth Rimbault,April 17  1908  Braxted Park  Streatham  London ,,Army ,,Right-hand bat,,October 20  1991  Bovey Tracey  Devon (aged 83 years 186 days) ,
Anthony Geoffrey Jordan Rimell,August 29  1928  Kasauli  Punjab  India ,,Cambridge University ,,Left-hand bat,Right-arm offbreak,Charterhouse; Cambridge University,
Joseph Rimmer,January 26  1925  Langwith  Derbyshire ,93 years 72 days,Derbyshire,,Right-hand bat,Right-arm medium,,
George Ring,April 9  1770  Darenth  Dartford  Kent ,,England,,,,Brother - ,
John Ring,1758  Darenth  Kent ,,Hampshire XI ,,Right-hand bat,,Brother - ,
Ben Ringrose,date unknown ,,Gloucestershire 2nd XI,,,,,
William Ringrose,September 2  1871  Ganton  Yorkshire ,,Scotland ,,Left-hand bat,Right-arm fast-medium,September 14  1943  Manston  Cross Gates  Leeds  Yorkshire (aged 72 years 12 days) ,
Zachary Michael Ringrose,August 14  1994  Porirua  Wellington ,23 years 237 days,Glamorgan 2nd XI,,Left-hand bat,Right-arm medium,,
Philip John Ringwood,August 7  1953  King's Lynn  Norfolk ,64 years 244 days,Norfolk,,Right-hand bat,Right-arm medium,,
Robert Burt Ringwood,April 5  1816  Cambridge ,,Cambridge Town Club,,,,February 18  1875  Cambridge (aged 58 years 319 days) ,
Stuart William Douglas Rintoul,March 25  1968  Poole  Dorset ,50 years 14 days,Dorset,,Right-hand bat,,,
David Ripley,September 13  1966  Leeds  Yorkshire ,51 years 207 days,Northamptonshire,,Right-hand bat,,Wicketkeeper,
Gordon Ripley,April 8  1948  Saddleworth  Yorkshire ,70 years 0 days,,,,,Umpire,
Roderic George Ripley,May 16  1900  Weekley  Kettering  Northamptonshire ,,Eastern Province ,,Right-hand bat,,Repton School,
Stephen Frost Rippinghall,December 12  1825  Aylmerton  Norfolk ,,Cambridge University,,,,January 11  1856  Norwich  Norfolk (aged 30 years 30 days) ,
Samuel Edward Rippington,January 8  1994  Waltham Forest  Essex ,24 years 90 days,Cambridgeshire ,,Left-hand bat,Left-arm medium,,
Albert Dudley Eric Rippon,April 29  1892  Kensington  London ,,Somerset,,Right-hand bat,Right-arm medium,Twin brother - ,
Arthur Ernest Sydney Rippon,April 29  1892  Kensington  London ,,Somerset,,Right-hand bat,,Twin brother - ,
MJ Rippon,date unknown ,,Glamorgan 2nd XI,,,,,
Thomas John Rippon,July 6  1918  Swansea  Glamorgan  Wales ,,Glamorgan,,Right-hand bat,,Wicketkeeper,
Darren Charles Risden,October 29  1977  Aylesbury  Buckinghamshire ,40 years 161 days,Buckinghamshire,,Right-hand bat,,Wicketkeeper,
James Andrew J Rishton,February 14  1995 ,23 years 53 days,Berkshire,,Right-hand bat,,,
Frank Henry Rist,March 30  1914  Wandsworth  London ,,Essex,,Right-hand bat,Right-arm medium,Wicketkeeper,
William Henry Rist,March 22  1987  Guildford  Surrey ,31 years 17 days,Cambridge MCCU ,Wicketkeeper,Right-hand bat,,5 ft 11 in ,
David Mawdsley Ritchie,August 12  1892  Toxteth Park  Liverpool  Lancashire ,,Lancashire,,Right-hand bat,Right-arm fast,September 10  1974  Stevenage  Hertfordshire (aged 82 years 29 days) ,
Wayne Ritzema,December 29  1975  Newcastle upon Tyne  Northumberland ,42 years 100 days,Northumberland,,Right-hand bat,Right-arm offbreak,Wicketkeeper,
Ernest Henry Rivett-Carnac,June 30  1857  Steyning  Sussex ,,Marylebone Cricket Club,,,,September 4  1940  Beaulieu  Hampshire (aged 83 years 66 days) ,
David William Rix,December 7  1939  Bulawayo  Rhodesia ,78 years 122 days,Oxford University,,Right-hand bat,Left-arm fast-medium,,
Tyrone Antony Roach,August 20  1991  Kettering ,26 years 231 days,Bedfordshire,,Right-hand bat,Right-arm medium,,
George Lionel Robathan,July 18  1878  Brighton  Sussex ,,Gloucestershire,,Right-hand bat,,August 3  1951  Farnham  Surrey (aged 73 years 16 days) ,
Mollie Joy Robbins,October 4  1998  Bristol ,19 years 186 days,Gloucestershire Women,,,,,
Paul James Robbins,October 29  1991  Keynsham  Bristol ,26 years 161 days,Gloucestershire 2nd XI ,,Right-hand bat,Left-arm fast-medium,,
Benjamin Roberson,September 12  1832  Ware  Hertfordshire ,,Middlesex,,Right-hand bat,,April 6  1874  Upper Holloway  London (aged 41 years 206 days) ,
Roberts,date unknown ,,Hampshire,,,,,
Alex Roberts,June 21  1983  Stockton-on-Tees  Co Durham ,34 years 291 days,Cumberland ,,Right-hand bat,Right-arm medium,,
Ann L Roberts,date unknown ,,,,,,Umpire,
Andrew Richard Roberts,April 16  1971  Kettering  Northamptonshire ,46 years 357 days,Bedfordshire ,,Right-hand bat,Legbreak,,
Arthur Wilson Roberts,September 23  1874  Malegaon  India ,,Gloucestershire,,Right-hand bat,Right-arm fast-medium,June 27  1961  Hastings  Sussex (aged 86 years 277 days) ,
BJ Roberts,date unknown ,,Glamorgan 2nd XI,,,,,
Carl Michael Roberts,June 17  1983  Swansea  Wales ,34 years 295 days,Wales Minor Counties,,Right-hand bat,Right-arm offbreak,,
Christopher Martin Roberts,May 18  1989  Cardiff ,28 years 325 days,Cornwall,,Right-hand bat,,Father - ,
Christopher Paul Roberts,October 12  1951  Cleethorpes  Lincolnshire ,,Lincolnshire ,,Right-hand bat,Right-arm medium,June 9  1977  Raven Crag  Coombe Ghyl  Borrowdale  Cumberland (aged 25 years 240 days) ,
Desmond Roberts,February 5  1894  Hampstead  London ,,Surrey,,Left-hand bat,Right-arm medium,January 11  1968  Eastbourne  Sussex (aged 73 years 340 days) ,
David John Roberts,October 1  1942  Harpenden  Hertfordshire ,75 years 189 days,Marylebone Cricket Club,,Left-hand bat,Right-arm fast-medium,Father - ,
David James Roberts,December 29  1976  Truro  Cornwall ,41 years 100 days,Cornwall ,,Right-hand bat,,Wicketkeeper,
Emily Roberts,date unknown ,,Dorset Women,,,,,
Edward Allen Roberts,July 12  1907  Harpenden  Hertfordshire ,,Marylebone Cricket Club ,,Right-hand bat,Slow left-arm orthodox,Son - ,
Edward Stanley Roberts,May 6  1890  Oswestry  Shropshire ,,Worcestershire,,,,September 1964  Rhodesia (aged 74 years) ,
Frederick Roberts,September 24  1848  Kennington  London ,,Surrey,,Right-hand bat,Right-arm fast (roundarm),July 13  1903  Rotherhithe  London (aged 54 years 292 days) ,
Francis Bernard Roberts,May 20  1882  Anjini Hill  Nasik  India ,,Cambridge University ,,Right-hand bat,Right-arm fast,February 8  1916  St Julien  Ypres  Belgium (aged 33 years 264 days) ,
Frederick Charles Roberts,June 5  1881  Edington  Bridgwater  Somerset ,,Somerset,,,,details unknown ,
Frederick George Roberts,April 1  1862  Mickleton  Gloucestershire ,,Gloucestershire,,Left-hand bat,Left-arm fast,April 7  1936  Bristol (aged 74 years 6 days) ,
Glyn Roberts,date unknown ,,,,,,Umpire,
Glenn Martin Roberts,November 4  1973  Huddersfield  Yorkshire ,44 years 155 days,Derbyshire ,,Left-hand bat,Slow left-arm orthodox,,
Harry Edmund Roberts,June 5  1924  Earlsdon  Coventry  Warwickshire ,,Warwickshire,,Left-hand bat,Right-arm medium,October 3  1995  Coventry  Warwickshire (aged 71 years 120 days) ,
Henry Edmund Roberts,February 8  1888  East Preston  Sussex ,,Sussex,,Right-hand bat,Right-arm medium,Coach,
Harley James Roberts,May 24  1912  Bearwood  Staffordshire ,,Warwickshire,,Right-hand bat,Right-arm medium,February 17  1989  Romsley  Worcestershire (aged 76 years 269 days) ,
Ian Clement Roberts,April 29  1948  Plymouth  Devon ,69 years 344 days,Devon,,Right-hand bat,Right-arm medium-fast,,
Joleigh Roberts,date unknown ,,Cornwall Women,,,,,
John Frederick Roberts,February 24  1913  Pontardawe  Glamorgan  Wales ,,Glamorgan,,Left-hand bat,,April 20  1996  Uplands  Swansea  Glamorgan (aged 83 years 56 days) ,
John Francis Esdale Roberts,March 4  1933  Kearsley  Bolton  Lancashire ,85 years 35 days,Lancashire,,Right-hand bat,Right-arm medium-fast,,
James Harry Roberts,July 1  1864  Walton  Liverpool  Lancashire ,,Middlesex,,Left-hand bat,,Uppingham,
John Kelvin Roberts,October 9  1949  Liverpool  Lancashire ,68 years 181 days,Somerset,,Right-hand bat,Left-arm medium,,
Jake Peter Roberts,October 24  1991  Bath  Somerset ,26 years 166 days,Wiltshire,,Right-hand bat,Right-arm fast-medium,,
John Stanley Roberts,September 23  1948  Whitchurch  Shropshire ,69 years 197 days,Shropshire,,Right-hand bat,Right-arm medium,,
Keven George Roberts,November 3  1963  Forest Hill  London ,54 years 156 days,Hertfordshire,,,,,
L Roberts,date unknown ,,Rubies,,,,,
Lambert Lloyd Roberts,March 13  1878  St Margarets  Twickenham  Middlesex ,,Gloucestershire,,,,June 26  1919  Sekondi  Gold Coast (aged 41 years 105 days) ,
Michael David Tudor Roberts,March 13  1989  Oxford ,29 years 26 days,Berkshire ,Middle-order batsman,Right-hand bat,,,
Mark Edward Roberts,February 24  1983  Peterborough ,35 years 43 days,Cambridgeshire,,,,,
Malcolm John Roberts,February 18  1960  Bromley  Kent ,58 years 49 days,Buckinghamshire ,,Right-hand bat,Right-arm medium,,
Matthew James Roberts,December 21  1987  Swansea  Glamorgan ,30 years 108 days,Glamorgan 2nd XI,,Right-hand bat,Legbreak,,
Mathew Joss Roberts,September 27  1996  Chesterfield ,21 years 193 days,Lincolnshire ,,Right-hand bat,Right-arm offbreak,,
Martin Leonard Roberts,April 12  1966  Mullion  Cornwall ,51 years 361 days,Cornwall ,,Right-hand bat,,Son - ,
Nigel Gary Roberts,November 12  1957  Wrexham  Denbighshire  Wales ,60 years 147 days,League Cricket Conference,,Left-hand bat,Right-arm offbreak,,
Nathan James Roberts,May 23  1991  Burton-on-Trent  Staffordshire ,26 years 320 days,Glamorgan 2nd XI ,,Left-hand bat,Right-arm medium-fast,Father - ,
Ouvry Lindfield Roberts,April 3  1898  Eltofts Estate  near Bogawantalawa  Ceylon ,,Cambridge University,,Right-hand bat,,Wicketkeeper,
Patrick Mark Richard Roberts,March 19  1990  Stockport  Cheshire ,28 years 20 days,Cheshire,,Right-hand bat,,Wicketkeeper,
R Roberts,date unknown ,,Lancashire,,,,Wicketkeeper,
R Roberts,date unknown ,,Surrey Club,,,,,
Simon Andrew Roberts,February 7  1983  Nottingham ,35 years 60 days,Herefordshire,,Right-hand bat,Right-arm medium,,
Stewart David Roberts,September 25  1980  Swansea  Glamorgan  Wales ,37 years 195 days,Wales Minor Counties,,Right-hand bat,Slow left-arm orthodox,,
Steffan Howard Roberts,October 8  1997  Bridgend  Glamorgan  Wales ,20 years 182 days,Glamorgan 2nd XI,,Right-hand bat,Right-arm offbreak,Maesteg Comprehensive School,
Simon Nicholas Roberts,September 11  1926  Durban  Natal  South Africa ,91 years 209 days,Cambridge University,,Right-hand bat,Legbreak,,
Thomas Roberts,date unknown ,,Norfolk,,,,,
Theophile Eddison Roberts,January 23  1959  Antigua ,59 years 75 days,Berkshire,,Right-hand bat,Right-arm fast-medium,,
Timothy William Roberts,March 4  1978  Kettering  Northamptonshire ,40 years 35 days,Bedfordshire ,,Right-hand bat,Right-arm offbreak,,
William Roberts,date unknown ,,Norfolk,,,,,
William Braithwaite Roberts,September 27  1914  Kirkham  Lancashire ,,Lancashire,,Right-hand bat,Slow left-arm orthodox,August 23  1951  Bangor  Caernarvonshire  Wales (aged 36 years 330 days) ,
William Henry Roberts,September 1  1795 ,,Old Etonians,,,,October 4  1843  Lambeth  London (aged 48 years 33 days) ,
B Roberts,date unknown ,,Wales Minor Counties,,,,,
Mark James Robertshaw,July 15  1987  Leeds  Yorkshire ,30 years 267 days,Leeds-Bradford UCCE,,Left-hand bat,Right-arm medium,,
Frederick Marrant Robertson,1843  Cape of Good Hope ,,Surrey,,,Right-arm medium,March 28  1920  Kensington  London (aged 77 years) ,
George André Robertson,September 8  1928  St Jean-de-Luz  France ,89 years 212 days,Cambridge University,,Right-hand bat,Right-arm medium,,
James Robertson,November 10  1850  Wardieburn  Edinburgh  Midlothian  Scotland ,,Middlesex,,Right-hand bat,Right-arm fast,Son-in-law - ,
John Cunningham Robertson,May 10  1809  Falmouth  Trelawny  Jamaica ,,Oxford University,,,,March 8  1873  Wandsworth  London (aged 63 years 302 days) ,
John David Benbow Robertson,February 22  1917  Chiswick  Middlesex ,,England ,,Right-hand bat,Right-arm offbreak,Coach,
James Richard Robertson,June 18  1844  Hollingbourne  Kent ,,Gentlemen of Kent,,,,August 6  1877  Folkestone  Kent (aged 33 years 49 days) ,
L G Robertson,date unknown ,,DR Jardine's XI,,,,,
Stanley Robertson,February 11  1926  New Herrington  Co Durham ,,Durham,,Right-hand bat,Right-arm medium,July 15  2004  Hetton-le-Hole  Co Durham (aged 78 years 155 days) ,
William JR Robertson,date unknown ,,Oxford MCCU,,Left-hand bat,Right-arm medium,,
William Parish Robertson,September 5  1879  Lima  Peru ,,Cambridge University ,,Right-hand bat,,Harrow School; Cambridge University,
Raymond Charles Robertson-Glasgow,July 15  1901  Murrayfield  Edinburgh  Midlothian  Scotland ,,Oxford University ,,Right-hand bat,Right-arm fast-medium,Charterhouse; Oxford University,
Derrick Harold Robins,June 27  1914  Bexleyheath  Kent ,,Warwickshire,,Right-hand bat,,Wicketkeeper,
Glen Lello Robins,October 23  1922  Kingston-upon-Thames  Surrey ,95 years 167 days,Cambridge University,,,Slow left-arm orthodox,,
Matthew Liam Robins,January 21  1990  Plymouth ,28 years 77 days,Cornwall,,Right-hand bat,Right-arm offbreak,,
Robert Victor Charles Robins,March 13  1935  Burnham  Buckinghamshire ,83 years 26 days,Middlesex,,Right-hand bat,Legbreak googly,Grandfather - ,
Robert Walter Vivian Robins,June 3  1906  Stafford ,,England ,,Right-hand bat,Legbreak,Father - ,
Vivian Harry Robins,August 4  1880  Warrington  Lancashire ,,Staffordshire,,Right-hand bat,Legbreak,Son - ,
William Vernon Harry Robins,May 29  1907  Stafford ,,Army ,,Left-hand bat,Legbreak googly,Father - ,
Robinson,date unknown ,,Middlesex,,,,,
Arthur Robinson,June 22  1855  Clifton  Bristol ,,Gloucestershire,,Right-hand bat,Right-arm slow,February 24  1913  Lawrence Weston  Gloucestershire (aged 57 years 247 days) ,
Albert George Robinson,March 22  1917  Leicester ,,Northamptonshire,,Right-hand bat,Right-arm fast-medium,July 31  2009 (aged 92 years 131 days) ,
Alex James Robinson,August 12  1990  Nottingham ,27 years 239 days,Nottinghamshire 2nd XI,,Right-hand bat,Right-arm medium-fast,Father - ,
Arthur Leslie Robinson,August 17  1946  Brompton  Yorkshire ,71 years 234 days,Yorkshire,,Left-hand bat,Left-arm fast-medium,,
Arthur W Robinson,1880  Yorkshire ,,Natal ,,,,details unknown ,
Barry David Robinson,February 22  1932  Luton  Bedfordshire ,86 years 45 days,Bedfordshire,,Right-hand bat,,,
Caleb Robinson,May 13  1828  Otley  Yorkshire ,,Marylebone Cricket Club,,,,1906  Wharfedale  Yorkshire (aged 77 years) ,
Crescens James Robinson,May 21  1864  Gloucester ,,Somerset,,Right-hand bat,,June 8  1941  Chelsea  London (aged 77 years 18 days) ,
Douglas Charles Robinson,April 20  1884  Lawrence Weston  Bristol ,,Essex ,,Right-hand bat,,Wicketkeeper,
Darren David John Robinson,March 2  1973  Braintree  Essex ,45 years 37 days,Essex ,,Right-hand bat,Right-arm medium-fast,Tabor High School  Braintree; Chelmsford College of Further Ed.,
David John Robinson,September 1  1938  Alfreton  Derbyshire ,79 years 219 days,Dorset,,Right-hand bat,,Wicketkeeper,
Daniel Thomas Robinson,March 27  1994  Huntingdon ,24 years 12 days,Cambridgeshire,,Right-hand bat,,Wicketkeeper,
Edward Robinson,December 27  1862  Honley  Yorkshire ,,Yorkshire,,Right-hand bat,,September 3  1942  Clifton  Bristol (aged 79 years 250 days) ,
Emmott Robinson,November 16  1883  Keighley  Yorkshire ,,Yorkshire,,Right-hand bat,Right-arm fast-medium,Umpire,
Ellis Pembroke Robinson,August 10  1911  Denaby Main  Yorkshire ,,Somerset ,,Left-hand bat,Right-arm offbreak,November 10  1998  Doncaster  Yorkshire (aged 87 years 92 days) ,
Foster Gotch Robinson,September 19  1880  Sneyd Park  Clifton  Bristol ,,Gloucestershire ,,Right-hand bat,,Wicketkeeper,
Geoffrey Robinson,January 13  1944  Bridlington  Yorkshire ,74 years 85 days,Lincolnshire ,,Left-hand bat,Slow left-arm orthodox,Wicketkeeper,
George Adrian Robinson,November 3  1949  Preston  Lancashire ,68 years 156 days,Oxford University,,Left-hand bat,,Wicketkeeper,
George Edward Robinson,March 13  1861  Deytheur  Oswestry  Shropshire ,,Oxford University,,,Left-arm fast,November 30  1944  Acton  Staffordshire (aged 83 years 262 days) ,
George Lutha Robinson,February 22  1873  Ruddington  Nottinghamshire ,,Nottinghamshire,,Right-hand bat,Legbreak,George Luther Robinson,
George William Robinson,February 15  1908  Kirkby-in-Ashfield  Nottinghamshire ,,Nottinghamshire,,Right-hand bat,Slow left-arm orthodox,July 16  1967  Derby (aged 59 years 151 days) ,
Henry Robinson,November 13  1863  Nottingham ,,Nottinghamshire,,,,details unknown ,
Henry Robinson,May 12  1858  Yorkshire ,,Yorkshire,,,,December 14  1909 (aged 51 years 216 days) ,
John Robinson,August 22  1834  York ,183 years 229 days,,,,,Umpire,
Jonathan David Robinson,August 3  1966  Epsom  Surrey ,51 years 248 days,Marylebone Cricket Club ,,Left-hand bat,Right-arm medium,,
Jethro Frederick Robinson,November 10  1914  Eastbourne  Sussex ,,Cambridge University ,,,Slow left-arm orthodox,May 22  2001 (aged 86 years 193 days) ,
John Foster Robinson,February 2  1909  Goldney House  Clifton  Bristol  Gloucestershire ,,Gloucestershire,,Right-hand bat,Legbreak googly,September 28  1988  Bristol (aged 79 years 239 days) ,
John James Robinson,June 28  1872  Burton-on-Trent  Staffordshire ,,Cambridge University,,Right-hand bat,Right-arm bowler,January 3  1959  Headingley  Leeds  Yorkshire (aged 86 years 189 days) ,
Jason M Robinson,March 24  1965  Lichfield  Staffordshire ,53 years 15 days,Worcestershire Cricket Board,,Right-hand bat,,Wicketkeeper,
John Sandford Robinson,February 5  1868  Arnold  Nottinghamshire ,,Cambridge University ,,Right-hand bat,,Wicketkeeper,
Keith Robinson,December 17  1933  Thirsk  Yorkshire ,84 years 112 days,Combined Services,,,,,
Kenneth Mark Lefebvre Robinson,February 16  1897  South Stoneham  Hampshire ,,Royal Navy,,Right-hand bat,Right-arm medium,January 9  1963  Alverstoke  Hampshire (aged 65 years 327 days) ,
L Robinson,date unknown ,,Cheshire,,,,,
Lancelot Charles Digby Robinson,October 23  1905 ,,Marylebone Cricket Club,,Right-hand bat,Right-arm slow,May 31  1935  Quetta  India (aged 29 years 220 days) ,
Liam James Francis Robinson,February 19  1943  Cardiff  Glamorgan  Wales ,,Glamorgan 2nd XI ,,Right-hand bat,Right-arm fast-medium,April 5  2011  Redhill  Surrey (aged 68 years 45 days) ,
Maurice Robinson,July 16  1921  Lisburn  Co Antrim  Ireland ,,Europeans (India) ,,Right-hand bat,Right-arm fast-medium,August 8  1994  Bromsgrove  Worcestershire (aged 73 years 23 days) ,
Mark Robinson,October 19  1984 ,33 years 171 days,Shropshire,,Left-hand bat,Left-arm slow,,
Mark Andrew Robinson,November 23  1966  Hull  Yorkshire ,51 years 136 days,Canterbury ,,Right-hand bat,Right-arm fast-medium,Coach,
Mary Cecilia Robinson,May 22  1924  Canterbury  Kent ,93 years 321 days,East Women ,,Right-hand bat,,,
Matthew Fitz David Robinson,April 2  1973  Cardiff  Glamorgan  Wales ,45 years 6 days,Herefordshire ,,Right-hand bat,Right-arm fast-medium,,
Martin John Robinson,September 12  1962  Tholthorpe  Yorkshire ,55 years 208 days,Marylebone Cricket Club,,Left-hand bat,Right-arm fast-medium,,
Miles Trevor Robinson,December 13  1929  Eastbourne  Sussex ,,Sussex,,Left-hand bat,Right-arm medium-fast,September 28  2002  Hinton St George  Somerset (aged 72 years 289 days) ,
NW Robinson,date unknown ,,Buckinghamshire,,,,,
Oliver Edward Robinson,December 1  1993  Margate  Kent ,24 years 128 days,Hampshire ,,Right-hand bat,Right-arm medium,King's School  Canterbury,
Oliver Graham Robinson,December 1  1998 ,19 years 128 days,England Young Cricketers ,,Right-hand bat,,Wicketkeeper,
Phillip Edward Robinson,August 3  1963  Keighley  Yorkshire ,54 years 248 days,Leicestershire ,,Right-hand bat,Left-arm medium,Wicketkeeper,
Percy Gotch Robinson,November 2  1881  Sneyd Park  Clifton  Bristol ,,Gloucestershire,,Right-hand bat,,January 29  1951  Queen Charlton Manor  Somerset (aged 69 years 88 days) ,
Peter James Robinson,February 9  1943  St John's  Worcester ,75 years 58 days,Somerset ,,Left-hand bat,Slow left-arm orthodox,,
Peter Michael Heasty Robinson,October 14  1929  Port of Spain  Trinidad ,88 years 176 days,LC Steven's XI,,Right-hand bat,Right-arm medium  Right-arm offbreak,,
