Hannah Jayne Lloyd,August 25  1979  Neath  Glamorgan  Wales ,38 years 226 days,Diamonds ,,Right-hand bat,Right-arm medium,Father - ,
Henry James Lloyd,February 2  1794  Marylebone  London ,,Marylebone Cricket Club,,,,September 3  1853  Brighton  Sussex (aged 59 years 213 days) ,
Julia Lloyd,date unknown ,,Young England Women,,,,,
J G Lloyd,date unknown ,,WG Grace's XI,,,,,
John Maurice Edward Lloyd,May 7  1844  Llanmerewig  Abermule  Montgomery  Wales ,,Oxford University,,,,January 21  1910  Montgomery  Wales (aged 65 years 259 days) ,
Martyn Frederick Dafydd Lloyd,June 6  1954  Headington  Oxfordshire ,63 years 306 days,Oxford University,,Right-hand bat,Right-arm medium,,
Neil Lloyd,May 26  1965  Yorkshire ,,England Young Cricketers ,,Left-hand bat,,September 17  1982  Wakefield  Yorkshire (aged 17 years 114 days) ,
R Lloyd,date unknown ,,,,,,Umpire,
Rhodri Steffan Lloyd,November 18  1982  Chelmsford  Essex ,35 years 141 days,Cardiff MCCU,,Right-hand bat,Right-arm medium,,
Thomas Lloyd,date unknown ,,Berkshire ,,,,,
Timothy Andrew Lloyd,November 5  1956  Oswestry  Shropshire ,61 years 154 days,England ,,Left-hand bat,Right-arm medium,Llangatwg Comprehensive School  Cadoxton; Bangor Normal College,
Jeremy William Lloyds,November 17  1954  Penang  Malaya ,63 years 142 days,Gloucestershire ,,Left-hand bat,Right-arm offbreak,Umpire,
M Llyas,date unknown ,,Wales Minor Counties,,,,,
Peter James Loader,October 25  1929  Wallington  Surrey ,,England ,,Right-hand bat,Right-arm fast,Umpire  Commentator,
Philip Loat,date unknown ,,Havant,,,,,
Bryan Lobb,January 11  1931  Bournville  Birmingham  Warwickshire ,,Somerset ,,Right-hand bat,Right-arm fast-medium,May 3  2000  Glastonbury  Somerset (aged 69 years 113 days) ,
Stuart Lobb,February 20  1991  Hartlepool  Co Durham ,27 years 47 days,Cumberland ,,Right-hand bat,Right-arm medium-fast,,
Hartley W Lobban,May 9  1922  Jamaica ,,Worcestershire,,Right-hand bat,Right-arm fast,October 15  2004  Surrey Memorial Hospital  Vancouver (aged 82 years 159 days) ,
Charles Ramsay Fleming Loch,February 11  1825  Edinburgh  Midlothian  Scotland ,,Oxford University,,,,July 7  1892  Dumfries  Scotland (aged 67 years 147 days) ,
Bernard Henry Lock,June 8  1915  Exeter  Devon ,,Kent,,Right-hand bat,,December 17  1997  Dover  Kent (aged 82 years 192 days) ,
Dennis G Lock,August 16  1950  Oxford ,67 years 235 days,Oxfordshire,,Right-hand bat,Right-arm medium,,
Edward John Lock,November 21  1868  Taunton  Somerset ,,Somerset,,,,May 3  1949  North Town  Taunton  Somerset (aged 80 years 163 days) ,
Graham Anthony Richard Lock,July 5  1929  Limpsfield  Surrey ,,England ,,Right-hand bat,Slow left-arm orthodox,Coach,
Herbert Christmas Lock,May 8  1903  East Molesey  Surrey ,,Surrey,,Right-hand bat,Right-arm medium,May 19  1978  Honor Oak  London (aged 75 years 11 days) ,
Norman William Lock,March 13  1912  Ham Common  Surrey ,,Surrey,,Right-hand bat,Right-arm medium,February 1999  Surrey (aged 86 years) ,
Richard Anthony Lock,date unknown ,,Surrey Under-17s ,,,,Whitgift School,
Walter George Lock,October 11  1907  Bristol ,,Somerset,,,,March 10  1980  Taunton  Somerset (aged 72 years 151 days) ,
Kelvin John Locke,October 4  1980  Northampton ,37 years 186 days,Buckinghamshire,,Right-hand bat,Slow left-arm orthodox,,
William Locker,February 16  1866  Long Eaton  Derbyshire ,,Derbyshire,,Right-hand bat,,August 15  1952  California  Derby (aged 86 years 181 days) ,
Aaron Lockett,December 1  1892  Audley  Newcastle-under-Lyme  Staffordshire ,,Minor Counties,,Right-hand bat,Right-arm bowler,Nephew - ,
Linden Michael Lockhart,July 21  1990  Lewisham  Kent ,27 years 261 days,Essex 2nd XI ,,Right-hand bat,Right-arm offbreak,,
William Peddie Lockhart,October 15  1835  Kirkcaldy  Scotland ,,North of England,,,,August 12  1893  Ballater  Aberdeenshire  Scotland (aged 57 years 301 days) ,
Ryan Lockley,December 12  1992  Hereford ,25 years 117 days,Shropshire,,Right-hand bat,Right-arm medium,,
George Melbourne Locks,May 24  1889  Leytonstone  Essex ,,Essex,,,,September 17  1965  Redbridge  Essex (aged 76 years 116 days) ,
John Henry Lockton,May 22  1892  Peckham  London ,,Surrey,,Right-hand bat,Right-arm fast-medium,June 29  1972  Thornton Heath  Surrey (aged 80 years 38 days) ,
Arthur Leslie Lockwood,April 1  1903  Romiley  Cheshire ,,Wales,,Right-hand bat,Right-arm fast-medium,November 8  1933  Llandudno  Caernarvonshire  Wales (aged 30 years 221 days) ,
Ephraim Lockwood,April 4  1845  Lascelles Hall  Huddersfield  Yorkshire ,,Yorkshire,,Right-hand bat,Right-arm slow-medium (roundarm),Uncle - ,
Henry Lockwood,October 20  1855  Lascelles Hall  Huddersfield  Yorkshire ,,Yorkshire,,Right-hand bat,Right-arm fast (roundarm),Brother - ,
Margaret Lockwood,March 28  1911  Huddersfield  Yorkshire ,,England Women ,,,,January 14  1999  Leeds  Yorkshire (aged 87 years 292 days) ,
William Henry Lockwood,March 25  1868  Old Radford  Nottinghamshire ,,England ,,Right-hand bat,Right-arm fast,April 26  1932  Old Radford  Nottinghamshire (aged 64 years 32 days) ,
Thomas Lockyer,November 1  1826  Old Town  Croydon  Surrey ,,Surrey,,Right-hand bat,Right-arm fast-medium (roundarm),Wicketkeeper,
Joe Thomas Lodge,April 16  1921  Skelmanthorpe  Huddersfield  Yorkshire ,96 years 357 days,Yorkshire,,Right-hand bat,Right-arm medium-fast,,
Lewis Vaughan Lodge,December 21  1872  Aycliffe  Co Durham ,,Hampshire,,Right-hand bat,,October 21  1916  Burbage  Derbyshire (aged 43 years 305 days) ,
Jonathon Andrew Lodwick,October 14  1989  Reading ,28 years 176 days,Cambridge University ,,Right-hand bat,Right-arm medium,,
John Charles Lofthouse,April 22  1955  Hyde  Cheshire ,62 years 351 days,,,,,Umpire,
Loftus,date unknown ,,Middlesex,,,,,
Henry York Astley Loftus,April 9  1822 ,,Oxford University,,,,February 28  1880  Shepherd's Bush  Fulham  London (aged 57 years 325 days) ,
Hugh Logan,May 10  1885  East Langton Grange  Market Harborough  Leicestershire ,,Leicestershire,,Right-hand bat,,February 24  1919  Tournai  Belgium (aged 33 years 290 days) ,
James Edwin Graham Logan,October 12  1997  Wakefield  Yorkshire ,20 years 178 days,Yorkshire 2nd XI ,,Left-hand bat,Slow left-arm orthodox,,
Richard James Logan,January 28  1980  Stone  Staffordshire ,38 years 70 days,Hampshire ,,Right-hand bat,Right-arm medium-fast,Notre Dame Sixth Form College  Oxford Brookes University,
George Alfred Lohmann,June 2  1865  Kensington  London ,,England ,,Right-hand bat,Right-arm medium-fast,December 1  1901  Worcester  Cape Province  South Africa (aged 36 years 182 days) ,
Christopher Mark Lomas,September 11  1988  Newmarket ,29 years 209 days,Suffolk,,Right-hand bat,Right-arm offbreak,,
James Harvey Lomas,August 14  1991  Macclesfield  Cheshire ,26 years 237 days,Cheshire ,,Left-hand bat,Slow left-arm orthodox,The King's School  Macclesfield,
John Millington Lomas,December 12  1917  Ashtead  Surrey ,,Oxford University,,Right-hand bat,,December 4  1945  Pimlico  Westminster  London (aged 27 years 357 days) ,
Mark Christopher Lomas,May 14  1970  Blackburn  Lancashire ,47 years 329 days,Lancashire Cricket Board,,Right-hand bat,,,
Ian Raymond Lomax,July 30  1931  Fulham  London ,,Minor Counties ,,Right-hand bat,Right-arm fast-medium,July 31  1996  Deane  Basingstoke  Hampshire (aged 65 years 1 days) ,
James Geoffrey Lomax,May 20  1925  Rochdale  Lancashire ,,Lancashire ,,Right-hand bat,Right-arm fast-medium,May 21  1992  Frenchay  Bristol (aged 67 years 1 days) ,
Adam Brian London,October 12  1988  Surrey ,29 years 178 days,Middlesex ,,Left-hand bat,Right-arm offbreak,,
Escott Frith Loney,July 21  1903  Bristol ,,Derbyshire,,Left-hand bat,Right-arm medium-fast,June 19  1982  Toronto  Ontario  Canada (aged 78 years 333 days) ,
Joseph Kevin Loney,August 30  1951  Lurgan  Co Armagh  Ireland ,66 years 221 days,Cambridge University,,Left-hand bat,Right-arm medium,,
Arnold Long,December 18  1940  Cheam  Surrey ,77 years 111 days,Surrey ,,Left-hand bat,,Wicketkeeper,
Darren Long,June 22  1972  Stoke-on-Trent  Staffordshire ,45 years 290 days,Cheshire,,Left-hand bat,,Wicketkeeper,
Frederick Edward Long,August 14  1815  Windsor  Berkshire ,,Cambridge Town Club ,,,,April 8  1903  Wootton  Norfolk (aged 87 years 237 days) ,
Henry James Long,August 14  1859  Henlow  Bedfordshire ,,Marylebone Cricket Club,,,,June 18  1902  Marylebone  London (aged 42 years 308 days) ,
Robert Long,November 9  1846  Richmond-upon-Thames  Surrey ,,Surrey,,Right-hand bat,Right-arm fast,August 6  1924  Enfield  Middlesex (aged 77 years 271 days) ,
Richard Penruddocke Long,December 19  1825  Baynton House  Wiltshire ,,Cambridge University,,,,February 16  1875  Cannes  France (aged 49 years 59 days) ,
Stephen Richard Lawsell Long,January 19  1951  Bury St Edmunds  Suffolk ,67 years 79 days,Suffolk,,Left-hand bat,Legbreak,,
Okeover Butler Longcroft,March 6  1850  Hall Place  Havant  Hampshire ,,Hampshire,,Right-hand bat,,Wicketkeeper,
Robert Knight Longden,May 27  1817  Marylebone  London ,,Cambridge University,,,,June 19  1895  Lavenham  Suffolk (aged 78 years 23 days) ,
Albert Longdon,November 1  1865  Watnall Greasley  Nottinghamshire ,,Nottinghamshire,,Right-hand bat,Right-arm medium,May 13  1937  Bentley  Doncaster  Yorkshire (aged 71 years 193 days) ,
Francis Davy Longe,September 25  1831  Coddenham  Suffolk ,,Oxford University,,,,February 20  1910  Ipswich  Suffolk (aged 78 years 148 days) ,
Geoffrey Phelps Longfield,December 4  1909  High Halstow  Kent ,,Royal Air Force,,Right-hand bat,Right-arm bowler,February 25  1943  Rennes  France (aged 33 years 83 days) ,
Thomas Cuthbert Longfield,May 12  1906  High Halstow  Kent ,,Bengal ,,Right-hand bat,Right-arm medium,December 21  1981  Ealing  Middlesex (aged 75 years 223 days) ,
Neil James Longhurst,November 21  1984  Rotherham  Yorkshire ,33 years 138 days,Cumberland ,,Left-hand bat,Right-arm medium-fast,,
Harry Longland,May 3  1881  Leicester ,,Northamptonshire,,,,September 20  1911  Fenny Stratford  Buckinghamshire (aged 30 years 140 days) ,
Jonathan Ian Longley,April 12  1969  New Brunswick  New Jersey  United States of America ,48 years 361 days,Durham ,,Right-hand bat,,,
George Henry Longman,August 3  1852  Farnborough Hill  Hampshire ,,Cambridge University ,,Right-hand bat,,Son - ,
Henry Kerr Longman,March 8  1881  Kensington  London ,,Cambridge University ,,Right-hand bat,,Father - ,
Andrew Nigel Murray Longmore,September 24  1953  Woolwich  London ,64 years 196 days,Oxford University,,Right-hand bat,,Wicketkeeper,
Michael Colin Longmore,September 19  1979  Stoke-on-Trent  Staffordshire ,38 years 201 days,Staffordshire,,Right-hand bat,,,
Edmund Fallowfield Longrigg,April 16  1906  Batheaston  Bath  Somerset ,,Cambridge University ,,Left-hand bat,Right-arm slow,July 23  1974  Widcombe Hill  Bath  Somerset (aged 68 years 98 days) ,
M Loomes,date unknown ,,,,,,Umpire,
Albert Lord,August 28  1888  Barwell  Leicestershire ,,Leicestershire,,Right-hand bat,Right-arm medium,real name Albert Callington,
Adam Samuel Lord,April 28  1994 ,23 years 345 days,Cambridge MCCU,,Right-hand bat,Right-arm fast-medium,King Harold  Waltham Abbey; Anglia Ruskin University,
D Lord,date unknown ,,Bristol University,,,,,
Gordon John Lord,April 25  1961  Edgbaston  Birmingham  Warwickshire ,56 years 348 days,Warwickshire ,,Left-hand bat,Slow left-arm orthodox,,
Jon Lord,date unknown ,,Eastbourne CC,,,,,
James William Lord,February 12  1989  Southwark  London ,29 years 55 days,Bedfordshire ,,Right-hand bat,Right-arm medium-fast,,
Reginald Arthur Lord,January 29  1905  Beckenham  Kent ,,Oxford University,,Right-hand bat,Slow left-arm orthodox,June 10  1997  Willingdon  Eastbourne  Sussex (aged 92 years 132 days) ,
Thomas Lord,November 23  1755  Thirsk  Yorkshire ,,Epsom ,,,,Son - ,
Timothy Joseph Lord,November 4  1968  Nuneaton  Warwickshire ,49 years 155 days,Cornwall,,Right-hand bat,,,
Timothy Michael Lord,February 10  1966  Cambridge ,52 years 57 days,Cambridge University,,Right-hand bat,,,
William Alston Lord,August 8  1873  Washwood Heath  Birmingham  Warwickshire ,,Warwickshire,,Left-hand bat,Left-arm fast-medium,June 16  1906  Gravelly Hill North  Erdington  Birmingham  Warwickshire (aged 32 years 312 days) ,
Wilfrid Fraser Lord,August 1  1888  Kolhapur  Maharashtra  India ,,Middlesex ,,Right-hand bat,Right-arm fast,September 19  1960  Hove  Sussex (aged 72 years 49 days) ,
Richard Barry,August 14  1769  Marylebone  London ,,Brighton,,,,March 6  1793  Folkestone  Kent (aged 23 years 204 days) ,
Thomas Charles Colyear,March 27  1772 ,,TA Smith's XI,,,,January 18  1835 (aged 62 years 297 days) ,
George Gordon,June 28  1761 ,,Marylebone Cricket Club ,,,,Brother - ,
Lord Sussex Lennox,June 11  1802 ,,Marylebone Cricket Club,,,,Father - ,
Thomas Lord,date unknown ,,Middlesex ,,,,Father - ,
Francis Charles Seymour-Ingram,March 11  1777 ,,Surrey XI,,,,March 1  1842  Westminster  London (aged 64 years 355 days) ,
Alex Lorimer,date unknown ,,Kent 2nd XI,,,,,
James Lorimer,September 10  1860  Toorak  Melbourne  Victoria  Australia ,,Oxford University,,,,details unknown ,
David Lorrain,date unknown ,,England,,,,Umpire,
Alexander Lorrimer,January 9  1859  Aylestone  Leicester ,,Leicestershire,,Right-hand bat,,February 2  1947  Oadby  Leicestershire (aged 88 years 24 days) ,
David Lorrimer,January 16  1865  Aylestone  Leicester ,,Leicestershire,,Right-hand bat,,November 12  1925  Boscombe  Hampshire (aged 60 years 300 days) ,
Jivan Daulat Singh Lotay,July 25  1990  High Wycombe  Buckinghamshire ,27 years 257 days,Cambridge MCCU,,Left-hand bat,Right-arm offbreak,,
Lott,date unknown ,,,,,,Umpire,
George Louch,November 24  1746  Chatham  Kent ,,Hampshire XI ,,,,April 29  1811  Ramsgate  Kent (aged 64 years 156 days) ,
Callum Loud,date unknown ,,Gloucestershire 2nd XI ,,,,,
George Marshall Louden,September 6  1885  Forest Gate  Essex ,,Essex,,Right-hand bat,Right-arm fast-medium,December 28  1972  Amersham  Buckinghamshire (aged 87 years 113 days) ,
Alexander Guy Rushworth Loudon,September 6  1980  Westminster  London ,37 years 214 days,England ,,Right-hand bat,Right-arm offbreak,Brother - ,
Hugo John Hope Loudon,December 11  1978  Westminster  London ,39 years 118 days,Durham MCCU ,,Right-hand bat,Slow left-arm orthodox,Brother - ,
Conrad James Louth,September 22  1988  Boston  Lincolnshire ,29 years 198 days,Lincolnshire ,,Right-hand bat,,,
James Haig Louw,April 16  1971  Dordrecht  Cape Province  South Africa ,46 years 357 days,Oxford University,,Left-hand bat,Right-arm medium,,
Geoffrey Robert Stuart Love,April 19  1889  Islington  London ,,Middlesex,,Left-hand bat,Slow left-arm orthodox,February 6  1978  Balquhidder  Perthshire  Scotland (aged 88 years 293 days) ,
Harry Love,May 30  1871  Hastings  Sussex ,,Sussex,,Right-hand bat,Right-arm slow-medium,March 26  1942  Ore  Hastings  Sussex (aged 70 years 300 days) ,
John Love,March 11  1937 ,81 years 28 days,Oxfordshire,,Right-hand bat,,,
James Derek Love,April 22  1955  Headingley  Leeds  Yorkshire ,62 years 351 days,England ,,Right-hand bat,Right-arm medium,Coach,
Raymond Henry Arnold Davison Love,May 11  1888  Chatham  Kent ,,Hampshire,,Right-hand bat,Right-arm medium,October 12  1962  Pyrford  Woking  Surrey (aged 74 years 154 days) ,
Francis Alfred Loveday,September 14  1892  Hackney  London ,,Essex,,Left-hand bat,,October 18  1954  Bluebell Common  North Walsham  Norfolk (aged 62 years 34 days) ,
Gary Edward Loveday,April 15  1964  Eton Wick  Windsor  Buckinghamshire ,53 years 358 days,Berkshire,,Right-hand bat,Right-arm medium,,
Frank Russell Loveitt,April 24  1871  Easenhall  Rugby  Warwickshire ,,Warwickshire,,Right-hand bat,,September 1  1939  Coventry  Warwickshire (aged 68 years 130 days) ,
Oliver James Lovejoy,July 12  1998  Colchester  Essex ,19 years 270 days,Suffolk ,,Right-hand bat,,Wicketkeeper,
GE Loveland,date unknown ,,,,,,Umpire,
Christopher Charles Lovell,June 1  1967  St Austell  Cornwall ,50 years 311 days,Cornwall,,Right-hand bat,Right-arm medium-fast,,
David John Lovell,February 16  1969  Adelaide  South Australia  Australia ,49 years 51 days,Derbyshire 2nd XI ,,Right-hand bat,Slow left-arm orthodox,,
Geoffrey Bruce Tasman Lovell,July 11  1966  Sydney  New South Wales  Australia ,51 years 271 days,Oxford University,,Right-hand bat,Right-arm medium,,
Patricia Ann Lovell,May 3  1954  Croydon  Surrey ,63 years 340 days,England Women,,,,,
William Guy Lovell,February 16  1969  Whitehaven  Cumberland ,49 years 51 days,Essex ,,,Slow left-arm orthodox,,
William Lovell-Hewitt,November 7  1901  Trowle Manor  Trowbridge  Wiltshire ,,Minor Counties,,Right-hand bat,Right-arm medium,October 5  1984  Woodcote Park  Coulsdon  Surrey (aged 82 years 333 days) ,
MT Lovett,date unknown ,,,,,,Umpire,
Geoffrey Lowden,September 13  1940  Ashton-under-Lyne  Lancashire ,77 years 207 days,,,,,Umpire,
M Lowden,date unknown ,,Cumberland,,,,,
Lowe,date unknown ,,Hampshire,,,,,
Lowe,date unknown ,,Middlesex,,,,,
A Lowe,date unknown ,,Northamptonshire 2nd XI,,,,,
Andrew David Lowe,November 24  1991  Taree  New South Wales  Australia ,26 years 135 days,Middlesex 2nd XI,,Right-hand bat,Right-arm medium,University of Technology  Sydney,
Bryan Mellalieu Lowe,November 5  1925  Worsley  Manchester  Lancashire ,92 years 154 days,Cheshire,,Right-hand bat,,,
Charles Lowe,June 23  1890  Whitwell  Derbyshire ,,Derbyshire,,,Right-arm fast-medium,May 11  1953  Worksop  Nottinghamshire (aged 62 years 322 days) ,
David Lowe,January 12  1979  Harlow  Essex ,39 years 86 days,Hertfordshire,,Right-hand bat,,Brother - ,
George Lowe,May 25  1915  Mastin Moor  Derbyshire ,,Derbyshire,,Right-hand bat,,April 30  2008  Chesterfield  Derbyshire (aged 92 years 341 days) ,
George Emmanuel Lowe,January 12  1877  Guisborough  Yorkshire ,,Yorkshire,,,,Wicketkeeper,
H F Lowe,date unknown ,,Hampshire,,,,,
James Adam Lowe,November 4  1982  Bury St Edmunds  Suffolk ,35 years 155 days,Cumberland ,,Right-hand bat,Right-arm offbreak,Northallerton College,
John Claude Malcolm Lowe,February 21  1888  Edgbaston  Birmingham  Warwickshire ,,Oxford University ,,Right-hand bat,Right-arm fast-medium,July 27  1970  Hastings  Sussex (aged 82 years 156 days) ,
JN Lowe,date unknown ,,,,,,Umpire,
Jonathan Paul Lowe,November 13  1977  Pontefract  Yorkshire ,40 years 146 days,Cambridge University,,Right-hand bat,Right-arm medium,,
Jordan R Lowe,date unknown ,,Yorkshire 2nd XI ,,,,Wicketkeeper,
Katherine Lowe,August 2  1975  Nottingham ,42 years 249 days,England Women ,,Right-hand bat,Right-arm medium,,
Leslie Lowe,February 4  1948  Knypersley  Staffordshire ,70 years 63 days,Staffordshire,,Right-hand bat,Right-arm medium,,
Megan Lowe,date unknown ,,England Women ,,,,,
Muriel Annie Lowe,1914 ,,England Women ,,Right-hand bat,Right-arm slow,June 25  1966  Winchester  Hampshire (aged 52 years) ,
Peter John Lowe,January 7  1935  Sutton Coldfield  Warwickshire ,,Warwickshire,,Right-hand bat,,Wicketkeeper,
Richard Lowe,June 18  1869  Kirkby-in-Ashfield  Nottinghamshire ,,Sussex,,Right-hand bat,Left-arm medium,July 3  1946  Kirkby-in-Ashfield  Nottinghamshire (aged 77 years 15 days) ,
Ronald Francis Lowe,July 28  1905  Shepherd's Bush  London ,,Surrey,,Right-hand bat,Slow left-arm orthodox,August 29  1960  Colchester  Essex (aged 55 years 32 days) ,
Richard Geoffrey Harvey Lowe,June 11  1904  Wimbledon  Surrey ,,Cambridge University ,,Left-hand bat,Right-arm fast-medium,July 5  1986  Tunbridge Wells  Kent (aged 82 years 24 days) ,
Sam Lowe,July 19  1867  Kirkby-in-Ashfield  Nottinghamshire ,,Nottinghamshire,,Right-hand bat,Right-arm fast,March 29  1947  Kirkby-in-Ashfield  Nottinghamshire (aged 79 years 253 days) ,
Stephen James Lowe,May 7  1981  Stevenage  Hertfordshire ,36 years 336 days,Hertfordshire ,,Left-hand bat,,Brother - ,
Tom Lowe,July 25  1859  Kirkby-in-Ashfield  Nottinghamshire ,,Nottinghamshire,,Right-hand bat,Right-arm medium,August 29  1934  Kirkby-in-Ashfield  Nottinghamshire (aged 75 years 35 days) ,
Walter George Hassall Lowe,August 26  1870  Bretby  Derbyshire ,,Nottinghamshire,,,,details unknown ,
William Walter Lowe,November 17  1873  Stamford  Lincolnshire ,,Cambridge University ,,Right-hand bat,Right-arm fast,May 26  1945  Hartley Wintney  Hampshire (aged 71 years 190 days) ,
Charles Timothy Lowen,September 12  1992  Enfield  Middlesex ,25 years 208 days,Leicestershire XI ,,Right-hand bat,,Wicketkeeper,
D Lowery,date unknown ,,Kent 2nd XI,,,,,
George William Lowles,July 27  1865  Aldgate  Whitechapel  London ,,Middlesex ,,,,Wicketkeeper,
Courtney Drew Lowman,December 27  1995  Bournemouth  Dorset ,22 years 102 days,Dorset Women,,,,,
Richard Lowndes,October 10  1821  London ,,Oxford University,,,,October 3  1898  Sturminster  Dorset (aged 76 years 358 days) ,
Samuel Lowndes,1826  Finsbury  London ,,Marylebone Cricket Club,,,,September 16  1903  Guildford  Surrey (aged 77 years) ,
William Geoffrey Lowndes Frith Lowndes,January 24  1898  Wandsworth  London ,,Hampshire ,,Right-hand bat,Right-arm medium-fast,changed name from William Geoffrey Lowndes Frith in July 1906,
Mark John Lowrey,September 13  1971  Hampstead  London ,46 years 207 days,Cambridge University ,,Right-hand bat,Right-arm offbreak,,
Frank Anderson Lowson,July 1  1925  Bradford  Yorkshire ,,England ,,Right-hand bat,Right-arm offbreak,September 8  1984  Pool-in-Wharfedale  Yorkshire (aged 59 years 69 days) ,
Leonard Edward Lowson,August 28  1920 ,,Devon,,Right-hand bat,,Wicketkeeper,
Alfred James Lowth,July 27  1817  Chiswick  Middlesex ,,Oxford University,,,,February 5  1907  Winchester  Hampshire (aged 89 years 193 days) ,
Henry Cecil Lowther,July 27  1790  Lowther Castle  Westmorland ,,Hampshire ,,Right-hand bat,Right-arm slow,December 6  1867  Barleythorpe Hall  Rutland (aged 77 years 132 days) ,
Henry Charles Loyd,February 21  1891  Belgravia  Westminster  London ,,Army,,,,Wicketkeeper,
Malachy Bernard Loye,September 27  1972  Northampton ,45 years 193 days,England ,Opening batsman,Right-hand bat,Right-arm offbreak,Moulton Comprehensive,
Arthur John Hamilton Luard,September 3  1861  Waltair  India ,,Gloucestershire ,,Right-hand bat,,May 22  1944  Guildford  Surrey (aged 82 years 262 days) ,
Alfred Lubbock,October 31  1845  London ,,Kent,,Right-hand bat,,July 17  1916  Kilmarth Manor  Par  Cornwall (aged 70 years 260 days) ,
Christopher William Stuart Lubbock,January 4  1920  London ,,Northamptonshire ,,Right-hand bat,Right-arm medium  Legbreak,May 16  2000  Colchester  Essex (aged 80 years 133 days) ,
Edgar Lubbock,February 22  1847  London ,,Kent,,Right-hand bat,Left-arm fast (underarm),September 9  1907  Chelsea  London (aged 60 years 199 days) ,
Nevile Lubbock,March 31  1839  Pimlico  Westminster  London ,,Kent,,Right-hand bat,,September 12  1914  Oakley House  Bromley Common  Kent (aged 75 years 165 days) ,
RH Lubbock,date unknown ,,Eton College,,,,,
Arthur Charles Lucas,May 22  1853  Lowestoft  Suffolk ,,Middlesex ,,Right-hand bat,,Brother-in-law - ,
Alfred George Lucas,October 26  1854  Wandsworth  London ,,Marylebone Cricket Club,,,,Brother - ,
Alfred Perry Lucas,February 20  1857  Westminster  London ,,England ,,Right-hand bat,Right-arm slow,Cousin - ,
CBD Lucas,date unknown ,,,,,,Umpire,
Charles Eric Lucas,April 16  1885  Westminster  London ,,Cambridge University ,,Right-hand bat,Right-arm slow,Father - ,
Charles Frank Lucas,November 25  1843  Stowe  Staffordshire ,,Hampshire,,Right-hand bat,,Cousin - ,
Charles James Lucas,February 25  1853  Clapham Common  London ,,Middlesex ,,Right-hand bat,Right-arm fast (roundarm),Brother - ,
David Scott Lucas,August 19  1978  Nottingham ,39 years 232 days,Lincolnshire ,,Right-hand bat,Left-arm medium-fast,Djanogly City Techology College  Nottingham,
Frederick Charles Lucas,September 29  1933  Slade Green  Kent ,84 years 191 days,Kent,,Right-hand bat,Right-arm offbreak,,
Frederick Murray Lucas,February 3  1860  Clapham Common  London ,,Cambridge University ,,Left-hand bat,(unknown arm) medium,Brother - ,
James William Norman Lucas,October 27  1981  Northampton ,36 years 163 days,Leeds/Bradford MCCU,,Right-hand bat,Right-arm offbreak,,
Morton Peto Lucas,November 24  1856  Clapham Common  London ,,Sussex,,Right-hand bat,Right-arm fast (roundarm),Brother - ,
Robert Slade Lucas,July 17  1867  Teddington  Middlesex ,,Middlesex,,Right-hand bat,Right-arm medium,Merchant Taylors',
S Lucas,date unknown ,,Cumberland,,,,,
Frank Mowbray Luce,April 26  1878  Gloucester ,,Gloucestershire,,Right-hand bat,Left-arm bowler,September 9  1962  Reading  Berkshire (aged 84 years 136 days) ,
Luck,date unknown ,,Kent XI,,,,,
Arthur Luck,January 19  1916  Little Billing  Northampton ,,Northamptonshire,,Right-hand bat,Right-arm medium,February 24  1987  Gloucestershire Royal Hospital  Gloucester (aged 71 years 36 days) ,
William Henry Luck,October 13  1824  East Peckham  Kent ,,,,,,Umpire,
Allan Luckes,date unknown ,,,,,,Umpire,
Walter Thomas Luckes,January 1  1901  Lambeth  London ,,Somerset,,Right-hand bat,,Wicketkeeper,
Alexander James Luckham,1857 ,,Cambridge University,,,,October 13  1942  Swanage  Dorset (aged 85 years) ,
Brian William Luckhurst,February 5  1939  Sittingbourne  Kent ,,England ,,Right-hand bat,Slow left-arm orthodox,Son - ,
Simon Luckhurst,April 23  1968  Isle of Sheppey  Kent ,49 years 350 days,England National Cricket Association XI,,Right-hand bat,Right-arm medium,Father - ,
Roger Alfred Geoffrey Luckin,November 25  1939  High Easter  Pleshey  Essex ,78 years 134 days,Essex,,Left-hand bat,,,
Verner Valentine Luckin,February 14  1892  Maybury Hill  Woking  Surrey ,,Hampshire ,,Left-hand bat,Legbreak googly,November 28  1931  High Cross  Froxfield  Hampshire (aged 39 years 287 days) ,
Henry Tansley Luddington,December 9  1854  Littleport  Cambridgeshire ,,Cambridge University,,Right-hand bat,Right-arm fast (roundarm),April 14  1922  Walton's Park  Ashdon  Essex (aged 67 years 126 days) ,
Richard Simon Luddington,April 8  1960  Kingston-upon-Thames  Surrey ,58 years 0 days,Oxford University,,Right-hand bat,,Wicketkeeper,
Richard Ludlam,date unknown ,,,,,,Umpire,
David Ludlow,date unknown ,,,,,,Umpire,
Joseph Hayden Ludlow,August 22  1997  Sidcup  Kent ,20 years 229 days,Bedfordshire,,Right-hand bat,,,
Alfred Luff,April 5  1846  Kew  Richmond  Surrey ,,Surrey,,Right-hand bat,Right-arm fast (roundarm),February 24  1933  Tonbridge  Kent (aged 86 years 325 days) ,
Sophie Natasha Luff,December 6  1993  Taunton  Somerset ,24 years 123 days,Emeralds ,,Right-hand bat,Right-arm medium,,
Ryan Thomas Lugg,April 1989  Barking  Essex ,29 years,Essex 2nd XI,,,,,
Steven Lugsden,July 10  1976  Gateshead  Co Durham ,41 years 272 days,Durham ,,Right-hand bat,Right-arm fast-medium,,
Edwin Percy Habberton Lulham,April 7  1865  Norwich  Norfolk ,,Sussex,,,,June 27  1940  Hurstpierpoint  Sussex (aged 75 years 81 days) ,
Edward Lumb,September 12  1852  Dalton  Huddersfield  Yorkshire ,,Yorkshire,,Right-hand bat,,April 5  1891  Westminster  London (aged 38 years 205 days) ,
Michael John Lumb,February 12  1980  Johannesburg  Transvaal  South Africa ,38 years 55 days,England ,Top-order batsman,Left-hand bat,Right-arm medium,Father - ,
Richard Graham Lumb,February 27  1950  Doncaster  Yorkshire ,68 years 40 days,Yorkshire,,Right-hand bat,Right-arm medium,Son - ,
Edward Victor Lund,April 28  1902  Eton  Buckinghamshire ,,Minor Counties,,Right-hand bat,Right-arm medium,February 20  1971  Cippenham  Buckinghamshire (aged 68 years 298 days) ,
Tom Lungley,July 25  1979  Derby ,38 years 257 days,Derbyshire ,,Left-hand bat,Right-arm medium,Saint John Houghton School,
Andrew H Lunn,date unknown ,,,,,,Umpire,
E Lunn,date unknown ,,,,,,Umpire,
E Lunn,date unknown ,,,,,,Umpire,
Peter Daniel Lunn,April 16  1970  Oxford ,47 years 357 days,Oxford University,,Right-hand bat,Legbreak,,
Elliott Joel Lupson,May 6  1992  Pontefract  Yorkshire ,25 years 337 days,Cyprus Under-15s,,,,,
Arthur William Lupton,February 23  1879  Horton  Bradford  Yorkshire ,,Yorkshire,,Left-hand bat,Right-arm fast-medium,April 14  1944  Carlton Manor  Guiseley  Yorkshire (aged 65 years 51 days) ,
David John Lupton,August 7  1948  Millom  Cumberland ,69 years 244 days,Cumberland,,Right-hand bat,Right-arm fast-medium,,
Ruth Lupton,December 9  1964  Claro  Yorkshire ,53 years 120 days,England Women ,,,,,
Ross David Lupton,January 6  1975  Warwick  Queensland  Australia ,43 years 92 days,Glamorgan 2nd XI ,,Right-hand bat,Right-arm medium,,
W Lupton,date unknown ,,Yorkshire,,,,,
John Anthony Lush,April 8  1937  Hampstead  London ,81 years 0 days,Sussex,,,,,
JS Lush,date unknown ,,,,,,Umpire,
Algernon Hay Lushington,September 29  1847  Lyndhurst  Hampshire ,,Hampshire,,Right-hand bat,,September 13  1930  Shanklin  Isle of Wight (aged 82 years 349 days) ,
Stephen Lushington,1782 ,,Surrey and Marylebone Cricket Club ,,,,1873 (aged 91 years) ,
Alan Charles Grenville Luther,September 17  1880  Kensington  London ,,Sussex,,Right-hand bat,,June 23  1961  Staplemead  Curland  Somerset (aged 80 years 279 days) ,
Edward Lutterlock,February 26  1852  Stockwell  London ,,Surrey,,Right-hand bat,Right-arm fast (roundarm),July 30  1938  Hill End  St Albans  Hertfordshire (aged 86 years 154 days) ,
David Roy Lutton,October 4  1964  Belfast  Co Antrim  Ireland ,53 years 186 days,Cambridgeshire,,Right-hand bat,,,
Philip Peter Luxon,November 12  1974  Liverpool  Lancashire ,43 years 147 days,Cheshire,,Right-hand bat,Right-arm medium  Right-arm offbreak,,
Philip Peter Luxon,November 12  1974  Liverpool  Lancashire ,43 years 147 days,Cheshire,,Right-hand bat,Right-arm medium  Right-arm offbreak,,
Charles Henry Luxton,January 19  1861  Bondleigh  Okehampton  Devon ,,Cambridge University,,,,October 17  1918  St Pancras  London (aged 57 years 271 days) ,
Richard Edmonds Luyt,November 8  1915  Cape Town  Cape Province  South Africa ,,Oxford University,,Right-hand bat,,Wicketkeeper,
Charles Ross Lyall,October 3  1880  Calcutta (now Kolkata)  Bengal  India ,,Somerset,,Right-hand bat,,June 4  1950  Basingstoke  Hampshire (aged 69 years 244 days) ,
David Frank Lye,April 11  1979  Exeter  Devon ,38 years 362 days,Devon,,Right-hand bat,Right-arm medium,,
Brian Lymbery,date unknown ,,National Cricket Association,,,,,
George Goulton Lynas,September 7  1832  Coatham  Redcar  Yorkshire ,,Yorkshire,,Right-hand bat,Right-arm fast (roundarm),Wicketkeeper,
Ashleigh Aaron Lynch,April 28  1990  Burton-on-Trent  Staffordshire ,27 years 345 days,Derbyshire 2nd XI ,,Right-hand bat,Right-arm medium,John Port School,
B Lynch,date unknown ,,Somerset 2nd XI,,,,,
Monte Alan Lynch,May 21  1958  Plaisance  East Coast  Demerara  British Guiana ,59 years 322 days,England ,,Right-hand bat,,,
Naomi Victoria Lynch,July 1  1995  Surrey ,22 years 281 days,Hampshire Women,,,,,
Peter Stephen Lynch,July 7  1982  Hillingdon  Middlesex ,35 years 275 days,Buckinghamshire ,,Right-hand bat,Right-arm offbreak,,
Richard Lynch,March 26  1967  Banbury  Oxfordshire ,51 years 13 days,Oxfordshire,,Right-hand bat,Right-arm medium-fast,,
Ronald Victor Lynch,May 22  1923  Stratford  Essex ,,Essex,,Right-hand bat,Slow left-arm orthodox,June 27  2012  Woodford  Essex (aged 89 years 36 days) ,
Stephen Giles Lynch,January 2  1951  Hillingdon  Middlesex ,67 years 96 days,Buckinghamshire,,Left-hand bat,Slow left-arm orthodox,,
Charles Lyndhurst,December 28  1993  Oswestry ,24 years 101 days,Devon ,,Right-hand bat,Right-arm offbreak,Woodruffe School  Lyme Regis,
John Lynes,June 6  1872  Coleshill  Warwickshire ,,Warwickshire,,Right-hand bat,Right-arm fast-medium,details unknown ,
George Henry Lynn,March 31  1848  East Grinstead  Sussex ,,Sussex,,,,September 21  1921  East Grinstead  Sussex (aged 73 years 174 days) ,
Joseph Lynn,February 15  1856  Newington  London ,,Hampshire,,,,February 2  1927  Southampton  Hampshire (aged 70 years 352 days) ,
Andrew Walker Lyon,December 18  1946  Poole  Dorset ,71 years 111 days,Buckinghamshire,,Right-hand bat,Right-arm offbreak,Brother - ,
Beverley Hamilton Lyon,January 19  1902  Caterham  Surrey ,,Europeans (India) ,,Right-hand bat,,Brother - ,
Charles Harry Lyon,March 18  1878  Rocester Lodge  Staffordshire ,,Derbyshire,,Right-hand bat,,December 3  1959  Ightfield  Shropshire (aged 81 years 260 days) ,
David Walker Lyon,September 2  1943  Douglas  Isle of Man ,74 years 218 days,Cambridgeshire,,Right-hand bat,Right-arm fast-medium,Brother - ,
George Hamilton D'Oyly Lyon,October 3  1883  Bankipore  India ,,Hampshire ,,Right-hand bat,Right-arm medium,August 19  1947  Eastshaw  Midhurst  Sussex (aged 63 years 320 days) ,
Gordon William Francis Lyon,May 22  1905  Bradford-on-Avon  Wiltshire ,,Oxford University,,Right-hand bat,,December 22  1932  Steyning  Sussex (aged 27 years 214 days) ,
Herbert Lyon,April 29  1867  St Helier  Jersey  Channel Islands ,,Oxford University,,Right-hand bat,,Wicketkeeper,
John Lyon,May 17  1951  St Helens  Lancashire ,,Lancashire,,Right-hand bat,,Wicketkeeper,
Malcolm Douglas Lyon,April 22  1898  Caterham  Surrey ,,Cambridge University ,,Right-hand bat,,Brother - ,
Walter John Lyon,February 28  1841  Silver Hill  Barton-Under-Needwood  Staffordshire ,,Cambridge University,,,,March 16  1918  Tutbury  Staffordshire (aged 77 years 16 days) ,
Craig Warwick John Lyons,June 18  1970  Johannesburg  Transvaal  South Africa ,47 years 294 days,Oxford University,,Right-hand bat,,Wicketkeeper,
Godfrey Louis Lyons,May 23  1853  Fleetwood  Lancashire ,,Surrey,,Right-hand bat,,March 30  1931  Brighton  Sussex (aged 77 years 311 days) ,
Kevin James Lyons,December 18  1946  Cardiff  Glamorgan  Wales ,71 years 111 days,Glamorgan,,Right-hand bat,Right-arm medium,Umpire,
Natalie Lyons,April 11  1994 ,23 years 362 days,Cheshire Women,,,,,
Russell John Lyons,December 6  1967  Johannesburg  Transvaal  South Africa ,50 years 123 days,Cambridge University,,Right-hand bat,Legbreak,,
J W Maxwell Lyte,date unknown ,,England,,,,,
Adam Lyth,September 25  1987  Whitby  Yorkshire ,30 years 195 days,England ,Batsman,Left-hand bat,Right-arm offbreak,Caedmon School; Whitby Community College,
Alfred Lyttelton,February 7  1857  Westminster  London ,,England ,,Right-hand bat,Right-arm slow (underarm),Father - ,
Arthur Temple Lyttelton,January 7  1852  Westminster  London ,,Marylebone Cricket Club,,Right-hand bat,,Father - ,
Charles Frederick Lyttelton,January 26  1887  Marylebone  London ,,Cambridge University ,,Right-hand bat,Right-arm fast,Grandfather - ,
Charles George Lyttelton,October 27  1842  Hagley Hall  Stourbridge  Worcestershire ,,Cambridge University,,Right-hand bat, (underarm)  Right-arm fast-medium,Father - ,
Charles John Lyttelton,August 8  1909  Kensington  London ,,Worcestershire,,Right-hand bat,Right-arm medium,Great-grandfather - ,
Edward Lyttelton,July 23  1855  Westminster  London ,,Cambridge University ,,Right-hand bat,,Father - ,
George William Lyttelton,March 31  1817  Westminster  London ,,Cambridge University,,,,Son - ,
George William Spencer Lyttelton,June 12  1847  Westminster  London ,,Cambridge University,,Right-hand bat,,Father - ,
John Cavendish Lyttelton,October 23  1881  Westminster  London ,,Worcestershire,,Right-hand bat,,Grandfather - ,
Robert Henry Lyttelton,January 18  1854  Westminster  London ,,Marylebone Cricket Club,,Right-hand bat,,Father - ,
Lewis William Lywood,December 23  1906  Walthamstow  Essex ,,Essex ,,Right-hand bat,Right-arm fast-medium,October 31  1971  Caterham  Surrey (aged 64 years 312 days) ,
Lionel Hallam Tennyson,November 7  1889  Westminster  London ,,England ,,Right-hand bat,Right-arm fast,Uncle - ,
Sydney Gratien Adair Maartensz,April 14  1882  Colombo  Ceylon ,,Hampshire,,Right-hand bat,,Wicketkeeper,
Sean Garrick McCabe,June 22  1987  East London  Cape Province  South Africa ,30 years 290 days,Durham 2nd XI,,Right-hand bat,Right-arm medium-fast,Billingham Bede Campus School  Billingham  Co Durham; Bydales Comprehensive School  Marske-by-Sea,
James Chalmers Macadam,June 29  1988  St Mary's Hospital  Paddington ,29 years 283 days,Oxford MCCU ,,Right-hand bat,Right-arm medium-fast,Eton College; Keble College  Oxford,
Keith Paul William James McAdam,August 13  1945  Edinburgh  Midlothian  Scotland ,72 years 238 days,Buckinghamshire ,,Left-hand bat,Right-arm bowler,,
Kenneth McAlpine,April 11  1858  Leamington  Warwickshire ,,Kent,,Right-hand bat,,February 10  1923  Loose  Maidstone  Kent (aged 64 years 305 days) ,
George Macan,September 9  1853  Greenmount  Castle Bellingham  Co Louth  Ireland ,,Cambridge University,,Right-hand bat,Right-arm slow (roundarm),November 2  1943  Wimbledon Common  Surrey (aged 90 years 54 days) ,
AC McArthur,date unknown ,,,,,,Umpire,
George Gibson Macaulay,December 7  1897  Thirsk  Yorkshire ,,England ,,Right-hand bat,,Barnard Castle,
Walter Nelson McBride,November 27  1904  East Croydon  Surrey ,,Hampshire ,,Left-hand bat,Right-arm medium,January 30  1974  South Ealing  Middlesex (aged 69 years 64 days) ,
John Crawford William MacBryan,July 22  1892  Box  Wiltshire ,,England ,,Right-hand bat,,Exeter School; Cambridge University,
Callum McCabe,date unknown ,,Durham University,,Right-hand bat,Right-arm medium,,
Martin John McCague,May 24  1969  Larne  Co Antrim  Northern Ireland ,48 years 319 days,England ,,Right-hand bat,Right-arm fast,,
Barney Ernest Willford McCall,May 13  1913  Clifton  Bristol ,,Army ,,Right-hand bat,Right-arm bowler,March 31  1991  Heath Park  Cardiff  Glamorgan  Wales (aged 77 years 322 days) ,
George McCanlis,December 3  1847  Landguard  Suffolk ,,Kent,,Right-hand bat,Right-arm medium (roundarm),October 18  1937  Upper Norwood  London (aged 89 years 319 days) ,
K McCanlis,date unknown ,,,,,,Umpire,
Kenneth McCanlis,1908 ,,Surrey 2nd XI,,,,Umpire,
Maurice Alfred McCanlis,June 17  1906  Quetta  India ,,Gloucestershire ,,Right-hand bat,Right-arm medium,Cranleigh School; Oxford University,
William McCanlis,October 30  1840  Woolwich  London ,,Kent,,Right-hand bat,,November 19  1925  Westcombe Park  London (aged 85 years 20 days) ,
Charles Henry Florence D'Arcy McCarthy,June 29  1899  Coimbatore  Madras  India ,,Burma ,,Right-hand bat,Legbreak,July 24  1977  Lyford Cay  New Providence  Bahamas (aged 78 years 25 days) ,
Norman McCaskie,March 23  1911  Kensington  London ,,Middlesex ,,Left-hand bat,Left-arm medium,Uncle - ,
Samuel McCaughey,November 27  1892  Coree Station  Deniliquin  New South Wales  Australia ,,Cambridge University,,,Right-arm medium  Legbreak,January 29  1955  Manly  Sydney  New South Wales  Australia (aged 62 years 63 days) ,
William Kerr McClintock,March 7  1896  Jesmond  Newcastle upon Tyne  Northumberland ,,Gloucestershire,,Right-hand bat,,March 30  1946  Bow  London (aged 50 years 23 days) ,
Kenelm Rees McCloughin,August 18  1884  Bombay (now Mumbai)  Maharashtra  India ,,Army ,,,,September 26  1915  Hohenzollern Redoubt  near Cambrin  France (aged 31 years 39 days) ,
René MacColl,January 12  1905  Brentford  Middlesex ,,Oxford University,,,,May 20  1971  Crowborough  Sussex (aged 66 years 128 days) ,
Craig Macconacie,November 10  1977  Leicester ,40 years 149 days,Leicestershire Cricket Board,,Right-hand bat,Right-arm medium-fast,,
T McConnell,date unknown ,,Manchester,,,,,
James Edward McConnon,June 21  1922  Burnopfield  Co Durham ,,England ,,Right-hand bat,Right-arm offbreak,January 26  2003  Altrincham  Lancashire (aged 80 years 219 days) ,
Gillian Elizabeth McConway,May 8  1950  New Zealand ,67 years 335 days,East Anglia Women ,,,Slow left-arm orthodox,,
Russell John McCool,December 4  1959  Taunton  Somerset ,58 years 125 days,Somerset,,Right-hand bat,Legbreak googly,Father - ,
Neil Thomas McCorkell,March 23  1912  Portsmouth  Hampshire ,,Hampshire,,Right-hand bat,,Wicketkeeper,
Edward James McCormick,November 1  1862  Hastings  Sussex ,,Sussex,,Right-hand bat,Right-arm medium,December 31  1941  Templemore  Co Tipperary  Ireland (aged 79 years 60 days) ,
Joseph McCormick,October 29  1834  Liverpool  Lancashire ,,Cambridge University,,Right-hand bat,Right-arm slow (roundarm),April 9  1914  Westminster  London (aged 79 years 162 days) ,
William Patrick Glyn McCormick,June 14  1877  Hull  Yorkshire ,,Marylebone Cricket Club,,Right-hand bat,Slow left-arm orthodox,October 16  1940  Westminster  London (aged 63 years 124 days) ,
Alastair McCorquodale,December 5  1925  Hillhead  Glasgow  Lanarkshire  Scotland ,,Free Foresters ,,Left-hand bat,Right-arm fast,Uncle - ,
Edmund George McCorquodale,July 23  1881  Weybridge  Surrey ,,Cambridge University,,Right-hand bat,Right-arm medium,May 24  1904  Tulchan Lodge  Morayshire  Scotland (aged 22 years 306 days) ,
John McCoy,April 1804 ,,Yorkshire,,,,November 14  1869  Leamington  Warwickshire (aged 65 years) ,
Joshua Ian McCoy,March 2  1998 ,20 years 37 days,Hampshire Cricket Academy,,Right-hand bat,Right-arm fast-medium,,
Ewan McCray,October 29  1964  Altrincham  Cheshire ,53 years 161 days,Derbyshire,,Right-hand bat,Right-arm offbreak,,
John Wyndham Hamilton McCulloch,December 4  1894  Calcutta (now Kolkata)  Bengal  India ,,Middlesex,,Right-hand bat,,October 21  1915  Bailleul  Lille  France (aged 20 years 321 days) ,
George McCullough,January 4  1981  Surrey ,37 years 94 days,Cardiff MCCU,,Right-hand bat,,Wicketkeeper,
Andrew Craig Macdonald,February 16  1985  Epsom  Surrey ,33 years 51 days,Surrey 2nd XI,,Right-hand bat,Right-arm offbreak,Ewell Castle School  Reading University,
Archibald Keppel Macdonald,October 15  1820  London ,,Marylebone Cricket Club,,,,March 28  1901  Liphook  Hampshire (aged 80 years 164 days) ,
Alexandra Louise MacDonald,October 3  1991  Kingston-upon-Thames  Surrey ,26 years 187 days,England Academy Women ,,,,,
Harry Lindsay Somerled MacDonald,August 2  1861  Westminster  London ,,Somerset,,,,August 15  1936  Bathford  Somerset (aged 75 years 13 days) ,
John Alexander McDonald,April 28  1967  Wokingham  Berkshire ,50 years 345 days,Berkshire,,Right-hand bat,Slow left-arm orthodox,,
John Archibald McDonald,May 29  1882  Belper  Derbyshire ,,Derbyshire,,Right-hand bat,,June 4  1961  Brownhill  Blackburn  Lancashire (aged 79 years 6 days) ,
Robert Hepburn Macdonald,July 18  1965  Cape Town  Cape Province  South Africa ,52 years 264 days,Oxford University,,Right-hand bat,Right-arm medium-fast,,
Stephen McDonald,October 2  1974  Birmingham  Warwickshire ,43 years 188 days,Warwickshire Cricket Board,,Right-hand bat,Right-arm offbreak,,
Alastair MacDonald-Watson,January 29  1909  Croydon  Surrey ,,Somerset,,Right-hand bat,Right-arm fast,November 19  1987  Alverstoke  Hampshire (aged 78 years 294 days) ,
Harold Clark McDonell,September 19  1882  Wimbledon  Surrey ,,Cambridge University ,,Right-hand bat,Legbreak,July 23  1965  Onich  Fort William  Inverness  Scotland (aged 82 years 307 days) ,
C McDonnell,date unknown ,,Marylebone Cricket Club Universities,,,,,
Charles Michael MacDonell,February 23  1995  Basingstoke  Hampshire ,23 years 44 days,Buckinghamshire ,Allrounder,Right-hand bat,Right-arm fast-medium,,
CM MacDonnell,date unknown ,,Marylebone Cricket Club Universities,,,,,
Guy Francis Henry McDonnell,January 24  1963  Lytham  Lancashire ,55 years 74 days,Cambridge University,,Left-hand bat,Right-arm offbreak,,
James Edward MacDonnell,April 23  1841  Ireland ,,Gloucestershire,,,,November 26  1891  Brighton  Sussex (aged 50 years 217 days) ,
Alexander William MacDougall,March 19  1837  Kingston  Jamaica ,,Nottinghamshire,,,,November 1  1917  Greenwich  London (aged 80 years 227 days) ,
Gerard James McDougall,January 17  1967  Manchester  Lancashire ,51 years 81 days,Cambridgeshire,,Right-hand bat,,Wicketkeeper,
James Ian McDowall,December 9  1947  Sutton Coldfield  Warwickshire ,70 years 120 days,Cambridge University ,,Right-hand bat,,Wicketkeeper,
Richard William McDowell,June 29  1973  Invercargill  Southland  New Zealand ,44 years 283 days,Cambridge University,,Right-hand bat,Legbreak,,
Kenneth Brinsley McEntyre,March 24  1944  Chester  Cheshire ,74 years 15 days,Surrey,,Right-hand bat,,,
Dorothy Evelyn McEvoy,July 30  1910  Liverpool  Lancashire ,,England Women ,,,Right-arm fast-medium,April 20  1994  Worthing  Sussex (aged 83 years 264 days) ,
Michael Stephen Anthony McEvoy,January 25  1956  Jorhat  Assam  India ,62 years 73 days,Essex ,,Right-hand bat,Right-arm medium,,
Neil Tom McEwan,April 26  1977  Harlow  Essex ,40 years 347 days,Hertfordshire,,Right-hand bat,,Wicketkeeper,
Steven Michael McEwan,May 5  1962  Worcester ,55 years 338 days,Durham ,,Right-hand bat,Right-arm fast-medium,,
John William McEwen,November 25  1862  Dalston  London ,,Middlesex,,Right-hand bat,Right-arm fast,February 16  1902  Stepney  London (aged 39 years 83 days) ,
Simon John Macey,March 22  1986  Hillingdon  London ,32 years 17 days,Wiltshire ,,Left-hand bat,,,
Ryan McFadyean,October 11  1983  South Africa ,34 years 179 days,Derbyshire 2nd XI ,,Right-hand bat,Right-arm medium-fast,,
Douglas MacFadyen,August 8  1902  Newcastle upon Tyne  Northumberland ,,Royal Air Force,,,,July 26  1968  Shurlock Row  Berkshire (aged 65 years 353 days) ,
Dorothy Irene Macfarlene,December 2  1931  Newcastle upon Tyne  Northumberland ,,England Women ,,,,2002  Northumberland (aged 70 years) ,
Leslie Leopold McFarlane,August 19  1952  Skibo  Portland  Jamaica ,65 years 232 days,Glamorgan ,,Right-hand bat,Right-arm medium,,
Charles Percy McGahey,February 12  1871  Stepney  London ,,England ,,Right-hand bat,Legbreak,January 10  1935  Whipps Cross  Leytonstone  Essex (aged 63 years 332 days) ,
Andrew Charles McGarry,November 8  1981  Basildon  Essex ,36 years 151 days,Bedfordshire ,,Right-hand bat,Right-arm fast-medium,,
Alfred Joseph Thoburn McGaw,April 1  1900  Haslemere  Surrey ,,Punjab Governor's XI (India) ,,Right-hand bat,Right-arm slow,February 8  1984  St Helier  Jersey  Channel Islands (aged 83 years 313 days) ,
Ben Joe McGee,date unknown ,,Northumberland ,,,,,
Oliver Francis McGee,March 3  1997  North Shields ,21 years 36 days,Northumberland,,Left-hand bat,Slow left-arm orthodox,,
Charles Edward McGibbon,April 21  1880  Portsmouth  Hampshire ,,Hampshire,,,,April 2  1954  Hamble  Hampshire (aged 73 years 346 days) ,
Lewis McGibbon,October 8  1931  Byker  Newcastle upon Tyne  Northumberland ,,Northamptonshire,,Right-hand bat,Right-arm medium,Wallsend Grammar School,
Raphael Joseph Anthony MacGinty,March 22  1927  Croydon  Surrey ,91 years 17 days,Cambridge University,,Right-hand bat,Right-arm offbreak,,
John Ewart McGrady,April 30  1968  Ryton  Co Durham ,49 years 343 days,Oxford University,,Right-hand bat,,Wicketkeeper,
Anthony McGrath,October 6  1975  Bradford  Yorkshire ,42 years 184 days,England ,,Right-hand bat,Right-arm medium,Yorkshire Martyrs Collegiate School,
Alex Halliday McGrath,May 12  1997  Bishop Auckland ,20 years 331 days,Durham MCCU ,,Right-hand bat,Left-arm medium,Whitworth Park,
Daniel Edward Taylor McGrath,February 13  1976  Sydney  New South Wales  Australia ,42 years 54 days,Cambridge University,,Right-hand bat,Right-arm medium-fast,,
Elizabeth MacGregor,May 11  1993  Leytonstone Essex ,24 years 332 days,England Academy Women ,,Left-hand bat,Left-arm medium-fast,,
Edward George McGregor,January 17  1984  Cuckfield  Sussex ,34 years 81 days,Cardiff MCCU,,Right-hand bat,,,
Gregor MacGregor,August 31  1869  Merchiston  Edinburgh  Midlothian  Scotland ,,England ,,Right-hand bat,,Uppingham; Cambridge University,
Jack McGurk,date unknown ,,,,,,Umpire,
Jack McGurk,date unknown ,,,,,,Umpire,
Matthew William Machan,February 15  1991  Brighton  Sussex ,27 years 52 days,Scotland ,Top-order batsman,Left-hand bat,Right-arm offbreak,Hurstpierpoint College; Brighton College,
RW Machan,date unknown ,,Sussex 2nd XI,,,,,
Alex Machin,April 17  1949  Plymouth  Devon ,68 years 356 days,Cornwall,,Right-hand bat,Right-arm medium,,
Reginald Stanley Machin,April 16  1904  Oatlands Park  Weybridge  Surrey ,,Cambridge University ,,Right-hand bat,,Wicketkeeper,
Timothy James Machin,December 3  1948  Godmanchester  Huntingdonshire ,69 years 126 days,Bedfordshire,,Right-hand bat,,,
Francis Prest McHugh,November 15  1925  Burmantofts  Leeds  Yorkshire ,92 years 144 days,Gloucestershire ,,Right-hand bat,Right-arm fast-medium,,
Jamie Peter McIlroy,June 19  1994  Hereford ,23 years 293 days,Herefordshire,,Right-hand bat,Left-arm fast-medium,Builth Wells HS  Coleg Powys Newtown,
Richard Johnston McIlwaine,March 16  1950  Milton  Portsmouth  Hampshire ,68 years 23 days,Hampshire,,Right-hand bat,Right-arm medium,,
David Henry Macindoe,September 1  1917  Eton  Buckinghamshire ,,Oxford University,,Right-hand bat,Right-arm medium-fast,March 3  1986  Eton  Buckinghamshire (aged 68 years 183 days) ,
James Jeremy McInerny,April 12  1933  Paddington  London ,,Oxford University,,Right-hand bat,,May 27  2012 (aged 79 years 45 days) ,
Robert Ian Fanshawe McIntosh,August 19  1907  Darjeeling (now Darljiling)  Bengal  India ,,Madras ,,Right-hand bat,Right-arm medium-fast,March 21  1988  Budleigh Salterton  Devon (aged 80 years 215 days) ,
Arthur John William McIntyre,May 14  1918  Kennington  London ,,England ,,Right-hand bat,Legbreak,Wicketkeeper,
Arthur Seymour McIntyre,May 29  1889  Hartley Wintney  Hampshire ,,Hampshire,,Right-hand bat,,March 14  1945  Nottingham (aged 55 years 289 days) ,
Hugh McIntyre,January 16  1857  Milton  Glasgow  Lanarkshire  Scotland ,,Lancashire,,,,Wicketkeeper,
HDL MacIntyre,date unknown ,,Harrow School,,,,,
Martin McIntyre,August 15  1847  Eastwood  Nottinghamshire ,,Nottinghamshire,,Right-hand bat,Right-arm fast (roundarm),February 28  1885  Moor Green  Nottinghamshire (aged 37 years 197 days) ,
Michael McIntyre,November 13  1839  St Anns  Nottingham ,,Nottinghamshire,,,,October 9  1888  Basford  Nottinghamshire (aged 48 years 331 days) ,
McIntyre,date unknown ,,Suffolk,,,,,
Terence Frank McIntyre,July 2  1930  Hendon  Middlesex ,87 years 280 days,Combined Services,,Right-hand bat,,Wicketkeeper,
William McIntyre,May 24  1844  Eastwood  Nottinghamshire ,,Lancashire ,,Right-hand bat,Right-arm fast,September 13  1892  Prestwich  Lancashire (aged 48 years 112 days) ,
Colin Donald McIver,January 23  1881  Hong Kong ,,Essex ,,Right-hand bat,Right-arm slow,Wicketkeeper,
Jack Nathan McIver,April 26  1992  London ,25 years 347 days,Nottinghamshire 2nd XI ,,Right-hand bat,Right-arm offbreak,Trinity College  Perth,
Max Maciver,date unknown ,,Leeds/Bradford MCCU,,,,,
Andrew James Mack,January 14  1956  Aylsham  Norfolk ,62 years 84 days,Glamorgan ,,Left-hand bat,Left-arm medium,,
Claude Lysaght Mackay,October 29  1894  Satara  Maharashtra  India ,,Gloucestershire,,Right-hand bat,Right-arm fast-medium,June 7  1915  Boulogne  France (aged 20 years 221 days) ,
RJ McKay,date unknown ,,Warwickshire 2nd XI,,,,Wicketkeeper,
William Gilfellon Mackay,October 15  1891  Shiremoor  Northumberland ,,Minor Counties,,Right-hand bat,,August 8  1962  High Heaton  Newcastle upon Tyne  Northumberland (aged 70 years 297 days) ,
M McKeirnan,date unknown ,,Lancashire 2nd XI,,,,,
Patrick George McKelvey,December 25  1935  Barnet  Hertfordshire ,82 years 104 days,Surrey,,Right-hand bat,Slow left-arm orthodox,,
Robert Douglas McKelvie,July 1  1912  Blofield  Norfolk ,,Free Foresters,,Right-hand bat,,Malvern,
Andrew Nicholas Mackelworth,May 15  1963  Wolverhampton  Staffordshire ,54 years 328 days,Shropshire,,Right-hand bat,,Wicketkeeper,
Anthony Edward McKenna,January 19  1969  St Anne's-on-Sea  Lancashire ,49 years 79 days,Yorkshire Cricket Board,,Right-hand bat,Right-arm medium,,
Charles Kincaid MacKenzie (Lord MacKenzie),March 9  1857  Edinburgh  Midlothian  Scotland ,,Oxford University,,Right-hand bat,,Repton School,
Frederick Finch Mackenzie,July 14  1849  Kensington  London ,,Kent,,Right-hand bat,Right-arm medium (roundarm),July 17  1934  Hove  Sussex (aged 85 years 3 days) ,
Mark Kincaid MacKenzie,August 22  1888  New Town  Edinburgh  Midlothian  Scotland ,,Oxford University,,,Left-arm fast-medium,September 25  1914  Soupir-sur-Aisne  Soissons  France (aged 26 years 34 days) ,
Percy Alec MacKenzie,October 5  1918  Canterbury  Kent ,,Hampshire,,Right-hand bat,Legbreak googly,January 1  1989  Rye  Sussex (aged 70 years 88 days) ,
Peter Edwin McKenzie,August 23  1943  Sheffield  Yorkshire ,74 years 228 days,,,,,Umpire,
Robert Theodore Hope Mackenzie,October 8  1886  Poona (now Pune)  Maharashtra  India ,,Cambridge University ,,Right-hand bat,Right-arm fast,March 20  1934  New Delhi  India (aged 47 years 163 days) ,
Sophie Mackenzie,date unknown ,,Devon Women,,,,,
William Forbes MacKenzie,June 5  1907  Salisbury (now Harare)  Rhodesia ,,Cambridge University,,Right-hand bat,Right-arm fast-medium,August 1  1980  Salisbury (now Harare)  Zimbabwe (aged 73 years 57 days) ,
Patrick Christopher McKeown,June 1  1976  Liverpool  Lancashire ,41 years 311 days,Cheshire ,,Right-hand bat,Right-arm offbreak,,
Paul Dominic McKeown,May 3  1962  Oldham  Lancashire ,55 years 340 days,Cheshire ,,Right-hand bat,Right-arm fast-medium,,
William James Mackeson,December 7  1856  Kensington  London ,,Marylebone Cricket Club,,,,July 21  1925  Atcham  Shropshire (aged 68 years 226 days) ,
Kenneth Mackessack,October 24  1902  Ardgye  Alves  Morayshire  Scotland ,,Army ,,,,October 18  1982  Elgin  Morayshire  Scotland (aged 79 years 359 days) ,
Neal Alexander S Mackey,February 10  1983  Leicester ,35 years 57 days,Leicestershire Cricket Board,,Right-hand bat,Right-arm medium-fast,,
Andrew Ian MacKinlay,September 21  1967  Durban  Natal  South Africa ,50 years 199 days,Essex Cricket Board ,,Right-hand bat,Right-arm fast-medium,,
Richard Ivor McKinlay,April 11  1970  Barnet  Hertfordshire ,47 years 362 days,,,Right-hand bat,Right-arm medium,Umpire,
Gordon Hayden McKinna,August 2  1930  Sale  Cheshire ,,Oxford University,,Right-hand bat,Right-arm medium,Manchester Grammar School; Brasenose College  Oxford,
McKinnon,date unknown ,,Single,,,,,
Donald William MacKinnon,March 3  1842  Bangalore  India ,,Lancashire,,,,November 19  1931  Stakes  Waterlooville  Hampshire (aged 89 years 261 days) ,
Francis Alexander MacKinnon,April 9  1848  Paddington  London ,,England ,,Right-hand bat,,The 35th MacKinnon of MacKinnon,
