Sambal Sharma,date unknown ,,Himachal Pradesh,,,,,
Sanjeev Sharma,July 4  1970  Hamirpur  Uttar Pradesh ,47 years 278 days,Himachal Pradesh,,Left-hand bat,Slow left-arm orthodox,,
S Deb Sharma,date unknown ,,Assam,,,,,
Surendar Gourav Sharma,October 2  1983  Calcutta (now Kolkata)  Bengal ,34 years 188 days,Bengal Under-19s,,Left-hand bat,Right-arm medium,Gori,
Sagar Harikrishna Sharma,December 30  1997  Damoh  Madhya Pradesh ,20 years 99 days,Madhya Pradesh Under-16s ,,Right-hand bat,Right-arm offbreak,,
Shambhunath Sharma,June 28  1968  Una  Himachal Pradesh ,49 years 284 days,Himachal Pradesh,,Right-hand bat,,,
Sudhir Jagdishraj Sharma,December 26  1969  Kota  Rajasthan ,48 years 103 days,Rajasthan,,Right-hand bat,,,
SK Sharma,date unknown ,,Delhi,,,,,
Sunil Kumar Sharma,date unknown ,,SRM University (Chennai),,,,SRM Chennai,
Sanjeev Kumar Sharma,August 25  1965  Delhi ,52 years 226 days,India ,,Right-hand bat,Right-arm medium,,
Surinder Kumar Sharma,June 10  1952  Delhi ,,,,,,Father - ,
Suresh Kumar Sharma,date unknown ,,Punjab,,,,,
Shubham Kamal Sharma,March 26  1997  Jaipur  Rajasthan ,21 years 13 days,Rajasthan ,,Left-hand bat,Slow left-arm orthodox,,
Sunil Manohar Sharma,December 28  1990  Baroda (now Vadodara)  Gujarat ,27 years 101 days,Baroda Cricket Association XI ,,Left-hand bat,Legbreak googly,,
Shashaank Narantak Sharma,September 7  1992  Kullu ,25 years 213 days,Himachal Pradesh ,,Left-hand bat,,Wicketkeeper,
Shalini Rakesh Sharma,December 11  1994  Baroda (now Vadodara)  Gujarat ,23 years 118 days,Baroda Women,,Right-hand bat,Right-arm offbreak,,
Sahil Sudesh Sharma,November 9  1989  Jammu ,28 years 150 days,Jammu &amp; Kashmir,,Right-hand bat,Right-arm medium,,
Shubham Shyamsunder Sharma,December 24  1993  Indore  Madhya Pradesh ,24 years 105 days,Madhya Pradesh Under-16s ,,Right-hand bat,,,
Sudhir Sharma,April 29  1974  Bombay (now Mumbai)  Maharashtra ,43 years 344 days,Punjab,,Right-hand bat,,Wicketkeeper,
T Sharma,date unknown ,,Assam,,,,,
Umang Anil Sharma,October 20  1989  Meerut  Uttar Pradesh ,28 years 170 days,Gujarat Lions ,Middle-order batsman,Right-hand bat,Right-arm offbreak,,
UC Sharma,date unknown ,,,,,,Referee,
Vineet Sharma,date unknown ,,Gujarat,,,,,
Vineet Kumar Sharma,October 8  1980  Jullundur (now Jalandhar)  Punjab ,37 years 182 days,Punjab,,Right-hand bat,Right-arm medium,Vineet Kumar,
Vinod Sharma,February 1  1973  Gauhati (now Guwahati)  Assam ,45 years 66 days,Assam,,Right-hand bat,Legbreak googly,,
Vinod Sharma,date unknown ,,Jammu &amp; Kashmir,,,,,
Vinod Sharma,April 9  1946  Lahore  Punjab ,71 years 364 days,Northern Punjab ,,Right-hand bat,,Umpire,
Virendra Sharma,September 16  1968  Malpura  Rajasthan ,49 years 204 days,Rajasthan,,Right-hand bat,Right-arm offbreak,,
Vishal Sharma,September 20  1978  Delhi ,39 years 200 days,Delhi,,,,,
Vishal Sharma,date unknown ,,Jammu &amp; Kashmir,,,,,
Vishal Sharma,September 15  1977  Delhi ,40 years 205 days,Railways,,Right-hand bat,Right-arm medium,,
Vijay Sharma,July 15  1976  Jammu ,41 years 267 days,Jammu &amp; Kashmir,,Right-hand bat,Right-arm medium,,
Vijay Kumar Sharma,April 2  1955  Poona (now Pune)  Maharashtra ,63 years 6 days,Maharashtra,,Right-hand bat,,,
Virender Kumar Sharma,date unknown ,,Haryana,,,,,
Virender Kumar Sharma,September 11  1971  Hamirpur  Uttar Pradesh ,46 years 209 days,Himachal Pradesh,,Right-hand bat,,Umpire,
Vivek Kumar Sharma,August 14  1970  Jammu ,47 years 237 days,Jammu &amp; Kashmir,,Right-hand bat,Right-arm offbreak,,
Varunesh Nareshkumar Sharma,December 7  1988  Noida  Madhya Pradesh ,29 years 122 days,Madhya Pradesh Cricket Association XI,,Right-hand bat,Legbreak googly,,
Vijay Prakash Sharma,October 30  1982  Delhi ,35 years 160 days,Railways,,Right-hand bat,Right-arm medium,,
Vikas Rameschandra Sharma,December 14  1981  Delhi ,36 years 115 days,Railways,,Right-hand bat,Legbreak,,
Vivek Rajendra Prasad Sharma,December 17  1982  Jaipur  Rajasthan ,35 years 112 days,Rajasthan,,Right-hand bat,,,
WR Sharma,date unknown ,,Northern Punjab ,,,,,
Rohit G. Sharma,November 7  1983  Jaipur  Rajasthan ,34 years 152 days,Rajasthan,,Right-hand bat,Legbreak,,
Raghu Shivam Sharma,date unknown ,,Punjab,,Right-hand bat,Legbreak googly,,
Sharnik Banerjee,date unknown ,,Cricket Association of Bengal Under-17s,,,,,
Sharwan Kumar,October 7  1996 ,21 years 183 days,Gurugram Spartans,,Right-hand bat,,,
Shashab,February 8  1979  Bellari  Karnataka ,39 years 59 days,Shamanoor Davangere Diamonds,,Left-hand bat,Left-arm medium,,
Padala Shashank Nag,August 20  1982  Gollapudi  Andhra Pradesh ,35 years 231 days,Hyderabad (India) ,,Left-hand bat,,,
Shashank Sharma,September 7  1992  Jagat Sukh  Himachal Pradesh ,25 years 213 days,Himachal Pradesh Cricket Association XI,,Left-hand bat,,,
Shashank Singh,November 21  1991 ,26 years 138 days,Delhi Daredevils ,,Right-hand bat,Right-arm offbreak,,
Parambathe Veed Shashikanth,April 5  1966  Mangalore  Mysore ,52 years 3 days,Karnataka,,Right-hand bat,Right-arm medium,Coach,
Shashindra,December 17  1987  Bangalore  Karnataka ,30 years 112 days,Malnad Gladiators,,Right-hand bat,Legbreak googly,,
Shashi Kumar,August 5  1984  Chamba  Himachal Pradesh ,33 years 246 days,Jammu &amp; Kashmir,,Right-hand bat,Right-arm offbreak,,
Shashi Shekar,January 15  1990 ,28 years 83 days,Mangalore United,,Right-hand bat,Right-arm medium,,
Shashi Singh,September 3  1995  Bulandsahar  Uttar Pradesh ,22 years 217 days,Uttar Pradesh Women,,Right-hand bat,Right-arm medium-fast,,
Bhakti Om Shastri,January 21  1993  Jamnagar  Saurashtra ,25 years 77 days,Saurashtra Women,,Right-hand bat,Right-arm medium-fast,,
Padam Lalchand Shastri,October 1  1959  Pali  Rajasthan ,58 years 189 days,Rajasthan,,Right-hand bat,Legbreak,Brother - ,
Rupanjali Shastri,November 14  1975  Indore  Madhya Pradesh ,42 years 145 days,India Women ,,Right-hand bat,Right-arm offbreak,Rupi,
Ravishankar Jayadritha Shastri,May 27  1962  Bombay (now Mumbai)  Maharashtra ,55 years 316 days,India ,,Right-hand bat,Slow left-arm orthodox,Commentator,
Suresh Lalchand Shastri,September 15  1955  Jodhpur  Rajasthan ,62 years 205 days,Rajasthan,,Right-hand bat,Slow left-arm orthodox,Brother - ,
YS Shatrusalyasinhji,March 20  1939  Jamnagar  Gujarat ,79 years 19 days,Saurashtra,,Right-hand bat,Right-arm offbreak,Cousin - ,
Ernest Keith Shattock,April 7  1887  Wandsworth  London  England ,,Europeans (India),,,,May 1  1962  Berkhamsted  Hertfordshire  England (aged 75 years 24 days) ,
KS Shaukar,date unknown ,,Vidarbha,,,,,
Shaukat,date unknown ,,Jammu &amp; Kashmir,,,,,
Shelley Sanjay Kumar Shaurya,September 17  1993  Delhi ,24 years 203 days,Delhi ,,Right-hand bat,Right-arm medium,,
Arnold Lupton Shaw,January 19  1896  Harrogate  Yorkshire  England ,,Europeans (India) ,,,,November 13  1972  Malton  Yorkshire  England (aged 76 years 299 days) ,
Dipali Badriprasad Shaw,March 23  1986  North Parganas  Bengal ,32 years 16 days,Bengal Women,,Right-hand bat,Right-arm medium-fast,,
E Shaw,date unknown ,,Rest (Bombay Tournament),,,,,
Jitender Dayashankar Shaw,December 24  1993  Kolkata ,24 years 105 days,Bengal,,Left-hand bat,Slow left-arm orthodox,,
Manoj Lalji Shaw,December 12  1980  Howrah (now Haora)  Bengal ,37 years 117 days,Bengal,,Right-hand bat,,Wicketkeeper,
Prithvi Pankaj Shaw,November 9  1999  Thane  Maharashtra ,18 years 150 days,Delhi Daredevils ,Opening batsman,Right-hand bat,Right-arm offbreak,,
Pankaj Pulin Shaw,February 12  1988  Gopalpur  Bengal ,30 years 55 days,Bengal ,,Right-hand bat,Right-arm offbreak,,
Shyama Shaw,July 8  1971  Howrah (now Haora)  Bengal ,46 years 274 days,Railways (India) Women,,Left-hand bat,Left-arm medium,Shyam's,
Shawej Khan,November 19  1986  Delhi ,31 years 140 days,Delhi,,Right-hand bat,Right-arm medium,,
Jagdish Shetty,December 7  1975  Mumbai ,42 years 122 days,,,Right-hand bat,Right-arm medium,,
Shegal,date unknown ,,Services,,,,,
Adil Sheikh,March 12  1975  Delhi ,43 years 27 days,Bengal,,Right-hand bat,,Wicketkeeper,
Anwar Sheikh,date unknown ,,Baroda,,,,,
Ayub Abdul Sheikh,November 26  1934  Kolhapur  Maharashtra ,83 years 133 days,Maharashtra,,Right-hand bat,,,
Azhar Mohammad Ishaq Sheikh,March 11  1985  Nagpur  Maharashtra ,33 years 28 days,Vidarbha,,Right-hand bat,Legbreak,,
Imtiaz Sheikh,March 1  1982 ,36 years 38 days,Jammu &amp; Kashmir Under-19s,,Right-hand bat,Right-arm medium,,
K Sheikh,date unknown ,,Baroda,,,,,
Kalu A Sheikh,date unknown ,,Gujarat,,,,,
KP Sheikh,date unknown ,,Gujarat,,,,,
ME Sheikh,date unknown ,,Gujarat ,,,Left-arm medium,,
Yacoob E Sheikh,date unknown ,,Baroda ,,Left-hand bat,Slow left-arm orthodox,June 1  1969  Baroda  Gujarat ,
Sheikh Hussain,date unknown ,,Parsees and Muslims,,,,,
Lakshman Shekar Naik,April 7  1986  Shimoga ,32 years 1 days,India Blind,,Right-hand bat,Right-arm bowler,Wicketkeeper,
Prithivi Shekavat,September 28  1993 ,24 years 192 days,Bijapur Bulls,,Left-hand bat,Slow left-arm orthodox,,
Karun Singh Shekawat,August 20  1955  Indore  Madhya Pradesh ,62 years 231 days,Madhya Pradesh,,Right-hand bat,,,
Rahil Shekh,date unknown ,,Black,,Right-hand bat,Right-arm fast,,
Shashi Shekhar,January 15  1990 ,28 years 83 days,Hubli Tigers,,Right-hand bat,Right-arm medium,,
Himmat Singh Shekhawat,January 27  1986  Ahmedabad  Gujarat ,32 years 71 days,Mysore Maharaajas,,Right-hand bat,Legbreak googly,,
Nishant Shekhawat,June 17  1990  Kota  Rajasthan ,27 years 295 days,Bangalore Brigadiers (Urban) ,,Right-hand bat,Right-arm offbreak,,
Rajubhau R Shelke,1928 ,,Maharashtra ,,,Left-arm medium  Slow left-arm orthodox,April 5  1980  Nasik  Maharashtra (aged 52 years) ,
Hrishikesh Subash Shende,September 8  1980  Pune  Maharashtra ,37 years 212 days,Maharashtra,,Right-hand bat,Right-arm medium,,
Kunal Dinesh Shendre,May 16  1984  Nagpur  Maharashtra ,33 years 327 days,Vidarbha,,Right-hand bat,Right-arm medium,,
Anantha Rajmohan Shenoy,September 27  1941  Ernakulam  Kerala ,76 years 193 days,Kerala,,Right-hand bat,,Mohan,
Devdas Laxman Shenoy,August 22  1935  Mangalore  Mysore ,82 years 229 days,Mumbai,,Right-hand bat,Right-arm offbreak,,
Parminder Sheokand,July 27  1983 ,34 years 255 days,Haryana Under-19s,,Right-hand bat,Right-arm medium,,
S Sheoran,date unknown ,,Jodhpur Jodhana Royals,,,,,
Paul Stanley Sheppard,May 11  1973  Lucknow  Uttar Pradesh ,44 years 332 days,Railways,,Right-hand bat,,,
Avinash Sherawat,date unknown ,,Ajmer Meru Warriors,,Right-hand bat,,,
Yeshwant Sherbhadur,December 4  1984  Vacos ,33 years 125 days,Goa,,Right-hand bat,Legbreak,Sheeb,
MA Sherif,date unknown ,,Muslims,,,,,
Afan Sheriff,November 18  1981  Bangalore  Karnataka ,36 years 141 days,Karnataka,,Right-hand bat,Right-arm medium,,
Sathur Abdulla Zaffrullah Sheriff,November 5  1979  Ranipettai  Tamil Nadu ,38 years 154 days,Southern Railway Sports Recreation Club,,Right-hand bat,Right-arm medium-fast,,
Sheriff Khan,date unknown ,,Holkar,,,,,
Yashraj Suresh Shervankar,July 25  1981  Nagpur  Maharashtra ,36 years 257 days,Vidarbha,,,,,
Sher Mohammad,February 11  1936  Poona (now Pune)  Maharashtra ,82 years 56 days,Delhi ,,Right-hand bat,Slow left-arm orthodox,,
Sher Singh,date unknown ,,Maharaja of Patiala's XI ,,,,,
Vikas Devidas Shesh,November 6  1959  Nagpur  Maharashtra ,58 years 153 days,Vidarbha,,Right-hand bat,Right-arm medium,,
Hemant Harichandra Shetgaonkar,November 22  1985  Vasco da Gama  Goa ,32 years 137 days,Goa Under-16s,,Right-hand bat,Right-arm medium,,
Sudhir Shetgaonkar,August 30  1981  Morjim  Goa ,36 years 221 days,,,Right-hand bat,Slow left-arm orthodox,,
Atit Arpit Sheth,February 3  1996  Surat  Gujarat ,22 years 64 days,India Under-19s,,Right-hand bat,Right-arm medium,,
Mihir Nalinbhai Sheth,December 6  1974  Ahmedabad  Gujarat ,43 years 123 days,Gujarat,,Left-hand bat,Left-arm fast-medium,,
Pravin Chinabhai Sheth,April 11  1941  Ahmedabad  Gujarat ,76 years 362 days,Gujarat,,Right-hand bat,Left-arm medium  Slow left-arm orthodox,,
Umang Tushar Sheth,date unknown ,,Mumbai Combined XI,,,,,
Rohan Shetty,July 12  1975  Mangalore  Karanataka ,42 years 270 days,Mangalore United,,Right-hand bat,Right-arm medium,,
Arjun Shetty,date unknown ,,Karnataka XI,,,,,
Arun Sheshgiri Shetty,January 6  1969  Bombay (now Mumbai)  Maharashtra ,49 years 92 days,Goa,,Left-hand bat,Slow left-arm orthodox,,
Arjun Uday Shetty,April 14  1988  Bangalore ,29 years 359 days,Bangalore Provident (Rural),,Right-hand bat,Slow left-arm orthodox,,
Bravish Ratnakar Shetty,October 27  1987 ,30 years 163 days,Dr DY Patil Sports Academy,,Right-hand bat,Legbreak googly,,
Sahil Chetty,date unknown ,,KC Gandhi English School,,,,,
Hardik Shetty,date unknown ,,Chittors Chetak,,Right-hand bat,,,
Jyothi Shetty,date unknown ,,Hyderabad (India),,,,,
Jayprakash Shetty,May 24  1986  Bangalore  Karnataka ,31 years 319 days,Bijapur Bulls,,Right-hand bat,Right-arm medium,,
Jayesh Ravindra Shetty,April 10  1970  Mangalore  Mysore ,47 years 363 days,Goa,,Right-hand bat,Right-arm medium,,
MN Shetty,date unknown ,,Orissa,,,,,
Nishit Sudhakar Shetty,May 28  1972  Bombay (now Mumbai)  Maharashtra ,45 years 315 days,Mumbai ,,Left-hand bat,Slow left-arm orthodox,,
Parikshith Shetty,November 17  1996 ,21 years 142 days,Hubli Tigers,,Left-hand bat,,,
Prasant Jayakar Shetty,April 18  1975  Udupi  Karnataka ,42 years 355 days,Tripura,,Right-hand bat,Right-arm medium,,
Prasad Mahabal Shetty,January 16  1961  Mangalore  Mysore ,57 years 82 days,Vidarbha,,Right-hand bat,,,
Raghu D Shetty,January 20  1932  Kamp ,86 years 78 days,Rajasthan,,Right-hand bat,Right-arm offbreak,,
Suraj Chandrahasa Shetty,September 8  1981  Bombay (now Mumbai)  Maharashtra ,36 years 212 days,Maharashtra,,Right-hand bat,Right-arm medium,,
SG Shetty,date unknown ,,RK Mody XI,,,,,
Suresh Jaganath Shetty,April 29  1959  Mangalore  Mysore ,58 years 344 days,Mumbai,,Right-hand bat,Right-arm medium-fast,,
Sachin Shashikar Shetty,October 14  1984  Vasco da Gama  Goa ,33 years 176 days,Goa Under-16s,,Right-hand bat,Legbreak,,
Vijay Bhagwan Shetty,April 30  1952  Poona (now Pune)  Maharashtra ,65 years 343 days,Maharashtra,,Right-hand bat,,Wicketkeeper,
Abhijit Muralidhar Shetye,February 6  1981  Bombay (now Mumbai)  Maharashtra ,37 years 61 days,Mumbai,,Right-hand bat,,Wicketkeeper,
DA Shetye,date unknown ,,Hindus and Muslims,,,,,
Adiaprath Padikal Shibith,March 31  1979 ,39 years 8 days,Kerala,,Right-hand bat,Right-arm medium,Chimbu,
V Shibi Jawahar,date unknown ,,Chepauk Super Gillies,,Right-hand bat,Right-arm offbreak,,
Sameer Shiek,date unknown ,,,,,,Umpire,
Achit Anant Shigwan,October 6  1995  Ratnagiri  Maharashtra ,22 years 184 days,Goa ,,Right-hand bat,Right-arm medium,,
Tapan Shil,October 25  1983 ,34 years 165 days,Assam,,Right-hand bat,,Wicketkeeper,
Deepak Vijay Shilamkar,October 29  1987  Pune ,30 years 161 days,Maharashtra,,Left-hand bat,Legbreak googly,,
Harsha Shilanka,October 8  1981  Bangalore  Karnataka ,36 years 182 days,,,Right-hand bat,,Wicketkeeper,
Nihal Shilar,February 22  1994 ,24 years 45 days,Mangalore United,,Right-hand bat,Right-arm offbreak,,
Shilpa Murudkar,December 31  1981  Bombay (now Mumbai)  Maharashtra ,36 years 98 days,Bombay Women,,Right-hand bat,,Wicketkeeper,
Shinde,date unknown ,,Madhya Pradesh,,,,,
Amol Jayawant Shinde,November 6  1985  Hyderabad  Andhra Pradesh ,32 years 153 days,Hyderabad Under-16s,,Right-hand bat,Right-arm offbreak,,
Amrita Pratapsinh Shinde,July 9  1975  Kolhapur  Maharashtra ,42 years 273 days,India Women 'A' ,,Right-hand bat,Legbreak,5 ft 1 in ,
Sachin Shinde,September 29  1987  Belgaum  Karnataka ,30 years 191 days,Belagavi Panthers,,Left-hand bat,Slow left-arm orthodox,,
Sadashiv Ganpatrao Shinde,August 18  1923  Bombay (now Mumbai)  Maharashtra ,,India ,,Right-hand bat,Legbreak googly,Son-in-law - ,
Sudhindra Prakash Shinde,May 16  1980  Bangalore  Karnataka ,37 years 327 days,Karnataka,,Right-hand bat,Right-arm offbreak,,
Satish Shashikant Shinde,October 27  1965  Ichalkaranji  Maharashtra ,52 years 163 days,Goa,,,,,
Santosh Shivram Shinde,May 19  1979  Bombay (now Mumbai)  Maharashtra ,38 years 324 days,Mumbai,,Right-hand bat,Right-arm medium-fast,,
Santosh Sitaram Shinde,November 8  1993  Kheda  Gujarat ,24 years 151 days,Gujarat ,,Right-hand bat,Right-arm medium,,
Shivali Shrikant Shinde,June 23  1996   Kolhapur  Maharashtra ,21 years 289 days,Maharashtra Women,,Right-hand bat,,,
Vikrant Madhukar Shinde,July 6  1978  Akola (Maharashtra) ,39 years 276 days,Rajasthan,,Right-hand bat,Legbreak,,
Sumit Shirgurkar,June 5  1993 ,24 years 307 days,Belagavi Panthers,,Right-hand bat,Right-arm medium,,
Balkrishna Manohar Shirke,September 3  1988  Bombay (now Mumbai)  Maharashtra ,29 years 217 days,Central Excise &amp; Customs,,Right-hand bat,Right-arm offbreak,,
Niranjan Shirke,June 8  1960  Indore  Madhya Pradesh ,57 years 304 days,Madhya Pradesh,,Right-hand bat,Right-arm fast-medium,,
Raju Vishnu Shirke,August 28  1962  Bombay (now Mumbai)  Maharashtra ,55 years 223 days,Mumbai,,Right-hand bat,Right-arm medium,,
Nilesh Namdev Shirodkar,May 25  1986 ,31 years 318 days,Goa Under-16s,,Right-hand bat,Right-arm medium,Niloo,
Nitin Pandurang Shirodkar,February 20  1942  Kolhapur  Maharashtra ,,Mumbai,,Right-hand bat,Right-arm medium-fast,January 31  2007 (aged 64 years 345 days) ,
Sanjay Sahebrao Shirsat,August 14  1968  Poona (now Pune)  Maharashtra ,49 years 237 days,Services,,Right-hand bat,Legbreak googly,,
Shishir Suresh Divkar,June 26  1986  Panaji  Goa ,31 years 286 days,Goa Under-16s,,Left-hand bat,,Sunny,
Shishpal Singh,date unknown ,,Bikaner Desert Challengers,,,Slow left-arm orthodox,,
Harshal Vinod Shitoot,January 23  1982  Nagpur  Maharashtra ,36 years 75 days,Vidarbha,,Right-hand bat,Right-arm offbreak,,
Thockam Shivadas,April 21  1951  Tellicherry (now Thalassery)  Kerala ,66 years 352 days,Kerala,,Right-hand bat,Right-arm offbreak,,
Padmakar Kashinath Shivalkar,April 14  1940  Bombay (now Mumbai)  Maharashtra ,77 years 359 days,Mumbai,,Right-hand bat,Slow left-arm orthodox,,
Shivam Chauhan,October 14  1997  Saharanpur  Uttar Pradesh ,20 years 176 days,Haryana ,,Right-hand bat,Right-arm medium,,
Shivam Pankaj Mavi,November 26  1998  Noida  Uttar Pradesh ,19 years 133 days,India Under-19s ,Allrounder,Right-hand bat,Right-arm fast-medium,,
Shivam Sharma,September 9  1993  Delhi ,24 years 211 days,Delhi Under-19s ,,Right-hand bat,Right-arm offbreak,,
Shivam Sharma,July 21  1990 ,27 years 261 days,Gurugram Spartans,,Right-hand bat,,,
Shivangiraj Singh,November 2  1992  Lucknow  Uttar Pradesh ,25 years 157 days,Uttar Pradesh Women,,Right-hand bat,Slow left-arm orthodox,,
Shivani Gupta,February 20  1984  Kanpur  Uttar Pradesh ,34 years 47 days,Uttar Pradesh Women,,Right-hand bat,Right-arm medium,Shivani,
Golayani Venkata Shiva Prasad,March 12  1983  Visakhapatnam  Andhra Pradesh ,35 years 27 days,Andhra,,Right-hand bat,Right-arm offbreak,,
K Shivaraj,date unknown ,,Hyderabad (India),,,,,
K Shivaraj,date unknown ,,Hubli Tigers,,,,,
Shivasankar,date unknown ,,Uttar Pradesh,,,,,
MR Shivasankar,date unknown ,,Mysore,,,,1985 ,
Manish Shivastav,November 11  1994 ,23 years 148 days,D.A.V College (Chandigarh),,Right-hand bat,Slow left-arm orthodox,D.A.V College Chandigarh,
Shiva Singh,October 16  1999  Maradabad ,18 years 174 days,India Under-19s ,Bowler,Right-hand bat,Slow left-arm orthodox,,
Shivdayal Singh,November 9  1947  Mount Abu  Rajasthan ,70 years 150 days,Rajasthan,,Right-hand bat,Right-arm medium,,
Shivendra Singh,August 2  1991  Rewa  Madhya Pradesh ,26 years 249 days,Chhattisgarh,,Right-hand bat,Right-arm offbreak,,
Shivlal,date unknown ,,Hindus,,,,,
Hanumappa Shivraj,November 25  1990  Anantapur  Andhra Pradesh ,27 years 134 days,Andhra ,,Right-hand bat,Right-arm offbreak,,
Babaji Palwankar Shivram,March 6  1878  Bhuj  Gujarat ,,India ,,Right-hand bat,Right-arm offbreak,December 28  1941  Bombay (now Mumbai)  Maharashtra (aged 63 years 297 days) ,
Ivaturi Shivram,July 23  1954  Madras (now Chennai)  Tamil Nadu ,63 years 259 days,,,,,Umpire,
Shivram Rai,date unknown ,,Services,,,Right-arm offbreak,,
Shiv Dayal,date unknown ,,Southern Punjab,,,,,
Kunjithapatham Shiv Kumar,May 8  1967  Trichy (now Tiruchchirappali)  Tamil Nadu ,50 years 335 days,Tamil Nadu,,Right-hand bat,,Wicketkeeper,
Shiv Narain,date unknown ,,Delhi,,,,Wicketkeeper,
Shoaib Md Khan,September 1  1991 ,26 years 219 days,Andhra ,,Right-hand bat,Right-arm offbreak,,
Syed Mohammad Shoaib Ahmed,November 19  1987  Hyderabad  Andhra Pradesh ,30 years 140 days,Deccan Chargers ,,Right-hand bat,Right-arm fast-medium,SM Shoaib,
Jyotindra Harshadlal Shodhan,November 3  1924  Ahmedabad  Gujarat ,93 years 156 days,Gujarat,,Left-hand bat,Left-arm medium,Brother - ,
Roshan Harshadlal Shodhan,October 18  1928  Ahmedabad  Gujarat ,,India ,,Left-hand bat,Left-arm medium,Brother - ,
Gautam Shome,June 5  1963  Calcutta (now Kolkata)  Bengal ,54 years 307 days,Bengal,,Right-hand bat,Right-arm fast-medium,,
Gautam Kumar Shome,May 28  1960  Calcutta (now Kolkata)  Bengal ,57 years 315 days,Bengal,,Right-hand bat,Right-arm medium,,
Sumit Shome,December 23  1955  Jamshedpur  Bihar ,62 years 106 days,Bengal ,,Right-hand bat,Right-arm offbreak,,
Sunit Kumar Shome,August 22  1932  Calcutta (now Kolkata)  Bengal ,85 years 229 days,Bengal,,Right-hand bat,Right-arm medium,,
Dhruv Ranjan Shorey,June 5  1992  Delhi ,25 years 307 days,Chennai Super Kings ,Top-order batsman,Right-hand bat,Right-arm offbreak,,
Kalpana Bapuram Shoutal,September 18  1998  Golaghat  Assam ,19 years 202 days,Assam Women,,Right-hand bat,Right-arm medium-fast,,
Sheikh Showel,December 27  1982  Calcutta (now Kolkata)  Bengal ,35 years 102 days,Bengal,,Right-hand bat,Right-arm medium,Showel,
C Shraddha,date unknown ,,Mumbai Women,,,,,
Shradha Mehta,May 12  1986  Jodhpur  Rajasthan ,31 years 331 days,,,Right-hand bat,Right-arm offbreak,,
Mamta Sharma,March 29  1985  Bhopal  Madhya Pradesh ,33 years 10 days,Madhya Pradesh Women,,Right-hand bat,Right-arm offbreak,,
Bhogi Shravani,date unknown ,,Hyderabad (India) Women,,,,,
Yashraj Sureshrao Shrawankar,July 27  1981  Nagpur  Maharashtra ,36 years 255 days,Vidarbha,,Right-hand bat,Right-arm medium,Bunty,
Khuthethur Shri,January 26  1985  Madras (now Chennai)  Tamil Nadu ,33 years 72 days,Tamil Nadu,,Right-hand bat,Legbreak,Das,
Shridar Narse,date unknown ,,Sind,,,,,
Nagin Somachand Shrimali,June 15  1957  Ahmedabad  Gujarat ,60 years 297 days,Gujarat,,Left-hand bat,Left-arm medium-fast,,
Gomadam Rangarajan Shriram,November 2  1983  Pannuratti  Tamil Nadu ,34 years 157 days,Karnataka,,Right-hand bat,Legbreak,Chinnu,
Shriram Kannan,January 2  1979  Bombay (now Mumbai)  Maharashtra ,39 years 96 days,Spic Recreation Club,,Right-hand bat,Right-arm medium-fast,Shri,
Tushar Shrivastav,January 1  1992 ,26 years 97 days,MMM College Of Commerce (Pune),,Right-hand bat,Right-arm offbreak,MMCC Pune,
Aditya Rajesh Shrivastava,September 18  1993   Bhopal  Madhya Pradesh ,24 years 202 days,Madhya Pradesh ,,Right-hand bat,Legbreak googly,,
KK Shrivastava,date unknown ,,Central Provinces and Berar,,,,,
Mudit Shrivastava,March 3  1988  Sagar  Madhya Pradesh ,30 years 36 days,Madhya Pradesh Under-14s,,Right-hand bat,Legbreak,Madhu,
Rohan Pradeep Shrivastava,March 9  1989  Mhow  Madhya Pradesh ,29 years 30 days,Madhya Pradesh,,Right-hand bat,Left-arm medium,Rohan Shrivastava,
Sachin Shrivastava,September 24  1983 ,34 years 196 days,Madhya Pradesh,,Right-hand bat,,Wicketkeeper,
Swaroop Rajesh Shrivastava,December 8  1981  Wardha  Maharashtra ,36 years 121 days,Railways ,,Right-hand bat,Right-arm medium,munna,
Shalabh Umeshchandra Shrivastava,February 2  1986  Nagpur  Maharashtra ,32 years 65 days,Central Zone ,,Right-hand bat,Right-arm medium-fast,,
Amit Navinchandra Shroff,November 17  1956  Pardi  Gujarat ,61 years 142 days,Gujarat,,Right-hand bat,,Wicketkeeper,
G Shroff,date unknown ,,Sir Homi Mehta's XI,,,,,
MG Shroff,date unknown ,,Hindus,,,,,
Shubek Gill,December 16  1991  Dehra Dun  Uttar Pradesh ,26 years 113 days,Punjab ,,Right-hand bat,Right-arm medium,,
Ajay Kumar Shubh,September 26  1986  Tinsukia  Assam ,31 years 194 days,Assam Under-16s,,Right-hand bat,Right-arm offbreak,Kake,
Shubham,date unknown ,,Jodhpur Jodhana Royals,,,,,
Shubham Agarwal,November 25  1993  Muzaffar Nagar  Uttar Pradesh ,24 years 134 days,Uttar Pradesh ,,Right-hand bat,Right-arm offbreak,,
Shubham Arora,October 26  1997  Hamirpur  Himachal Pradesh ,20 years 164 days,Himachal Pradesh,,Right-hand bat,,,
Shubham Shinde,date unknown ,,KC Gandhi English School,,,,,
Shubham Singh,January 5  1997  Durg ,21 years 93 days,Chhattisgarh,,Right-hand bat,Legbreak googly,,
Shubman Gill,September 8  1999  Fazilka  Punjab ,18 years 212 days,India Under-19s ,Opening batsman,Right-hand bat,Right-arm offbreak,,
Aditya Shukla,March 12  1971  Kanpur  Uttar Pradesh ,47 years 27 days,Tripura,,Left-hand bat,Slow left-arm orthodox,,
Anand Shukla,January 15  1941  Kanpur  Uttar Pradesh ,,Delhi ,,Right-hand bat,Legbreak googly,Brother - ,
Hiral Jitendrakumar Shukla,September 29  1996  Ahmedabad  Gujarat ,21 years 191 days,Gujarat Women,,Right-hand bat,Right-arm medium-fast,,
Laxmi Ratan Shukla,May 6  1981  Howrah (now Haora)  Bengal ,36 years 337 days,India ,Allrounder,Right-hand bat,Right-arm medium,Bittu,
M Shukla,date unknown ,,Holkar ,,,,,
Onkar Nath Shukla,date unknown ,,Maharaja of Patiala's XI ,,,,,
Pradeep Shukla,date unknown ,,Jammu &amp; Kashmir,,,,,
Parshottam D Shukla,August 2  1945  Patiala  Punjab ,72 years 249 days,Haryana ,,Right-hand bat,Right-arm medium,,
Rahul Shukla,August 28  1990  Jharkhand ,27 years 223 days,Delhi Daredevils ,,Right-hand bat,Right-arm medium,,
Rakesh Chandra Shukla,February 4  1948  Kanpur  Uttar Pradesh ,70 years 63 days,India ,,Right-hand bat,Legbreak googly,Brother - ,
Sunil Shukla,December 5  1980 ,37 years 124 days,Tripura,,Right-hand bat,Right-arm bowler,,
Saurabh Anand Shukla,November 24  1972  Lucknow  Uttar Pradesh ,45 years 135 days,Jharkhand ,,Right-hand bat,Legbreak googly,,
Shivakant S Shukla,January 26  1986  Allahabad  Uttar Pradesh ,32 years 72 days,Central Zone ,Opening batsman,Left-hand bat,Right-arm offbreak,Mayank,
Sunil Vinubhai Shukla,December 21  1963  Gondal  Gujarat ,54 years 108 days,Saurashtra,,Left-hand bat,Slow left-arm orthodox,,
Vishal Shukla,March 30  1988  Pratapgarh  Rajasthan ,30 years 9 days,Uttar Pradesh Under-14s,,Right-hand bat,Right-arm medium,,
RP Shungloo,date unknown ,,Holkar,,,,,
Shushil Khatri,date unknown ,,Dubai Destroyers,,,,,
Shveta Suneja,November 27  1982  Chandigarh ,35 years 132 days,Haryana ,,Right-hand bat,Right-arm medium,Nishu,
Shweta Kushwah,June 8  1979  Indore  Madhya Pradesh ,38 years 304 days,Central Zone Women ,,Right-hand bat,Right-arm medium,Tony,
Shwetainjali Dabral,February 17  1985  Kanpur  Uttar Pradesh ,33 years 50 days,Uttar Pradesh Women,,Right-hand bat,Right-arm medium,Mamta,
Shweta Singh,October 16  1987  Balrampur  Uttar Pradesh ,30 years 174 days,India A Women ,,Right-hand bat,Right-arm offbreak,,
Rajagopalan Gopalakrishnan Shyaam Sundaar,October 18  1968  Madras (now Chennai)  Tamil Nadu ,49 years 172 days,Indian Bank Sports Recreation Club,,Right-hand bat,,,
Shyam,date unknown ,,Udaipur Mewar Royals,,,,,
Cheruvillil Madhusudhanan Shyam,September 17  1980  Ernakulam  Kerala ,37 years 203 days,Kerala,,Right-hand bat,Legbreak,,
Lulla Pinomal Shyam,December 25  1940  Karachi  Sind ,,Mysore,,,,November 27  2009  Bangalore (aged 68 years 337 days) ,
Shyamkumar,date unknown ,,Kerala,,,,,
S Shyam Sundar,date unknown ,,Dindigul Dragons,,Left-hand bat,Left-arm medium-fast,,
Shyamsunder,date unknown ,,Jharkhand,,,,,
M Shyamsunder,date unknown ,,Andhra,,,,,
M Shyamsunder,date unknown ,,,,,,,
Poll Ramchandrarao Shyamsunder,March 3  1924  Tumkur  Mysore ,,Hyderabad (India) ,,Right-hand bat,,May 15  1988  Bangalore  Karnataka (aged 64 years 73 days) ,
Rajagopalan Gopalakrishnan Shyamsunder,October 18  1968  Madras (now Chennai)  Tamil Nadu ,49 years 172 days,India Under-19s ,,Right-hand bat,,,
Lohre Shyam Lal,January 1  1932  Indore  Madhya Pradesh ,86 years 97 days,Madhya Pradesh,,Left-hand bat,Slow left-arm orthodox,,
Muthu Shylesh,December 27  1987  Hyderabad  Andhra Pradesh ,30 years 102 days,Hyderabad Under-14s,,Right-hand bat,Right-arm offbreak,,
B Siddarama,date unknown ,,Karnataka,,,,,
M Siddarth,date unknown ,,Tamil Nadu,,,,,
KV Siddhanth,date unknown ,,Mangalore United,,,,,
Siddhant Sharma,December 11  1996 ,21 years 118 days,Dehradun Devils,,Left-hand bat,Left-arm medium-fast,,
Siddharth Sehwag,date unknown ,,Noida Warriors,,,,,
Bukkapatnam Siddharth Prasad,October 3  1990  Jamshedpur  Jharkhand ,27 years 187 days,Andhra ,,Right-hand bat,Right-arm offbreak,,
Krishnamurthy Venkatesh Siddharth,November 22  1992  Bangalore  Karnataka ,25 years 137 days,Karnataka State Cricket Association President's XI,,Right-hand bat,Right-arm medium,,
M Siddharth,date unknown ,,Lyca Kovai Kings,,Right-hand bat,,,
S Siddharth,date unknown ,,Ruby Kanchi Warriors ,,Right-hand bat,Right-arm offbreak,,
Venkatesh Siddharth,November 22  1992 ,25 years 137 days,Namma Shivamogga,,Right-hand bat,Right-arm medium,,
Thimmavajjala Siddhartha,August 5  1983  Madurai  Tamil Nadu ,34 years 246 days,Tamil Nadu Under-19s,,Right-hand bat,Right-arm bowler,,
Siddharth Joshi,December 5  1980  Ajmer  Rajasthan ,37 years 124 days,Rajasthan ,,Left-hand bat,,,
Amit Ramesh Siddheshwar,April 20  1983  Sholapur  Maharashtra ,34 years 353 days,Mumbai,,Left-hand bat,Left-arm medium,,
SS Siddhu,date unknown ,,Rajasthan Women,,,,,
M Siddique,date unknown ,,Andhra,,,,,
M Siddique,date unknown ,,Vidarbha,,,,,
Rashid Siddique,June 15  1987  Rewa  Madhya Pradesh ,30 years 297 days,Madhya Pradesh Under-14s,,Right-hand bat,Slow left-arm chinaman,Sanu,
Iqbal Rashid Siddiqui,December 26  1974  Aurangabad  Maharashtra ,43 years 103 days,India ,,Right-hand bat,Right-arm medium-fast,,
M Siddiqui,date unknown ,,Jharkhand,,,,,
Mayank Sidhana,December 4  1986  Delhi ,31 years 125 days,Delhi Under-14s ,,Right-hand bat,Right-arm offbreak,,
Sidharth Sharma,October 19  1987  Ludhiana  Punjab ,30 years 171 days,Punjab Under-14s,,Right-hand bat,,,
Sidharth Sharma,October 23  1994  Una ,23 years 167 days,Himachal Pradesh,,Right-hand bat,Right-arm medium,,
Pradeep Mukund Sidhaye,March 6  1955  Poona (now Pune)  Maharashtra ,,Maharashtra,,Left-hand bat,Legbreak,August 13  2006  India (aged 51 years 160 days) ,
Yeshwant Prabhakar Sidhaye,April 10  1932  Iran ,,Maharashtra ,,Right-hand bat,Legbreak googly,November 24  2002  Pune  Maharashtra (aged 70 years 228 days) ,
Shahed Sidhique,date unknown ,,All India Electricity Board,,,,,
Mayank Sidhu,November 22  1997  Chandigarh  Punjab ,20 years 137 days,Punjab Under-16s ,,Right-hand bat,Right-arm offbreak,,
Navjot Singh Sidhu,October 20  1963  Patiala  Punjab ,54 years 170 days,India ,,Right-hand bat,Right-arm medium,Commentator,
Navdeep Tara Singh Sidhu,November 27  1985  Jalandhar  Punjab ,32 years 132 days,Punjab,,Right-hand bat,Right-arm medium,,
Sidney Frank,date unknown ,,,,,,Referee,
Frederick Julian Siedle,October 6  1889  Ceylon ,,Europeans (India),,,,June 5  1948  Veyangoda  Ceylon (aged 58 years 243 days) ,
JJ Siganporia,date unknown ,,,,,,Umpire,
Sandeep Anand Signapurkar,June 16  1975  Panaji  Goa ,42 years 296 days,Goa,,Right-hand bat,Right-arm medium,,
Sanjay Sihag,date unknown ,,Kota Chambal Tigers,,,,,
Abhijit Ajit Sikdar,December 21  1980  Calcutta (now Kolkata)  Bengal ,37 years 108 days,Bengal,,Right-hand bat,,Wicketkeeper,
BK Sikdar,date unknown ,,Orissa,,,,,
Laxman Sikdar,April 11  1981  Mangaldai  Assam ,36 years 362 days,Assam,,Right-hand bat,Right-arm offbreak,,
R Sikdar,date unknown ,,Orissa,,,,,
Ajay Sikka,May 10  1973  Chandigarh ,44 years 333 days,Haryana,,Right-hand bat,Right-arm medium,,
V Sikka,date unknown ,,Jharkhand,,,,,
Sanjit Kumar Sil,October 3  1944  Chinsurah  Bengal ,73 years 187 days,Bengal,,Left-hand bat,Left-arm medium,,
M Silambarasan,date unknown ,,Dindigul Dragons,,Left-hand bat,Slow left-arm orthodox,,
R Silambarasan,date unknown ,,VB Thiruvallur Veerans,,Right-hand bat,Right-arm medium-fast,,
Keith Sillett,February 8  1929  Brisbane  Queensland  Australia ,89 years 59 days,Bengal,,Right-hand bat,,,
S Silva,date unknown ,,MRF XI,,,,,
Sumit Silwal,September 23  1985 ,32 years 197 days,Jammu &amp; Kashmir Under-19s,,Right-hand bat,Slow left-arm orthodox,,
Simant Singh,date unknown ,,Uttar Pradesh,,,,,
Alan Richard Simpson,June 21  1890  England ,,Europeans (India),,,,February 3  1972  Hastings  Sussex  England (aged 81 years 227 days) ,
Simran Singh,date unknown ,,Maharaja of Patiala's XI ,,,,,
Arthur Mitford Sims,March 31  1889  Strand  London  England ,,Europeans (India),,,,March 2  1977  Worthing  Sussex  England (aged 87 years 336 days) ,
Reginald Leahy Sinclair,April 20  1874  Kolhapur  Maharashtra ,,Europeans (India),,,,March 23  1928  Ditchling  Sussex  England (aged 53 years 338 days) ,
Dhanaji Venkatrao Sinde,December 12  1990  Ranga Reddy  Hyderabad ,27 years 117 days,Services,,Left-hand bat,,,
Aubrey Maurice Sinden,November 16  1917  Forest Row  Sussex ,,Europeans (India),,Right-hand bat,,Wicketkeeper,
Irshad Akbarkan Sindhi,December 28  1985  Baroda ,32 years 101 days,Baroda,,Right-hand bat,,Wicketkeeper,
Juned Sindhi,date unknown ,,Chittors Chetak,,,,,
GC Singaiah,date unknown ,,Andhra,,,,,
Ravi Shankar Singh,date unknown ,,Central Excise &amp; Customs,,,,,
Amit Singh,July 30  1980  Allahabad  Uttar Pradesh ,37 years 252 days,Uttar Pradesh,,Right-hand bat,,Wicketkeeper,
Arabind Ajaya Singh,December 5  1990  Bolangir  Orissa  ,27 years 124 days,Odisha,,Right-hand bat,Right-arm medium,,
Ankush Bikram Singh,December 13  1982  Jaipur  Rajasthan ,35 years 116 days,Rajasthan,,Right-hand bat,Right-arm medium,Rocky,
Amit Kumar Singh,November 17  1982  Ghaziabad  Uttar Pradesh ,35 years 142 days,Jharkhand,,Right-hand bat,Right-arm offbreak,Amit,
Arvind Kumar Singh,1945 ,73 years,Rajasthan,,Right-hand bat,,Father - ,
Aditya Pratap Singh,December 12  1989  Jammu ,28 years 117 days,Jammu &amp; Kashmir ,,Right-hand bat,Right-arm medium,Kanu,
Ajay Pratap Singh,November 10  1980  Kulu  Himachal Pradesh ,37 years 149 days,Himachal Pradesh,,Right-hand bat,,,
Amit Pal Singh,February 13  1978  Jammu ,40 years 54 days,Jammu &amp; Kashmir ,,Right-hand bat,Right-arm offbreak,,
Abhishek Ravindranath Singh,July 6  1990  Baroda (now Vadodara)  Gujarat ,27 years 276 days,Baroda ,,Right-hand bat,Right-arm fast-medium,,
Ajay Raj Singh,date unknown ,,Kota Chambal Tigers,,,,,
ASP Singh,date unknown ,,Northern Punjab,,,,Wicketkeeper,
Bachan Singh,November 17  1980 ,37 years 142 days,Assam,,Right-hand bat,Right-arm offbreak,,
B Singh,date unknown ,,Women's Cricket Association of India XI,,,,,
Bondili Balaji Krishna Singh,November 12  1979  Kurnool  Andhra Pradesh ,38 years 147 days,Hyderabad (India),,Right-hand bat,Right-arm offbreak,,
Barun Kumar Singh,December 30  1982  Aurangabad  Bihar ,35 years 99 days,Jharkhand,,Right-hand bat,,Barun,
Birendra Pratap Singh,April 20  1981  Panihati  Bengal ,36 years 353 days,Bengal,,Right-hand bat,Right-arm medium,,
Vijaibhanu Pratap Singh,November 4  1952 ,65 years 155 days,Rajasthan,,,,,
Bhup Raj Singh,July 16  1959  Ambala  Punjab ,58 years 266 days,Services,,Right-hand bat,Right-arm medium,,
Chandra Pal Singh,October 1  1963  Delhi ,54 years 189 days,Madhya Pradesh,,Right-hand bat,,,
Dalpat Amar Singh,December 10  1983  Jodhpur  Rajasthan ,34 years 119 days,Rajasthan,,Right-hand bat,,,
Dhruba Jyoti Singh,September 17  1977  Gauhati (now Guwahati)  Assam ,40 years 203 days,Assam,,Right-hand bat,Right-arm medium,,
Deepak Kumar Singh,September 1  1980  Dhanbad  Bihar ,37 years 219 days,Bihar Under-22s ,,Right-hand bat,Right-arm offbreak,Tinku,
Devendra Pal Singh,August 7  1975  Udaipur  Rajasthan ,42 years 244 days,Rajasthan,,Left-hand bat,Slow left-arm orthodox,Ranaji,
Dhruv Pratap Singh,November 10  1997  Allahabad  Uttar Pradesh ,20 years 149 days,Uttar Pradesh,,Right-hand bat,Right-arm medium,,
Gajendra Singh,September 10  1988   Bikaner  Rajasthan ,29 years 210 days,Rajasthan ,,Right-hand bat,Slow left-arm orthodox,,
Guntashveer Amarjeet Singh,October 14  1993  Chandigarh ,24 years 176 days,Haryana ,,Right-hand bat,Right-arm offbreak,,
Gulzar Inder Singh,November 22  1980  Patiala  Punjab ,37 years 137 days,,,Right-hand bat,Right-arm medium,,
Harjeet Singh,date unknown ,,Ajmer Meru Warriors,,,,,
Inderjit Singh,September 10  1982 ,35 years 210 days,Jammu &amp; Kashmir,,Right-hand bat,Right-arm offbreak,,
Ishmeet Singh Anand,April 9  1984  Kanpur  Uttar Pradesh ,33 years 364 days,Uttar Pradesh Under-19s,,Left-hand bat,Right-arm offbreak,Sunny,
Ian Dev Singh Chauhan,March 1  1989  Gandhi Nagar  Jammu ,29 years 38 days,Jammu &amp; Kashmir,,Right-hand bat,Right-arm offbreak,,
Jitendra Singh,October 12  1965  Varanasi  Uttar Pradesh ,52 years 178 days,Bengal,,Right-hand bat,Right-arm medium,,
Jitendra Shivmangal Singh,November 17  1982  Sembhoa  Uttar Pradesh ,35 years 142 days,Baroda,,Right-hand bat,Right-arm medium,,
Krilendra Singh,date unknown ,,Maharaja of Patiala's XI ,,,,,
Kawal Ajay Singh,October 1  1979  Solon  Himachal Pradesh ,38 years 189 days,Himachal Pradesh,,Right-hand bat,Right-arm medium,,
Kapil Dev Singh,May 27  1981 ,36 years 316 days,Jammu &amp; Kashmir,,Right-hand bat,Legbreak,,
Manish Singh,July 21  1975  Bareilly  Uttar Pradesh ,42 years 261 days,Uttar Pradesh,,Right-hand bat,Right-arm offbreak,Chankat,
Moneydeep Singh,March 26  1995 ,23 years 13 days,Raging Bulls,,,,,
Manish Kumar Singh,November 22  1984  Patna  Bihar ,33 years 137 days,Sikkim Under-16s,,Right-hand bat,,Wicketkeeper,
Maharaj Kumar Bhalindra Singh,October 9  1919  Patiala  Punjab ,,Cambridge University ,,Right-hand bat,Right-arm slow,Father - ,
MM Singh,date unknown ,,Jammu &amp; Kashmir,,,,,
Madanmohan R Singh,July 31  1954 ,63 years 251 days,,,,,Umpire,
N Singh,date unknown ,,Assam,,,,,
N Singh,date unknown ,,Women's Cricket Association of India XI,,,,,
Nagesh Singh,date unknown ,,Assam,,,,,
Nathu Bharat Singh,September 8  1995  Jaipur ,22 years 212 days,Gujarat Lions ,Bowler,Right-hand bat,Right-arm medium,,
Narender Pal Singh,September 10  1973  Laksar  Uttar Pradesh ,44 years 210 days,Hyderabad (India),,Right-hand bat,Right-arm medium,,
Narinder Pal Singh,July 4  1954  Calcutta (now Kolkata)  Bengal ,63 years 278 days,Bengal ,,Right-hand bat,Right-arm medium,,
NP Singh,date unknown ,,Jammu &amp; Kashmir,,,,,
Onkar Singh,March 17  1971  Delhi ,47 years 22 days,Assam,,Right-hand bat,Right-arm offbreak,,
Parminder Singh,date unknown ,,D.A.V College (Chandigarh),,,,,
Praween Kumar Singh,October 23  1983  Jamshedpur  Bihar ,34 years 167 days,Jharkhand,,Right-hand bat,Right-arm medium-fast,,
PP Singh,date unknown ,,Madhya Pradesh,,,,,
Prabal Pratap Singh,November 11  1988  Agra  Uttar Pradesh ,29 years 148 days,Uttar Pradesh Under-16s,,Right-hand bat,Right-arm offbreak,Pawan,
Prithvi Surjan Singh,September 29  1993  Sundargarh  Rajashtan ,24 years 191 days,Railways,,Left-hand bat,Slow left-arm orthodox,,
Robin Singh,January 1  1970  Delhi ,48 years 97 days,India ,,Right-hand bat,Right-arm fast-medium,,
Rattan Singh,November 13  1991 ,26 years 146 days,D.A.V College (Chandigarh),,Right-hand bat,Right-arm medium-fast,,
Rameshwar Dayal Singh,date unknown ,,,,,,Umpire,
Rameshwar Dayal Singh,date unknown ,,,,,,Umpire,
Rinku Khanchand Singh,October 12  1997  Aligarh  Uttar Pradesh ,20 years 178 days,Kings XI Punjab ,Middle-order batsman,Left-hand bat,Right-arm offbreak,,
R K Singh,date unknown ,,Services,,,,,
Rajinder Pal Singh,June 16  1949  Sambhal  Uttar Pradesh ,68 years 296 days,Haryana,,Right-hand bat,,,
Rajinder Pal Singh,December 30  1975  Amritsar  Punjab ,42 years 99 days,Haryana ,,Right-hand bat,Right-arm medium,,
Ramesh Pratap Singh,date unknown ,,Holkar,,,,,
Rudra Pratap Singh,December 6  1985  Rae Bareli  Uttar Pradesh ,32 years 123 days,India ,Bowler,Right-hand bat,Left-arm fast-medium,,
RP Singh,date unknown ,,,,,,Umpire,
Rudra Pratap Singh,January 6  1965  Lucknow  Uttar Pradesh ,53 years 92 days,India ,,Right-hand bat,Left-arm fast-medium,,
Rabindra Ramanarayan Singh,September 14  1963  Princes Town  Trinidad ,54 years 206 days,India ,,Left-hand bat,Right-arm medium-fast,,
Rituraj Rajeev Singh,October 19  1990  Jaipur  Rajasthan ,27 years 171 days,Central Zone ,,Right-hand bat,Right-arm medium,,
Raghuveer Vijay Singh,November 24  1973  Gwalior  Madhya Pradesh ,44 years 135 days,Madhya Pradesh,,Right-hand bat,Right-arm offbreak,,
Simranpreet Singh,December 28  1995 ,22 years 101 days,D.A.V College (Chandigarh),,Right-hand bat,Right-arm offbreak,D.A.V College (Chandigarh),
Sunita Singh,February 22  1974  Amritsar  Punjab ,44 years 45 days,India Women ,,Right-hand bat,Right-arm medium,Sunita Kanojia,
Simran Singh,February 28  1995 ,23 years 39 days,D.A.V College (Chandigarh),,Right-hand bat,Right-arm offbreak,,
Shibsagar Singh,September 15  1979  Burdwan (now Bardhhaman)  Orissa ,38 years 205 days,Bengal ,,Right-hand bat,Slow left-arm orthodox,Shibu,
Suraj Singh,date unknown ,,Swami Shraddhanand College (India),,,,,
Santosh Singh,date unknown ,,,,,,Umpire,
San Dev Singh,March 1  1989  Jammu ,29 years 38 days,Jammu &amp; Kashmir Under-14s,,Right-hand bat,Right-arm medium,Nannu,
Sidak Gurvinder Singh,May 17  1999  Varanasi  Uttar Pradesh ,18 years 326 days,Mumbai ,,Left-hand bat,,,
Sudhir Kumar Singh,date unknown  Bihar ,,Goa Under-16s,,Right-hand bat,Right-arm medium,,
Sunil Kumar Singh,September 16  1960  Patna  Bihar ,57 years 204 days,Jharkhand,,Right-hand bat,Left-arm medium,,
Sunit Mahajan Singh,April 14  1983  Khaghunpur  Gujarat ,34 years 359 days,Baroda ,,Right-hand bat,Right-arm medium,,
Surendra Ombir Singh,December 28  1981  Meerut  Uttar Pradesh ,36 years 101 days,Rajasthan,,Right-hand bat,Right-arm offbreak,,
Sanjay Pratap Singh,December 2  1964  Meerut  Uttar Pradesh ,53 years 127 days,Uttar Pradesh,,Right-hand bat,,,
Shivender Pal Singh,March 4  1981  Kulu  Himachal Pradesh  India ,37 years 35 days,Himachal Pradesh,,Right-hand bat,Right-arm offbreak,,
Sarjinder Pal Singh,December 30  1982  Amritsar  Punjab ,35 years 99 days,North Zone Under-19s ,,Right-hand bat,Right-arm offbreak,,
S P Singh,date unknown ,,Himachal Pradesh,,,,,
Shailendra Pratap Singh,July 3  1974  Lucknow  Uttar Pradesh ,43 years 279 days,,,,,Umpire,
Sandeep Rampyare Singh,February 18  1981  Nagpur  Maharashtra ,37 years 49 days,Central Zone ,,Right-hand bat,Right-arm medium,Sandy,
Sandeep Satyender Singh,date unknown ,,Baharain Bravehearts,,Right-hand bat,Right-arm medium,,
Tejinder Pal Singh,January 16  1978  Amritsar  Punjab ,40 years 82 days,Chandigarh Lions ,,Left-hand bat,Slow left-arm orthodox,Vicky,
Vijay Singh,December 8  1984  Allahabad  Uttar Pradesh ,33 years 121 days,Uttar Pradesh,,Right-hand bat,Right-arm medium,,
Vijay Bhrigunath Singh,June 1  1981  Dehnan  Jaunpur  Uttar Pradesh ,36 years 311 days,Mumbai,,Left-hand bat,Left-arm medium,,
Vivek Bhan Singh,date unknown ,,Rajasthan,,,Right-arm medium,,
Vikram Raj Vir Singh,September 17  1984  Chandigarh  Punjab  India ,33 years 203 days,India ,,Right-hand bat,Right-arm medium-fast,Vikram Rajvir Singh,
Yuvraj Surendra Singh,September 5  1982  Jodhpur  Rajasthan ,35 years 215 days,Rajasthan,,Right-hand bat,Right-arm medium,,
Meenu Singh Salathia,date unknown ,,Jammu &amp; Kashmir Women,,,,,
Samrat Madhusudan Singha,December 10  1989  Agratala  Tripura ,28 years 119 days,Tripura ,,Right-hand bat,Right-arm medium,,
Manimala Singhal,April 11  1965 ,52 years 362 days,India Women ,,,,,
Aristha Sanjay Singhvi,May 31  1992  Jodhpur  Rajasthan ,25 years 312 days,Delhi Daredevils ,,Left-hand bat,Slow left-arm orthodox,,
Amit Singh,June 21  1981  Bidar  Karnataka ,36 years 291 days,Gujarat ,Bowler,Right-hand bat,Right-arm medium-fast,,
