Iain Parry Campbell,February 5  1928  Purley  Surrey ,,Kent ,,Right-hand bat,,Wicketkeeper,
Ion Percy FitzGerald Campbell,November 25  1890  Nassau  Palampur  Kangra Valley  Punjab  India ,,Europeans (India) ,,Right-hand bat,,Repton School,
Jack Campbell,date unknown ,,Hampshire 2nd XI,,,,,
J Campbell,date unknown ,,Somerset 2nd XI,,,,,
John Maxwell Campbell,October 3  1870  Kensington  London ,,London County ,,Right-hand bat,Right-arm medium,Father - ,
James Robert Alexander Campbell,November 25  1988  Dorchester  Dorset ,29 years 134 days,Gloucestershire 2nd XI ,,Right-hand bat,Right-arm medium,,
Margaret Vivien Campbell,August 23  1939  Ovingham  Northumberland ,,Middlesex Women,,Left-hand bat,Right-arm offbreak,married name Margaret Taylor and later reverted to Campbell,
Percivale Campbell,December 26  1887  West Ham  Essex ,,Essex,,,,Percival Campbell,
Straton Charles Campbell,August 26  1823  Little Dumham  Norfolk ,,Cambridge University,,,,March 14  1904  Weasenham  Norfolk (aged 80 years 201 days) ,
Hugh James Campbell-Ferguson,February 8  1940  Royston  Cambridgeshire ,78 years 59 days,Cambridgeshire,,Right-hand bat,,Wicketkeeper,
George Brian Camplin,August 27  1939  Grimsby  Lincolnshire ,78 years 224 days,Lincolnshire,,Right-hand bat,Right-arm medium-fast,,
David Cecil Candler,October 18  1924  Bulawayo  Rhodesia ,93 years 172 days,Oxford University,,Right-hand bat,Legbreak,,
John Pycock Candler,October 7  1873  Tendring  Essex ,,Cambridge University,,,,December 4  1942  Finsbury  London (aged 69 years 58 days) ,
William Candlett,circa 1847 ,,Kent,,Right-hand bat,Right-arm medium,June 20  1904  Salford  Lancashire ,
Barron George Merriman Cangley,September 12  1922  Blakesley  Towcester  Northamptonshire ,95 years 208 days,Cambridge University,,Right-hand bat,,,
Michael James Cann,July 4  1965  Cardiff  Glamorgan  Wales ,52 years 278 days,Boland ,,Left-hand bat,Right-arm offbreak,,
Ernest George Canning,August 11  1902  Marylebone  London ,,Middlesex,,Right-hand bat,,November 16  1995  Southampton  Hampshire (aged 93 years 97 days) ,
Victor Henry Douglas Cannings,April 3  1919  Bighton  Hampshire ,,Hampshire ,,Right-hand bat,Right-arm medium,October 27  2016 (aged 97 years 207 days) ,
Isabella Grace Cannon,September 27  1990  Hammersmith  London ,27 years 193 days,Surrey Women,,,,,
Mark Christopher Cannons,August 31  1963  Chipping Norton  Oxfordshire ,54 years 220 days,Oxfordshire,,Left-hand bat,Right-arm offbreak,,
Thomas John Cant,July 24  1990  Hexham  Northumberland ,27 years 258 days,Northumberland,,Right-hand bat,Right-arm offbreak,,
Nicholas Craig Cantello,June 5  1983  Stockport ,34 years 307 days,Cheshire,,Right-hand bat,,,
Charles Peter Thrale Cantlay,February 4  1954  Victoria  Westminster  London ,64 years 63 days,Oxford University,,Right-hand bat,Right-arm medium-fast,,
Cantrell,date unknown ,,Middlesex XI,,,,,
Arthur Stanley Cantrell,May 8  1883  Ceylon ,,Royal Navy,,Right-hand bat,Right-arm medium-fast,May 22  1954  Black-Notley  Essex (aged 71 years 14 days) ,
Josh Cantrell,February 18  1999 ,19 years 49 days,Cambridge MCCU ,,Right-hand bat,Right-arm offbreak,,
David John Capel,February 6  1963  Northampton ,55 years 61 days,England ,,Right-hand bat,Right-arm medium-fast,Son - ,
Jordan David Capel,May 18  1993  Leeds  Yorkshire ,24 years 325 days,Loughborough Marylebone Cricket Club University (England) ,,Right-hand bat,Legbreak,Father - ,
TE Capel,date unknown ,,Marylebone Cricket Club,,,,,
William Robert Capel,April 28  1775 ,,Homerton,,,,December 3  1854  Watford  Hertfordshire (aged 79 years 219 days) ,
George Nigel Capel-Cure,September 28  1908  Kensington  London ,,Essex,,Left-hand bat,Legbreak,August 8  2004 (aged 95 years 315 days) ,
Charles John Capes,January 5  1898  Forest Hill  London ,,Kent,,Right-hand bat,Left-arm medium,February 16  1933  Ospedaletti  Italy (aged 35 years 42 days) ,
Jeremy John Notley Caplan,October 9  1941  Kolar Gold Mine  Champion Reef  Mysore  India ,76 years 181 days,Cambridge University,,Right-hand bat,Right-arm offbreak,,
Robert Graham Caple,December 8  1939  Chiswick  Middlesex ,78 years 121 days,Hampshire ,,Left-hand bat,Right-arm offbreak,,
Stephen John Caple,June 7  1984  Hereford ,33 years 305 days,Gloucestershire Cricket Board ,,Right-hand bat,Right-arm offbreak,Loughborough University  Lady Hawkins  Kington,
Tom Caplen,November 23  1879  Rusthall  Tunbridge Wells  Kent ,,Kent,,Right-hand bat,Right-arm fast,April 17  1945  Hove  Sussex (aged 65 years 145 days) ,
Ian James Capon,January 23  1977  Haverfordwest ,41 years 75 days,Glamorgan 2nd XI ,,Right-hand bat,Right-arm fast-medium,,
Stephen Capon,April 25  1927  Snodland  Kent ,90 years 348 days,Kent,,Right-hand bat,Right-arm fast-medium,,
Jake Alun Capper,September 13  1981  Macclesfield  Cheshire ,36 years 207 days,Leeds/Bradford MCCU,,Right-hand bat,Right-arm offbreak,,
Capron,date unknown ,,Brighton,,,,,
Frederick William Capron,October 1  1860  Westminster  London ,,Marylebone Cricket Club,,Right-hand bat,,January 18  1942  Kensington  London (aged 81 years 109 days) ,
Glenn James Capstick,October 8  1985  Barrow-in-Furness ,32 years 182 days,Cumberland,,Right-hand bat,,,
Michael Alexander Carberry,September 29  1980  Croydon  Surrey ,37 years 191 days,England ,Opening batsman,Left-hand bat,Right-arm offbreak,St John Rigby College,
Noel John Obelin Carbutt,December 25  1895  Gingindhlovu  Zululand ,,Essex ,,Right-hand bat,Legbreak googly,October 31  1964  Durban  Natal  South Africa (aged 68 years 311 days) ,
Anthony John Card,September 13  1929  Doncaster  Yorkshire ,88 years 207 days,Marylebone Cricket Club,,,Slow left-arm orthodox,,
James David Carding,November 16  1993  Newcastle upon Tyne  Northumberland ,24 years 143 days,Northumberland ,,Right-hand bat,,Newcastle Royal Grammar School,
Neville Cardus,April 2  1889  Summer Place  Rusholme ,,,,,,Rusholme Board School  Manchester,
Christopher Stephen Carey,April 3  1973  Chelmsford  Essex ,45 years 5 days,Norfolk,,Right-hand bat,Left-arm fast-medium,,
Lukas John Carey,July 17  1997  Carmarthen  Wales ,20 years 265 days,Glamorgan 2nd XI,,Right-hand bat,Right-arm fast-medium,Grandfather - ,
Paul Alexander Huntly Carey,May 21  1920  Horsham  Sussex ,,Baroda ,,Left-hand bat,Right-arm fast,Paul Alexander Dobree Carey,
Stuart Carey,1950 ,68 years,Wales,,Right-hand bat,(unknown arm) medium,Grandson - ,
Ernest Francis Carless,September 9  1912  Cadoxton  Barry  Glamorgan  Wales ,,Glamorgan,,Right-hand bat,Right-arm offbreak,Wicketkeeper,
Nicholas Carlier,March 22  1968  Belper  Derbyshire ,50 years 17 days,Essex Cricket Board,,Right-hand bat,,,
John Carlin,November 3  1861  New Eastwood  Nottinghamshire ,,Nottinghamshire,,Left-hand bat,,Umpire,
Robert McKenzie Carlin,January 24  1871  Eastwood  Nottinghamshire ,,Derbyshire,,Right-hand bat,Right-arm medium,March 10  1950  Conisbrough  Yorkshire (aged 79 years 45 days) ,
Philip George Carling,November 25  1946  Carshalton  Surrey ,71 years 134 days,Cambridge University,,Left-hand bat,,Wicketkeeper,
Frederick Carlisle,November 4  1849  Chorley Hall  Liverpool  Lancashire ,,Lancashire,,,,October 22  1920  Pevensey  Eastbourne  Sussex (aged 70 years 353 days) ,
Kenneth Methven Carlisle,August 7  1882  Foxley Hall  Lymm  Cheshire ,,Oxford University,,Right-hand bat,Right-arm slow,May 15  1967  Wyker Hall  Bardwell  Suffolk (aged 84 years 281 days) ,
Kenneth Ralph Malcolm Carlisle,March 28  1908  Buenos Aires  Argentina ,,Oxford University ,,Right-hand bat,Right-arm medium,July 23  1983  Kensington  London (aged 75 years 117 days) ,
Lucas Jonathon Carlisle,June 1  1988  Nottingham ,29 years 311 days,Durham MCCU,,Left-hand bat,Right-arm offbreak,Worksop College  Durham University,
Malcolm Methven Carlisle,July 5  1884  Foxley Hall  Lymm  Cheshire ,,Marylebone Cricket Club,,Right-hand bat,,May 24  1906  Lucknow  Uttar Pradesh  India (aged 21 years 323 days) ,
Kiran Shah Carlson,May 16  1998   Cardiff  Glamorgan  Wales ,19 years 327 days,Glamorgan ,,Right-hand bat,Right-arm offbreak,Whitchurch High School,
Phillip Edward Carlson,September 19  1986  Warwickshire ,31 years 201 days,Hertfordshire,,Right-hand bat,Legbreak,,
Ross Carmelley,date unknown ,,Lincolnshire,,,,,
Duncan Smart Carmichael,November 8  1915  Matelli Tea Estate  Jailpaiguri  India ,,Cambridge University,,Right-hand bat,Right-arm medium,November 28  1984  Holybourne  Alton  Hampshire (aged 69 years 20 days) ,
Evelyn George Massey Carmichael (of Carmichael),April 3  1871  Upper Wick  Worcester ,,Worcestershire,,Right-hand bat,Right-arm medium,July 14  1959  Berrington Hall  Shrewsbury  Shropshire (aged 88 years 102 days) ,
John Carmichael,July 4  1858  Bubwith  Howden  Yorkshire ,,Surrey,,Right-hand bat,,Wicketkeeper,
George Carnegie-Brown,January 28  1906  Jerusalem ,,Cambridge University,,Left-hand bat,,March 26  1964  Lincoln (aged 58 years 58 days) ,
Ross Thomas Carnelley,February 2  1995  Nottingham ,23 years 65 days,Lincolnshire ,,,,,
R Carnelly,date unknown ,,Lincolnshire,,,,,
Denys John Carnill,March 11  1926  Hampstead  London ,92 years 28 days,Oxford University,,Left-hand bat,Legbreak,,
Amy Victoria Carnwell,February 13  1993  Stoke-on-Trent  Staffordshire ,25 years 54 days,Staffordshire Women,,,,,
Adam John William Carolan,January 27  1983  Wythenshawe  Manchester  Lancashire ,35 years 71 days,Cheshire,,,,,
Steve Carouna,date unknown ,,Eversley ,,,,,
Carpenter,date unknown ,,Hampshire XI,,,,,
Amos Carpenter,October 30  1832  Chalvington  Sussex ,,Sussex,,,,1866  Lewes  Sussex (aged 33 years) ,
Charles Wilson Carpenter,1837  Brighton  Sussex ,,Sussex,,Right-hand bat,,March 5  1876  Nagpore  India (aged 39 years) ,
David Carpenter,September 12  1935  Rodborough  Stroud  Gloucestershire ,82 years 208 days,Gloucestershire,,Right-hand bat,Right-arm offbreak,,
Edward James Carpenter,September 10  1982  Hammersmith  London ,35 years 210 days,Durham MCCU,12th man,Right-hand bat,Slow left-arm orthodox,Marlborough College  Durham University,
George Carpenter,February 28  1818  Cambridge ,,Cambridge Town Club,,,,Brother - ,
Georgia Carpenter,January 14  1999 ,19 years 84 days,Leicestershire Women,,,,,
Herbert Arthur Carpenter,July 12  1869  Mill Road  Cambridge ,,Essex,,Right-hand bat,Right-arm offbreak,Father - ,
Jonathan Michael Carpenter,April 21  1993  Longsands  Huntingdon ,24 years 352 days,Bedfordshire ,,Right-hand bat,Right-arm offbreak,Hinchinbrook School  Huntingdon,
James Robert Carpenter,October 20  1975  Birkenhead  Cheshire ,42 years 170 days,Sussex,,Left-hand bat,Slow left-arm orthodox,,
Myra Carpenter,date unknown ,,,,,,Umpire,
Matthew Edward Carpenter,April 14  1993  Southmead  Bristol ,24 years 359 days,Gloucestershire 2nd XI ,,Right-hand bat,Right-arm medium,Clevedon Community School; Filton College,
Robert Pearson Carpenter,November 18  1830  Mill Road  Cambridge ,,Cambridge Town Club ,,Right-hand bat,,Brother - ,
William Carpenter,February 27  1823  Cambridge ,,Cambridge Town Club,,,,Brother - ,
John Carpenter-Garnier,February 28  1839  Mount Tavy  Tavistock  Devon ,,Oxford University,,,,October 5  1926  Fareham  Hampshire (aged 87 years 219 days) ,
Carr,date unknown ,,Essex XI,,,,,
Amara Danielle Carr,April 17  1994  Plymouth  Devon ,23 years 356 days,England Cricket Board Development Women's XI,,Right-hand bat,,Wicketkeeper,
Austin Michael Carr,September 29  1898  Lower Hall  Broxton  Chester  Cheshire ,,Worcestershire,,Right-hand bat,,December 20  1946  Great Witley  Worcestershire (aged 48 years 82 days) ,
Arthur William Carr,May 21  1893  Mickleham  Surrey ,,England ,,Right-hand bat,Right-arm medium,February 7  1963  West Witton  Yorkshire (aged 69 years 262 days) ,
Donald Bryce Carr,December 28  1926  Wiesbaden  Germany ,,England ,,Right-hand bat,Slow left-arm orthodox,Repton School,
Douglas Ward Carr,March 17  1872  Cranbrook  Kent ,,England ,,Right-hand bat,Legbreak googly,Sutton Valence; Brasenose College  Oxford,
Harry Lascelles Carr,October 8  1907  Lambeth  London ,,Glamorgan,,Right-hand bat,,Wicketkeeper,
Iain David Carr,March 25  1977  Newcastle-under-Lyme  Staffordshire ,41 years 14 days,Staffordshire,,Right-hand bat,Right-arm fast-medium,,
John Carr,May 29  1894  Leadgate  Durham ,,Durham,,Right-hand bat,Right-arm medium-fast,November 15  1967  Hartlepool  Co Durham (aged 73 years 170 days) ,
John Donald Carr,June 15  1963  St John's Wood  London ,54 years 297 days,Hertfordshire ,,Right-hand bat,Right-arm offbreak,Repton School; Oxford University,
John Lillingston Carr,May 16  1892  Palamcottah  India ,,Army ,,Right-hand bat,,Repton School,
Michael Lewis Carr,June 24  1933  Alexandria  Egypt ,,Cambridge University,,Right-hand bat,,Wicketkeeper,
Reece Carr,November 6  1995  Durham ,22 years 153 days,Durham 2nd XI ,,Right-hand bat,Right-arm medium,Harmitage School  Chester-le-Street,
Robert James Carr,November 22  1994  Oxford ,23 years 137 days,Cumberland,,Right-hand bat,,,
Joseph D Carrasco,September 21  1995  Edinburgh ,22 years 199 days,Shropshire,,Right-hand bat,Right-arm fast-medium,,
John Carrick,November 29  1853  Barony  Glasgow  Lanarkshire  Scotland ,,Marylebone Cricket Club,,Left-hand bat,(unknown arm) slow,Brother - ,
Lewis Carrick,date unknown ,,Kent,,,,April 27  1806  Dover  Kent ,
Phillip Carrick,July 16  1952  Armley  Leeds  Yorkshire ,,Eastern Province ,,Right-hand bat,Slow left-arm orthodox,Park Lane College of Further Education,
RG Carrick,date unknown ,,Valley End,,,,,
Rachel Jane Carrick,October 12  1994 ,23 years 178 days,Hampshire Women,,,,,
Elijah Carrington,March 25  1914  Blackwell  Derbyshire ,,Derbyshire,,Right-hand bat,,November 19  1998  Hillcote  Derbyshire (aged 84 years 239 days) ,
Bertram Dudley Carris,October 23  1917  Flixton  Lancashire ,100 years 167 days,Cambridge University ,,Right-hand bat,Slow left-arm orthodox,Brother - ,
Harold Edward Carris,July 7  1909  Flixton  Lancashire ,,Cambridge University ,,Left-hand bat,Right-arm bowler,Brother - ,
Alex Carroll,date unknown ,,Taunton School Invitational XI,,,,,
Andrew Philip Carroll,January 12  1984  York ,34 years 86 days,Wiltshire,,Right-hand bat,Right-arm medium-fast,,
John Paul Carroll,July 14  1972  Bebington  Cheshire ,45 years 268 days,Cambridge University,,Right-hand bat,Right-arm medium,,
James Thomas Carroll,March 18  1843  Gravesend  Kent ,,Kent,,Right-hand bat,Right-arm fast-medium,April 1  1926  Windmill Hill  Gravesend  Kent (aged 83 years 14 days) ,
Peter Robert Carroll,November 7  1941  Mosman  Sydney  New South Wales  Australia ,76 years 152 days,Oxford University,,Right-hand bat,Right-arm medium,,
Richard William Stanley Carroll,September 30  1977  Singapore ,40 years 190 days,Oxford University,,Right-hand bat,Legbreak,,
John Richard Carruthers,April 13  1970  Barnsley  Yorkshire ,47 years 360 days,Yorkshire Cricket Board,,Right-hand bat,Right-arm medium-fast,,
Ryan Scott Carruthers,June 21  1992  Whitehaven ,25 years 291 days,Cumberland,,Right-hand bat,,,
Graeme John Carsberg,August 21  1957  Grimsby  Lincolnshire ,60 years 230 days,Lincolnshire,,Right-hand bat,,,
Michael Edward Carson,November 17  1990  Leytonstone  Essex ,27 years 142 days,Berkshire Under-13s ,,Right-hand bat,Legbreak,Reading School; Trinity Hall  Cambridge,
Carter,date unknown ,,Berkshire ,,,,,
Arthur Carter,March 24  1848  Old Malton  Yorkshire ,,Marylebone Cricket Club,,Right-hand bat,Right-arm fast (roundarm),April 9  1923  Thrussington  Leicestershire (aged 75 years 16 days) ,
Andrew Carter,August 27  1988  Lincoln ,29 years 224 days,Derbyshire ,,Right-hand bat,Right-arm medium,Brother - ,
Archie Carter,date unknown ,,Berkshire,,,,,
Arthur Gervase Carter,December 22  1867  Wilford  Nottinghamshire ,,Nottinghamshire,,Right-hand bat,Right-arm medium,Jarvis Carter,
C Carter,date unknown ,,Durham 2nd XI,,,,,
Charles Edward Peers Carter,August 7  1947  Richmond-upon-Thames  Surrey ,70 years 244 days,Somerset,,Right-hand bat,,Wicketkeeper,
Darrell Morris Carter,October 28  1967  Welling  Kent ,50 years 162 days,Suffolk,,Right-hand bat,Right-arm fast,,
Edmund Carter,June 5  1785 ,,Hampshire,,,,details unknown ,
Edmund Sardinson Carter,February 3  1845  Old Malton  Yorkshire ,,Oxford University ,,Right-hand bat, (underarm)  Right-arm fast (roundarm),May 23  1923  Scarborough  Yorkshire (aged 78 years 109 days) ,
Frederic Asgill Carter,June 13  1853  Newnham  Gloucestershire ,,Gloucestershire,,Right-hand bat,Right-arm fast (roundarm),August 1  1924  Hurlingham  London (aged 71 years 49 days) ,
George Carter,May 10  1901  Stoke Newington  London ,,Essex,,Right-hand bat,Right-arm medium,January 29  1994  Siesta Key  Florida  United States of America (aged 92 years 264 days) ,
George Carter,August 4  1846  Warblington  Hampshire ,,Hampshire,,Right-hand bat,Right-arm fast (roundarm),details unknown ,
Horatio Stratton Carter,December 21  1913  Hendon  Sunderland  Co Durham ,,Derbyshire,,Right-hand bat,Slow left-arm orthodox,October 9  1994  Willerby  Hull  Yorkshire (aged 80 years 292 days) ,
John Alan Carter,date unknown ,,,,,,Umpire,
John Ronald Carter,August 9  1963  Brundall  Norfolk ,54 years 242 days,Norfolk,,Right-hand bat,,,
John William Carter,June 23  1935  Oxford ,82 years 289 days,Leicestershire,,Right-hand bat,,,
Matthew Carter,May 26  1996  Lincoln ,21 years 317 days,Lincolnshire ,,Right-hand bat,Right-arm offbreak,Brother - ,
Matthew T Carter,February 19  1994 ,24 years 48 days,Berkshire,,Right-hand bat,Right-arm fast-medium,,
Nicholas Anthony Carter,September 29  1978  Truro  Cornwall ,39 years 191 days,Cornwall,,Right-hand bat,Right-arm medium,,
Paul Richard Carter,May 14  1982  Reading  Berkshire ,35 years 329 days,Berkshire ,,Right-hand bat,Right-arm offbreak,,
Reginald Carter,November 7  1933  Whitwell  Derbyshire ,84 years 152 days,Derbyshire,,Right-hand bat,Slow left-arm orthodox,,
Richard Dring Carter,July 19  1891  Boston  Lincolnshire ,,East of England,,Right-hand bat,,August 24  1969  Crabb's Abbey  Wiggenhall  St Mary Magdalen  Norfolk (aged 78 years 36 days) ,
Raymond George Carter,April 14  1933  Small Heath  Birmingham  Warwickshire ,,Warwickshire,,Right-hand bat,Right-arm fast-medium  Right-arm offbreak,November 13  2012 (aged 79 years 213 days) ,
Robert George Mallaby Carter,July 11  1937  Horden  Co Durham ,80 years 271 days,Worcestershire,,Left-hand bat,Right-arm fast-medium,,
Robert Michael Carter,May 25  1960  King's Lynn  Norfolk ,57 years 318 days,Canterbury ,,Right-hand bat,Right-arm medium,Son - ,
Timothy Jolyon Carter,September 21  1969  Tiverton  Devon ,48 years 199 days,Surrey Cricket Board,,Right-hand bat,Legbreak,,
Wilfred Carter,June 19  1896  Annesley  Nottinghamshire ,,Derbyshire,,Right-hand bat,,Coach,
William Carter,1822  Southfleet  Kent ,,Kent,,,,October 10  1847  Southfleet  Kent (aged 25 years) ,
William John Carter,January 21  1841  Kennington  London ,,Surrey,,Right-hand bat,Right-arm fast,November 18  1888  Kingston-upon-Thames  Surrey (aged 47 years 302 days) ,
Robert Carter-Shaw,November 21  1941  Berkhamsted  Hertfordshire ,76 years 138 days,Cambridge University,,Right-hand bat,Slow left-arm orthodox,,
David Cartledge,July 11  1956  Stoke-on-Trent  Staffordshire ,61 years 271 days,Staffordshire,,Right-hand bat,Right-arm offbreak,,
John Cartledge,May 16  1855  Burton Joyce  Nottinghamshire ,,Derbyshire,,,,John Cartledge Foster,
William Henry Cartman,June 20  1861  Skipton  Yorkshire ,,Yorkshire,,Right-hand bat,,January 16  1935  Skipton  Yorkshire (aged 73 years 210 days) ,
Neil David John Cartmel,July 15  1968  Harrow  Middlesex ,49 years 267 days,Berkshire,,Right-hand bat,,Wicketkeeper,
Donald Colin Cartridge,December 31  1933  Sholing  Southampton  Hampshire ,,Hampshire,,Right-hand bat,Right-arm offbreak,September 24  2015 (aged 81 years 267 days) ,
Ffion Holly Cartwright,September 29  1991  South Glamorgan  Wales ,26 years 191 days,Wales Women,,,,,
George Hamilton Grahame Montagu Cartwright,April 23  1889  Westminster  London ,,Oxford University,,Right-hand bat,Right-arm fast-medium,August 4  1976  Westminster  London (aged 87 years 103 days) ,
Harold Cartwright,May 12  1951  Half Way Houses  Derbyshire ,66 years 331 days,Derbyshire,,Right-hand bat,,,
Philip Cartwright,September 26  1880  Gibraltar ,,Sussex,,Left-hand bat,Left-arm medium,November 21  1955  Virginia Water  Surrey (aged 75 years 56 days) ,
Thomas William Cartwright,July 22  1935  Alderman's Green  Coventry  Warwickshire ,,England ,,Right-hand bat,Right-arm medium,Coach,
Vincent Henry Cartwright,September 10  1882  The Park  Nottingham ,,Nottinghamshire,,Right-hand bat,,November 25  1965  Loughborough  Leicestershire (aged 83 years 76 days) ,
Richard Arthur Carty,July 28  1922  Chapel  Southampton  Hampshire ,,Hampshire,,Right-hand bat,Right-arm fast-medium,March 31  1984  Bishop's Waltham  Hampshire (aged 61 years 247 days) ,
George James Carver,May 4  1879  Long Ditton  Surrey ,,Surrey,,,(unknown arm) fast-medium,October 1  1912  Bootle  Lancashire (aged 33 years 150 days) ,
Karl Carver,March 26  1996  Northallerton  Yorkshire ,22 years 13 days,England Development Programme Under-19s ,,Left-hand bat,Slow left-arm orthodox,Thirsk School and Sixth Form College,
Reginald George Caryer,September 28  1895  Hougham  Dover  Kent ,,Sussex,,Right-hand bat,Right-arm medium-fast,June 7  1957  Reading  Berkshire (aged 61 years 252 days) ,
Cecil Charles Coles Case,September 7  1895  Frome  Somerset ,,Somerset,,Right-hand bat,,November 11  1969  Keyford  Somerset (aged 74 years 65 days) ,
George Henry Case,April 4  1839  Fareham  Hampshire ,,Hampshire,,Right-hand bat,,April 21  1911  Fareham  Hampshire (aged 72 years 17 days) ,
Thomas Case,July 14  1844  Liverpool  Lancashire ,,Middlesex ,,Right-hand bat,,Son - ,
Thomas Bennett Case,February 19  1871  Upton  Berkshire ,,Oxford University,,Right-hand bat,,Father - ,
William Sterndale Case,August 24  1873  Northam  Oxford ,,Gentlemen of England ,,Left-hand bat,Slow left-arm orthodox,Father - ,
Colin Casemore,February 21  1940  St Mellons  Cardiff  Glamorgan  Wales ,78 years 46 days,Berkshire,,Right-hand bat,Legbreak,,
Liam Stuart Casey,March 1982  Birmingham  Warwickshire ,36 years,Free Foresters,,,,,
George Rodney Cass,April 23  1940  Overton  Wakefield  Yorkshire ,77 years 350 days,Essex ,,Left-hand bat,,Wicketkeeper,
Paul David Cass,September 2  1983  Salisbury  Wiltshire ,34 years 218 days,Calmore Sports ,,Right-hand bat,Right-arm medium-fast,,
Ernest John Plantagenet Cassan,October 17  1835  Bruton  Somerset ,,Oxford University,,,,December 24  1904  Bathwick  Bath  Somerset (aged 69 years 68 days) ,
Matthew Edward Cassar,October 16  1972  Sydney  New South Wales  Australia ,45 years 174 days,Derbyshire ,,Right-hand bat,Right-arm fast-medium,,
Julian Cassell,October 24  1967  Salisbury  Wiltshire ,50 years 166 days,Dorset,,Right-hand bat,Right-arm medium,,
Archibald James Halkett Cassels,February 28  1907  Quetta  India ,,Army ,,Right-hand bat,Right-arm medium-fast  Right-arm offbreak,December 13  1996  Bury St Edmunds  Suffolk (aged 89 years 289 days) ,
John Joseph Cassidy,January 31  1963  Leeds  Yorkshire ,55 years 67 days,Oxford University,,Right-hand bat,Right-arm medium,,
CA Cassie,date unknown ,,,,,,Umpire,
Henry Casson,March 15  1830  Manchester  Lancashire ,,Cambridge University,,,,December 25  1902  South Kensington  London (aged 72 years 285 days) ,
Arthur Henry Seymour Casswell,circa 1894 ,,Royal Navy,,,(unknown arm) fast-medium,October 29  1940  High House Farm  Tardebigg  Bromsgrove  Worcestershire ,
Alan Terry Castell,August 6  1943  Oxford ,74 years 245 days,Hampshire,,Right-hand bat,Right-arm medium  Legbreak googly,,
Bronwyn Casterton,date unknown ,,Cornwall Women,,,,,
Edmund Casterton,date unknown ,,Buckinghamshire,,,,,
Frederick Castle,April 8  1909  Elham  Kent ,,Somerset,,Right-hand bat,Legbreak,May 17  1997  Portscatho  Cornwall (aged 88 years 39 days) ,
Kelly Castle,September 4  1997 ,20 years 216 days,Cambridge MCCU,,Right-hand bat,Right-arm medium,,
Kelly Shannon Castle,September 4  1997  Southend-on-Sea  Essex  ,20 years 216 days,Essex Women,,Right-hand bat,Right-arm medium,,
Sidney Castle,January 21  1864  Westminster  London ,,Kent,,Right-hand bat,,December 5  1937  Furzehatt  Plymstock  Devon (aged 73 years 318 days) ,
PJL Castleden,date unknown ,,Buckinghamshire,,,,,
Stafford William Thomas Castledine,April 10  1912  Bingham  Nottinghamshire ,,Nottinghamshire,,Right-hand bat,Slow left-arm orthodox,April 17  1986  Nottingham (aged 74 years 7 days) ,
NMT Castleman,date unknown ,,Harrow School,,,,,
Brian Kenneth Castor,October 21  1889  Mahaica  East Coast  Demerara  British Guiana ,,Essex,,Right-hand bat,,October 2  1979  Maida Hill  London (aged 89 years 346 days) ,
G N Caswell,date unknown ,,W Ward's XI,,,,,
Luke William Caswell,July 13  1989  Great Yarmouth  Norfolk ,28 years 269 days,Norfolk,,Right-hand bat,Left-arm medium,,
Peter The Cat,1950  Unknown ,,,,,,The Marylebone mog,
Charles Alexander Cater,January 24  1844  Walton  Liverpool  Lancashire ,,Middlesex,,Right-hand bat,,Harrow School,
Jonathan Andrew Cater,April 15  1989  Oxford ,28 years 358 days,Buckinghamshire ,,Right-hand bat,,Wicketkeeper,
William Cater,August 26  1839  Stepney  London ,,Oxford University,,,,details unknown  Woodbastwick  Norfolk ,
Matthew Duncan Catley,February 11  1975  Huntingdon ,43 years 56 days,Suffolk,,Right-hand bat,Right-arm medium  Legbreak,,
Russell James Catley,May 11  1973  Cambridge ,44 years 332 days,Suffolk,,Right-hand bat,Legbreak,,
Timothy Mark Catley,September 15  1977  Newmarket  Suffolk ,40 years 205 days,Suffolk,,Right-hand bat,Right-arm offbreak  Legbreak,Wicketkeeper,
William Catling,September 9  1836  Highgate  Middlesex ,,Middlesex,,Right-hand bat,Right-arm medium (roundarm),June 10  1899  Camden Town  London (aged 62 years 274 days) ,
Charles Stanley Catlow,February 21  1908  Darwen  Lancashire ,,Northamptonshire,,Right-hand bat,,March 7  1986  Northampton (aged 78 years 14 days) ,
Samuel John Cato,November 23  1992  Chiswick  London ,25 years 136 days,Oxford University,,Right-hand bat,Right-arm offbreak,St Paul's School,
Anthony Waldron Catt,October 2  1933  Edenbridge  Kent ,84 years 188 days,Kent ,,Right-hand bat,,Wicketkeeper,
Duncan Neil Catterall,September 19  1978  Preston  Lancashire ,39 years 201 days,Worcestershire,,Right-hand bat,Right-arm medium-fast,,
Stuart Colin Catterall,April 9  1975  Southampton  Hampshire ,42 years 364 days,Lancashire Cricket Board,,Right-hand bat,Right-arm offbreak,,
Arthur Cyril Cattley,November 27  1861  Croydon  Surrey ,,Surrey,,Right-hand bat,Right-arm fast-medium,September 21  1895  Dorking  Surrey (aged 33 years 298 days) ,
Stephen Wildman Cattley,October 28  1860  Croydon  Surrey ,,Surrey,,Right-hand bat,,Wicketkeeper,
Nicky Thomas Caunce,June 7  1989  Southport  Lancashire ,28 years 305 days,Cumberland ,,Right-hand bat,Right-arm fast-medium,,
Edward Postle Gwyn Causton,November 27  1876  Hammersmith  London ,,Hampshire,,,,April 18  1957  Torquay  Devon (aged 80 years 142 days) ,
Basil Shillito Cave,November 14  1865  Mill Hill  Middlesex ,,Marylebone Cricket Club,,Right-hand bat,,Wicketkeeper,
G Cave,date unknown ,,Marylebone Cricket Club,,,,,
GC Cave,date unknown ,,Marylebone Cricket Club,,,,,
Walter Frederick Cave,September 17  1863  Stoneleigh House  Clifton  Bristol  Gloucestershire ,,Gloucestershire,,Right-hand bat,,January 7  1939  Westminster  London (aged 75 years 112 days) ,
Emily Cavender,date unknown ,,Northamptonshire Women,,,,,
Clifford Neil Cavener,April 30  1967  Edmonton  Middlesex ,50 years 343 days,Hertfordshire,,Right-hand bat,Right-arm fast-medium,,
Michael John Cawdron,October 7  1974  Luton  Bedfordshire ,43 years 183 days,Gloucestershire ,,Left-hand bat,Right-arm medium,,
Jed Lewis O Cawkwell,August 1991  Waveney  Norfolk ,26 years,Suffolk,,Right-hand bat,Right-arm medium,,
Edward Cawston,January 16  1911  Wantage  Berkshire ,,Cambridge University ,,Right-hand bat,Right-arm medium-fast,September 5  1998  Maidstone  Kent (aged 87 years 232 days) ,
George Cawthray,September 28  1913  Brayton  Selby  Yorkshire ,,Yorkshire,,Left-hand bat,Right-arm medium,January 5  2001 (aged 87 years 99 days) ,
George Allanson Cayley,December 31  1831  Ripon  Yorkshire ,,Cambridge University,,,,October 10  1895  Port Said  Egypt (aged 63 years 283 days) ,
Peter Victor Ferdinand Cazalet,January 15  1907  Westminster  London ,,Kent ,,Right-hand bat,,Eton College: Oxford University,
Arthur Cazenove,February 12  1823  Clapton  London ,,Oxford University,,,,August 10  1893  Cranborne  Wiltshire (aged 70 years 179 days) ,
Aubrey Bruce Cooper Cecil,March 10  1847  Toddington  Bedfordshire ,,Hampshire,,Right-hand bat,,August 26  1918  South Brisbane  Queensland  Australia (aged 71 years 169 days) ,
Egerton Dodge Cooper Cecil,July 4  1853  Worthing  Sussex ,,Hampshire,,Right-hand bat,,Egerton Dodge Cooper Cecill,
Arthur James Ceely,October 14  1834  Aylesbury  Buckinghamshire ,,Kent,,,,December 31  1866  At Sea  Off Pointe-De-Galle  Ceylon (aged 32 years 78 days) ,
G Cernes,date unknown ,,Leicestershire 2nd XI,,,,,
Graeme Cessford,October 4  1983  Hexham  Northumberland ,34 years 186 days,Northumberland ,,Right-hand bat,Right-arm fast-medium,Queen Elizabeth High School  Hexham,
John Etheridge Chadd,October 27  1933  Whitestone  Hereford ,84 years 163 days,Worcestershire,,Right-hand bat,Right-arm offbreak,,
Edmund Leach Chadwick,August 31  1847  Rochdale  Lancashire ,,Lancashire,,Right-hand bat,,August 6  1918  Parkstone  Dorset (aged 70 years 340 days) ,
John Peter Granville Chadwick,November 8  1934  Pateley Bridge  Yorkshire ,83 years 151 days,Yorkshire,,Right-hand bat,Right-arm medium,,
Mark Robert Chadwick,February 9  1963  Milnrow  Rochdale  Lancashire ,55 years 58 days,Lancashire,,Right-hand bat,Right-arm offbreak,,
Michael Steven Chadwick,May 24  1989  Leeds  Yorkshire ,28 years 319 days,Sussex ,,Right-hand bat,Right-arm medium-fast,,
Thomas Robert Chadwick,October 21  1991  Norwich  Norfolk ,26 years 169 days,Oxford University,,Right-hand bat,Right-arm medium,,
Frederick Gerald Hudson Chalk,September 7  1910  Sydenham  London ,,Kent ,,Right-hand bat,,Father-in-law - ,
Alex Chalker,date unknown ,,Hertfordshire,,,,,
John Chalkley,November 20  1823  Tottenham  Middlesex ,,Middlesex,,,,April 26  1874  Tottenham  Middlesex (aged 50 years 157 days) ,
Charles Challen,date unknown ,,G Osbaldeston's XI,,,,June 8  1790  Pulborough  Sussex ,
John Bonamy Challen,March 26  1863  Ruthin  Denbighshire  Wales ,,Somerset,,Right-hand bat,Right-arm fast-medium,June 5  1937  Eastbourne  Sussex (aged 74 years 71 days) ,
James Challen,date unknown ,,Sussex,,,,January 22  1804  Petworth  Sussex ,
William Challen,date unknown ,,F Beauclerk's XI,,,,March 21  1786  Pulborough  Sussex ,
James Challen,October 4  1825  Kirdford  Sussex ,,Sussex,,,,details unknown ,
D Chalmers,date unknown ,,,,,,Umpire,
William Hugh Chaloner,December 4  1986 ,31 years 125 days,Berkshire,,Right-hand bat,Right-arm offbreak,,
Joanna Michelle Chamberlain,April 25  1969  Leicester ,48 years 348 days,East Midlands Women ,,,,Jo Jordon,
Timothy Philip Ventress Chamberlain,January 15  1983  Oxford ,35 years 83 days,Berkshire,,Right-hand bat,Right-arm fast-medium,,
William Richard Frank Chamberlain,April 13  1925  Elton  Huntingdonshire ,,Northamptonshire,,Right-hand bat,Legbreak,April 8  2004  Cambridge (aged 78 years 361 days) ,
Thomas Chamberlayne,1805 ,,Hampshire,,,,October 21  1876  Cranbury Park  Southampton  Hampshire (aged 71 years) ,
Brian Andrew Chambers,April 1  1965  Melbourne  Victoria  Australia ,53 years 7 days,Sussex Cricket Board,,Right-hand bat,Left-arm fast-medium,,
Charles Graham Chambers,July 12  1870  West Ilsley  Berkshire ,,Liverpool and District,,Right-hand bat,,January 30  1921  Reading  Berkshire (aged 50 years 202 days) ,
Dominic James Chambers,January 6  1984  Canterbury  Kent ,34 years 92 days,Kent ,,Right-hand bat,Slow left-arm orthodox,,
George Henry Chambers,October 18  1866  Ilkeston  Derbyshire ,,Nottinghamshire,,,Left-arm fast,June 15  1927  New Awsworth  Nottinghamshire (aged 60 years 240 days) ,
George Henry Chambers,March 24  1884  Kimberley  Nottinghamshire ,,Nottinghamshire,,Right-hand bat,Slow left-arm orthodox,September 13  1947  Bentley  Doncaster  Yorkshire (aged 63 years 173 days) ,
John Edward Chambers,October 23  1971  Barking  Essex ,46 years 167 days,Essex Cricket Board,,Right-hand bat,Right-arm medium-fast,,
John Raymond Chambers,June 3  1993  Newcastle upon Tyne  Northumberland ,24 years 309 days,Northumberland,,Right-hand bat,Right-arm offbreak,Walbottle Campus School,
Meshach Chambers,December 23  1867  Awsworth  Nottinghamshire ,,Nottinghamshire,,,(unknown arm) medium,June 23  1920  Leazes Park  Newcastle upon Tyne  Northumberland (aged 52 years 183 days) ,
Maurice Anthony Chambers,September 14  1987  Port Antonio  Portland  Jamaica ,30 years 206 days,England Lions ,,Right-hand bat,Right-arm fast,Homerton College of Technology,
Robert Edwin Jeffery Chambers,November 19  1943  Bexhill-on-Sea  Sussex ,74 years 140 days,Cambridge University,,Right-hand bat,Right-arm offbreak,,
Albert Champion,December 27  1851  Hollins End  Handsworth  Yorkshire ,,Lancashire ,,Left-hand bat,Right-arm medium,June 30  1909  Wortley  Sheffield  Yorkshire (aged 57 years 185 days) ,
George Ernest Champion,July 15  1867  Stockbury  Kent ,,Kent,,Right-hand bat,Right-arm medium,September 30  1933  Redwall Farm  Linton  Kent (aged 66 years 77 days) ,
Louis Kevin Champion,January 29  1992  Stevenage  Hertfordshire ,26 years 69 days,Essex 2nd XI ,,Left-hand bat,Legbreak,Wicketkeeper,
Claude William Champion de Crespigny,June 25  1818  Mayfair  London ,,Marylebone Cricket Club,,,,August 11  1868  Wivenhoe Hall  Essex (aged 50 years 47 days) ,
Frederick John Champion de Crespigny,December 12  1822  Camberwell  Surrey ,,Cambridge University ,,,,June 25  1887  Hampton Wick  Middlesex (aged 64 years 195 days) ,
Laurence John Champniss,February 20  1939  Harrow  Middlesex ,79 years 47 days,Buckinghamshire ,,Left-hand bat,Legbreak googly,,
Geoffrey Henry Barrington Chance,December 16  1893  Burghfield  Berkshire ,,Hampshire,,Left-hand bat,Right-arm medium,Geoffrey Henry Barrington-Chance,
Ramesh Chand,December 28  1975  Scunthorpe  Lincolnshire ,42 years 101 days,Lincolnshire,,Right-hand bat,Right-arm fast-medium,,
Allen Chandler,December 5  1849  Kensington  London ,,Surrey,,Right-hand bat,,December 25  1926  The Stroud  Grayswood  Haslemere  Surrey (aged 77 years 20 days) ,
Ella Chandler,date unknown ,,Hampshire Women,,Right-hand bat,Right-arm medium,,
G Chandler,date unknown ,,Hampshire,,,,Wicketkeeper,
Gordon Mountford Chandler,October 23  1909  Purley  Surrey ,,Cambridge University,,Right-hand bat,Right-arm medium,October 27  2003  Chichester  Sussex (aged 94 years 4 days) ,
Harry Chandler,date unknown ,,Shropshire,,,,,
Jonathan Anthony Henry Chandler,December 26  1982  Swindon  Wiltshire ,35 years 103 days,Wiltshire,,Left-hand bat,Right-arm medium-fast,,
John Chandless,August 21  1884  Cardiff  Glamorgan  Wales ,,Glamorgan ,,Right-hand bat,Right-arm medium,June 1  1968  Whitchurch  Cardiff  Glamorgan  Wales (aged 83 years 285 days) ,
Ross Leslie Channer,August 13  1983  Watford  Herts ,34 years 238 days,Hertfordshire,,,,,
Craig David Chaplin,October 19  1970  Bristol ,47 years 171 days,Wiltshire,,Right-hand bat,Right-arm medium,,
Christopher Robert McNairn Chaplin,December 13  1938  Calcutta (now Kolkata)  Bengal  India ,79 years 116 days,Cornwall,,Right-hand bat,Right-arm offbreak,,
Herbert Percy Chaplin,March 1  1883  Westminster  London ,,Europeans (India) ,,Right-hand bat,Right-arm medium,March 6  1970  Deal  Kent (aged 87 years 5 days) ,
William Herbert Chapman,August 9  1834  Bassingbourn  Cambridgeshire ,,Cambridge Town Club,,,,June 23  1908  Brackley  Northamptonshire (aged 73 years 319 days) ,
Allinson George Chapman,March 7  1892  Langton  Kent ,,Civil Service,,Right-hand bat,Right-arm fast,October 21  1982  Tunbridge Wells  Kent (aged 90 years 228 days) ,
Arthur George Chapman,November 1  1834  Roehampton  Surrey ,,Sussex,,,,November 27  1867  Brighton  Sussex (aged 33 years 26 days) ,
Arthur Percy Frank Chapman,September 3  1900  The Mount  Reading  Berkshire ,,England ,,Left-hand bat,,Uppingham; Cambridge University,
Charles Chapman,1806  Caenby  Lincolnshire ,,Cambridge University,,,,September 10  1892  Wildbad  Germany (aged 86 years) ,
Catherine Chapman,August 12  1993 ,24 years 239 days,Durham Women,,Right-hand bat,Right-arm medium,,
Colin Anthony Chapman,June 8  1971  Bradford  Yorkshire ,46 years 304 days,Yorkshire,,Right-hand bat,,Wicketkeeper,
Charles Edward Chapman,August 26  1860  Swinstead  Lincolnshire ,,Cambridge University,,Right-hand bat,Right-arm fast,August 23  1901  Scrivelsby  Lincolnshire (aged 40 years 362 days) ,
David Macklin Braby Chapman,September 12  1855  St Paul's  Ruperts Land  Red River  Canada ,,Cambridge University,,,,March 24  1934  Hailsham  Sussex (aged 78 years 193 days) ,
Hugh Chapman,date unknown ,,,,,,Umpire,
Ivan Chapman,October 12  1906  Pudsey  Yorkshire ,,Essex,,Right-hand bat,Right-arm fast-medium,February 19  1976  Waikato  New Zealand (aged 69 years 130 days) ,
John Chapman,March 11  1877  Frocester  Gloucestershire ,,Derbyshire,,Right-hand bat,,August 12  1956  Carlecotes  Dunford Bridge  Yorkshire (aged 79 years 154 days) ,
John Chapman,November 28  1814  West Bridgford  Nottingham ,,Nottinghamshire,,Right-hand bat,Right-arm fast,April 14  1896  Gainsborough  Lincolnshire (aged 81 years 138 days) ,
James Robert Chapman,May 19  1986  Nottingham ,31 years 324 days,Derbyshire,,Left-hand bat,Right-arm medium,,
Luke James Chapman,August 21  1998  Stevenage  Hertfordshire ,19 years 230 days,Cambridge MCCU,,,,,
Mat Chapman,April 13  1865  Arnesby  Leicestershire ,,Leicestershire,,Right-hand bat,Right-arm medium,Wicketkeeper,
M Chapman,date unknown ,,Brighton College,,,,,
Nigel John Chapman,May 31  1945  Bishop's Stortford  Hertfordshire ,72 years 312 days,Oxfordshire,,Left-hand bat,,,
Robert James Chapman,July 28  1972  Nottingham ,45 years 254 days,Lincolnshire ,,Right-hand bat,Right-arm fast-medium,,
Steven Chapman,October 2  1971  Crook  Durham ,46 years 188 days,Cumberland ,,Right-hand bat,Slow left-arm orthodox,,
Simon Leigh Chapman,March 18  1978  Swansea  Glamorgan ,40 years 21 days,Wales Minor Counties,,Right-hand bat,Right-arm medium,,
Thomas Alan Chapman,May 14  1918  Barwell  Leicestershire ,,Rhodesia ,,Right-hand bat,,Wicketkeeper,
T H Chapman,date unknown ,,Gentlemen of the North,,,,,
Timothy William James Chapman,December 2  1979  Luton  Bedfordshire ,38 years 127 days,Bedfordshire,,Right-hand bat,Right-arm fast-medium,,
W Chapman,date unknown ,,Marylebone Cricket Club,,,,,
William Chapman,date unknown ,,Nottinghamshire and Leicestershire,,,,,
Ben Chapman-Lilley,date unknown ,,Warwickshire 2nd XI,,,,,
Mark Stuart Chapman-Smith,September 1  1974  Auckland  New Zealand ,43 years 219 days,Cambridge MCCU,,,,,
Gary Richard Chappell,November 2  1988  Exeter  Devon ,29 years 157 days,Devon,,Right-hand bat,Slow left-arm orthodox,,
HE Chappell,date unknown ,,Essex 2nd XI,,,,,
Zachariah John Chappell,August 21  1996  Grantham  Lincolnshire ,21 years 230 days,Leicestershire ,,Right-hand bat,Right-arm fast-medium,Stamford School,
Glen Chapple,January 23  1974  Skipton  Yorkshire ,44 years 75 days,England ,,Right-hand bat,Right-arm medium-fast,West Craven High School; Nelson and Colne College,
William Chapples,December 22  1992 ,25 years 107 days,Lancashire 2nd XI,,Right-hand bat,Right-arm medium,,
Daniel Martin Chard,June 1  1980  Bristol ,37 years 311 days,Gloucestershire Cricket Board,,Right-hand bat,Right-arm medium,,
Herbert William Chard,October 17  1869  Westbury  Clifton  Bristol ,,Gloucestershire,,Right-hand bat,Right-arm medium,January 9  1932  Cotham  Bristol (aged 62 years 84 days) ,
Stephen Flockton Charles,August 17  1858  Romford  Essex ,,Gentlemen ,,Right-hand bat,,Wicketkeeper,
Alfred Charlesworth,May 9  1865  Simmondley  Glossop  Derbyshire ,,Derbyshire,,,,December 4  1928  St Annes-on-Sea  Lancashire (aged 63 years 209 days) ,
Albert Percy Charlesworth,February 19  1865  Potternewton  Leeds  Yorkshire ,,Yorkshire,,Right-hand bat,,May 11  1926  Hull  Yorkshire (aged 61 years 81 days) ,
Ben Geoffrey Charlesworth,November 19  2000  Oxford ,17 years 140 days,Gloucestershire 2nd XI,Middle-order batsman,Left-hand bat,Right-arm medium-fast,,
Crowther Charlesworth,February 12  1875  Swinton  Lancashire ,,Warwickshire,,Right-hand bat,Right-arm fast-medium,June 15  1953  Halifax  Yorkshire (aged 78 years 123 days) ,
Graham Michael Charlesworth,February 15  1965  Ashow  Warwickshire ,53 years 52 days,Cambridge University ,,Left-hand bat,Right-arm medium,,
Thomas Broughton Charlton,August 15  1815  Chilwell  Nottinghamshire ,,Nottinghamshire,,,,January 20  1886  Chilwell  Nottinghamshire (aged 70 years 158 days) ,
W Charlton,date unknown ,,,,,,Umpire,
Alexander Evelyn Charlwood,November 25  1888  Eastbourne  Sussex ,,Sussex,,Right-hand bat,,June 23  1974  Hove  Sussex (aged 85 years 210 days) ,
Charles Robert Charlwood,November 22  1842  Horsham  Sussex ,,Sussex,,Right-hand bat,Right-arm medium,May 16  1880  Horsham  Sussex (aged 37 years 176 days) ,
Henry Rupert James Charlwood,December 19  1846  Horsham  Sussex ,,England ,,Right-hand bat,,June 6  1888  Scarborough  Yorkshire (aged 41 years 170 days) ,
John Armstrong Charlwood,March 8  1871  East Grinstead  Sussex ,,Sussex,,,,September 18  1923  Westminster  London (aged 52 years 194 days) ,
Michael John Charman,September 22  1946  Storrington  Sussex ,71 years 198 days,,,,,Scorer,
William Charman,September 23  1850  Epsom  Surrey ,,Surrey,,Right-hand bat,Right-arm fast-medium,December 8  1924  Hove  Sussex (aged 74 years 76 days) ,
Elizabeth Charnell,date unknown ,,Shropshire Women,,,,,
Hugo Francis Wemyss Charteris,December 28  1884  Wilbury House  Salisbury  Wiltshire ,,Gloucestershire,,Right-hand bat,,Lord Elcho,
Richard Charteris,July 25  1822 ,,Marylebone Cricket Club,,,,March 16  1874  Westminster  London (aged 51 years 234 days) ,
Frank Henry Charters,January 17  1884  Plymouth  Devon ,,Hampshire,,Right-hand bat,,January 25  1953  Boscombe  Hampshire (aged 69 years 8 days) ,
Nicholas Richard Chase,August 5  1987  Birmingham  Warwickshire ,30 years 246 days,Warwickshire 2nd XI,,Right-hand bat,Slow left-arm orthodox,,
Leathley Chater,December 23  1858  Camberwell  London ,,Marylebone Cricket Club,,Right-hand bat,,May 5  1931  Littlehampton  Sussex (aged 72 years 133 days) ,
Dominic Chatfield,date unknown ,,Hertfordshire,,,,,
Charles Henry Chatham,June 18  1910  Tewkesbury  Gloucestershire ,,Worcestershire,,Right-hand bat,Right-arm medium,February 24  1994  Cheltenham  Gloucestershire (aged 83 years 251 days) ,
Kira Meghan Chathli,July 29  1999  Southwark  Surrey ,18 years 253 days,Surrey Women,,,,,
George Chatterton,September 23  1821  Sheffield  Yorkshire ,,Yorkshire,,Right-hand bat,Right-arm slow (underarm),Wicketkeeper,
James Chatterton,April 1  1836  Newark  Nottinghamshire ,,Nottinghamshire,,Right-hand bat,Right-arm slow (roundarm),February 13  1891  Newark  Nottinghamshire (aged 54 years 318 days) ,
Joseph Deeley Chatterton,February 14  1867  Thornsett  Derbyshire ,,Derbyshire,,Right-hand bat,Right-arm slow,November 7  1886  Derby (aged 19 years 266 days) ,
William Chatterton,December 27  1861  Thornsett  Derbyshire ,,England ,,Right-hand bat,,March 19  1913  Flowery Field  Hyde  Cheshire (aged 51 years 82 days) ,
DZ Chaudhry,date unknown ,,Glamorgan 2nd XI,,,,,
Jaffer Ali Chaudhry,March 29  1981  St Albans  Hertfordshire ,37 years 10 days,Hertfordshire,,Right-hand bat,Right-arm fast-medium,,
Navid Chaudhry,January 2  1991  Redhill  Surrey ,27 years 96 days,Surrey 2nd XI,,Right-hand bat,Right-arm fast-medium,,
Sanjay Chauhan,December 12  1966  Delhi  India ,51 years 117 days,Oxford University,,Right-hand bat,Right-arm offbreak,,
Sherrick Dipak Chavda,November 29  1987  Brent  London ,30 years 130 days,Middlesex 2nd XI ,,Right-hand bat,Right-arm offbreak,,
Joshua David Gerald Chaytor,May 13  1903  Knockmaroon  Co Dublin  Ireland ,,Free Foresters,,Right-hand bat,Right-arm fast-medium,March 4  1937  Meerut  Uttar Pradesh  India (aged 33 years 295 days) ,
Philip Mark Cheadle,November 28  1979  Stoke-on-Trent  Staffordshire ,38 years 131 days,Staffordshire,,Left-hand bat,,,
Robert Giles Lenthall Cheatle,July 31  1953  Paddington  London ,64 years 251 days,Surrey ,,Left-hand bat,Slow left-arm orthodox,,
Martin Frederic James Checksfield,April 29  1939  Marylebone  London ,,Oxford University,,Right-hand bat,,March 8  2002  London (aged 62 years 313 days) ,
Colin Norman Jean Cheer,April 21  1988  Boston  Lincolnshire ,29 years 352 days,Lincolnshire,,Right-hand bat,Right-arm medium-fast,Brother - ,
Jonathon Richard Cheer,July 10  1991  Boston  Lincolnshire ,26 years 272 days,Lincolnshire Under-13s ,,Right-hand bat,,Brother - ,
LJ Cheeseman,date unknown ,,,,,,Umpire,
Brian E F Cheesman,date unknown ,,Berkshire,,,Right-arm offbreak,,
R Cheesman,date unknown ,,United England Eleven,,,,,
Thomas Cheesman,1816  Luddesdown  Kent ,,Kent,,,,August 15  1874  Margate  Kent (aged 58 years) ,
John Leslie Cheetham,March 17  1918  Hull  Yorkshire ,,Gentlemen,,Right-hand bat,,Wicketkeeper,
Steven Philip Cheetham,September 5  1987  Oldham  Lancashire ,30 years 215 days,Essex 2nd XI ,,Right-hand bat,Right-arm fast-medium,6 ft 5 in ,
Charles John Chenery,January 1  1850  Lambourn Woodlands  Berkshire ,,Surrey,,Right-hand bat,Right-arm fast,April 17  1928  Mansfield  Victoria  Australia (aged 78 years 107 days) ,
Peter Ralph Cherrington,November 24  1917  Newark  Nottinghamshire ,,Leicestershire,,Right-hand bat,Legbreak googly,January 20  1945  Monywa  Burma (aged 27 years 57 days) ,
Daniel David Cherry,February 7  1980  Newport  Monmouthshire ,38 years 60 days,Glamorgan,,Left-hand bat,Right-arm medium,Tonbridge School  University of Wales,
George Charles Cherry,January 26  1822  Denford  Oxfordshire ,,Oxford University,,,,June 12  1887  Denford House  Berkshire (aged 65 years 137 days) ,
Luke Aaron Cherry,December 8  1989  Milton Keynes  Northamptonshire ,28 years 121 days,Bedfordshire ,,Right-hand bat,Right-arm medium-fast,Vandyke Upper School,
Samuel Andrew Cherry,June 30  1987  Milton Keynes ,30 years 282 days,Buckinghamshire,,Right-hand bat,Right-arm offbreak,,
James Alexander Chervak,April 7  1985  Harrogate ,33 years 1 days,Cambridge MCCU ,,Right-hand bat,,,
Richard Cheslyn,December 17  1797  Langley Priory  Leicestershire ,,Sussex,,,,December 29  1858  Shelford Hills  Nottinghamshire (aged 61 years 12 days) ,
John Robert Chessher,August 21  1962  Banstead  Surrey ,55 years 230 days,Oxford University,,Right-hand bat,Right-arm medium,,
Arthur Chester,December 18  1851  Kingston-upon-Thames  Surrey ,,Surrey,,Right-hand bat,,Umpire,
Charles Chester,February 7  1869  Langley Mill  Eastwood  Nottinghamshire ,,Derbyshire,,Right-hand bat,Right-arm medium,February 9  1940  Forest Town  Mansfield  Nottinghamshire (aged 71 years 2 days) ,
Frank Chester,January 20  1895  Bushey  Hertfordshire ,,Worcestershire,,Left-hand bat,Slow left-arm orthodox,Umpire,
James Chester,May 30  1823  Kingston-upon-Thames  Surrey ,,Surrey,,Right-hand bat,Right-arm medium (roundarm),June 23  1888  Wimbledon  Surrey (aged 65 years 24 days) ,
Algernon William Chester-Master,September 27  1851  Almondsbury  Gloucestershire ,,Gloucestershire,,,,Algernon William Chester Master,
Edgar Chester-Master,May 6  1888  Westminster  London ,,Gloucestershire,,,,Repton School,
Katie Chesters,date unknown ,,Shropshire Women,,,,,
Rachel Louise Chesters,June 17  1998  Shrewsbury  Shropshire ,19 years 295 days,Shropshire Women,,,,,
George Herbert Chesterton,July 15  1922  Chirbury  Shropshire ,,Oxford University ,,Right-hand bat,Right-arm medium,Malvern College; Oxford University,
S Chettithedy,date unknown ,,,,,,Umpire,
Rachael Chettleburgh,November 27  1978 ,39 years 132 days,Norfolk Women,,,,,
Raleigh Charles Joseph Chichester-Constable,December 21  1890  Great Marlow  Buckinghamshire ,,Yorkshire,,Right-hand bat,Right-arm fast,changed name from Raleigh Charles Joseph Chichester in January 1895,
Graham James Chidgey,January 5  1937  Lambeth  London ,81 years 93 days,Free Foresters,,Right-hand bat,Right-arm offbreak,,
Harry Chidgey,July 25  1879  Flax Bourton  Somerset ,,Somerset,,Right-hand bat,,Umpire,
Thomas Alexander Chignell,October 31  1880  Havant  Hampshire ,,Hampshire,,Left-hand bat,Right-arm slow-medium,August 25  1965  Milton  Portsmouth  Hampshire (aged 84 years 298 days) ,
Elizabeth Child,date unknown ,,England Women ,,,,St George's School  Harpenden,
Gordon Edward James Child,November 7  1939  Mumbles  Glamorgan  Wales ,78 years 152 days,Berkshire,,Right-hand bat,,Wicketkeeper,
Childs,date unknown ,,England ,,,,,
DB Childs,date unknown ,,Middlesex 2nd XI,,,,,
John Henry Childs,August 15  1951  Lipson  Plymouth  Devon ,66 years 236 days,England ,,Left-hand bat,,Audley Park Secondary Modern,
Arthur William Childs-Clarke,May 13  1905  Exeter  Devon ,,Middlesex ,,Right-hand bat,,Christ's Hospital,
Mark James Chilton,October 2  1976  Sheffield  Yorkshire ,41 years 188 days,Lancashire,,Right-hand bat,Right-arm medium,Manchester Grammar School; Durham University,
Esmé Fairfax Chinnery,March 28  1886  Hatchford Park  Cobham  Surrey ,,Surrey,,Right-hand bat,,January 18  1915  Issy  Paris  France (aged 28 years 296 days) ,
Harry Brodrick Chinnery,February 6  1876  Teddington  Middlesex ,,Middlesex ,,Right-hand bat,Slow left-arm orthodox,Eton College,
Donald Leslie Chipp,August 21  1925  Melbourne  Victoria ,,Prime Minister's XI,,,,August 28  2006  Epworth Hospital  Melbourne  Victoria (aged 81 years 7 days) ,
Jack Richardson Chisholm,October 9  1924  Enfield  Middlesex ,,Middlesex,,Right-hand bat,Right-arm fast,August 24  1977  Leytonstone  Essex (aged 52 years 319 days) ,
Chitty,date unknown ,,Surrey XI,,,,,
Arthur John Chitty,May 27  1859  Marylebone  London ,,Oxford University,,Right-hand bat,,Wicketkeeper,
Joseph William Chitty,May 28  1828  St Pancras  London ,,Oxford University,,,,February 15  1899  Hyde Park  London (aged 70 years 263 days) ,
SP Chitty,date unknown ,,,,,,Umpire,
Anthony Basil Chivers,December 31  1939  Devizes  Wiltshire ,78 years 98 days,Wiltshire,,,,,
Ian James Chivers,November 5  1964  Southampton  Hampshire ,53 years 154 days,Hampshire,,Right-hand bat,Right-arm offbreak,,
Paul Chivers,October 15  1981  Durham ,36 years 175 days,Durham Cricket Board,,Right-hand bat,Right-arm medium,,
Anthony Edward Choat,September 29  1938  Benfleet  Essex ,79 years 191 days,,,,,Scorer,
Bilal Ashraf Chohan,July 17  1992  Cork  Ireland ,25 years 265 days,Surrey 2nd XI ,,Right-hand bat,Right-arm medium-fast,,
Darshan Chohan,November 4  1995  Singapore ,22 years 155 days,Cambridge MCCU ,,Left-hand bat,Slow left-arm orthodox,Dulwich; St Catharines  Cambridge,
Henry Pitt Cholmondley,June 15  1820  Whitegate  Cheshire ,,Marylebone Cricket Club,,,,April 14  1905  Broadwell-Cum-Adlestrop  Gloucestershire (aged 84 years 303 days) ,
Jack Charles Chopping,August 2  1990  Kettering  Northamptonshire ,27 years 249 days,Bedfordshire,,Right-hand bat,Right-arm fast-medium,,
Varun Chopra,June 21  1987  Barking  Essex ,30 years 291 days,England Lions ,,Right-hand bat,Legbreak googly,Ilford County HS,
Shaaiq Hussain Choudhry,November 3  1985  Rotherham  Yorkshire ,32 years 156 days,Leeds-Bradford UCCE ,,Right-hand bat,Slow left-arm orthodox,,
W Choudry,date unknown ,,Worcestershire 2nd XI,,,,,
Hassan Mohammed Chowdhury,September 3  1988  Whitchapel  London ,29 years 217 days,Middlesex 2nd XI,,Right-hand bat,Right-arm offbreak,,
B Christian,date unknown ,,Hampshire 2nd XI,,,,,
FW Christian,date unknown ,,Great Britain,,,,,
Loren Christian,date unknown ,,Hertfordshire Women,,,,,
HRH Prince Victor Albert Ludwig Ernest Anton Christian of Schleswig-Holstein,April 14  1867  Windsor Castle  Berkshire ,,I Zingari,,Right-hand bat,,Wellington College; Oxford University,
Christie,date unknown ,,Middlesex,,,,,
Grant Christie,date unknown ,,Findon Cricket Club,,,,,
Paul Christie,February 9  1971  Sunderland  Co Durham ,47 years 58 days,Marylebone Cricket Club,,Right-hand bat,Left-arm medium-fast,,
Robert Douglas Christie,March 7  1942  New Delhi  India ,76 years 32 days,Oxford University,,Right-hand bat,Right-arm medium,,
David Anthony Christmas,April 1  1969  Bourne  Lincolnshire ,49 years 7 days,Lincolnshire,,Right-hand bat,Right-arm medium,,
Alfred Millard William Christopher,August 20  1820  Ealing  Middlesex ,,Cambridge University,,,,March 10  1913  Norham  Oxford (aged 92 years 202 days) ,
Jeremy Owen Christophers,March 4  1966  Newton Abbot  Devon ,52 years 35 days,Devon,,Left-hand bat,Slow left-arm orthodox,,
John Clifford Christopherson,June 1  1909  Blackheath  Kent ,,Cambridge University ,,Right-hand bat,Right-arm medium,Administrator,
Percy Christopherson,March 31  1866  Kidbrooke  Blackheath  Kent ,,Kent ,,Right-hand bat,Right-arm medium,May 4  1921  Folkestone  Kent (aged 55 years 34 days) ,
