John W Thallon,date unknown ,,,,,,Umpire,
Steven Thomas Pheasant,June 25  1951  Borough  London ,66 years 287 days,Sussex,,Right-hand bat,Left-arm medium,,
Arthur Henry Phebey,October 1  1924  Catford  London ,,Kent,,Right-hand bat,,June 28  1998  Kingswood  Surrey (aged 73 years 270 days) ,
Patrick John Phelan,February 9  1938  Chingford  Essex ,,Essex,,Left-hand bat,Right-arm offbreak,July 7  2016 (aged 78 years 149 days) ,
Byron Stuart Phelps,December 16  1975  Neath  Glamorgan  Wales ,42 years 113 days,Glamorgan,,Right-hand bat,Slow left-arm orthodox,,
Hannah Elizabeth May Phelps,June 19  1993  Haywards Heath  Sussex ,24 years 293 days,England Cricket Board Development Women's XI ,,Right-hand bat,Right-arm medium,,
Peter Horsley Phelps,February 5  1909  Malvern  Worcestershire ,,Worcestershire,,Right-hand bat,Right-arm medium,October 5  1986  Earlswood  Redhill  Surrey (aged 77 years 242 days) ,
Sally Phelps,date unknown ,,Cambridgeshire and Huntingdonshire Women,,,,,
Simon Douglas Philbrook,October 11  1965  Luton  Bedfordshire ,52 years 179 days,Cumberland,,Right-hand bat,,,
Douglas NR Philip,date unknown ,,Glamorgan 2nd XI,,,,,
John Henry Philipps,January 30  1808  Clifton  Bristol ,,Marylebone Cricket Club,,,,changed name to John Henry Scourfield in 1862,
George Henry Philips,July 18  1831  Andurch  Lancashire ,,Oxford University,,,,October 22  1886  Abbey Cwmhir  Radnorshire  Wales (aged 55 years 96 days) ,
S Philips,date unknown ,,Gloucestershire 2nd XI,,,,,
Stanley Ian Philips,February 4  1920  Tunbridge Wells  Kent ,98 years 63 days,Europeans (India) ,,Right-hand bat,Right-arm medium,,
Hylton Philipson,June 8  1866  Tynemouth  Northumberland ,,England ,,Right-hand bat,,Nephew - ,
Thomas Henry Phillippe,May 1995  Brentwood  Essex ,22 years,Essex 2nd XI ,,,,,
Phillips,date unknown ,,,,,,Umpire,
Abby Phillips,date unknown ,,Northamptonshire Women,,,,,
A Phillips,date unknown ,,Warwickshire 2nd XI,,,,,
Alan Geoffrey Phillips,March 27  1931  Blackburn  Lancashire ,87 years 12 days,Oxford University,,Right-hand bat,Legbreak,,
Alexander James Phillips,August 16  1991  Coventry ,26 years 235 days,Herefordshire ,,Right-hand bat,,Lawrence Sheriff School  Rugby: Loughborough University,
Ben James Phillips,September 30  1974  Lewisham  London ,43 years 190 days,Kent ,,Right-hand bat,Right-arm fast-medium,Langley Park School  Beckenham,
Constantine Phillips,November 2  1746  Chelsham  Surrey ,,Surrey XI,,,,February 14  1811  Chelsham  Surrey (aged 64 years 104 days) ,
Charlotte Phillips,March 4  1995 ,23 years 35 days,Cornwall Women,,,,,
Caitlin Phillips,date unknown ,,Lincolnshire Women,,,,,
David Scott Phillips,March 31  1994  Swansea  Glamorgan  Wales ,24 years 8 days,Cardiff MCCU ,,Right-hand bat,Right-arm medium,,
Edmund Frederick Phillips,January 12  1932  Bridgnorth  Shropshire ,86 years 86 days,Leicestershire,,Right-hand bat,,,
Edward Robert Phillips,June 10  1987  Horton Hospital  Banbury  Oxfordshire ,30 years 302 days,Oxfordshire,,Left-hand bat,,Brother - ,
Edward Stone Phillips,January 18  1883  Ffrwd Vale  Newport  Monmouthshire ,,Cambridge University,,Right-hand bat,,May 8  1915  near Ypres  Belgium (aged 32 years 110 days) ,
Francis Ashley Phillips,April 11  1873  Crumlin Hall  Monmouthshire ,,Oxford University ,,Right-hand bat,Right-arm medium,March 5  1955  Kingsland  Herefordshire (aged 81 years 328 days) ,
Henry Phillips,October 14  1844  Hastings  Sussex ,,Sussex,,Right-hand bat,Slow left-arm orthodox (roundarm),Wicketkeeper,
Hugh Raymond Phillips,April 8  1929  Kuala Lumpur  Malaya ,89 years 0 days,Warwickshire,,Right-hand bat,,,
James Phillips,September 26  1849  Hastings  Sussex ,,Sussex,,Right-hand bat,,January 31  1905  Old Town  Hastings  Sussex (aged 55 years 127 days) ,
James Aubrey Bach Phillips,June 2  1983  Banbury  Oxfordshire ,34 years 310 days,Oxfordshire,,Right-hand bat,Right-arm offbreak,Brother - ,
John Burton Phillips,November 19  1933  Canterbury  Kent ,84 years 140 days,Kent ,,Right-hand bat,Right-arm fast-medium,,
Joseph Herbert Phillips,December 2  1881  Ansley Hall  Warwickshire ,,Warwickshire,,Right-hand bat,Right-arm fast,January 15  1951  Oldbury Grange  Nuneaton  Warwickshire (aged 69 years 44 days) ,
Leslie Jack Phillips,January 20  1899  Leyton  Essex ,,Essex,,Right-hand bat,Slow left-arm orthodox,April 22  1979  Woodford Wells  Essex (aged 80 years 92 days) ,
Nevada Phillips,January 15  1957  Barbados ,61 years 83 days,Berkshire,,Right-hand bat,Right-arm offbreak,,
Nicholas Charles Phillips,May 10  1974  Pembury  Kent ,43 years 333 days,Durham ,,Right-hand bat,Right-arm offbreak,,
Noel Clive Phillips,July 30  1883  Maindee  Newport  Monmouthshire ,,Marylebone Cricket Club ,,Right-hand bat,,August 15  1961  Colwall  Herefordshire (aged 78 years 16 days) ,
Reginald Maurice Phillips,October 19  1897  Newport  Monmouthshire ,,Wales,,,,June 7  1963  Granary  Budleigh Salterton  Devon (aged 65 years 231 days) ,
S Phillips,date unknown ,,,,,,Umpire,
Sadique Martino Phillips,May 21  1982  Jamaica ,35 years 322 days,Nottinghamshire 2nd XI ,,Right-hand bat,Right-arm medium-fast,,
Timothy James Phillips,March 13  1981  Cambridge ,37 years 26 days,Durham MCCU ,,Left-hand bat,Slow left-arm orthodox,Felsted; Durham University,
Walter Phillips,April 1  1881  West Malling  Kent ,,Kent,,,,June 21  1948  Mereworth  Kent (aged 67 years 81 days) ,
William Phillips,December 15  1876  Pendleton  Manchester  Lancashire ,,Lancashire,,,,Umpire,
William David Beauclerk Phillips,April 12  1993  Auckland  New Zealand ,24 years 361 days,Durham MCCU,,Right-hand bat,Right-arm medium,,
Christopher Paul Phillipson,February 10  1952  Vrindaban  India ,66 years 57 days,Sussex,,Right-hand bat,Right-arm medium,,
William Edward Phillipson,December 3  1910  North Reddish  Cheshire ,,Lancashire,,Right-hand bat,Right-arm fast-medium,Umpire,
Henry Gray Philpott,December 20  1829  Brighton  Sussex ,,Sussex,,,,March 29  1880  Brighton  Sussex (aged 50 years 100 days) ,
Douglas David Phipps,July 27  1934  Edmonton  Middlesex ,83 years 255 days,Combined Services,,Right-hand bat,Right-arm fast-medium,,
Herbert Gould Phipps,August 8  1845  Shepton Mallet  Somerset ,,Marylebone Cricket Club,,Right-hand bat,Right-arm slow-medium (roundarm),October 19  1899  Tientsin  China (aged 54 years 72 days) ,
Walter Tudway Phipps,August 8  1845  Shepton Mallet  Somerset ,,Southgate,,Right-hand bat,Right-arm fast (underarm)  Right-arm slow (roundarm),April 28  1902  Shanghai  China (aged 56 years 263 days) ,
Mark John Phythian,April 26  1985  Peterborough ,32 years 347 days,Durham MCCU ,,Right-hand bat,,Oundle School  Durham University,
Picard,date unknown ,,Middlesex,,,,,
Robert Andrew Pick,November 19  1963  Nottingham ,54 years 140 days,Nottinghamshire ,,Left-hand bat,Right-arm fast-medium,Coach,
Erin Mary Pickard,May 5  1999  Chiltern  Buckinghamshire ,18 years 338 days,Buckinghamshire Women,,,,,
Henry Adair Pickard,1832  Worksop  Nottinghamshire ,,Gentlemen of England,,,,September 28  1905  Oxford (aged 73 years) ,
Michael Pickard,date unknown ,,Bedfordshire,,,,,
Arthur Pickering,1878 ,,Gloucestershire ,,,,December 15  1939  Cotham  Bristol (aged 61 years) ,
Edward Hayes Pickering,May 21  1807  Clapham  London ,,Cambridge University ,,Right-hand bat,,Brother - ,
Francis Percy Umfreville Pickering,August 4  1851  Shipton  York ,,Oxford University ,,Right-hand bat,Right-arm fast (underarm),Uncle - ,
George Smith Pickering,date unknown ,,Marylebone Cricket Club,,,,,
Harry Gordon Pickering,January 18  1917  Hackney  London ,,Essex ,,Right-hand bat,Right-arm slow,March 4  1984  Seaford  Sussex (aged 67 years 46 days) ,
Henry Thomas Pickering,February 25  1995  Sidcup  Kent ,23 years 42 days,Kent 2nd XI ,,Left-hand bat,Slow left-arm orthodox,Beths Grammar School  Bexley,
Joshua Andrew Shaw Pickering,February 13  1991  London ,27 years 54 days,Wiltshire,,Right-hand bat,Legbreak,,
Matthew John Pickering,January 23  1980  Kirby Muxloe  Leicestershire ,38 years 75 days,Cambridgeshire ,,,,,
Oliver J Pickering,date unknown ,,Leicestershire 2nd XI,,,,,
Percival Andree Pickering,February 8  1810  London ,,Surrey,,,,Brother - ,
Peter Barlow Pickering,March 24  1926  York ,92 years 15 days,Northamptonshire,,Right-hand bat,,,
William Percival Pickering,October 25  1819  Clapham  London ,,Cambridge Town Club ,,Right-hand bat,Left-arm medium (roundarm),Brother - ,
Anthony Pickett,August 5  1973  Luton  Bedfordshire ,44 years 246 days,Hertfordshire,,,,,
Christopher Arthur Pickett,August 26  1926  Hedgerley  Buckinghamshire ,,Buckinghamshire ,,Left-hand bat,Left-arm fast  Slow left-arm orthodox,October 1995  Buckinghamshire (aged 69 years) ,
Henry Pickett,March 26  1862  Stratford  Essex ,,Essex,,Right-hand bat,Right-arm fast,October 3  1907  Aberavon  Glamorgan  Wales (aged 45 years 191 days) ,
William Pickett,1805  Streatham  Surrey ,,Sussex,,,,December 7  1849  Brighton  Sussex (aged 44 years) ,
Henry Pickford,date unknown ,,Lancashire,,,,,
Christopher Stephen Pickles,January 30  1966  Mirfield  Yorkshire ,52 years 68 days,Yorkshire,,Right-hand bat,Right-arm medium,,
David Pickles,November 16  1935  Halifax  Yorkshire ,82 years 143 days,Yorkshire,,Right-hand bat,Right-arm fast-medium,,
Lewis Pickles,September 17  1932  Wakefield  Yorkshire ,85 years 203 days,Somerset,,Right-hand bat,Right-arm offbreak,,
George Picknell,November 29  1813  Green Farm  Chalvington  Sussex ,,Sussex,,Right-hand bat,Right-arm fast (roundarm),Brother - ,
Robert Picknell,June 2  1816  Green Farm  Chalvington  Sussex ,,Sussex,,Right-hand bat,,Brother - ,
Harold Pickthall,July 31  1896  Burnley  Lancashire ,,Marylebone Cricket Club,,,,August 8  1965  Fulwood  Preston  Lancashire (aged 69 years 8 days) ,
James Kenneth Pickup,September 25  1952  Stalybridge  Cheshire ,65 years 195 days,Cheshire ,,Right-hand bat,,Wicketkeeper,
L Pickworth,date unknown ,,Cambridge University Women,,Right-hand bat,,,
Paul John Pickworth,September 22  1958  Corbridge  Northumberland ,59 years 198 days,Northumberland,,Right-hand bat,,,
Edwin Philip Picton,August 23  1949  Blackpool  Lancashire ,68 years 228 days,Devon,,Left-hand bat,,,
Charles Alexander Pidcock,August 27  1850  Bareilly  Uttar Pradesh  India ,,England,,Right-hand bat,,Wicketkeeper,
Nigel E Piddock,date unknown ,,England,,,,Umpire,
Charles Joseph Pierpoint,September 1  1795  Lindfield  Sussex ,,Sussex,,,,details unknown ,
Frederick George Pierpoint,April 24  1915  Walworth  London ,,Surrey,,Right-hand bat,Right-arm fast-medium,July 1997  Wrekin  Shropshire (aged 82 years) ,
Thomas Pierpoint,September 15  1789  Lindfield  Sussex ,,Sussex,,,,June 12  1849  Brighton  Sussex (aged 59 years 270 days) ,
Duval Richard Pierre,February 6  1998  Bristol ,20 years 61 days,Gloucestershire 2nd XI,,Right-hand bat,Right-arm medium,,
Adrian Roger Kirshaw Pierson,July 21  1963  Enfield  Middlesex ,54 years 261 days,Cambridgeshire ,,Right-hand bat,Right-arm offbreak,Kent College  Canterbury  Hatfield Poly,
Christopher Damien Piesley,March 12  1992  Chatham  Kent ,26 years 27 days,Kent ,,Left-hand bat,Right-arm offbreak,Brother - ,
Richard Liam Piesley,June 16  1986  Chatham  Kent ,31 years 296 days,Kent 2nd XI ,,Right-hand bat,,Brother - ,
Shaun Thomas Steven Piesley,March 17  1995  Chatham  Kent ,23 years 22 days,Kent 2nd XI ,,Left-hand bat,,Brother - ,
Kevin Peter Pietersen,June 27  1980  Pietermaritzburg  Natal ,37 years 285 days,England ,Top-order batsman,Right-hand bat,Right-arm offbreak,Maritzburg College  University of SA,
Charles Pigg,September 4  1856  Layston  Buntingford  Hertfordshire ,,Cambridge University,,Right-hand bat,Right-arm slow (roundarm),Twin brother - ,
Herbert Pigg,September 4  1856  Layston  Buntingford  Hertfordshire ,,Cambridge University,,Right-hand bat,Right-arm fast (roundarm),Twin brother - ,
Julian Ito Piggott,March 25  1888  Tokyo  Japan ,,Surrey,,Right-hand bat,,January 23  1965  Coldharbour  Dorking  Surrey (aged 76 years 304 days) ,
Anthony Charles Shackleton Pigott,June 4  1958  Fulham  London ,59 years 308 days,England ,,Right-hand bat,Right-arm fast-medium,Harrow School,
Frederick John Pigou,March 27  1815  Calcutta (now Kolkata)  West Bengal  India ,,Marylebone Cricket Club,,,,February 7  1847  Gilbert Street  Grosvenor Square  London (aged 31 years 317 days) ,
Pike,date unknown ,,Colonel Byng's XI,,,,,
Arthur Pike,December 25  1862  Keyworth  Nottinghamshire ,,Nottinghamshire,,Right-hand bat,,Wicketkeeper,
David Robert Pike,September 5  1963  Swindon  Wiltshire ,54 years 215 days,Wiltshire,,Right-hand bat,Left-arm medium,,
Oliver Lee Pike,April 2  1998  Bridgend ,20 years 6 days,Glamorgan 2nd XI ,,Right-hand bat,Right-arm medium,,
Vyvian John Pike,August 13  1969  Taunton  Somerset ,48 years 238 days,Dorset ,,Right-hand bat,Legbreak,,
David George Pilch,February 2  1943  West Kirby  Cheshire ,75 years 65 days,Minor Counties ,,Right-hand bat,Right-arm medium,,
Fuller Pilch,March 17  1804  Horningtoft  Norfolk ,,Cambridge Town Club ,,Right-hand bat,Right-arm slow (roundarm),Brother - ,
Nathaniel Pilch,September 4  1793  Brisley  Norfolk ,,Norfolk,,,,Brother - ,
William Pilch,June 18  1820  Brinton  Norfolk ,,Kent,,Right-hand bat,,Uncle - ,
William Pilch,November 4  1794  Horningtoft  Norfolk ,,Norfolk,,,,Brother - ,
John Pilcher,1766 ,,Kent XI,,,,March 16  1838  Canterbury  Kent (aged 72 years) ,
Pile,date unknown ,,Norfolk,,,,,
Pile,date unknown ,,,,Right-hand bat,Right-arm offbreak,Umpire,
Richard Leslie Pilgrim,June 13  1982  Sheffield  Yorkshire ,35 years 299 days,Nottinghamshire Cricket Board,,Right-hand bat,Right-arm offbreak,,
Alfred Frederick Pilkington,April 22  1901  Camberwell  London ,,Surrey,,,Right-arm medium,August 27  1986  Epsom  Surrey (aged 85 years 127 days) ,
Charles Carlisle Pilkington,December 13  1876  Woolton  Liverpool  Lancashire ,,Lancashire ,,Right-hand bat,Right-arm medium,Brother - ,
Charles Henry Pilkington,December 3  1837  Southampton  Hampshire ,,Oxford University,,,,March 22  1900  Upper Heyford  Oxfordshire (aged 62 years 109 days) ,
Hubert Carlisle Pilkington,October 23  1879  Woolton  Liverpool  Lancashire ,,Middlesex ,,Right-hand bat,Right-arm slow,Brother - ,
Thomas Alec Pilkington,November 30  1906  Westminster  London ,,Marylebone Cricket Club,,,,Father - ,
W Pilkington,date unknown ,,Oxford University,,,,June 2  1832  Chichester  Sussex ,
Albert Alexander Pillans,February 25  1869  Dickoya  Ceylon ,,Hampshire,,Right-hand bat,,November 28  1901  Maskeliya  Ceylon (aged 32 years 276 days) ,
Harry Pilling,February 23  1943  Ashton-under-Lyne  Lancashire ,,Lancashire,,Right-hand bat,Right-arm offbreak,September 22  2012 (aged 69 years 212 days) ,
Mary Pilling,December 14  1938  Cheshire ,79 years 115 days,East Women ,,,,Mary Evans,
Richard Pilling,August 11  1855  Old Warden  Bedfordshire ,,England ,,Right-hand bat,,Wicketkeeper,
William Pilling,November 5  1857  Church  Lancashire ,,Lancashire,,,,Wicketkeeper,
Uriah Pillion,date unknown ,,Kent,,,,,
Charles Robert Pimlott,February 25  1979  Stockport  Cheshire ,39 years 42 days,Cambridge University,,Right-hand bat,Right-arm fast-medium,,
M Pimlott,date unknown ,,Sedbergh School,,,,,
Francis Brewster Pinch,February 24  1891  Bodmin  Cornwall ,,Glamorgan ,,Right-hand bat,Right-arm medium,October 8  1961  Ashford  Kent (aged 70 years 226 days) ,
George Pinder,July 15  1841  Ecclesfield  Sheffield  Yorkshire ,,Yorkshire,,Right-hand bat,(unknown arm) slow (underarm),Wicketkeeper,
Richard William Pineo,February 11  1975  Ipswich  Suffolk ,43 years 56 days,Suffolk,,Right-hand bat,Right-arm fast,,
Reginald Gordon Cecil Pinfield,December 31  1894  Chippenham  Wiltshire ,,Sussex,,,,February 2  1972  Branksome  Dorset (aged 77 years 33 days) ,
Alfred Pink,June 1  1853  Fratton Bridge  Portsmouth  Hampshire ,,Hampshire,,Right-hand bat,Right-arm medium,January 12  1931  Portsmouth  Hampshire (aged 77 years 225 days) ,
Craig Paul Pink,September 10  1983  Whitehaven  Cumberland ,34 years 210 days,Cumberland,,Right-hand bat,,,
Hubert Selwyn Pink,November 12  1878  Chapel-en-le-Frith  Derbyshire ,,Derbyshire,,Right-hand bat,,November 25  1946  Chapel-en-le-Frith  Derbyshire (aged 68 years 13 days) ,
J Pinn,date unknown ,,Essex 2nd XI,,,,,
Neil Douglas Pinner,September 28  1990  Wordsley  Stourbridge  Worcestershire ,27 years 192 days,Worcestershire ,,Right-hand bat,Right-arm offbreak,,
William Gladstone Pinner,September 26  1877  Wednesbury  Staffordshire ,,Northamptonshire,,,,July 6  1944  Wednesbury  Staffordshire (aged 66 years 284 days) ,
Steffan Andreas Piolet,August 8  1988  Redhill  Surrey ,29 years 243 days,Sussex ,,Right-hand bat,Right-arm medium,,
David James Pipe,December 16  1977  Bradford  Yorkshire ,40 years 113 days,Derbyshire ,,Right-hand bat,,Queensbury Upper School,
James Peter Piper,February 6  1833  Cambridge ,,Cambridge Town Club,,,,July 5  1896  Bedford (aged 63 years 150 days) ,
James William Steuart Piper,June 9  1976  Sheffield  Yorkshire ,41 years 303 days,Cambridge University,,Left-hand bat,Legbreak googly,Repton,
Keith John Piper,December 18  1969  Leicester ,48 years 111 days,Warwickshire,,Right-hand bat,,Wicketkeeper,
David John Pipes,April 26  1977  Lincoln ,40 years 347 days,Lincolnshire ,,Right-hand bat,Right-arm medium,,
Francis Stafford Pipe-Wolferstan,October 14  1826  Stafford ,,Oxford University,,,,November 3  1900  Stafford Hall  Staffordshire (aged 74 years 20 days) ,
David William Pippett,April 1  1973  Wells  Somerset ,45 years 7 days,Somerset 2nd XI ,,Right-hand bat,Left-arm medium-fast,,
Nicholas Gordon Pirihi,April 19  1977  Whangarei  Northland  New Zealand ,40 years 354 days,Oxford University,,Right-hand bat,,,
Patrick Pisel,September 8  1994 ,23 years 212 days,Northern Territory ,,Right-hand bat,Right-arm medium,,
Nicholas D Pishos,date unknown  Australia ,,Huntingdonshire,,,,,
Alexander Pitcairn,date unknown ,,Hampshire XI ,,,,November 17  1814  Eynsford  Kent ,
Christopher Michael Pitcher,August 26  1973  Croydon  Surrey ,44 years 225 days,Cambridge University,,Right-hand bat,Right-arm medium,,
Justin Pitcher,date unknown ,,,,,,Umpire,
Nicholas William Pitcher,May 28  1966  Welwyn Garden City  Hertfordshire ,51 years 315 days,Berkshire,,Right-hand bat,Right-arm fast-medium,,
Robert James Pitcher,April 29  1964  Welwyn Garden City  Hertfordshire ,53 years 344 days,Berkshire,,Right-hand bat,Slow left-arm orthodox,,
Harry Pitchford,February 11  1891  Wing  Buckinghamshire ,,Minor Counties,,Right-hand bat,Right-arm slow,July 11  1965  Aylesbury  Buckinghamshire (aged 74 years 150 days) ,
Leonard Pitchford,December 4  1900  Wing  Buckinghamshire ,,Glamorgan,,Right-hand bat,Right-arm offbreak,May 10  1992  Clydach  Glamorgan  Wales (aged 91 years 158 days) ,
Evie Pitman,date unknown ,,Devon Women,,,,,
Raymond Walter Charles Pitman,February 21  1933  Bartley  Hampshire ,,Hampshire,,Right-hand bat,Right-arm medium-fast,June 5  1998  Rhos-on-Sea  Denbighshire  Wales (aged 65 years 104 days) ,
John Anthony Pitt,January 30  1939  Dewsbury  Yorkshire ,79 years 68 days,Combined Services,,Right-hand bat,Right-arm medium,,
Thomas Alfred Pitt,September 19  1892  Hardingstone  Northamptonshire ,,Northamptonshire,,Right-hand bat,Right-arm medium,April 22  1957  Far Cotton  Northampton (aged 64 years 215 days) ,
William Pitt,1800 ,,Marylebone Cricket Club,,,,May 25  1871  Collumpton  Devon (aged 71 years) ,
G Pittham,date unknown ,,The Bunburys,,,,,
Megan Kate Pittman,September 6  1998  Derby ,19 years 214 days,Derbyshire Women,,,,Wicketkeeper,
George Henry Pitts,date unknown ,,Left-Handed,,,,1847  Kensington  London ,
George James Stuart Pitts,October 6  1878  St John's  Newfoundland  Canada ,,Middlesex,,Right-hand bat,Right-arm fast,July 27  1939  Westbrook  Margate  Kent (aged 60 years 294 days) ,
Winston Place,December 7  1914  Rawtenstall  Lancashire ,,England ,,Right-hand bat,,January 25  2002  Burnley  Lancashire (aged 87 years 49 days) ,
George Plank,January 14  1796  Devizes  Wiltshire ,,Gentlemen,,,,October 31  1868  Worthing  Sussex (aged 72 years 291 days) ,
Alastair Richard Plant,June 9  1967  Lincoln ,50 years 303 days,Lincolnshire,,Right-hand bat,,Occasional wicketkeeper,
Sheila Margaret Plant,February 19  1936  Birmingham  Warwickshire ,82 years 48 days,England Women ,,,,,
Geoffrey Plaskitt,April 29  1940  Grimsby  Lincolnshire ,77 years 344 days,Lincolnshire ,,Right-hand bat,Right-arm fast,,
Matthew James Plater,October 1995  Norwich  Norfolk ,22 years,Northamptonshire 2nd XI,,,,,
Benjamin William Whiteley Platt,April 20  1980  St Asaph  Flintshire  Wales ,37 years 353 days,Leeds/Bradford MCCU ,,Left-hand bat,Slow left-arm orthodox,,
George John William Platt,June 9  1881  Richmond-upon-Thames  Surrey ,,Surrey,,Right-hand bat,Right-arm medium  Right-arm offbreak,April 14  1955  Old Hill  Staffordshire (aged 73 years 309 days) ,
Robert Kenworthy Platt,December 26  1932  Holmfirth  Yorkshire ,85 years 103 days,Northamptonshire ,,Right-hand bat,Right-arm medium,,
Spencer Platt,August 24  1974  Coventry  Warwickshire ,43 years 227 days,Warwickshire Cricket Board,,Left-hand bat,,Wicketkeeper,
Greg Christopher Platten,July 23  1991  Whitehaven  Cumbria ,26 years 259 days,Cumberland,,Right-hand bat,,,
John Thomas Brown Dumelow Platts,November 23  1848  Chellaston  Derbyshire ,,Derbyshire,,Left-hand bat,Right-arm fast  Right-arm slow (roundarm),August 6  1898  Derby (aged 49 years 256 days) ,
James Edward Pleass,May 21  1923  Cardiff  Glamorgan  Wales ,94 years 322 days,Glamorgan,,Right-hand bat,,,
Nigel Trevor Plews,September 5  1934  Nottingham ,,,,,,Mundella Grammar School  Nottingham,
Helen Clare Plimmer,June 3  1965  Solomon Islands ,52 years 309 days,England Women ,,,,,
Jack Henry Plom,August 27  1999  Basildon  Essex ,18 years 224 days,England Under-19s ,,Left-hand bat,Right-arm fast-medium,,
Henry Meredyth Plowden,September 26  1840  Sylhet  India ,,Cambridge University ,,Right-hand bat,Right-arm offbreak (roundarm),January 8  1920  Sunninghill  Berkshire (aged 79 years 104 days) ,
Robert John Plowman,August 26  1950  Bedford ,67 years 225 days,Bedfordshire,,Left-hand bat,Right-arm medium,,
Fiona Gail Plumb,January 14  1998  Peterborough  Cambridgeshire ,20 years 84 days,Cambridgeshire and Huntingdonshire Women,,,,,
Katie Ann Plumb,January 14  1998  Peterborough  Cambridgeshire ,20 years 84 days,Cambridgeshire and Huntingdonshire Women,,,,,
Stephen George Plumb,January 17  1954  Wimbish  Essex ,64 years 81 days,Essex ,,Right-hand bat,Right-arm medium  Right-arm offbreak,,
Thomas Plumb,July 26  1833  Aylesbury  Buckinghamshire ,,North of England ,,Right-hand bat,Right-arm medium,Wicketkeeper,
Charles George Plumer,1837  Canons Park  Edgware  Middlesex ,,Sussex,,,,March 18  1914  Cheltenham  Gloucestershire (aged 77 years) ,
Peter John Plummer,January 28  1947  Nottingham ,71 years 70 days,Nottinghamshire,,Right-hand bat,Slow left-arm orthodox,,
Liam Edward Plunkett,April 6  1985  Middlesbrough  Yorkshire ,33 years 2 days,England ,Bowler,Right-hand bat,Right-arm fast,Nunthorpe Comprehensive,
Duncan Pocklington,June 18  1841  Walesby  Nottinghamshire ,,Gentlemen of the North,,,,June 1  1870  Pimlico  Westminster  London (aged 28 years 348 days) ,
John Pocknee,January 3  1860  Brighton  Sussex ,,Middlesex,,,,Wicketkeeper,
Cliff George Pocock,December 8  1947  Henley-on-Thames  Oxfordshire ,,,,,,Umpire,
Howard John Pocock,April 8  1921  Maidstone  Kent ,,Kent,,Right-hand bat,,August 10  2003  Sutton Valence  Kent (aged 82 years 124 days) ,
JA Pocock,date unknown ,,Valley End,,,,,
Nicholas Edward Julian Pocock,December 15  1951  Maracaibo  Venezuela ,66 years 114 days,Hampshire,,Right-hand bat,Left-arm medium,,
Patrick Ian Pocock,September 24  1946  Bangor  Caernarvonshire  Wales ,71 years 196 days,England ,,Right-hand bat,Right-arm offbreak,Merton C of E Secondary: Wimbledon Technical College,
Harry William Podmore,July 23  1994  Queen Charlotte Hospital  Hammersmith  Middlesex ,23 years 259 days,Derbyshire ,,Right-hand bat,Right-arm medium,,
Graham Alan Pointer,May 2  1967  Lewisham  London ,50 years 341 days,Cambridge University,,Right-hand bat,Left-arm medium-fast,,
John Pointer,1782 ,,Hampshire,,,,1815 (aged 33 years) ,
Martyn Pointer,date unknown ,,,,,,Umpire,
Samuel Martin James Pointer,November 15  1996  Darlinghurst  Sydney  Australia ,21 years 144 days,Norfolk,,,,,
Frederick William Poland,October 10  1858  Shepherd's Bush  London ,,Cambridge University,,Right-hand bat,,Wicketkeeper,
Polden,date unknown ,,England,,,,,
Edward Pole,September 1  1805  Barford  Wiltshire ,,Oxford University,,,,May 22  1890  Tredis  Cornwall (aged 84 years 263 days) ,
David Andrew Polkinghorne,April 20  1964  Durban  Natal  South Africa ,53 years 353 days,Oxford University,,Right-hand bat,Right-arm offbreak,,
Brian William Poll,January 5  1941  Cheltenham  Gloucestershire ,77 years 93 days,Buckinghamshire,,Right-hand bat,,Wicketkeeper,
David Pollard,August 7  1835  Cowmes  Huddersfield  Yorkshire ,,Yorkshire,,Right-hand bat,Right-arm medium,March 26  1909  Lepton  Huddersfield  Yorkshire (aged 73 years 231 days) ,
Lee Gordon Pollard,May 26  1979  Kettering  Northamptonshire ,38 years 317 days,Bedfordshire ,,Right-hand bat,Right-arm medium,,
Michael Pollard,date unknown ,,Elite International Cricket Academy ,,,,,
Martin Lee Pollard,August 2  1977  Shotley Bridge  County Durham ,40 years 249 days,Northumberland,,Right-hand bat,Right-arm medium-fast,,
P Pollard,date unknown ,,,,,,Umpire,
Paul Raymond Pollard,September 24  1968  Nottingham ,49 years 196 days,Lincolnshire ,,Left-hand bat,Right-arm medium,Umpire,
Richard Pollard,June 19  1912  Westhoughton  Lancashire ,,England ,,Right-hand bat,Right-arm fast-medium,December 16  1985  Westhoughton  Lancashire (aged 73 years 180 days) ,
Stephen Paul Pollard,March 13  1971  Penzance  Cornwall ,47 years 26 days,Cornwall,,Right-hand bat,,,
Amanda Polley,date unknown ,,Suffolk Women,,,,,
Sean Robert Polley,April 27  1981  Basra  Iraq ,36 years 346 days,Durham MCCU,,Right-hand bat,Right-arm medium-fast,,
Vivian Ralph Polley,December 22  1880  Fulham  London ,,Middlesex,,Right-hand bat,Right-arm fast,February 12  1967  Elm Grove  Brighton  Sussex (aged 86 years 52 days) ,
George Pollitt,June 3  1874  Chickenley  Yorkshire ,,Yorkshire,,,,details unknown ,
James Peter Pollitt,1826  St Leonards  Sussex ,,Hampshire ,,,,1860  Brighton  Sussex (aged 34 years) ,
Tom Urquhart Pollitt,July 14  1900  Farnham  Surrey ,,Royal Air Force,,Left-hand bat,,August 13  1979  Ely  Cambridgeshire (aged 79 years 30 days) ,
Angus John Pollock,April 19  1962  Liversedge  Yorkshire ,55 years 354 days,Cambridge University,,Right-hand bat,Right-arm medium,Son - ,
Alasdair William Pollock,October 24  1993  High Wycombe  Buckinghamshire ,24 years 166 days,Cambridge MCCU ,,Right-hand bat,Right-arm medium-fast,Father - ,
Edward John Pollock,July 10  1995  High Wycombe  Buckinghamshire ,22 years 272 days,Durham MCCU ,,Left-hand bat,Right-arm offbreak,Father - ,
Arnold Ashworth Pomfret,June 1  1900  Blackpool  Lancashire ,,Royal Navy,,Right-hand bat,Right-arm fast-medium,April 3  1984  Taunton  Somerset (aged 83 years 307 days) ,
Robert Henry Pomphrey,October 6  1944  Warminster  Wiltshire ,73 years 184 days,Hertfordshire ,,Right-hand bat,,,
Alan Mervyn Ponder,August 22  1947  Cambridge ,70 years 229 days,Cambridgeshire,,Left-hand bat,,Wicketkeeper,
Cecil Brabazon Ponsonby,December 26  1889  Gravesend  Kent ,,Worcestershire,,Right-hand bat,,Wicketkeeper,
Frederick George Brabazon Ponsonby,September 11  1815  Marylebone  London ,,Cambridge Town Club ,,Right-hand bat,,Brother - ,
John George Brabazon Ponsonby,October 14  1809  Marylebone  London ,,Marylebone Cricket Club,,,,Brother - ,
John Henry Ponsonby,July 21  1848  Westminster  London ,,Marylebone Cricket Club,,Right-hand bat,Right-arm slow (underarm),Father - ,
Richard Arthur Brabazon Ponsonby,January 8  1878  Westminster  London ,,Marylebone Cricket Club,,,,Grandfather - ,
Spencer Cecil Brabazon Ponsonby,March 14  1824  Mayfair  Westminster  London ,,Middlesex ,,Right-hand bat,,Brother - ,
Barbara Grace Pont,December 20  1933  Hastings  Sussex ,84 years 109 days,England Women ,,,,,
Ian Leslie Pont,August 28  1961  Brentwood  Essex ,56 years 223 days,Buckinghamshire ,,Right-hand bat,Right-arm fast,Brother - ,
Keith Rupert Pont,January 16  1953  Wanstead  Essex ,65 years 82 days,Essex,,Right-hand bat,Right-arm medium,Brother - ,
Nicholas James Pont,December 4  1979  Keighley  Yorkshire ,38 years 125 days,Bedfordshire ,,Right-hand bat,Right-arm fast-medium,,
Alfred Pontifex,March 17  1842  London ,,Gloucestershire,,,,August 25  1930  Weston  Bath  Somerset (aged 88 years 161 days) ,
Charles Pontifex,June 5  1831  London ,,Cambridge University,,,,July 27  1912  South Kensington  London (aged 81 years 52 days) ,
Dudley David Pontifex,February 12  1855  Weston  Bath  Somerset ,,Somerset ,,Right-hand bat,,September 27  1934  West Dulwich  London (aged 79 years 227 days) ,
John Pontifex,February 11  1796  Holborn  London ,,Godalming,,,,May 7  1875  Westminster  London (aged 79 years 85 days) ,
J Pontifex,date unknown ,,Middlesex,,,,,
S Pontifex,date unknown ,,Godalming,,,,,
Neil Robert Pook,February 9  1967  Rainham  Essex ,51 years 58 days,Essex ,,Right-hand bat,Right-arm medium,,
Charles James Tomlin Pool,January 21  1876  Northampton ,,Northamptonshire,,Right-hand bat,,October 13  1954  Epsom  Surrey (aged 78 years 265 days) ,
Poole,date unknown ,,Oxford University,,,,,
Arthur Bertram Poole,June 30  1907  Bedford ,,Minor Counties,,Right-hand bat,,Administrator,
Andrew Keith Poole,July 2  1967  Middlesbrough  Yorkshire ,50 years 280 days,Suffolk,,Right-hand bat,Right-arm fast-medium,,
B Poole,date unknown ,,Suffolk,,,,,
Cyril John Poole,March 13  1921  Forest Town  Mansfield  Nottinghamshire ,,England ,,Left-hand bat,Left-arm medium,Wicketkeeper,
Darel Lesley Poole,August 11  1986  Reading  Berkshire ,31 years 240 days,Shropshire Women,,,,,
Kenneth John Poole,April 27  1934  Thurgarton  Nottinghamshire ,83 years 346 days,Nottinghamshire,,Right-hand bat,Right-arm medium-fast,,
Nathan Joseph Poole,June 26  1993  Bury St Edmunds  Suffolk ,24 years 286 days,Suffolk ,,Right-hand bat,,Wicketkeeper,
SW Poole,date unknown ,,,,,,Umpire,
Edward William Pooley,February 13  1842  Chepstow  Monmouthshire ,,England ,,Right-hand bat,,Brother - ,
Frederick William Pooley,April 7  1852  Richmond-upon-Thames  Surrey ,,Surrey,,Right-hand bat,,Brother - ,
Jason Calvin Pooley,August 8  1969  Hammersmith  London ,48 years 243 days,Middlesex,,Left-hand bat,Right-arm offbreak,Coach,
Malcolm William Pooley,July 27  1969  Truro  Cornwall ,48 years 255 days,Gloucestershire,,Right-hand bat,Right-arm medium,,
Andrew Noble Pope,November 14  1881  Clifton  Bristol ,,Gloucestershire,,,,April 18  1942  Lansdown  Cheltenham  Gloucestershire (aged 60 years 155 days) ,
Alfred Vardy Pope,August 15  1909  Tibshelf  Derbyshire ,,Derbyshire,,Right-hand bat,Right-arm fast-medium  Right-arm offbreak,May 11  1996  Derby (aged 86 years 270 days) ,
Charles George Pope,January 21  1872  Sandy Park  Bedfordshire ,,Cambridge University,,Right-hand bat,Right-arm medium-fast,January 31  1959  Bashley Lodge  New Milton  Hampshire (aged 87 years 10 days) ,
D Pope,date unknown ,,Leicestershire 2nd XI,,,,,
Dudley Fairbridge Pope,October 28  1906  Barnes  Surrey ,,Essex ,,Right-hand bat,,September 8  1934  Writtle  Essex (aged 27 years 315 days) ,
George Henry Pope,January 27  1911  Tibshelf  Derbyshire ,,England ,,Right-hand bat,Right-arm fast-medium,October 29  1993  Spital  Chesterfield  Derbyshire (aged 82 years 275 days) ,
Harold Pope,May 10  1919  Chesterfield  Derbyshire ,,Derbyshire,,Right-hand bat,Legbreak,June 20  2000  Chesterfield  Derbyshire (aged 81 years 41 days) ,
Joel Ian Pope,October 23  1988  Ashford  Middlesex ,29 years 167 days,Leicestershire ,,Right-hand bat,,Uncle - ,
Millicent Tinsel Pope,December 17  1998  Camden  Middlesex ,19 years 112 days,Middlesex Women,,Right-hand bat,Right-arm medium,,
Oliver John Douglas Pope,January 2  1998  Chelsea  Middlesex ,20 years 96 days,England Under-19s ,,Right-hand bat,,Cranleigh School  Surrey,
Stephen Pope,November 5  1983  Reading ,34 years 154 days,Cardiff MCCU,,Right-hand bat,Right-arm offbreak,,
Stephen Patrick Pope,January 25  1983  Cheltenham  Gloucestershire ,35 years 73 days,Gloucestershire ,,Right-hand bat,,Wicketkeeper,
Francis Leyborne Popham,October 14  1809  Ramsbury  Wiltshire ,,Oxford University,,,,July 30  1880  Niton  Isle Of Wight (aged 70 years 290 days) ,
Jack R Popham,November 13  1994  Barnstaple ,23 years 146 days,Devon ,,Right-hand bat,Right-arm fast-medium,Pilton Community College  Barnstaple,
Reginald Francis Popham,January 8  1892  Kensington  London ,,Marylebone Cricket Club,,Right-hand bat,,Repton,
HG Popplewell,date unknown ,,Somerset 2nd XI,,,,,
Nigel Francis Mark Popplewell,August 8  1957  Chislehurst  Kent ,60 years 243 days,Cambridge University ,,Right-hand bat,Right-arm medium,,
Oliver Bury Popplewell,August 15  1927  Northwood  Middlesex ,90 years 236 days,Cambridge University,,Right-hand bat,,Wicketkeeper,
Robert Bagehot Porch,April 3  1875  Weston-super-Mare  Somerset ,,Somerset,,Right-hand bat,Legbreak,October 29  1962  Great Malvern  Worcestershire (aged 87 years 209 days) ,
George Du Pre Porcher,1825 ,,Marylebone Cricket Club,,,,March 10  1876  Hyde Park  London (aged 51 years) ,
Gerald Herbert Portal,March 13  1858  Laverstoke Park  Hampshire ,,I Zingari,,Right-hand bat,Left-arm fast,January 25  1894  Westminster  London (aged 35 years 318 days) ,
Porter,date unknown ,,Cambridge Town Club,,,,,
Arthur Porter,March 25  1914  Clayton-le-Moors  Lancashire ,,Glamorgan,,Right-hand bat,Right-arm medium  Right-arm offbreak,February 20  1994  Newport  Monmouthshire (aged 79 years 332 days) ,
Albert Lavington Porter,January 20  1864  Croydon  Surrey ,,Hampshire ,,,,December 14  1937  Tiverton  Devon (aged 73 years 328 days) ,
David Anthony Porter,January 18  1982  Reading  Berkshire ,36 years 80 days,Berkshire,,Left-hand bat,Left-arm fast-medium,,
Edward Horatio Porter,October 13  1846  Liverpool  Lancashire ,,Lancashire,,Right-hand bat,Right-arm medium (roundarm),October 31  1918  Hooton  Cheshire (aged 72 years 18 days) ,
Eloise Mary Porter,April 16  1992  Oxford ,25 years 357 days,Oxfordshire Women,,,,,
George Porter,December 3  1861  Kilburn  Derbyshire ,,Derbyshire,,Right-hand bat,Right-arm fast-medium,Umpire,
Genevieve Ann Porter,January 6  1990  Oxford  England ,28 years 92 days,Oxfordshire Women,,,,,
Henry James Porter,date unknown ,,Nottinghamshire,,,,December 19  1878  Sheffield  Yorkshire ,
Hugh Lachlan Porter,January 25  1911  Kensington  London ,,Minor Counties,,Right-hand bat,Right-arm slow,January 8  1982  Ealing  Middlesex (aged 70 years 348 days) ,
James Porter,date unknown ,,Yorkshire,,,,,
James Alexander Porter,May 25  1993  Leytonstone  Essex ,24 years 318 days,Essex ,,Right-hand bat,Right-arm medium-fast,Oak Park High School  Newbury Park; Epping College,
Joseph James Porter,May 5  1980  Hammersmith  London ,37 years 338 days,Oxford MCCU ,,Left-hand bat,Slow left-arm orthodox,,
Michael James Porter,April 21  1995  Poole ,22 years 352 days,Dorset ,,Right-hand bat,Legbreak,,
Simon Robert Porter,August 9  1950  Cowley  Oxford ,,Oxford University ,,Right-hand bat,Right-arm offbreak,February 9  2017 (aged 66 years 184 days) ,
Stanley Clive Porthouse,August 14  1910  Redditch  Worcestershire ,,Worcestershire,,Right-hand bat,,June 1993  Worcester (aged 82 years) ,
Francis John Portman,March 24  1878  Corton Denham  Somerset ,,Somerset,,Right-hand bat,Right-arm fast-medium,Uncle - ,
Bernard Maurice Posno,August 9  1850  Finchley  Middlesex ,,England,,,,February 24  1901  Opera  Paris  France (aged 50 years 199 days) ,
Frederick John Potbury,November 7  1862  Ottery St Mary  Devon ,,Somerset,,,,April 4  1943  Sidmouth  Devon (aged 80 years 148 days) ,
Amanda Potgieter,April 4  1978  Reitz  South Africa ,40 years 4 days,Hampshire Women ,,Right-hand bat,Right-arm medium-fast,,
Arthur Ernest Pothecary,March 1  1906  Southampton  Hampshire ,,Hampshire,,Left-hand bat,Slow left-arm orthodox,Umpire,
Sidney George Pothecary,September 26  1886  Southampton  Hampshire ,,Hampshire,,Left-hand bat,Left-arm medium,October 31  1976  Fleming Park  Eastleigh  Hampshire (aged 90 years 35 days) ,
Alfred Potter,December 15  1827  Ilkeston  Derbyshire ,,Cambridge University,,,,September 21  1878  Nottingham (aged 50 years 280 days) ,
Benjamin Jonathan Potter,August 19  1978  Cambridge ,39 years 232 days,Cambridgeshire,,Right-hand bat,,,
Benjamin James Potter,July 12  1991  Barnsley ,26 years 270 days,Cumberland,,Right-hand bat,Right-arm fast-medium,,
Charles Warren Potter,April 18  1851  Albury  Surrey ,,Surrey,,Right-hand bat,,June 6  1895  Shamley Green  Surrey (aged 44 years 49 days) ,
George Potter,October 3  1878  Runcorn  Cheshire ,,Lancashire,,Right-hand bat,,details unknown ,
Gordon Potter,October 26  1931  Dormans Land  Surrey ,86 years 164 days,Sussex,,Right-hand bat,Legbreak,,
Ian Caesar Potter,September 2  1938  Woking  Surrey ,79 years 218 days,Kent ,,Right-hand bat,Right-arm medium,,
Joseph Potter,January 13  1839  Northampton ,,Kent ,,Right-hand bat,Right-arm medium,June 2  1906  Northampton (aged 67 years 140 days) ,
Jonathan Kenneth Potter,February 14  1971  Stamford  Lincolnshire ,47 years 53 days,Huntingdonshire,,Right-hand bat,Right-arm fast-medium,,
John Ritson Potter,December 14  1949  Misslesbrough  Yorkshire ,68 years 115 days,Oxfordshire,,Right-hand bat,,,
John Thomas Potter,October 2  1946  Beverley  Yorkshire ,71 years 188 days,,,,,Scorer,
Laurie Potter,November 7  1962  Bexleyheath  Kent ,55 years 152 days,Australia Under-19s ,,Right-hand bat,Left-arm medium  Slow left-arm orthodox,,
Rachael Potter,date unknown ,,Oxfordshire Women,,,,,
Sarah Potter,July 11  1961  Hammersmith  London ,56 years 271 days,England Women ,,,,,
Thomas Owen Potter,September 10  1844  Calcutta (now Kolkata)  Bengal  India ,,Lancashire,,,,April 27  1909  Hoylake  Cheshire (aged 64 years 229 days) ,
Wilfred Potter,May 2  1910  Swinecliffe  Harrogate  Yorkshire ,,Warwickshire,,Right-hand bat,Legbreak,March 4  1994  Birmingham  Warwickshire (aged 83 years 306 days) ,
William Potter,1799  Wandsworth  London ,,Surrey,,,,September 16  1853  Wandsworth  London (aged 54 years) ,
William Henry Potter,August 20  1847  Gufsey  India ,,Lancashire,,,,April 10  1920  Boreham Wood  Hertfordshire (aged 72 years 234 days) ,
Jack Terence Potticary,November 16  1996  Harold Wood  Essex ,21 years 143 days,Essex 2nd XI ,,Right-hand bat,,Wicketkeeper,
Henry Potts,1810  Chester  Cheshire ,,Cambridge University,,,,March 22  1884  Chester  Cheshire (aged 74 years) ,
Henry James Potts,January 23  1925  Carlisle  Cumberland ,93 years 75 days,Oxford University,,Right-hand bat,,,
John Potts,July 4  1960  Stoke-on-Trent  Staffordshire ,57 years 278 days,Cheshire,,Right-hand bat,Right-arm medium-fast,,
JA Potts,date unknown ,,,,,,Umpire,
Matthew James Potts,October 29  1998  Sunderland  Co Durham ,19 years 161 days,Durham ,,Right-hand bat,Right-arm medium,,
Arthur Dick Pougher,April 19  1865  Humberstone  Leicester ,,England ,,Right-hand bat,Right-arm fast-medium,May 20  1926  Aylestone Park  Leicester (aged 61 years 31 days) ,
Harry Pougher,February 1  1941  Scunthorpe  Lincolnshire ,,Lincolnshire,,Right-hand bat,Right-arm offbreak,July 19  2014 (aged 73 years 168 days) ,
J Poulet,date unknown ,,Hampshire ,,,,,
Roger John Poulet,July 18  1942  Richmond-upon-Thames  Surrey ,,Cambridge University,,Right-hand bat,,August 29  2007  London  England (aged 65 years 42 days) ,
James Edward Poulson,February 20  1995  Bury St Edmunds  Suffolk ,23 years 47 days,Suffolk ,,Right-hand bat,Right-arm medium,,
Hannah Mary Poulter,September 1999  Pontefract  Yorkshire ,18 years,Yorkshire Women,,,,,
Stephen John Poulter,September 9  1956  Hornsey  Middlesex ,61 years 211 days,Middlesex,,Right-hand bat,,,
Francis Reginald Pountain,April 23  1941  Eastleigh  Hampshire ,,Sussex,,Right-hand bat,Right-arm medium,January 19  2007 (aged 65 years 271 days) ,
Samuel John L Pountney,August 9  1990  Barking  Essex ,27 years 242 days,Essex 2nd XI ,,Left-hand bat,Slow left-arm orthodox,Sandom School; Chelmsford College,
Sophie Emma Pout,October 17  1992  Maidstone  Kent ,25 years 173 days,Surrey Women,,,,,
Arthur Povey,May 16  1886  West Bromwich  Staffordshire ,,Kent,,Right-hand bat,,Wicketkeeper,
R Povey,date unknown ,,Derbyshire 2nd XI,,,,,
Jamie D Powe,September 11  1995 ,22 years 209 days,Oxford MCCU ,Wicketkeeper,Right-hand bat,,,
Adam Gordon Powell,August 17  1912  Boxted  Essex ,,Cambridge University ,,Right-hand bat,,Wicketkeeper,
Albert James Powell,December 8  1893  Presteigne  Radnorshire  Wales ,,Worcestershire,,Right-hand bat,Right-arm medium,February 15  1979  Liskeard  Cornwall (aged 85 years 69 days) ,
Alfred Peter Powell,August 19  1908  Hampstead  London ,,Middlesex,,,,Mill Hill School,
Benajmin John Powell,May 10  1995  Hayward's Heath ,22 years 333 days,Lincolnshire,,Right-hand bat,Right-arm medium-fast,,
Christopher Colin Frank Powell,June 9  1983  Hereford ,34 years 303 days,Gloucestershire 2nd XI ,,Right-hand bat,Legbreak,Wicketkeeper,
Christopher James Powell,December 5  1976  Basildon  Essex ,41 years 124 days,Buckinghamshire,,Right-hand bat,Right-arm medium,,
Ernest Ormsby Powell,January 19  1861  Liverpool  Lancashire ,,Cambridge University ,,Right-hand bat,,March 29  1928  Stafford (aged 67 years 70 days) ,
G Powell,date unknown ,,Yorkshire,,,,,
Harrison William Powell,June 1  1995  Newport  Monmouthshire  Wales ,22 years 311 days,Cardiff MCCU ,,Right-hand bat,Right-arm fast-medium,St Joseph's Roman Catholic High School  Newport,
James Powell,April 3  1792  Eton  Buckinghamshire ,,Marylebone Cricket Club,,,,May 5  1870  Eton  Buckinghamshire (aged 78 years 32 days) ,
Jane Powell,January 19  1957  Sheffield  Yorkshire ,61 years 79 days,England Women ,,,,Twin sister - ,
Jill Powell,January 19  1957  Sheffield  Yorkshire ,61 years 79 days,England Women ,,,,Twin sister - ,
James Alfred Powell,May 5  1899  Bloomsbury  London ,,Middlesex,,Right-hand bat,Legbreak googly,March 8  1973  Brompton  Kensington  London (aged 73 years 307 days) ,
Jonathan Christopher Powell,June 13  1979  Harold Wood  Essex ,38 years 299 days,Essex,,Right-hand bat,Right-arm offbreak,,
James Christopher Arthur Powell,October 22  1982  Wrexham  Denbighshire  Wales ,35 years 168 days,Cheshire,,Right-hand bat,Right-arm medium-fast,,
K Powell,date unknown ,,Marylebone Cricket Club Young Cricketers,,,,,
Louis St Vincent Powell,November 13  1902  Kingstown  St Vincent ,,Somerset,,Right-hand bat,Right-arm fast,June 6  1995  Combe Park  Bath  Somerset (aged 92 years 205 days) ,
Mark Geoffrey Powell,August 5  1972  Romford  Essex ,45 years 246 days,Norfolk,,Right-hand bat,Slow left-arm orthodox,,
Mark John Powell,November 4  1980  Northampton ,37 years 155 days,Loughborough Marylebone Cricket Club University (England) ,,Right-hand bat,Right-arm offbreak,,
Michael John Powell,February 3  1977  Abergavenny  Monmouthshire ,41 years 64 days,Glamorgan ,,Right-hand bat,Right-arm offbreak,Crickhowell Secondary School  Pontypool School,
Michael James Powell,April 5  1975  Bolton  Lancashire ,43 years 3 days,Griqualand West ,,Right-hand bat,Right-arm medium,Lawrence Sherriff Grammar School  Rugby,
Nicholas John Powell,June 22  1991  Worcester ,26 years 290 days,Herefordshire ,,Right-hand bat,Right-arm medium,,
Oliver Charles Powell,August 3  1987  Hereford ,30 years 248 days,Herefordshire,,Right-hand bat,Right-arm offbreak,,
Richard Charles Powell,August 11  1967  Worcester ,50 years 240 days,Shropshire,,Left-hand bat,Right-arm fast-medium,,
Robert David Powell,May 8  1979  Scunthorpe  Lincolnshire ,38 years 335 days,Cambridgeshire,,Right-hand bat,,Wicketkeeper,
Tyrone Lyndon Powell,June 17  1953  Bargoed  Glamorgan  Wales ,64 years 295 days,Glamorgan ,,Right-hand bat,Right-arm offbreak,,
William Allan Powell,January 19  1885  Blundellsands  Lancashire ,,Kent,,Right-hand bat,Right-arm fast,January 1  1954  Earl's Court  Kensington  London (aged 68 years 347 days) ,
Emily Power,date unknown ,,Staffordshire Women,,,,,
George Edward Power,May 16  1849  Witchford  Cambridgeshire ,,Nottinghamshire,,Right-hand bat,,October 29  1904  Hucknall Torkard  Nottinghamshire (aged 55 years 166 days) ,
John Powers,September 30  1868  Barwell  Leicestershire ,,Leicestershire,,Right-hand bat,,November 9  1939  Leicester Forest East (aged 71 years 40 days) ,
Alfred James Powlesland,1875  Devon ,,Devon ,,,,March 25  1941  Chudleigh  Devon (aged 66 years) ,
Christopher Daniel Powney,September 3  1989  Leominster  Herefordshire ,28 years 217 days,Herefordshire,,Right-hand bat,Left-arm medium,,
Frederick Henry Yelverton Powys,July 22  1808 ,,Cambridge University,,,,January 14  1863  Northampton (aged 54 years 176 days) ,
Littleton Powys,January 23  1771 ,,Surrey,,,,January 22  1842  Thrapston  Northamptonshire (aged 70 years 364 days) ,
Walter Norman Powys,July 28  1849  Titchmarsh  Northamptonshire ,,Cambridge University ,,Left-hand bat,Left-arm fast (roundarm),January 7  1892  Nottingham (aged 42 years 163 days) ,
Horatio James Powys-Keck,March 7  1873  Hyères  France ,,Worcestershire,,,Left-arm fast,changed name to Horatio James Powys in 1930,
Lionel Selwyn Powys-Maurice,May 7  1899  Brighton  Sussex ,,Northamptonshire,,Right-hand bat,,changed name to Lionel Selwyn Maurice in 1923,
Charles Eustace Hadden Poynder,July 15  1910  Barnstaple  Devon ,,Minor Counties,,Right-hand bat,,August 29  1994  Peterborough (aged 84 years 45 days) ,
M Poynter,date unknown ,,,,,,Umpire,
Frederic John Poynton,June 26  1869  Kelston  Somerset ,,Somerset,,Right-hand bat,,Brother-in-law - ,
Thomas Poynton,November 25  1989  Burton-on-Trent  Staffordshire ,28 years 134 days,Derbyshire ,,Right-hand bat,,Repton,
Edward Stephen Massey Poyntz,October 27  1883  Springfield Court  Chelmsford  Essex ,,Somerset,,Right-hand bat,,December 26  1934  Minehead  Somerset (aged 51 years 60 days) ,
Hugh Stainton Poyntz,September 17  1877  The Park  Nottingham ,,Orange Free State ,,Right-hand bat,Legbreak,June 22  1955  Harestock  Hampshire (aged 77 years 278 days) ,
Joshua Edward Poysden,August 8  1991  Shoreham-by-Sea  Sussex ,26 years 243 days,Cambridge MCCU ,,Left-hand bat,Legbreak,Cardinal Newman; ARU,
Saurav Prabhakar,date unknown ,,Essex 2nd XI,,,,,
Neeraj Vijay Prabhu,December 17  1976  Bombay (now Mumbai)  Maharashtra  India ,41 years 112 days,Herefordshire,,Right-hand bat,Right-arm medium,,
Bulkley John Mackworth Praed,August 2  1799  Devon ,,Marylebone Cricket Club,,,,March 12  1876  Ousden Hall  Suffolk (aged 76 years 223 days) ,
Andrew Pratt,March 4  1975  Helmington Row  Co Durham ,43 years 35 days,Durham,,Left-hand bat,,Brother - ,
David Pratt,July 20  1938  Watford  Hertfordshire ,79 years 262 days,Nottinghamshire ,,Right-hand bat,Slow left-arm orthodox,,
Derek Edward Pratt,October 31  1925  Balham  London ,,Surrey,,Right-hand bat,Legbreak,Brother - ,
Daniel Matthew Pratt,January 31  1986  Croydon  Surrey ,32 years 67 days,Loughborough Marylebone Cricket Club University (England) ,,Right-hand bat,,Wicketkeeper,
Douglas Thomas Piers Pratt,April 14  1993  Cambridge ,24 years 359 days,Harrow School ,,Right-hand bat,Right-arm medium,,
Gary Joseph Pratt,December 22  1981  Bishop Auckland  Co Durham ,36 years 107 days,Cumberland ,,Left-hand bat,Right-arm offbreak,Brother - ,
John Pratt,February 4  1834  Stratford  Essex ,,Surrey,,Right-hand bat,Right-arm medium (roundarm),June 6  1886  Phipps Bridge  Merton  Surrey (aged 52 years 122 days) ,
N Pratt,date unknown ,,,,,,Umpire,
Richard Pratt,June 23  1896  Lower Broughton  Manchester  Lancashire ,,Derbyshire,,Right-hand bat,,Wicketkeeper,
Ronald Ernest Charles Pratt,May 5  1928  Balham  London ,,Surrey,,Left-hand bat,Right-arm offbreak,Brother - ,
Rodney Lynes Pratt,November 15  1938  Stoney Stanton  Leicestershire ,79 years 144 days,Leicestershire,,Right-hand bat,Right-arm fast-medium,,
William Ewart Pratt,July 2  1895  Hinckley  Leicestershire ,,Leicestershire,,Right-hand bat,,May 27  1974  Leicester (aged 78 years 329 days) ,
Frederick Lewis Pratten,February 13  1904  Midsomer Norton  Somerset ,,Somerset,,Right-hand bat,,Wicketkeeper,
Benjamin Edward Ashley Preece,November 8  1976  Birmingham  Warwickshire ,41 years 151 days,Worcestershire,,Right-hand bat,Right-arm fast-medium,,
Charles Richard Preece,December 15  1888  Broadheath  Worcestershire ,,Worcestershire,,Right-hand bat,Right-arm medium,February 5  1976  Oldbury  Worcestershire (aged 87 years 52 days) ,
Henry Charles Preece,October 27  1867  Weobley  Herefordshire ,,Essex,,Right-hand bat,,September 17  1937  Highgate  Middlesex (aged 69 years 325 days) ,
Trevor Preece,October 13  1882  Cowbridge  Glamorgan  Wales ,,Glamorgan,,Right-hand bat,Right-arm offbreak,September 21  1965  Gwaun Treeda  Whitchurch  Cardiff  Glamorgan  Wales (aged 82 years 343 days) ,
Guy Lushington Prendergast,August 3  1806  Bombay (now Mumbai)  Maharashtra  India ,,Cambridge University,,,,November 5  1887  Kensington  London (aged 81 years 94 days) ,
Christopher Norman Russell Prentice,September 5  1954  Borough  London ,63 years 215 days,Oxford University,,Right-hand bat,Right-arm medium  Right-arm offbreak,,
Francis Thomas Prentice,April 22  1912  Knaresborough  Yorkshire ,,Leicestershire,,Right-hand bat,Right-arm offbreak,July 10  1978  Headingley  Leeds  Yorkshire (aged 66 years 79 days) ,
Leslie Roff Vincent Prentice,1887  Fitzroy  Melbourne  Victoria  Australia ,,Middlesex,,Right-hand bat,Right-arm slow,August 13  1928  Harrold  Bedfordshire (aged 41 years) ,
Joe Prescott,date unknown ,,Bath,,,,,
A Presland,date unknown ,,Cambridgeshire and Huntingdonshire Women,,,,,
Edward Robert Presland,March 27  1943  High Beech  Essex ,75 years 12 days,Essex,,Right-hand bat,Right-arm medium  Right-arm offbreak,,
James Stuart Pressdee,June 19  1933  Mumbles  Glamorgan  Wales ,,Glamorgan ,,Right-hand bat,Slow left-arm orthodox,Wicketkeeper,
Charles Henry Prest,December 9  1841  York ,,Middlesex ,,Right-hand bat,,Brother - ,
Edward Brent Prest,January 4  1830  Stapleford  Cambridgeshire ,,Cambridge Town Club ,,,,June 8  1903  Cambridge (aged 73 years 155 days) ,
Harold Edward Westray Prest,January 9  1890  Beckenham  Kent ,,Cambridge University ,,Right-hand bat,,Brother-in-law - ,
John Beevor Prest,date unknown ,,Sheffield,,,,August 15  1871  Lincoln ,
Lucy Prest,date unknown ,,Dorset Women,,,,,
William Prest,April 1  1832  York ,,Yorkshire,,,,Brother - ,
William Pitt Prest,May 28  1832  Stapleford  Cambridgeshire ,,Cambridge Town Club ,,,,November 5  1877  East Molesey  Surrey (aged 45 years 161 days) ,
Dawn Elizabeth Prestidge,July 10  1986  Wrexham  Denbighshire  Wales ,31 years 272 days,England Development Squad Women ,Middle-order batsman,Right-hand bat,Right-arm medium,,
Hubert Preston,December 16  1868 ,,,,,,Son - ,
Norman Preston,March 18  1903 ,,,,,,Father - ,
Benjamin Preston,April 20  1846  Lowestoft  Suffolk ,,Cambridge University,,Right-hand bat,,June 1  1914  North End  Lowestoft  Suffolk (aged 68 years 42 days) ,
Derek John Preston,January 12  1936  Leyton  Essex ,82 years 86 days,Sussex,,Right-hand bat,Slow left-arm orthodox,,
Henry John Berridge Preston,October 25  1883  Bareilly  Uttar Pradesh  India ,,Kent,,Right-hand bat,Right-arm medium,April 23  1964  Hastings  Sussex (aged 80 years 181 days) ,
