Clifford Aubrey McWatt,February 1  1922  Georgetown  Demerara  British Guiana ,,West Indies ,,Left-hand bat,Right-arm bowler,Wicketkeeper,
Ivan Samuel Madray,July 2  1934  Port Mourant  Berbice  British Guiana ,,West Indies ,,Right-hand bat,Legbreak,April 23  2009  Georgetown Public Hospital (aged 74 years 295 days) ,
Ganesh Mahabir,April 14  1958  Tunapuna  Trinidad ,59 years 359 days,Trinidad &amp; Tobago,,Right-hand bat,Legbreak googly,,
Gregory Mahabir,January 18  1981  Trinidad ,37 years 80 days,Trinidad &amp; Tobago ,,Right-hand bat,,,
Robert Mahabir,November 16  1966  Trinidad ,51 years 143 days,Trinidad &amp; Tobago,,Right-hand bat,Right-arm medium,,
Surujdath Mahabir,October 27  1962  Trinidad ,55 years 163 days,Trinidad &amp; Tobago,,Right-hand bat,Right-arm offbreak,,
Rajkumar Mahadeo,August 19  1970  Trinidad ,47 years 232 days,Trinidad &amp; Tobago,,Right-hand bat,,Wicketkeeper,
Rienzi Maharaj,date unknown ,,South Trinidad,,,,,
Sanjeev Maharaj,October 16  1981  Trinidad ,36 years 174 days,University of West Indies,,Right-hand bat,Right-arm offbreak,,
Steve Leslie Mahon,January 22  1965  Union  Grenada ,53 years 76 days,Windward Islands,,Right-hand bat,Right-arm offbreak,,
Valerie Mahon,date unknown ,,,,,,Umpire,
Arthur Maingot,date unknown ,,Trinidad &amp; Tobago,,,,,
R Maingot,date unknown ,,Trinidad &amp; Tobago,,,,,
Vivian J Maingot,date unknown ,,Trinidad &amp; Tobago,,,,,
Dwight Hugh Mais,October 27  1977  St Catherine  Jamaica ,40 years 163 days,Jamaica,,Right-hand bat,Right-arm fast,,
Donovan O'Connor Malcolm,January 12  1959 ,59 years 86 days,Jamaica,,Left-hand bat,Slow left-arm orthodox,,
Norman Alexander Malcolm,March 19  1955  Manchester  Jamaica ,63 years 20 days,West Indies,,,,Umpire,
Wesley Malcolm,date unknown ,,,,,,Umpire,
Kerry Maloney,date unknown ,,South Trinidad,,,,,
Remy Manbodh,date unknown ,,Central Trinidad ,,,,Wicketkeeper,
Naresh Kumar Manbodhe,July 15  1972  Albion  Berbice  Guyana ,45 years 267 days,Guyana,,Right-hand bat,,Wicketkeeper,
Rajindra Mangallie,August 13  1965  Trinidad ,52 years 238 days,Trinidad &amp; Tobago,,Right-hand bat,Right-arm medium,,
Mandy Mangru,September 22  1999 ,18 years 198 days,Guyana Women,,Right-hand bat,Right-arm offbreak,,
Jameel Jeron Maniram,November 24  1996 ,21 years 135 days,Trinidad &amp; Tobago Under-19s,,Right-hand bat,Right-arm offbreak,,
Urban Mannie,December 19  1954  Trinidad ,63 years 110 days,East Trinidad,,,,,
I Manoosingh,date unknown ,,South Trinidad,,,,,
Abhijai Mansingh,April 17  1997 ,20 years 356 days,Jamaica Under-19s,,Right-hand bat,Legbreak,,
S Manswell,date unknown ,,West Indies Young Cricketers,,,,,
Geoffrey Alexander Mapp,April 6  1959  Superlative  St George  Barbados ,59 years 2 days,Barbados,,Right-hand bat,Slow left-arm orthodox,,
Robert Maragh,December 25  1934  Kingston  Jamaica ,,Jamaica,,Left-hand bat,Slow left-arm orthodox,April 10  1985  Gregory Park  St Catherine (aged 50 years 106 days) ,
Tishan Maraj,November 22  1984  Trinidad ,33 years 137 days,West Indies Under-19s,,Right-hand bat,Right-arm medium,,
Rachael Marcano,date unknown ,,Trinidad &amp; Tobago Women,,,,,
John Mark,date unknown ,,,,,,Umpire,
Ruskin Mark,December 13  1957  Trinidad ,60 years 116 days,Trinidad &amp; Tobago,,Right-hand bat,Right-arm fast-medium,,
Robert Cecil Marley,June 20  1909  Half Way Tree  Kingston  Jamaica ,,Jamaica,,Right-hand bat,,May 13  1995  Clearwater  Florida  United States of America (aged 85 years 327 days) ,
Edgar Gabriel Marsden,March 25  1919  Pointe-a-Pierre  Trinidad ,99 years 14 days,Trinidad &amp; Tobago,,,,,
Andre Marshall,date unknown ,,Barbados XI,,,,,
Dave Kerwin Marshall,May 24  1972  Ivy  St Michael  Barbados ,45 years 319 days,Barbados,,Right-hand bat,Legbreak googly,,
Kemar Marshall,October 9  1991  Jamaica ,26 years 181 days,Jamaica,,Right-hand bat,Right-arm offbreak,Wicketkeeper,
Malcolm Denzil Marshall,April 18  1958  Bridgetown  Barbados ,,West Indies ,,Right-hand bat,Right-arm fast,Malcolm Marshall was perhaps the finest of West Indies' many formidable fast bowlers of the 1980s  endowed with fierce pace  swing  cut  a vicious bouncer  and above all  the ability to outthink any batsman. ,
Norman Edgar Marshall,February 27  1924  Welchman Hall Plantation  St Thomas  Barbados ,,West Indies ,,Right-hand bat,Right-arm offbreak,Brother - ,
Roy Ashworth Marshall,April 1  1965  St Joseph  Dominica ,53 years 7 days,Dominica ,Bowler,Right-hand bat,Slow left-arm orthodox,,
Roy Edwin Marshall,April 25  1930  Farmers Plantation  St Thomas  Barbados ,,West Indies ,,Right-hand bat,Right-arm offbreak,Brother - ,
T M Marshall,date unknown ,,British Guiana,,Right-hand bat,,,
Victor Marshall,date unknown ,,Trinidad &amp; Tobago,,,,,
Walter Maxwell Milne Marshall,July 16  1920  Bridgetown  Barbados ,,West Indies,,,Slow left-arm orthodox,November 24  2006 (aged 86 years 131 days) ,
Xavier Melbourne Marshall,March 27  1986  Jamaica ,32 years 12 days,United States of America ,Batsman,Right-hand bat,Right-arm offbreak,Cousin - ,
Delbert Martial,date unknown ,,,,,,Umpire,
Delbert Martial,date unknown ,,,,,,Umpire,
Anatol Martin,date unknown ,,North Trinidad,,,,,
Anthony Martin,November 18  1982  Bethesda  Antigua ,35 years 141 days,West Indies ,Bowler,Right-hand bat,Legbreak,,
Cecil Martin,date unknown  Antigua ,,Leeward Islands,,,,October 3  1980  New York  United States of America ,
Frank Reginald Martin,October 12  1893  Kingston  Jamaica ,,West Indies ,,Left-hand bat,Slow left-arm orthodox,November 23  1967  Kingston  Jamaica (aged 74 years 42 days) ,
Kenroy Denroy Martin,January 8  1979  St Vincent ,39 years 90 days,Southern Windward Islands ,Allrounder,Left-hand bat,Right-arm medium,,
Michael Martin,date unknown ,,Leeward Islands,,,,,
SueAnn SueMarl Martin,July 17  1993 ,24 years 265 days,St Vincent and the Grenadines Women,,Right-hand bat,Right-arm medium-fast,,
Shaquille Martina,date unknown ,,St Kitts &amp; Nevis,,,,,
Emmanuel Alfred Martindale,November 25  1909  St Lucy  Barbados ,,West Indies ,,Right-hand bat,Right-arm fast,Coach,
David Martins,December 16  1930  Georgetown  Demerara  British Guiana ,87 years 113 days,British Guiana,,Right-hand bat,,,
Dale Troy Mason,August 28  1974  Bayfield  St Philip  Barbados ,43 years 223 days,Barbados,,Right-hand bat,,,
Frank Odel Mason,July 26  1926  St Vincent ,91 years 256 days,Windward Islands,,Right-hand bat,Right-arm fast,,
Kenneth Mason,September 18  1881  Bulkeley Plantation  St George  Barbados ,,Barbados,,Right-hand bat,Right-arm offbreak,November 1974  Garrison  St Michael  Barbados (aged 93 years) ,
Keno Anthony Mason,November 13  1972  Trinidad ,45 years 146 days,Trinidad &amp; Tobago,,Right-hand bat,,Wicketkeeper,
Neville Mason,October 6  1956  Bayfield  St Philip  Barbados ,61 years 184 days,Barbados,,,,,
Urban Mason,date unknown ,,,,,,Umpire,
Hugo J Massey,date unknown ,,Trinidad &amp; Tobago,,,,,
Henry Hugh Master,1852  Norwich  Norfolk  England ,,British Guiana,,Left-hand bat,,details unknown ,
Anderson Matherson,date unknown ,,,,,,Umpire,
Stephan Sylvester Mathew,November 7  1985  New Winthropes  Antigua ,32 years 152 days,Antigua and Barbuda,,Right-hand bat,Right-arm fast,,
Cletus Mathurin,April 26  1982  St Lucia ,35 years 347 days,St Lucia,,Right-hand bat,Right-arm medium-fast,,
Garey Earl Mathurin,September 23  1983  Mon Repos  St. Lucia ,34 years 197 days,West Indies ,Allrounder,Left-hand bat,Slow left-arm orthodox,,
John Mathurin,date unknown ,,,,,,Umpire,
Anil Kareem Matthew,October 19  1997 ,20 years 171 days,Windward Islands Under-19s,,Right-hand bat,,,
Eustace Matthew,date unknown ,,Leeward Islands,,,,,
Gareth Kareem Matthew,February 18  1984  St. Kitts ,34 years 49 days,Leeward Islands ,,Right-hand bat,,Wicketkeeper,
K Matthew,date unknown ,,Leeward Islands,,,,,
Mervin Matthew,September 23  1985  Soufriere  Dominica ,32 years 197 days,Dominica ,Bowler,Right-hand bat,Right-arm fast-medium,,
Hayley Kristen Matthews,March 19  1998 ,20 years 20 days,Barbados Women ,,Right-hand bat,Right-arm offbreak,,
Lawson Rudolph Matthews,March 18  1943  Kingston  Jamaica ,75 years 21 days,Jamaica,,Right-hand bat,,,
Ron Samuel Matthews,January 11  1983  Georgetown  Demerara  Guyana ,35 years 87 days,Guyana ,,Right-hand bat,Right-arm offbreak,,
Sydney Jackson Matthews,January 22  1952  Prospect  West Bank  Demerara  British Guiana ,66 years 76 days,Guyana,,Right-hand bat,Right-arm fast-medium  Legbreak googly,,
L Matthieu,date unknown ,,Trinidad &amp; Tobago,,,,,
Evertorn Hugh Mattis,April 11  1957  Kingston  Jamaica ,60 years 362 days,West Indies ,,Right-hand bat,Right-arm offbreak,,
Sade Martyr,date unknown ,,Trinidad &amp; Tobago Women,,,,,
Francis Xavier Maurice,December 25  1969  Forestierre  St Lucia ,48 years 104 days,Windward Islands,,Right-hand bat,Right-arm offbreak,Umpire,
Winston W Mauricette,date unknown  St Lucia ,,Windward Islands,,,,,
Keith Maxwell,December 30  1959  Georgetown  Demerara  British Guiana ,58 years 99 days,Demerara,,Right-hand bat,Right-arm fast-medium,,
Lawrence Evan Maxwell,January 17  1941  Bayfield  St Philip  Barbados ,77 years 81 days,Barbados,,Right-hand bat,Right-arm offbreak,,
R Maxwell,date unknown ,,,,,,Umpire,
Aubrey Alfred Maycock,June 26  1949  Suddie  East Bank  Essequibo  British Guiana ,68 years 286 days,Essequibo,,Right-hand bat,Right-arm medium,,
Anthony Cecil Mayers,July 15  1937  Newcastle  St John  Barbados ,80 years 267 days,Barbados,,Right-hand bat,Right-arm fast,,
Antonio Nigel Mayers,October 23  1979  Horse Hill  St Joseph  Barbados ,38 years 167 days,Barbados ,Allrounder,Right-hand bat,Right-arm medium,,
J W Mayers,date unknown ,,Trinidad &amp; Tobago,,,,,
Kyle Rico Mayers,September 8  1992  Barbados ,25 years 212 days,Barbados ,Allrounder,Left-hand bat,Right-arm medium,,
Michael Spencer Mayers,September 29  1884  Super Mare  Worthing  Christ Church  Barbados ,,Barbados,,Right-hand bat,,July 26  1925  Garrison  St Michael  Barbados (aged 40 years 300 days) ,
Vincent Mayers,March 19  1934  Horstetting  East Bank  Demerara  British Guiana ,,British Guiana,,Right-hand bat,,December 5  2013 (aged 79 years 261 days) ,
Arthur Maynard,February 28  1909  Trinidad ,109 years 39 days,Trinidad &amp; Tobago,,Right-hand bat,,,
Carlos Chad Ramario Maynard,January 24  1995 ,23 years 74 days,Combined Campuses and Colleges,Wicketkeeper,Left-hand bat,,Wicketkeeper,
Dayne Romano Maynard,April 1  1969  Barbados ,49 years 7 days,Barbados,,Right-hand bat,Right-arm fast,,
John Carl Maynard,May 18  1969  Nevis ,48 years 325 days,Leeward Islands ,Bowler,Right-hand bat,Right-arm fast,The Dentist,
Kyann Rasheda Diondra Maynard,April 5  1988 ,30 years 3 days,Barbados Women,,Right-hand bat,Right-arm fast,,
Leroy Maynard,date unknown ,,St Kitts,,,,,
Michael Richardo Maynard,March 18  1976  St Barnabas Heights  St Philip  Barbados ,42 years 21 days,Barbados,,Right-hand bat,,,
Neville Maynard,January 19  1930  Georgetown  Guyana ,88 years 79 days,British Guiana,,Right-hand bat,,Wicketkeeper,
Norval Wilmon Horace McCall,August 9  1980  Mansion  St Kitts ,37 years 242 days,St Kitts,Bowler,Right-hand bat,Right-arm offbreak,,
Kevin Ramon McClean,January 24  1988  St Peter  Barbados ,30 years 74 days,Combined Campuses and Colleges,,Left-hand bat,Right-arm fast,,
C McDonald,date unknown ,,,,,,Umpire,
James McDonald,June 22  1994 ,23 years 290 days,,,Right-hand bat,,,
Kissinger Cleophas McLean,May 27  1976 ,41 years 316 days,St Vincent,Allrounder,Right-hand bat,Right-arm fast-medium,,
Natasha Yannick McLean,December 22  1994  Spanish Town  Jamaica ,23 years 107 days,Jamaica Women ,,Right-hand bat,,St. Catherine High School,
Preston Anthony Shaine Mc Sween,August 15  1995  St Andrew’s  Grenada ,22 years 236 days,Grenada ,,Right-hand bat,Left-arm fast-medium,,
McPherson Meade,February 16  1979 ,39 years 51 days,Montserrat,Allrounder,Right-hand bat,Right-arm offbreak,,
Avelyn Clyde Medford,September 12  1912  St David's  Christ Church  Barbados ,,Barbados,,,,May 22  1991  Barbados (aged 78 years 252 days) ,
R Medica,date unknown ,,,,,,Umpire,
Warran Dushart Medwynter,August 28  1972  Port Maria  St Mary  Jamaica ,45 years 223 days,Jamaica,,,,,
Llewellyn George Meggs,March 2  1978  Jamaica ,40 years 37 days,University of West Indies,,Right-hand bat,,,
Sankar Mehelal,date unknown ,,South Trinidad,,,,,
Dwight Meikle,date unknown ,,Jamaica,,,,,
Hiram Ivanhoe Meikle,July 28  1897  Port Maria  St Mary  Jamaica ,,Jamaica,,Right-hand bat,Right-arm slow,June 25  1989  Kingston  Jamaica (aged 91 years 332 days) ,
Earl Melbourne,date unknown ,,West Indies Young Cricketers,,,,,
Kimani Melius,date unknown ,,West Indies Under-19s,,,,,
Jerome G Mellow,1937  Grandbay  Dominica ,81 years,Windward Islands,,Right-hand bat,Right-arm fast,,
Melvin Charles,date unknown ,,Antigua Masterblasters,,,,,
Ivor Leon Mendonca,July 13  1934  Bartica  Essequibo  British Guiana ,,West Indies ,,Right-hand bat,,Wicketkeeper,
Kerry Hanse Mentore,September 19  1984  All Saints  Antigua ,33 years 201 days,Leeward Islands,,Right-hand bat,,Wicketkeeper,
Katana Kisoni Mentore,October 7  1994 ,23 years 183 days,Guyana Women,,Right-hand bat,,,
Badge Menzies,1901  Guyana ,,,,,,Umpire,
Jamie Howinton Merchant,July 13  1989  Jamaica ,28 years 269 days,Jamaica ,,Right-hand bat,Right-arm offbreak,,
Thomas Clarke Mercier,January 8  1890  St Mary  Jamaica ,,Jamaica,,,,details unknown ,
Tyrone Anthony Merrick,June 10  1963  St John's  Antigua ,54 years 302 days,Kent ,,Right-hand bat,Right-arm fast-medium,,
Cyril Arthur Merry,January 20  1911  Scarborough  Tobago ,,West Indies ,,Right-hand bat,,Brother - ,
David Merry,1923  Tobago ,,Trinidad &amp; Tobago,,,,Brother - ,
Leonard Messado,circa 1915 ,,Jamaica,,,,circa 1980  New Zealand ,
Fitzherbert Sterling Messias,date unknown ,,Jamaica,,,,December 23  1945  Linstead  St Catherine  Jamaica ,
Deryck Michael,date unknown  Antigua ,,Leeward Islands,,,,,
Earl Michael,date unknown ,,Leeward Islands,,,,,
Michael Dover,date unknown ,,Antigua Masterblasters,,,,,
William Henry Mignon,1874  Lewisham  London  England ,,AB St Hill's XII,,,,November 30  1965 (aged 91 years) ,
Othneil Miles,September 23  1939  Clarendon Parish  Jamaica ,,Jamaica,,Right-hand bat,Right-arm offbreak,February 1982  Kingston  Jamaica (aged 42 years) ,
Carlyle Miller,May 23  1939  Montrose  East Coast  Demerara  British Guiana ,78 years 320 days,British Guiana,,Left-hand bat,Right-arm medium,,
Donald Miller,May 23  1939  Kingston  Jamaica ,78 years 320 days,Jamaica,,,Slow left-arm orthodox,,
Horace Miller,October 26  1989  Jamaica ,28 years 164 days,Jamaica ,,Right-hand bat,,Wicketkeeper,
Kenneth Samuel Miller,May 21  1958  Trinidad ,59 years 322 days,Trinidad &amp; Tobago,,Left-hand bat,Right-arm medium,,
Nikita O'Brien Miller,May 16  1982  St. Elizabeth  Jamaica ,35 years 327 days,West Indies ,Bowler,Right-hand bat,Slow left-arm orthodox,,
Roy Samuel Miller,December 24  1924  Kingston  Jamaica ,93 years 105 days,West Indies ,,Right-hand bat,Right-arm fast-medium,,
T Miller,date unknown ,,Guyana Women,,,,,
Errol Lamont Millington,August 29  1914  Weymouth  St Michael  Barbados ,,Barbados,,Left-hand bat,Left-arm fast-medium,April 29  1991  Bridgetown  Barbados (aged 76 years 243 days) ,
John Nicholson Esiah Millington,August 14  1979  St. Vincent ,38 years 237 days,Anguilla,,Left-hand bat,Right-arm medium-fast,,
Plaffiana Ophelia Millington,date unknown ,,Guyana Women,,,,,
Michael Mills,date unknown  Liburd Hill  St James  Nevis ,,Leeward Islands,,,,,
Marquino Junior Mindley,December 29  1994 ,23 years 100 days,Jamaica ,,Right-hand bat,Right-arm fast-medium,,
Calbert Minott,1932  St Thomas  Jamaica ,86 years,Jamaica,,Right-hand bat,Right-arm medium,,
Marcus Grant Minshall,date unknown ,,Trinidad &amp; Tobago,,Left-hand bat,,Wicketkeeper,
Janet Mitchell,date unknown ,,West Indies Women,,,,,
Owen Mitchell,October 24  1940 ,77 years 166 days,Jamaica,,,,,
Richard William Gordon Lewis Mitchell,February 27  1913  Grenada ,,Oxford University ,,Right-hand bat,Right-arm fast-medium,January 13  1988  Port of Spain  Trinidad (aged 74 years 320 days) ,
Samuel John Mitchell,April 20  1986 ,31 years 353 days,Dominica,,Right-hand bat,,Wicketkeeper,
Junie  Alexander Mitchum,November 22  1973  St Kitts ,44 years 137 days,Leeward Islands ,Batsman,Right-hand bat,Right-arm offbreak,Chicken,
Wycliffe Livingston Mitchum,May 2  1962  Lodge Village  St. Kitts ,55 years 341 days,,,,,Umpire,
Imran Moakan,March 27  1980  Guyana ,38 years 12 days,,,,,Umpire,
Imran Moakhan,date unknown ,,West Indies,,,,Umpire,
Theodore Jay Modeste,July 4  1979  Trinidad ,38 years 278 days,Trinidad &amp; Tobago,,Right-hand bat,Right-arm fast,,
Bahadur Mohabir,November 19  1940  Port Mourant  Berbice  British Guiana ,77 years 140 days,British Guiana,,Right-hand bat,Right-arm offbreak,,
Edwin Mohamed,July 31  1937  Wismer  Linden  East Bank  Demerara ,80 years 251 days,British Guiana ,,Left-hand bat,Slow left-arm orthodox,,
Hasena	Mohamed,October 5  1994 ,23 years 185 days,Guyana Women,,Right-hand bat,Right-arm medium,,
Timur Mohamed,June 7  1957  Georgetown  Demerara  British Guiana ,60 years 305 days,Guyana ,,Left-hand bat,Legbreak,,
Zaheer Mohamed Shadir,October 10  1985  Georgetown  Demerara ,32 years 180 days,Guyana,,Right-hand bat,Right-arm offbreak,,
Ahmed Mohammed,May 26  1981 ,36 years 317 days,Trinidad &amp; Tobago,,Right-hand bat,,,
Anisa Mohammed,September 7  1988  Trinidad ,29 years 213 days,Trinidad &amp; Tobago Women ,,Right-hand bat,Right-arm offbreak,Twin sister - ,
Alisa Mohammed,September 7  1988  Trinidad ,29 years 213 days,Trinidad &amp; Tobago Under-21s Women ,,Right-hand bat,Right-arm offbreak,Twin sister - ,
Dave Mohammed,October 8  1979  Princes Street  Trinidad ,38 years 182 days,West Indies ,,Left-hand bat,Slow left-arm chinaman,Tadpole,
David Imtiaz Mohammed,November 2  1965  Trinidad ,52 years 157 days,Trinidad &amp; Tobago,,Right-hand bat,Right-arm offbreak,,
Gibran Mohammed,July 31  1983  Barrackpore  Trinidad ,34 years 251 days,Trinidad &amp; Tobago,,Left-hand bat,,Wicketkeeper,
Hamza Mohammed,September 19  1929  San Fernando  Trinidad ,88 years 201 days,South Trinidad,,Right-hand bat,,,
Hasena Mohammed,May 11  1995 ,22 years 332 days,Guyana Women,,Right-hand bat,Right-arm medium,,
Jason Nazimuddin Mohammed,September 23  1986  Trinidad ,31 years 197 days,Guyana Amazon Warriors ,Batsman,Right-hand bat,Right-arm offbreak,,
Kamroze Mohammed,January 6  1951  Vergenogen  East Bank  Essequibo  British Guiana ,67 years 92 days,Essequibo,,,,,
Noor Mohammed,date unknown ,,Trinidad &amp; Tobago,,Right-hand bat,,,
Nasir Mohammed,date unknown ,,,,,,Referee,
Ricardo Mohammed,May 26  1978  Anna Regina  Essequibo  Guyana ,39 years 317 days,Guyana,,Left-hand bat,Right-arm offbreak,,
Ricardo Mohammed,date unknown ,,Guyana Under-19s,,,,,
S Mohammed,date unknown ,,South Trinidad,,,,,
Sadique Mohammed,August 1  1938  Trinidad ,79 years 250 days,,,,,Umpire,
Sheik Nazim Mohammed,April 9  1964  Linden Grove  East Bank  Demerara  British Guiana ,53 years 364 days,Guyana,,Left-hand bat,,Wicketkeeper,
H Mohan,date unknown ,,South Trinidad,,,,,
Suresh Ramlall Mohan,March 18  1937  Soesdyke  East Bank  Demerara  British Guiana ,81 years 21 days,Berbice,,,,,
Peter T Montfort,date unknown ,,,,,,Umpire,
Frank Joseph Monzack,November 4  1969 ,48 years 155 days,Leeward Islands ,Allrounder,Right-hand bat,Slow left-arm orthodox,,
Sonny Moonsammy,June 2  1935  Port Mourant  Berbice  British Guiana ,82 years 310 days,British Guiana,,Right-hand bat,,,
Calvin Hartley Moore,June 30  1869  Mahaicony  East Coast  Demerara  British Guiana ,,British Guiana,,Right-hand bat,,Wicketkeeper,
G Moore,date unknown ,,Tobago,,,,,
Gilford Moore,February 26  1982  Guyana ,36 years 41 days,Combined Campuses and Colleges,,Right-hand bat,Right-arm medium-fast,,
HA Moore,date unknown ,,,,,,Umpire,
Joseph Seifert Moore,November 15  1880  Watts  St George  Barbados ,,Barbados,,,,details unknown ,
Lance Moore,date unknown ,,South Trinidad,,,,,
Tibbles Isaac Moore,September 14  1974  Grenada ,43 years 206 days,Windward Islands,,Right-hand bat,Right-arm fast-medium,,
Vendol Moore,date unknown ,,Leeward Islands,,,,,
Prakash Moosai,November 4  1959  Tunapuna  Trinidad ,58 years 155 days,Trinidad &amp; Tobago,,Left-hand bat,Right-arm offbreak,,
Charles McLarty Morales,April 4  1895  Lucea  Hanover  Jamaica ,,Jamaica,,,,Wicketkeeper,
Alexander Anthony Morgan,January 30  1959  Kingston  Jamaica ,59 years 68 days,Jamaica,,Left-hand bat,Right-arm offbreak,,
Basil Elliott Walton Morgan,May 13  1947  Montserrat ,70 years 330 days,Leeward Islands,,Right-hand bat,Right-arm offbreak,Umpire,
Dean Lloyd Morgan,October 14  1981  St Catherine  Jamaica ,36 years 176 days,Jamaica,,Right-hand bat,Right-arm offbreak,Occasional wicketkeeper,
Delroy Simeon Morgan,March 4  1967  Rollington Town  Kingston  Jamaica ,51 years 35 days,Jamaica,,Right-hand bat,Right-arm offbreak,,
Jodi-Ann Nickeisha Morgan,August 5  1988 ,29 years 246 days,Jamaica Women,,Right-hand bat,Right-arm medium-fast,,
Kimani Morgan,July 23  1992 ,25 years 259 days,,,Right-hand bat,Right-arm offbreak,,
Lloyd Hamilton Morgan,April 15  1945  Kingston  Jamaica ,72 years 358 days,Jamaica,,Right-hand bat,Slow left-arm orthodox,,
McNeil Junior Morgan,October 18  1970  St Vincent ,47 years 172 days,Southern Windward Islands ,,Right-hand bat,Right-arm fast-medium,,
Reynold Morgan,date unknown ,,Trinidad &amp; Tobago,,,,,
Samuel Augustus Morgan,August 7  1950  Half Way Tree  Kingston  Jamaica ,67 years 244 days,Jamaica,,Right-hand bat,,,
Wayne Morgan,September 30  1985  Jamaica ,32 years 190 days,Combined Campuses and Colleges,,Right-hand bat,Right-arm medium-fast,,
Amanjah Morris,June 15  1993 ,24 years 297 days,,,Right-hand bat,,Wicketkeeper,
Carlo Antoine Morris,January 13  1980  Barbados ,38 years 85 days,Barbados,Wicketkeeper,Right-hand bat,,Wicketkeeper,
A Morrison,date unknown ,,,,,,Umpire,
Charles Stuart Morrison,May 27  1883  Jamaica ,,Jamaica,,Right-hand bat,Right-arm slow-medium,November 25  1948  Kingston  Jamaica (aged 65 years 182 days) ,
Romaine Morrison,date unknown ,,Jamaica,,,,,
Michel Morton,July 7  1971  Anguilla ,46 years 275 days,,,,,Umpire,
Runako Shakur Morton,July 22  1978  Nevis ,,West Indies ,Batsman,Right-hand bat,Right-arm medium  Right-arm offbreak,March 4  2012  Chase Village  Trinidad (aged 33 years 226 days) ,
Ezra Alphonsa Moseley,January 5  1958  Waldrons Village  Christ Church  Barbados ,60 years 93 days,West Indies ,,Right-hand bat,Right-arm fast-medium,,
Sheyne Moseley,date unknown ,,Barbados Under-19s ,,,,,
Janice Moses,date unknown ,,Trinidad &amp; Tobago Women,,,,,
Gudakesh Motie-Kanhai,March 29  1995  Georgetown  Guyana ,23 years 10 days,Guyana ,,Left-hand bat,Slow left-arm orthodox,,
Alfred Evelyn Motta,December 20  1882  Kingston  Jamaica ,,Jamaica,,Right-hand bat,,March 23  1932  New York  United States of America (aged 49 years 94 days) ,
Edwin Richard Denys Moulder,October 9  1873  St Paul  Georgetown  Demerara  British Guiana ,,British Guiana,,Right-hand bat,,details unknown ,
Thomas Henry Knight Moulder,May 25  1872  Georgetown  Demerara  British Guiana ,,British Guiana,,Right-hand bat,,June 9  1920 (aged 48 years 15 days) ,
M M Moyston,date unknown ,,Jamaica,,,,,
George Horatio Mudie,November 26  1915  Spanish Town  St Catherine  Jamaica ,,West Indies ,,Right-hand bat,Slow left-arm orthodox,June 8  2002  St Catherine  Jamaica (aged 86 years 194 days) ,
Joseph Adolphus Mullings,April 1  1874  Mount Joyle  St Elizabeth  Jamaica ,,Jamaica,,,Right-arm fast,details unknown ,
Leonard C Mullings,March 21  1929 ,89 years 18 days,Jamaica,,Right-hand bat,Right-arm fast,,
Trudy-Ann Kaydine Mullings,July 28  1993 ,24 years 254 days,Jamaica Women,,Right-hand bat,Right-arm offbreak,,
Carl Seymour Mullins,March 6  1925  Peterkin Land  Bank Hall  St Michael  Barbados ,,Barbados,,Right-hand bat,Right-arm fast,October 26  1999  Bridgetown  Barbados (aged 74 years 234 days) ,
Samlal Mungroo,date unknown ,,Central Trinidad,,,Right-arm offbreak,,
Chimwala Munilall,August 17  1948  Port Mourant  Berbice  British Guiana ,69 years 234 days,Guyana,,Right-hand bat,Right-arm medium,,
George Munro,June 17  1845  Georgetown  Demerara  British Guiana ,,British Guiana,,Right-hand bat,,July 16  1923  British Guiana (aged 78 years 29 days) ,
Sadique Damian Munroe,October 1  1979  Jamaica ,38 years 189 days,University of West Indies,,Left-hand bat,Right-arm fast,,
Subrina Latoya Munroe,June 11  1985  Georgetown  Guyana ,32 years 301 days,Guyana Women ,,Right-hand bat,Right-arm medium-fast,,
Adrian N Murphy,date unknown ,,West Indies Under-19s,,,,Occasional wicketkeeper,
Brian Samuel Murphy,April 7  1973  Jamaica ,45 years 1 days,Jamaica,,Right-hand bat,Legbreak googly,,
Sydney Albert Edward Murphy,March 28  1960  Lowman's Hill  St Vincent ,58 years 11 days,Windward Islands,,Right-hand bat,Right-arm fast-medium,,
Colin Everton Murray,December 26  1955  Woodbrook  Port of Spain  Trinidad ,62 years 103 days,Trinidad &amp; Tobago,,Left-hand bat,Right-arm medium,,
David Anthony Murray,May 29  1950  Murray's Gap  Westbury Road  St Michael  Bridgetown  Barbados ,67 years 314 days,West Indies ,,Right-hand bat,,Father - ,
Deryck Lance Murray,May 20  1943  Port of Spain  Trinidad ,74 years 323 days,West Indies ,,Right-hand bat,Legbreak,Father - ,
Geoffrey Murray,February 1  1943  Georgetown  Demerara  British Guiana ,75 years 66 days,British Guiana ,,Right-hand bat,,Wicketkeeper,
I Murray,date unknown ,,Tobago,,,,,
Junior Randalph Murray,January 20  1968  St Georges  Grenada ,50 years 78 days,West Indies ,,Right-hand bat,,Wicketkeeper,
Lance Hamilton Murray,April 13  1921  Trinidad ,,Trinidad &amp; Tobago,,,,Son - ,
Delano Daren Mussington,August 30  1985  Anguilla ,32 years 221 days,Anguilla,,Right-hand bat,Right-arm fast-medium,,
Donald McNaughton,date unknown ,,,,,,Referee,
Mahendra Veeren Nagamootoo,October 9  1975  Whim  Berbice  Guyana ,42 years 181 days,West Indies ,Allrounder,Left-hand bat,Legbreak googly,Uncle - ,
Vishal Nagamootoo,January 7  1977  Whim  Berbice  Guyana ,41 years 91 days,Guyana,,Left-hand bat,,Uncle - ,
Satish Naidoo,date unknown ,,West Indies B,,,,,
Johnny Naipaul,December 28  1927  Skeldon  Berbice  British Guiana ,,British Guiana,,Right-hand bat,Legbreak googly,February 5  1983 (aged 55 years 39 days) ,
Magnum Nanan,date unknown ,,Trinidad &amp; Tobago,,,Slow left-arm orthodox,Uncle - ,
Nirmal Nanan,August 19  1951  Preysal  Trinidad ,66 years 232 days,Central Trinidad ,,Right-hand bat,Legbreak googly,Nephew - ,
Rangy Nanan,May 29  1953  Preysal  Trinidad ,,West Indies ,,Right-hand bat,Right-arm offbreak,Uncle - ,
Arjune Nandu,December 31  1971  Port Mourant  Berbice  Guyana ,46 years 98 days,Guyana,,Left-hand bat,Legbreak googly,,
O Nanton,date unknown ,,,,,,Umpire,
Arun Naraynsingh,date unknown ,,East Trinidad,,Right-hand bat,Slow left-arm orthodox,,
D Narine,date unknown ,,Central Trinidad,,,,,
David Joaquin Narine,August 16  1949  Guyana ,68 years 235 days,,,,,Umpire,
Gobin Narine,August 15  1981  Guyana ,36 years 236 days,West Indies Under-15s,,Right-hand bat,,Wicketkeeper,
Sunil Philip Narine,May 26  1988  Arima  Trinidad &amp; Tobago ,29 years 317 days,West Indies ,Bowler,Left-hand bat,Right-arm offbreak,,
Cecil Andrew Nascimento,September 13  1903  New Amsterdam  West Bank  Berbice  British Guiana ,,British Guiana,,Right-hand bat,,Wicketkeeper,
Brendan Paul Nash,December 14  1977  Attadale  Western Australia ,40 years 115 days,West Indies ,Middle-order batsman,Left-hand bat,Left-arm medium,1.73 m ,
Chedean Natasha Nation,October 31  1986  Jamaica ,31 years 159 days,West Indies Women,,Right-hand bat,,Wicketkeeper,
Clement Everton Neblett,March 10  1950  Georgetown  Demerara  British Guiana ,,British Guiana,,Left-hand bat,Left-arm medium,March 2012 (aged 61 years) ,
Jermaine Cleavon Neblett,September 15  1974  Georgetown  Demerara  Guyana ,43 years 205 days,Guyana,,Right-hand bat,Right-arm fast-medium,,
James Montague Neblett,November 13  1901  Taylors Land  St Michael  Barbados ,,West Indies ,,Right-hand bat,Legbreak,March 28  1959  Mackenzie  British Guiana (aged 57 years 135 days) ,
Ashmead Nedd,date unknown ,,West Indies Under-19s,,,,,
Darren Nedd,March 8  1999 ,19 years 31 days,West Indies Under-19s,,Right-hand bat,Right-arm medium,,
Gavin Hilton Nedd,July 21  1972  Georgetown  Demerara  Guyana ,45 years 261 days,Guyana,,Right-hand bat,Right-arm offbreak,,
Hilton Hensley Nedd,date unknown  Grenada ,,Windward Islands,,,,,
Marlene Needham,date unknown ,,West Indies Women,,,,,
Mark Churchill Neita,November 8  1960  Kingston  Jamaica ,57 years 151 days,Jamaica,,Right-hand bat,Right-arm medium,Wicketkeeper,
Donovan Nelson,October 23  1992  Jamaica ,25 years 167 days,West Indies Under-15s,,Left-hand bat,Legbreak,,
Marilyn Nelson,date unknown ,,Grenada Women,,,,,
Thomas Nelson,date unknown ,,,,,,Umpire,
Wallwood Leopold Nelson,January 12  1884  Springfield  St Elizabeth  Jamaica ,,Jamaica,,,,Wicketkeeper,
Robert Neptune,date unknown ,,South Trinidad,,Left-hand bat,,Wicketkeeper,
Juliana Barbara Nero,July 14  1979  St Vincent ,38 years 268 days,West Indies Women,,Right-hand bat,Right-arm medium,Occasional wicketkeeper,
Peter John Nero,June 27  1964  Toco  Trinidad ,53 years 285 days,,,,,Umpire,
Graydon Augustus Nesfield,November 12  1944  Reeds Hill  St Thomas  Barbados ,73 years 147 days,Barbados,,Right-hand bat,Right-arm offbreak,,
Noel Newton Nethersole,November 2  1903  Kingston  Jamaica ,,Jamaica,,Left-hand bat,,March 17  1959  Kingston  Jamaica (aged 55 years 135 days) ,
Ian Neverson,date unknown ,,JB Stollmeyer's XI ,,Right-hand bat,,,
Joseph Benjaim Newton,January 23  1950  Thyme Bottom  Christ Church  Barbados ,68 years 75 days,Barbados,,Right-hand bat,,,
Lewis Newton,date unknown ,,,,,,Umpire,
Virgil Castolani Newton,October 17  1955  St Kitts ,62 years 173 days,Leeward Islands,,Left-hand bat,Slow left-arm orthodox,,
Samad Abdul Hai Niamat,December 9  1912  Trinidad ,,Trinidad &amp; Tobago,,,,August 5  1984  Trinidad (aged 71 years 240 days) ,
Petrock Nicholas,date unknown ,,Trinidad &amp; Tobago A,,,,,
Edward Albert Nicholls,December 10  1947  Mahaica  East Coast  Demerara  British Guiana ,70 years 119 days,Guyana Police Force Team,,Right-hand bat,Right-arm offbreak,Umpire,
Jason Niemand,November 30  1998  East London ,19 years 129 days,Hudson Park,,Right-hand bat,,Hudson Park,
Gainet Niles,date unknown  Kingstown  St Vincent ,,Windward Islands,,Right-hand bat,,Wicketkeeper,
Neil William Niles,March 24  1971  British Virgin Islands ,47 years 15 days,British Virgin Islands,Bowler,Right-hand bat,Right-arm medium-fast,,
Nino Henry,October 6  1992  Antigua ,25 years 184 days,Combined Campuses and Colleges,,Right-hand bat,Right-arm medium,,
Melvin Noble,April 10  1952  Lucea  Hanover  Jamaica ,65 years 363 days,,,,,Umpire,
Sherwyn Noble,August 15  1976  Guyana ,41 years 236 days,St Maarten,,Right-hand bat,Right-arm medium-fast,,
W C Nock,date unknown ,,Trinidad &amp; Tobago,,,,,
Carena Neila Noel,September 25  1994  Soubise  St. Andrew ,23 years 195 days,Grenada Women,,Left-hand bat,,,
Jamal Noel,April 21  1984  Barbados ,33 years 352 days,Combined Campuses and Colleges,,Left-hand bat,Right-arm medium-fast,,
Marvin Kimono Noel,January 6  1986  Grenada ,32 years 92 days,Windward Islands,,Right-hand bat,Right-arm medium,Wicketkeeper,
T Noel,date unknown ,,Dominica Women,,,,,
Emelda Noreiga,date unknown ,,Trinidad &amp; Tobago Women,,,,,
Jack Mollinson Noreiga,April 15  1936  St Joseph  Trinidad ,,West Indies ,,Right-hand bat,Right-arm offbreak,August 8  2003  Port of Spain  Trinidad (aged 67 years 115 days) ,
Erskine Anton Norris,January 7  1940  Kirtons  St Philip  Barbados ,78 years 91 days,Barbados,,Right-hand bat,Right-arm fast,,
Marjoribanks Keppel North,November 17  1865  Mitford  Northumberland  England ,,British Guiana,,Right-hand bat,,March 27  1949  Amersham  Buckinghamshire  England (aged 83 years 130 days) ,
Robert Karl Nunes,June 7  1894  Kingston  Jamaica ,,West Indies ,,Left-hand bat,,Wicketkeeper,
Ashley Renaldo Nurse,December 22  1988  Gibbons  Christ Church  Barbados ,29 years 107 days,West Indies ,Bowler,Right-hand bat,Right-arm offbreak,,
Jonathan Reid Nurse,April 21  1885  Demerara  British Guiana ,,British Guiana,,Right-hand bat,Right-arm medium,details unknown ,
Martin Andre Nurse,June 11  1985  Durants  Christ Church  Barbados ,32 years 301 days,Barbados ,Batsman,Left-hand bat,Right-arm medium,,
Ryan Paul Omar Nurse,April 24  1983  Mapps College  St Philip  Barbados ,34 years 349 days,Barbados ,,Right-hand bat,Right-arm fast-medium,,
Rohan Renee Nurse,August 21  1983  Barbados ,34 years 230 days,Barbados,,Right-hand bat,Right-arm offbreak,,
Seymour MacDonald Nurse,November 10  1933  Jack-My-Nanny Gap  Black Rock  St Michael  Barbados ,84 years 149 days,West Indies ,,Right-hand bat,Right-arm offbreak,,
Rachid Edmar Dacosta O'Neale,July 27  1991 ,26 years 255 days,Barbados,,Right-hand bat,Right-arm medium,,
Courtney StGeorge O'Connor,August 12  1960  Kingston  Jamaica ,57 years 239 days,Jamaica,,Right-hand bat,Right-arm medium,,
June Whitney Ogle-Thomas,September 26  1986  Georgetown  Guyana ,31 years 194 days,Guyana Women ,,Right-hand bat,,Friendship Secondary School,
Lincoln Ohab,November 1  1960  Trinidad ,57 years 158 days,Central Trinidad,,,,,
Yvonne Oldfield,date unknown ,,Jamaica Women,,,,,
John Errol Olive,February 19  1985  Grenada ,33 years 48 days,Grenada,,Right-hand bat,Right-arm medium-fast,,
Arnold Oliver,December 17  1954  Trinidad ,63 years 112 days,Trinidad &amp; Tobago,,Left-hand bat,Slow left-arm orthodox,,
G H Oliver,date unknown ,,British Guiana,,Right-hand bat,,,
Sylvester Oliver,1929  Trinidad ,,Trinidad &amp; Tobago,,,,February 1999  Trinidad (aged 70 years) ,
Charles Augustus Ollivierre,July 20  1876  Kingstown  St Vincent ,,Derbyshire ,,Right-hand bat,,March 25  1949  Pontefract  Yorkshire  England (aged 72 years 248 days) ,
Helon Ollivierre,1881 ,,Trinidad &amp; Tobago,,Right-hand bat,,Wicketkeeper,
Richard Cordice Ollivierre,1880  Kingstown  St Vincent ,,West Indies ,,Right-hand bat,Right-arm fast,June 5  1937  New York  United States of America (aged 57 years) ,
Michael Francis Olton,June 20  1938  San Fernando  Trinidad ,79 years 292 days,Kent ,,Right-hand bat,Right-arm offbreak,,
K Omar,date unknown ,,Central Trinidad,,,,,
Selene O'Neil,June 3  1992 ,25 years 309 days,Trinidad &amp; Tobago Women,,Left-hand bat,Right-arm medium,,
G Ottley,date unknown ,,South Trinidad,,,,,
Kjorn Yohance Ottley,December 9  1989  Trinidad ,28 years 120 days,Combined Campuses and Colleges ,,Left-hand bat,Right-arm offbreak,Brother - ,
Khesan Yannick Gabriel Ottley,September 7  1991  Trinidad ,26 years 213 days,Combined Campuses and Colleges ,,Right-hand bat,Slow left-arm orthodox,Brother - ,
Jermaine Otto,August 2  1991  Antigua &amp; Barbuda ,26 years 249 days,Leeward Islands,,Right-hand bat,,Wicketkeeper,
Ralston Malcolm Otto,December 26  1957  Antigua ,60 years 103 days,Leeward Islands,,Right-hand bat,Right-arm offbreak,,
Paul Francis Ouckram,March 23  1889  Stanleytown  West Bank  Demerara  British Guiana ,,British Guiana,,Right-hand bat,Slow left-arm orthodox,March 16  1937  British Guiana (aged 47 years 358 days) ,
Roshanna Rosha-Lee Outar,February 21  1993 ,25 years 46 days,Jamaica Women,,Right-hand bat,Right-arm medium-fast,,
Barton Henry Vernon Outram,July 15  1886  Bowmanston  St John  Barbados ,,Barbados,,Right-hand bat,Right-arm fast,April 5  1974  Bridgetown  Barbados (aged 87 years 264 days) ,
Walter Evelyn Outram,date unknown ,,Barbados,,,,Walter Evelyn Outtram,
Allan Stephen Outridge,1912  Georgetown  Demerara  British Guiana ,,British Guiana,,Right-hand bat,Right-arm medium,February 1997  Bridgetown  Barbados (aged 85 years) ,
Ronald Clement Outridge,November 23  1935  British Guiana ,82 years 136 days,Trinidad &amp; Tobago,,,,,
Sydney Lloyd Owen,February 27  1872  Southsea  Hampshire  England ,,Jamaica,,,,February 24  1925  Newport  Isle of Wight  England (aged 52 years 363 days) ,
Charles Henry Packer,November 29  1877  Mount Plantation  St George  Barbados ,,Barbados ,,,,Brother - ,
Edward Fielding Packer,July 9  1855  Walmer  St Michael  Barbados ,,Barbados,,,,Brother - ,
James Grant Packer,December 2  1847  Walmer  St Michael  Barbados ,,Barbados,,,,Brother - ,
Albert Leroy Padmore,December 17  1946  Halls Village  St James  Barbados ,71 years 112 days,West Indies ,,Right-hand bat,Right-arm offbreak,,
J Padmore,date unknown ,,Barbados,,,,,
Donovan Jomo Pagon,September 13  1982  Kingston  Jamaica ,35 years 207 days,West Indies ,Batsman,Right-hand bat,,,
Bruce Hamilton Pairaudeau,April 14  1931  Georgetown  Demerara  British Guiana ,86 years 359 days,West Indies ,,Right-hand bat,Legbreak googly,Uncle - ,
Hollister Pajotte,date unknown ,,Trinidad &amp; Tobago,,,,,
Dixeth Washington Palmer,January 26  1968  St Elizabeth  Jamaica ,50 years 72 days,Jamaica,,Right-hand bat,,,
Paul Palmer,January 5  1992  Jamaica ,26 years 93 days,Combined Campuses and Colleges ,,Left-hand bat,,,
Lennox Pamphille,date unknown ,,East Trinidad,,Right-hand bat,,Wicketkeeper,
Mervyn Pantin,date unknown ,,North Trinidad,,,Right-arm offbreak,,
Brenton Anthony Parchment,June 24  1982  St Elizabeth  Jamaica ,35 years 288 days,West Indies ,Bowler,Right-hand bat,Right-arm offbreak,,
Joseph Parillon,January 4  1979  Dominica ,39 years 94 days,Windward Islands,,Right-hand bat,Right-arm offbreak,,
A Parker,date unknown ,,Guyana Women,,,,,
James Emanuel Parker,July 2  1872  Success  East Coast  Demerara  British Guiana ,,British Guiana,,Right-hand bat,Legbreak googly,1946  Georgetown  Demerara  Guyana (aged 73 years) ,
Yolance Parker,April 9  1972  East Bank  Demerara ,45 years 364 days,Guyana Women,,Right-hand bat,Right-arm offbreak,,
D Parrey,date unknown ,,East Trinidad,,,,,
Hume Parris,February 22  1940  St Ann's Bay  St Ann  Jamaica ,78 years 45 days,Jamaica,,Right-hand bat,,Wicketkeeper,
Jason Andre Parris,June 5  1982  Barbados ,35 years 307 days,Barbados ,,Right-hand bat,Right-arm offbreak,,
James Lambert Parris,December 15  1905  Weymouth  St Michael  Barbados ,,Barbados,,Right-hand bat,Right-arm slow,May 29  1997  Barbados (aged 91 years 165 days) ,
Nekoli Parris,June 6  1987  Barbados ,30 years 306 days,Combined Campuses and Colleges ,,Right-hand bat,Right-arm offbreak,Occasional wicketkeeper,
Richard Parris,date unknown ,,Barbados,,,,December 13  1845  Glendale Plantation  St Thomas  Barbados ,
Stanton Elliot Parris,August 22  1930  St Michael  Barbados ,,,,,,Umpire,
Renaldo Parris,August 19  1986  Barbados ,31 years 232 days,Barbados ,,,,,
D Parry,date unknown ,,Leeward Islands,,,,,
Derick Recaldo Parry,December 22  1954  Cotton Ground  Nevis ,63 years 107 days,West Indies ,,Right-hand bat,Right-arm offbreak,,
Parmesh Parsotam,November 6  1996 ,21 years 153 days,Guyana Under-19s,,Right-hand bat,,,
Nelon Troy Pascal,April 25  1987  St. David's  Grenada ,30 years 348 days,West Indies ,Bowler,Right-hand bat,Right-arm fast,,
Victor S Pascall,1886  Diego Martin  Trinidad ,,Trinidad,,Left-hand bat,Slow left-arm orthodox,July 7  1930  Port of Spain  Trinidad (aged 44 years) ,
Charles Clarence Passailaigue,August 4  1901  Kingston  Jamaica ,,West Indies ,,Right-hand bat,,January 7  1972  Montego Bay  St James  Jamaica (aged 70 years 156 days) ,
Allan Brian Patoir,May 6  1927  Georgetown  Demerara  British Guiana ,,British Guiana,,Right-hand bat,,April 12  1969  Guyana (aged 41 years 341 days) ,
John Anthony Patrick,September 22  1955  Grenada ,62 years 198 days,Windward Islands,,Right-hand bat,,,
Matthew Patrick,October 10  2000  Trinidad &amp; Tobago ,17 years 180 days,West Indies Under-19s,,Left-hand bat,Right-arm offbreak,,
Aria Patsy,date unknown ,,Grenada Women,,,,,
Balfour Patrick Patterson,September 15  1961  Happy Grove  Williamsfield  Jamaica ,56 years 205 days,West Indies ,,Right-hand bat,Right-arm fast,,
Arthur Paul,date unknown ,,Trinidad &amp; Tobago,,,,,
Charles O'Neil Paul,July 27  1933  Blairmont  East Bank  Berbice  British Guiana ,84 years 255 days,British Guiana,,Right-hand bat,,,
D Paul,date unknown ,,South Trinidad,,,,,
Jean Cedric Paul,November 13  1985  Dominica ,32 years 146 days,Dominica ,Bowler,Right-hand bat,Right-arm medium,,
Keemo Mandela Angus Paul,February 21  1998  Guyana ,20 years 46 days,West Indies ,Allrounder,Right-hand bat,Right-arm fast-medium,,
Lewis Paul,date unknown  Micord  St Lucia ,,Windward Islands,,,,,
Olson Sylvester Montgomery Paul,January 13  1952  Antigua ,66 years 85 days,Leeward Islands,,Right-hand bat,Right-arm offbreak,,
Rudolph Paul,date unknown ,,Grenada,,,,,
Roy Anthony Paul,November 11  1943  Kingston  Jamaica ,74 years 148 days,Jamaica,,Right-hand bat,Legbreak,,
Sham Paul,date unknown ,,Central Trinidad,,,,,
Branko Payne,March 10  1981 ,37 years 29 days,Antigua and Barbuda,,,,Wicketkeeper,
Elrick Colin Payne,November 17  1945  Carrington Village  St Michael  Barbados ,72 years 142 days,Barbados,,Right-hand bat,Right-arm fast,,
Thelston Rodney O'Neale Payne,February 13  1957  Foul Bay  St Philip  Barbados ,61 years 54 days,West Indies ,,Left-hand bat,,Wicketkeeper,
Cleophas Paynter,1943  St Vincent ,,,,,,Umpire,
Frank Leopold Pearce,March 31  1869  Kingston  Jamaica ,,Jamaica,,,,Brother - ,
George E R Pearce,1864  Kingston  Jamaica ,,Jamaica,,,,Brother - ,
Thomas Noel Malcolm Peirce,December 26  1916  Rock Dale  St Lawrence  Christ Church  Barbados ,,Barbados,,Right-hand bat,Legbreak,November 15  1988  Crane Gardens  St Philip  Barbados (aged 71 years 325 days) ,
Jamoy Jouan Pemberton,September 2  1986  Nevis ,31 years 218 days,Nevis,,Right-hand bat,,Wicketkeeper,
Kian Pemberton,date unknown ,,West Indies Under-19s,,,,,
E G Penalosa,date unknown ,,Trinidad &amp; Tobago,,,,,
Shervon Penco,September 24  1983  Tunapuna  Trinidad ,34 years 196 days,Combined Campuses and Colleges,,Right-hand bat,Right-arm fast,,
Orville George Pennant,March 16  1971  Manchester  Jamaica ,47 years 23 days,Jamaica,,Left-hand bat,,Wicketkeeper,
Cameron Kenneth Pennyfeather,February 10  1998 ,20 years 57 days,Combined Campuses and Colleges ,,Right-hand bat,Right-arm medium-fast,,
Arthur Pereira,date unknown ,,,,,,Umpire,
J Pereira,date unknown ,,Trinidad &amp; Tobago,,,,,
Shawn Pereira,date unknown ,,Guyana Under-19s,,,,,
Raymond Perez,date unknown ,,West Indies Under-19s,,,,,
William Keith Donald Perkins,October 8  1986  Barbados ,31 years 182 days,Barbados Tridents ,Wicketkeeper batsman,Right-hand bat,,Wicketkeeper,
Veerasammy Permaul,August 11  1989  Guyana ,28 years 240 days,West Indies ,Bowler,Right-hand bat,Slow left-arm orthodox,,
Hugh Perry,date unknown ,,,,,,Referee,
Nehemiah Odolphus Perry,June 16  1968  Jamaica ,49 years 296 days,West Indies ,,Right-hand bat,Right-arm offbreak,,
W Perry,date unknown ,,West Indies Young Cricketers,,,,,
Mukesh Persad,May 1  1970  Trinidad ,47 years 342 days,Trinidad &amp; Tobago,,Right-hand bat,Right-arm offbreak,,
Umesh Persad,December 12  1959  Diego Martin  Trinidad ,58 years 117 days,North Trinidad,,,Right-arm offbreak,,
Vishal Persad-Maharaj,August 6  1976  Trinidad ,41 years 245 days,Trinidad &amp; Tobago,,Right-hand bat,Legbreak,,
Adjodha Persaud,August 7  1949  Cumberland  Berbice  British Guiana ,68 years 244 days,Guyana,,Right-hand bat,Right-arm offbreak,,
Akshaya Persaud,July 1  1997 ,20 years 281 days,Guyana Under-19s,,Left-hand bat,Right-arm medium-fast,,
Chatterpaul Persaud,June 15  1912  Georgetown  Demerara  British Guiana ,105 years 297 days,British Guiana ,,Right-hand bat,,,
Deonarine Persaud,January 29  1963  Bath  Berbice  British Guiana ,55 years 69 days,Berbice,,Right-hand bat,Right-arm offbreak,,
Ganesh Persaud,January 14  1925  Lusignan  East Coast  Demerara  British Guiana ,,British Guiana,,Right-hand bat,,March 19  1981  Guyana (aged 56 years 64 days) ,
Indal Persaud,January 10  1940  Port Mourant  Berbice  British Guiana ,,British Guiana,,Right-hand bat,Right-arm offbreak,December 1  1994  Guyana (aged 54 years 325 days) ,
Jagnarine Persaud,date unknown ,,British Virgin Islands,Bowler,Right-hand bat,Right-arm medium,,
Joshua Persaud,February 29  2000  Guyana ,18 years 38 days,West Indies Under-19s,,Right-hand bat,,Wicketkeeper,
Keshwar Persaud,December 23  1958  Georgetown  Demerara  British Guiana ,59 years 106 days,Guyana,,Right-hand bat,Right-arm offbreak,,
Paul Durant Persaud,August 19  1971  Georgetown  Demerara  Guyana ,46 years 232 days,Guyana,,Left-hand bat,Right-arm offbreak,,
Ravendra Persaud,date unknown ,,Barbados Under-19s ,,,,,
Shivram Persaud,date unknown ,,Guyana Under-19s,,,,,
Travis Persaud,February 16  1998 ,20 years 51 days,Guyana Under-19s,,Right-hand bat,Right-arm offbreak,,
Harold Pertab,January 17  1949  Newbury  Georgetown  Demerara  British Guiana ,69 years 81 days,Demerara,,Right-hand bat,,,
Clinton Pestano,November 11  1992  Skeldon  Berbice ,25 years 148 days,Guyana ,,,,,
Martin Pestano-Belle,date unknown ,,Guyana Under-19s,,,,,
