Regardt Verster,June 25  1993  Pretoria  Gauteng ,24 years 287 days,Easterns ,,Left-hand bat,Left-arm medium,,
Zendon Verster,May 23  1993  Pretoria  Gauteng ,24 years 320 days,Northerns XI,,Right-hand bat,Right-arm medium,,
John Andrew Vertue,October 23  1941  Griquatown  Cape Province ,76 years 167 days,Griqualand West,,Left-hand bat,Left-arm medium,,
Brandon Verway,February 24  1996 ,22 years 43 days,Gauteng Under-19s,,Right-hand bat,Left-arm fast,Waterstone College,
Barend Gerhardus Verwey,January 16  1916  Cape Town  Cape Province ,102 years 82 days,,,,,Umpire,
N Vezi,date unknown ,,Western Province Women,,,,,
Gavin Charles Victor,August 11  1966  Port Elizabeth  Cape Province ,51 years 240 days,Border ,,Right-hand bat,,,
Johannes Lovikus Victor,March 28  1938  Cape Town  Cape Province ,80 years 11 days,,,,,Umpire,
Ryan Victor,May 20  1996 ,21 years 323 days,Kingswood College,,Right-hand bat,,Kingswood College,
Wihan Victor,November 11  1997 ,20 years 148 days,Free State Under-15s ,,Right-hand bat,Right-arm offbreak,Grey College,
Anthony Videgauz,No Details Known ,,Transvaal,,Right-hand bat,,,
Ross Vides,March 18  1999 ,19 years 21 days,Border Under-13s,,Right-hand bat,,Selborne Primary,
Keenan Vieira,November 1  1997  Johannesburg ,20 years 158 days,Eastern Province Under-17s,,Right-hand bat,,,
James Talbot Vigne,December 23  1868  Fort Beaufort  Cape Province ,,Griqualand West,,,,April 9  1955  Kimberley  Cape Province (aged 86 years 107 days) ,
Mluleki Vilakazi,October 25  1996 ,21 years 165 days,KwaZulu-Natal Under-17s,,Left-hand bat,Left-arm medium,Thandolwesizwe,
Dane James Vilas,June 10  1985  Johannesburg  Transvaal ,32 years 302 days,South Africa ,Wicketkeeper batsman,Right-hand bat,,King Edward VII Prep  King Edward VII School,
Andrew Viljoen,February 22  1955  Dunnottar  Transvaal ,63 years 45 days,Transvaal,,Left-hand bat,Left-arm fast-medium,,
A Viljoen,date unknown ,,Western Province (SACB),,,,,
Aiden Viljoen,March 16  1999 ,19 years 23 days,Mpumalanga Under-13s,,Right-hand bat,,Middelburg Primary,
Alwyn Frederick Viljoen,August 10  1984  Bloemfontein ,33 years 241 days,Northerns,,Right-hand bat,Right-arm offbreak,Nelspruit,
Andre Willie Viljoen,October 12  1971  Durban  Natal ,46 years 178 days,Natal,,Right-hand bat,Right-arm medium,,
Chris Viljoen,July 28  1947  Durban  Natal ,70 years 254 days,Boland,,Right-hand bat,Right-arm offbreak,,
Corne Viljoen,January 20  2001  Free State ,17 years 78 days,Free State Under-15s,,Right-hand bat,Right-arm offbreak,St Andrews,
EW Viljoen,May 9  1995  Bloemfontein ,22 years 334 days,Free State Under-17s,,Right-hand bat,Right-arm fast-medium,Grey College,
Frederik Daniel Jacobus Viljoen,July 28  1897 ,,Western Province,,,,August 15  1965  Cape Town  Cape Province (aged 68 years 18 days) ,
Frans Johannes Jacobus Viljoen,August 10  1964  Welkom  Orange Free State ,53 years 241 days,Griqualand West ,,Right-hand bat,Legbreak,,
GC Viljoen,March 6  1989  Witbank ,29 years 33 days,Derbyshire ,Bowler,Right-hand bat,Right-arm fast,,
Hanu Viljoen,June 5  2001 ,16 years 307 days,Northerns Under-15s,,Right-hand bat,,Pretoria Boys High,
Janrich Viljoen,September 13  1999  Polokwane ,18 years 207 days,,,Left-hand bat,,ST Andrews School,
Jandre Viljoen,January 26  2001 ,17 years 72 days,KwaZulu-Natal Under-15s,,Right-hand bat,,Westville,
Jene Estelle Viljoen,November 29  1991  Duiwelskloof ,26 years 130 days,Northerns Women,,Right-hand bat,Right-arm medium,,
Joggie J Viljoen,January 6  1940  Nigel  Transvaal ,78 years 92 days,Northerns,,Right-hand bat,Right-arm medium,,
Kenneth George Viljoen,May 14  1910  Windsorton  Cape Province ,,South Africa ,,Right-hand bat,Right-arm bowler,January 21  1974  Krugersdorp  Transvaal (aged 63 years 252 days) ,
P Viljoen,date unknown ,,Northern Transvaal Country Districts XI,,,,,
Rupert Antoine Viljoen,June 23  1994  Potchefstroom ,23 years 289 days,North West Under-19s,,Right-hand bat,Right-arm medium,,
Sunette Viljoen,October 6  1983  Rustenburg  Transvaal ,34 years 184 days,North West Women ,,Right-hand bat,Right-arm medium,,
Sidney Frank Viljoen,May 31  1908  Windsorton  Cape Province ,,Griqualand West ,,,Right-arm fast-medium,December 26  1959  Klerksdorp  Transvaal (aged 51 years 209 days) ,
Thinus Viljoen,June 27  1997 ,20 years 285 days,Menlopark High School,,,,,
Vincent Viljoen,May 25  1999 ,18 years 318 days,Hoer Volkskool,,Right-hand bat,Right-arm offbreak,,
Willem Petrus Viljoen,June 4  1991  Potchefstroom  Transvaal ,26 years 308 days,North West Under-19s,,Right-hand bat,Right-arm medium,,
John Monet Villet,September 8  1973  Bellville  Cape Province ,44 years 212 days,Boland,,Right-hand bat,Right-arm offbreak,,
Jaco Viljoen,January 3  2001  Potchefstroom ,17 years 95 days,North West Under-15s,,Right-hand bat,Right-arm offbreak,Potchefstroom Volkskool,
Anthony J S Vincent,February 18  1935  Cape Town  Cape Province ,83 years 49 days,Western Province,,Right-hand bat,Right-arm medium,,
Cyril Leverton Vincent,February 16  1902  Johannesburg  Transvaal ,,South Africa ,,Left-hand bat,Slow left-arm orthodox,Administrator,
W Vincent,date unknown ,,,,,,Umpire,
William Edward Hay Vincent,July 14  1914  Kimberley  Cape Province ,,Griqualand West,,,,May 7  1981  Kimberley  Cape Province (aged 66 years 297 days) ,
Stuart Vine-Morris,May 26  1937  Rondebosch  Cape Town  Cape Province ,,Western Province,,Left-hand bat,,Brother - ,
Charles Henry Vintcent,September 2  1866  Mossel Bay  Cape Colony ,,South Africa ,,Left-hand bat,Left-arm medium-fast,September 28  1943  George  Cape Province (aged 77 years 26 days) ,
Vincent Brandon Viret,July 4  1988  Cape Town  Cape Province ,29 years 278 days,Namibia ,,Right-hand bat,Left-arm fast-medium,,
Kevin Visage,date unknown ,,Eastern Province Invitation XI,,,,,
Drickus Visagie,November 24  1996 ,21 years 135 days,South Western Districts Under-17s,,Right-hand bat,Right-arm medium,Point High,
Luan Visagie,April 13  1999 ,18 years 360 days,Limpopo Under-13s,,Right-hand bat,Right-arm medium,Curro Heuwelkruin,
Morne Daniel Johannes Visagie,September 24  1994  George ,23 years 196 days,South Western Districts Under-19s,,Right-hand bat,Right-arm medium-fast,Oakdale Agricutural High School,
Peter John Arthur Visagie,October 5  1959  Florida  Roodepoort  Transvaal ,58 years 185 days,Northern Transvaal,,Right-hand bat,Right-arm medium,,
Reubin Visagie,October 30  1996 ,21 years 160 days,Griqualand West Under-17s,,Right-hand bat,,Northern Cape High,
Wayne Rodger Visagie,May 12  1979  Bloemfontein  Orange Free State ,38 years 331 days,Free State,,Right-hand bat,Right-arm fast,,
Aron Visser,March 24  1999 ,19 years 15 days,Gauteng Under-13s,,Right-hand bat,Right-arm medium,St Benedicts,
Arend Visser,January 18  2002 ,16 years 80 days,Eastern Province Under-13s,,Right-hand bat,Right-arm fast,Bluewater Bay Primary,
Abraham Lourens Visser,September 19  2000 ,17 years 201 days,Hoer Volkskool,,Right-hand bat,Right-arm medium,,
B Visser,date unknown ,,Southern Cape,,,,,
Coenraad Visser,March 6  2000 ,18 years 33 days,Mpumalanga Under-13s,,Right-hand bat,(unknown arm) fast,Laerskool Kanonkop,
N Visser,date unknown ,,Eastern Province Women,,,,,
O Visser,date unknown ,,Transvaal (SACB),,,,Wicketkeeper,
Philip Johannes Visser,April 6  1998 ,20 years 2 days,Grey College,,Right-hand bat,Slow left-arm orthodox,Grey College,
Pierre J E Visser,date unknown ,,Griqualand West ,,,,,
Vulindlela Vitsha,date unknown ,,Border Under-19s,,,,,
C Viviers,date unknown ,,Easterns Under-19s,,,,,
Francois Viviers,June 7  2001  Potchefstroom ,16 years 305 days,North West Under-15s,,Right-hand bat,,Potch Gimnasium,
George Viviers,November 2  1989  Benoni ,28 years 157 days,Easterns Under-19s,,Right-hand bat,Right-arm fast,,
Johan Viviers,date unknown ,,Northerns,,,,,
Arnoldus Christiaan Vlok,August 8  1911  Pretoria  Transvaal ,,Northerns,,,,April 23  1955  Pretoria  Transvaal (aged 43 years 258 days) ,
Leon du Toit Vlok,March 3  1929  Pretoria  Transvaal ,89 years 36 days,Northerns,,,Right-arm medium-fast,,
Albert Edward Ernest Vogler,November 28  1876  Swartwater  Queenstown  Cape Province ,,South Africa ,,Right-hand bat,Right-arm fast-medium  Right-arm medium  Legbreak googly,August 9  1946  Fort Napier  Pietermaritzburg  Natal (aged 69 years 254 days) ,
Joshua Voight,October 20  2003  Port Elizabeth ,14 years 170 days,Eastern Province Under-13s,,Right-hand bat,Right-arm medium,Grey Junior,
Bryan Michael Voke,June 7  1984  Cape Town  Cape Province ,33 years 305 days,Border,,Right-hand bat,Right-arm fast-medium,Selborne College,
Lyndon Jacobs Volkwyn,February 7  1989  Grootbrak Rivier ,29 years 60 days,Free State ,,Right-hand bat,Right-arm medium-fast,,
Nelius K Volschenk,March 14  2003  Bloemfontein ,15 years 25 days,Free State Under-13s,,Right-hand bat,Right-arm medium,Grey College,
Andre Kenne Volsteedt,May 6  1975  Bloemfontein  Orange Free State ,42 years 337 days,Boland ,,Right-hand bat,Legbreak,,
Ruan von Abo,November 9  1998  Potchefstroom ,19 years 150 days,Hoer Volkskool ,,Left-hand bat,Right-arm medium,Potchefstroom Volkskool,
Shaun von Berg,September 16  1986  Pretoria  Transvaal ,31 years 204 days,Northerns ,,Right-hand bat,Legbreak,,
Gareth Edward von Hoesslin,April 19  1985  East London ,32 years 354 days,Border,,Right-hand bat,,Wicketkeeper,
Jonathan von Hoesslin,July 21  1990  East London  Cape Province ,27 years 261 days,Border Under-19s,,Left-hand bat,,Selborne College,
Hubert Methley von Mengershausen,March 7  1892  Howick  Natal ,,Natal ,,,,Wicketkeeper,
Hancke Oscar von Rauenstein,July 27  1980  Johannesburg  Transvaal ,37 years 255 days,Free State,,Right-hand bat,Legbreak,,
D von Rueben,date unknown ,,Easterns Under-19s,,,,,
H Von Schade,date unknown ,,Griqualand West,,,,,
Simon von Staden,August 12  1996  Westville ,21 years 239 days,Westville Boys High School,,Right-hand bat,Right-arm medium,Westville Boys High School,
J Von Wielligh,date unknown ,,,,,,Umpire,
F Von Willingh,date unknown ,,,,,,Umpire,
Godwin Alistair von Willingh,April 6  1977  Stellenbosch  Cape Province ,41 years 2 days,,,,,Umpire,
Balthazar Johannes Vorster,December 13  1915 ,,,,,,September 10  1983 (aged 67 years 271 days) ,
Alex Vorster,August 14  1995  Durban ,22 years 237 days,Westville Boys High School,,Right-hand bat,,Westville Boys High School,
Bryan Vorster,June 26  1994  Cape Town  Cape Province ,23 years 286 days,Western Province Under-19s,,Left-hand bat,Left-arm fast-medium,SACS,
Bernard Vorster,February 2  1998  Komatipoort ,20 years 65 days,Mpumalanga Under-15s,,Right-hand bat,Legbreak,Nelspruit,
Christiaan Jakobus Vorster,August 17  1976  Paarl  Cape Province ,41 years 234 days,Boland ,,Right-hand bat,Right-arm medium-fast,,
Daniel Vorster,September 13  1996  Pretoria  Transvaal ,21 years 207 days,Northerns Under-17s,,Right-hand bat,Right-arm offbreak,AHS,
Dino Vorster,May 28  1996 ,21 years 315 days,St Stithians College,,Right-hand bat,Right-arm medium,St Stithians Boys College,
Diaan Vorster,March 15  1995 ,23 years 24 days,University of Johannesburg,,Right-hand bat,Right-arm offbreak,,
Johan Vorster,October 28  1977  Roodepoort  Transvaal ,40 years 162 days,Transvaal,,Right-hand bat,Left-arm fast,,
John Vorster,date unknown ,,Orange Free State,,,,,
Louis Phillippus Vorster,November 2  1966  Potchefstroom  Transvaal ,,Namibia ,,Left-hand bat,Right-arm offbreak,April 17  2012  Pretoria  Transvaal (aged 45 years 167 days) ,
Louis William Vorster,October 21  1942  Krugersdorp  Transvaal ,75 years 169 days,Transvaal,,Right-hand bat,Legbreak,,
Stef Vorster,date unknown ,,North West University,,,,,
Henco Vorstman,February 4  1996  Pretoria ,22 years 63 days,Waterkloof High School,,Right-hand bat,Right-arm medium,Waterkloof High School,
André Vosloo,May 4  1999 ,18 years 339 days,Mpumalanga Under-13s,,Right-hand bat,Right-arm medium,Laerskool Nelspruit,
Gerhard Vosloo,date unknown ,,Titans Cubs,,,,,
Gerhardus Matthys Vosloo,March 29  1987  Nelspruit ,31 years 10 days,Mpumalanga,,Right-hand bat,Right-arm offbreak,,
Jacques Vosloo,September 26  2001  Nelspruit ,16 years 194 days,Mpumalanga Under-15s,,Right-hand bat,Right-arm medium,Nelspruit High,
Philip Johannes Vosloo,May 18  1971  Nelspruit ,46 years 325 days,,,,,Umpire,
Michael Frederick Voss,November 10  1966  Cape Town  Cape Province ,51 years 149 days,Western Province,,Left-hand bat,,,
Arnu Voster,July 22  1994  Tzaneen ,23 years 260 days,Limpopo Under-19s,,Right-hand bat,,Merensky,
Dante Vries,July 15  1992 ,25 years 267 days,Free State Under-19s,,Right-hand bat,Left-arm medium-fast,,
Gino Angelo Vries,April 10  1987  Bloemfontein ,30 years 363 days,Eagles ,,Right-hand bat,Right-arm fast-medium,,
Thanassi Vrysoullis,July 12  2000 ,17 years 270 days,North West Under-13s,,Right-hand bat,Right-arm medium,Laerskool Stellaland,
Mesuli Vuba,August 19  2001 ,16 years 232 days,South Western Districts Under-15s,,Right-hand bat,Right-arm medium,,
Niel JV Vuuren,April 7  2003 ,15 years 1 days,North West Under-13s,,Left-hand bat,,Laerskool Bailie Park,
Walimohamed Vuyani,February 19  2002  Mombasa ,16 years 48 days,Mpumalanga Under-13s,,Left-hand bat,Right-arm medium,Cambridge Academy,
Alfred Waddington,September 15  1915  Kimberley  Cape Province ,,Griqualand West,,Right-hand bat,Left-arm medium,Brother - ,
John Edward Waddington,December 30  1918  Kimberley  Cape Province ,,Griqualand West,,Right-hand bat,Right-arm medium,Brother - ,
NW Waddington,date unknown ,,,,,,Umpire,
NW Waddington,date unknown ,,,,,,Umpire,
Herbert Frederick Wade,September 14  1905  Durban  Natal ,,South Africa ,,Right-hand bat,,November 23  1980  Inanda  Sandton  Johannesburg  Transvaal (aged 75 years 70 days) ,
Walter Wareham Wade,June 18  1914  Durban  Natal ,,South Africa ,,Right-hand bat,,Umpire,
F Wadee,date unknown ,,Transvaal (SACB),,,,,
Owen Llewellyn Wadham,August 20  1923  Cape Town  Cape Province ,94 years 231 days,Griqualand West,,,,,
A Wadvalla,date unknown ,,Transvaal (SACB),,,,Cousin - ,
Shaid Wadvalla,July 25  1949  Zeerust  Transvaal ,68 years 257 days,Natal (SACB),,,,Brother - ,
Sikander Wadvalla,date unknown ,,Transvaal (SACB),,,,Brother - ,
Jason Wagener,June 2  1997  Durban ,20 years 310 days,KwaZulu-Natal ,Wicketkeeper,Right-hand bat,,Wicketkeeper,
D Wagner,date unknown ,,KwaZulu-Natal Inland Women,,,,,
Gary Wagner,November 28  1996 ,21 years 131 days,South Western Districts Under-17s,,Right-hand bat,Right-arm fast,Glenwood House,
M Wagner,date unknown ,,Boland Women,,,,,
Shaun Wagner,July 13  2000 ,17 years 269 days,South Western Districts Under-15s,,Right-hand bat,Right-arm medium,,
Jacques Wahl,February 26  1971  Cape Town  Cape Province ,47 years 41 days,Boland,,Right-hand bat,Left-arm medium,,
A L Wainwright,date unknown ,,Border,,Right-hand bat,,,
Iain Wainwright,January 27  1949  Noupoort  Cape Province ,69 years 71 days,Border,,Right-hand bat,,,
Clayton Clement Wait,August 6  1969  Port Elizabeth  Cape Province ,48 years 245 days,Eastern Province,,Right-hand bat,Right-arm medium,,
John Henry Bickford Waite,January 19  1930  Johannesburg  Transvaal ,,South Africa ,,Right-hand bat,,Wicketkeeper,
John Graham Waites,December 21  1916  Benoni  Transvaal ,,Northerns,,Left-hand bat,Right-arm fast-medium,August 23  1961  Benoni  Transvaal (aged 44 years 245 days) ,
C D Wakefield,date unknown ,,Border,,,,Son - ,
Charles Reginald Ernest Wakefield,April 13  1900  East London  Cape Province ,,Border,,,,Father - ,
Rueben Wakefield,date unknown ,,Northern Territory,,,,,
Bryan Reginald Wakeford,February 2  1929  Lady Grey  Cape Province ,,Border,,Right-hand bat,,Wicketkeeper,
Tayo Walbrugh,July 10  1996  Cape Town ,21 years 272 days,Rondebosch Boys High School ,,Right-hand bat,,Rondebosch Boys High School,
Cole Walburgh,October 29  2001  Cape Town ,16 years 161 days,Western Province Under-15s,,Right-hand bat,Right-arm medium,Rondebosch Boys High,
L Waldeck,date unknown ,,,,,,Umpire,
Richard Tyrrell Waldek,May 13  1917  Grahamstown  Cape Province ,,Eastern Province,,,,January 2  1966  Port Elizabeth  Cape Province (aged 48 years 234 days) ,
Damlen Walden,July 29  1999 ,18 years 253 days,KwaZulu-Natal Inland Under-13s,,Right-hand bat,Right-arm medium-fast,Egerton Primary,
Joshua Walden,April 30  2003 ,14 years 343 days,KwaZulu-Natal Inland Under-13s,,Right-hand bat,Right-arm medium,Egerton,
Waleed Smith,July 24  1998 ,19 years 258 days,Western Province Under-15s,,Right-hand bat,Right-arm medium,Hottentots Holland High School,
Anthony John Walker,June 15  1939  Herne Bay  Kent ,78 years 297 days,,,,,Umpire,
Eric P Walker,date unknown ,,,,,,Umpire,
EP Walker,date unknown ,,,,,,Umpire,
Jeffrey Walker,December 27  1953  Vryburg  Cape Province ,64 years 102 days,Griqualand West,,Right-hand bat,,,
Keith Alexander Walker,July 30  1912  Bloemfontein  Orange Free State ,,Orange Free State,,,,August 13  1983  Bloemfontein  Orange Free State (aged 71 years 14 days) ,
Richard Arthur Walker,May 4  1930  Grahamstown  Cape Province ,87 years 339 days,Eastern Province,,Left-hand bat,,,
Todd Walker,March 13  1998  Cape Town ,20 years 26 days,Eastern Province Under-15s ,,Right-hand bat,Right-arm fast,Grey High School,
Wayne Walker,July 30  1977  Port Elizabeth  Cape Province ,40 years 252 days,Eastern Province,,Right-hand bat,Right-arm fast-medium,,
William Walker,date unknown ,,Orange Free State,,,,,
William Arthur Maitland Walker,January 13  1962  Cradock  Cape Province ,56 years 85 days,Eastern Province Country Districts,,Right-hand bat,Right-arm fast-medium,,
William Worley Walker,March 25  1913  Bloemfontein  Orange Free State ,,Orange Free State,,,,Wicketkeeper,
James Alfred Walkerley,January 20  1917  Bloemfontein  Orange Free State ,,Orange Free State,,Right-hand bat,,November 12  1964  Durban  Natal (aged 47 years 297 days) ,
Reginald Gilbert Walkerley,January 2  1918  Leribe  Basutoland ,100 years 96 days,Orange Free State,,,,,
Bryan Wallace,April 13  1910  Simonstown  Cape Province ,,Western Province,,,,Administrator,
Paul Brian James Wallace,January 2  1957  Cape Town  Cape Province ,61 years 96 days,Boland,,Left-hand bat,,,
Ryan Wallace,October 18  1995 ,22 years 172 days,KwaZulu-Natal Under-17s,,Right-hand bat,Right-arm medium,Kearsney College,
Benjamin Wallach,September 18  1873  Queenstown  Cape Province ,,London County ,,Right-hand bat,,Wicketkeeper,
Ian Waller,date unknown ,,Northern Transvaal Country Districts XI,,,,,
Leslie Oswald Waller,1913  Durban  Natal ,105 years,Europeans (India) ,,Left-hand bat,Right-arm bowler,,
William Donald Wallers,December 30  1936  Johannesburg  Transvaal ,81 years 99 days,Transvaal,,Right-hand bat,Legbreak,,
Dylan Walsh,November 3  1995 ,22 years 156 days,Griqualand West Under-17s,,Left-hand bat,Left-arm medium,Northern Cape High,
Frank Arthur Walsh,October 13  1905  Napier  Cape Province ,,Transvaal,,Left-hand bat,Left-arm bowler,October 7  1989  Kloof  Natal (aged 83 years 359 days) ,
Greg Mark Walsh,April 30  1965  Pietermaritzberg  Natal ,52 years 343 days,Natal,,Right-hand bat,Left-arm medium,,
Jarryd Walsh,May 27  1992 ,25 years 316 days,KwaZulu-Natal Inland Under-19s,,Left-hand bat,,,
Tyron Walsh,January 12  1995 ,23 years 86 days,KwaZulu-Natal Inland Under-17s,,Right-hand bat,Right-arm medium,Maritzburg College,
Albert William Patrick Walshe,August 25  1872  Mile End  London  England ,,Griqualand West ,,,,January 15  1949  Johannesburg  Transvaal (aged 76 years 143 days) ,
Kenneth Alexander Walter,November 5  1939  Johannesburg  Transvaal ,,South Africa ,,Right-hand bat,Right-arm fast,September 13  2003  Sandton  Johannesburg (aged 63 years 312 days) ,
Basheeru-Deen Walters,September 16  1986  Port Elizabeth  Cape Province ,31 years 204 days,Eastern Province ,,Right-hand bat,Right-arm bowler,Nasruddin Islamic School  Nelson Mandela Metropolitan University,
Dignus Adriaan Jacobus Walters,May 2  1916 ,101 years 341 days,Orange Free State,,,Left-arm bowler,,
Luan Walters,May 20  1994  Nelspruit ,23 years 323 days,Mpumalanga Under-19s,,Right-hand bat,,Nelspruit High School,
Lee Roy Walters,December 3  1986  Paarl ,31 years 126 days,Boland ,,Right-hand bat,,Wicketkeeper,
Martin Dennis Walters,March 12  1985  East London  Cape Province ,33 years 27 days,Border ,,Right-hand bat,Right-arm offbreak,Selborne College; Harrow School; University of Cape Town,
Shadley Walters,date unknown ,,KwaZulu-Natal Inland Under-19s,,,,,
W Walters,date unknown ,,Eastern Province,,,,,
Mark Andrew Walton,June 1  1969  Merthyr Tydfil  Glamorgan ,48 years 311 days,Wales Minor Counties,,Left-hand bat,Left-arm medium,,
D Wambi,date unknown ,,,,,,Umpire,
Vaughan Wandrag,May 9  1974  Potchefstroom  Transvaal ,43 years 334 days,North West ,,Right-hand bat,Right-arm offbreak,,
Dudley Halvor Wang,August 21  1949  Middelburg  Transvaal ,68 years 230 days,South African Universities,,Right-hand bat,,,
Willie Wannenburg,January 14  1999 ,19 years 84 days,Gauteng Under-13s,,Left-hand bat,Legbreak,Dr Verwoed,
Arthur Seymour Ward,December 24  1902  Cape Town  Cape Province ,,Rhodesia ,,Right-hand bat,,Presumed Dead ,
John Howell Ward,December 28  1925  Germiston  Transvaal ,92 years 101 days,Rhodesia ,,Right-hand bat,,,
Lorna Grace Ward,June 3  1939  Port Elizabeth  Cape Province ,78 years 309 days,Natal Women ,,Right-hand bat,Right-arm fast,,
Thomas Alfred Ward,August 2  1887  Rawalpindi  Punjab  India ,,South Africa ,,Right-hand bat,,Wicketkeeper,
Wardroper,date unknown ,,Northern Rhodesia,,,,,
Anthony Warman,January 10  1955  Durban  Natal ,63 years 88 days,Natal,,Right-hand bat,Right-arm medium,,
Jay-Dee James Warne,February 24  1996  Cape Town  Cape Province ,22 years 43 days,Boland Under-17s,,Right-hand bat,Right-arm medium,Paarl Gymnasium,
Albert Jack Warner,July 5  1921  Ombersley  Worcestershire  England ,96 years 277 days,,,,,Umpire,
Cecil Claridge Lamont Warner,May 23  1897  Fort Malan  Idutywa  Cape Province (now Transkei) ,,Border,,Right-hand bat,,April 4  1983  East London  Cape Province (aged 85 years 316 days) ,
Edmond Wilfred Warner,June 29  1909  Kroonstad  Orange Free State ,108 years 283 days,Orange Free State,,Right-hand bat,,,
John Edwin Warner,May 3  1911  Plumstead  Cape Town  Cape Province ,,,,,,Umpire,
Thomas Maurice Warner,August 31  1902  Fort Malan  Idutywa  Cape Province (now Transkei) ,,Border,,,,August 25  1987  Germiston  Transvaal (aged 84 years 359 days) ,
John Colin Warren,February 8  1873  Avoca Farm  near Kei Road  Cape Province ,,Border,,,,December 31  1900  Salisbury (now Harare)  Rhodesia (aged 27 years 326 days) ,
Waseem Rahman,July 8  1998 ,19 years 274 days,KwaZulu-Natal Under-17s,,Right-hand bat,Right-arm medium,,
John Lawrence Washington,date unknown ,,Transvaal,,,,,
Andre Hermanus Wasserfall,November 13  1955  Cape Town  Cape Province ,62 years 146 days,Boland,,Right-hand bat,Right-arm medium,,
Dudley Griffith Watcham,November 10  1910  Cathcart  Cape Province ,,Transvaal,,,,January 23  1985  Johannesburg  Transvaal (aged 74 years 74 days) ,
John Cecil Watkins,April 10  1923  Durban  Natal ,94 years 363 days,South Africa ,,Right-hand bat,Right-arm medium,,
Victor Claude Watkins,February 16  1926  Durban  Natal ,92 years 51 days,Natal,,Right-hand bat,Right-arm fast-medium,,
Douglas James Watson,May 15  1973  Pietermaritzberg  Natal ,44 years 328 days,Derbyshire Cricket Board ,,Right-hand bat,Right-arm medium,,
Gary Lancelot George Watson,October 3  1944  Durban  Natal ,73 years 187 days,Transvaal,,Right-hand bat,Right-arm fast,,
H Watson,date unknown ,,Gauteng Women,,,,,
Ian Donald Marden Watson,October 31  1954  Johannesburg  Transvaal ,63 years 159 days,South African Universities,,Left-hand bat,Right-arm offbreak,,
Justin Watson,February 18  1998  Gauteng ,20 years 49 days,Gauteng Under-15s,,Right-hand bat,Right-arm fast,St Stithians,
Vyvyan Underwood Tennant Watson,1891 ,,Western Province,,,,details unknown ,
William Kenneth Watson,May 21  1955  Port Elizabeth  Cape Province ,62 years 322 days,Border ,,Right-hand bat,Right-arm fast-medium,,
Raymond Watson-Smith,February 20  1940  Mowbray  Cape Town  Cape Province ,78 years 47 days,Border,,Right-hand bat,Right-arm medium,,
C Watt,date unknown ,,Northerns Women,,,,,
Dylan Ross Watt,October 10  1992 ,25 years 180 days,,,Right-hand bat,Right-arm fast,,
Howard Hugh Watt,March 1  1911  Rosebank  Cape Town  Cape Province ,,North Eastern Transvaal ,,Right-hand bat,Right-arm fast-medium,Sparkle,
Joshua Watt,October 9  2001 ,16 years 181 days,KwaZulu-Natal Inland Under-15s,,Right-hand bat,,Hilton College,
Dale Ryan Anuzane Watts,April 8  1994  Paarl ,24 years 0 days,Boland Under-19s,,Right-hand bat,Right-arm medium,,
Arthur Kinton Weakley,April 30  1939  Queenstown  Cape Province ,78 years 343 days,Border ,,Right-hand bat,Right-arm medium,,
Anthony John Wearne,September 26  1941  Roodepoort  Transvaal ,76 years 194 days,Orange Free State,,Right-hand bat,,,
Eloise Webb,date unknown ,,Border Women,,Right-hand bat,Right-arm medium,,
Erné Webber,June 1  1977  Port Elizabeth  Eastern Province ,40 years 311 days,Eastern Province Women ,,Right-hand bat,Right-arm offbreak,Hoërskool Framesby,
Mark Tudor Webber,July 26  1968  Pretoria  Transvaal ,49 years 256 days,Eastern Transvaal,,Right-hand bat,,,
Andrew Cyril Weber,November 18  1877  Georgetown  Demerara  British Guiana ,,Western Province,,,,Brother - ,
Gary August Weber,April 24  1952  East London  Cape Province ,,Border,,Right-hand bat,Right-arm fast,April 7  2012  Lily Kirchmann Home  Berea  East London  Eastern Cape (aged 59 years 349 days) ,
G F Weber,date unknown ,,Northerns,,,Left-arm bowler,,
Trevor Craig Webster,October 4  1969  Johannesburg  Transvaal ,48 years 186 days,Gauteng ,,Right-hand bat,Right-arm fast-medium,,
Zain Webster,March 20  1992  Cape Town ,26 years 19 days,Western Province Under-19s,,,,,
Christopher Clive Weeden,September 19  1953  Cape Town  Cape Province ,64 years 201 days,Western Province,,Left-hand bat,Right-arm medium,,
George Richard Weetman,June 18  1951  Vryburg  Cape Province ,66 years 294 days,Griqualand West,,Right-hand bat,,Wicketkeeper,
Izak Francois Nel Weideman,September 19  1960  Johannesburg  Transvaal ,,Northern Transvaal ,,Right-hand bat,Right-arm fast-medium,June 4  2001  Maraisburg  Gauteng (aged 40 years 258 days) ,
Norman Robert Weightman,November 23  1942  Pretoria  Transvaal ,75 years 136 days,Transvaal,,Right-hand bat,Right-arm medium,,
Geoffrey Weinberg,July 12  1933  Kimberley  Cape Province ,84 years 270 days,Griqualand West,,Right-hand bat,Right-arm medium,,
Leonard Jack Weinstein,June 19  1940  Oudtshoorn  Cape Province ,77 years 293 days,North Eastern Transvaal ,,Right-hand bat,,Father - ,
Mark Steven Weinstein,December 21  1973  Johannesburg  Transvaal ,44 years 108 days,Transvaal,,Right-hand bat,Right-arm offbreak,Son - ,
A Weir,date unknown ,,Eastern Transvaal Country Districts,,,,,
C Weir,date unknown ,,Griqualand West,,,,,
Charles James Weir,May 2  1874  King William's Town  Cape Province ,,Border,,,,June 3  1955  East London  Cape Province (aged 81 years 32 days) ,
Ernest Bennett Weir,July 5  1879  Grahamstown  Cape Province ,,Orange Free State,,,,December 23  1971  Johannesburg  Transvaal (aged 92 years 171 days) ,
Robert Stephen Weir,December 4  1966  Coventry  Warwickshire  England ,51 years 125 days,Transvaal,,Right-hand bat,Right-arm fast-medium,,
Eric Hendrik Weirich,November 20  1981  Nelspruit ,36 years 139 days,Free State,,Right-hand bat,Right-arm medium,,
Harry Welby-Cooke,1914  Sydney  New South Wales ,104 years,,,,,Umpire,
Michael Weldon,February 8  1997 ,21 years 59 days,Easterns Under-17s,,Right-hand bat,,,
R Welgemoed,date unknown ,,Northerns Women,,,,,
Albert Wells,January 11  2000 ,18 years 87 days,Limpopo Under-13s,,Left-hand bat,(unknown arm) fast,Pietersburg OOS,
Joseph Wilfred Wells,August 29  1921  Port Elizabeth  Cape Province ,96 years 222 days,Eastern Province,,,,,
Gilbert Thomas Welsford,August 3  1894  Vryburg  Cape Province ,,Orange Free State,,,,December 17  1972  Bloemfontein  Orange Free State (aged 78 years 136 days) ,
Anthony John Welthagen,September 5  1950  Port Elizabeth  Cape Province ,67 years 215 days,Transvaal,,,,,
Ethan Wentzel,August 1  2000  Pretoria ,17 years 250 days,Centurion Hoerskool,,Right-hand bat,,Centurion Hoerskool,
Schalk Willem Wentzel,March 22  1989  Kimberley  Cape Province ,29 years 17 days,Free State Under-19s,,Right-hand bat,Right-arm fast-medium,,
Leslie Justin Wenzler,July 5  1962  Johannesburg  Transvaal ,55 years 277 days,Northerns ,,Right-hand bat,Right-arm medium,,
Kirk Ogilvy Wernars,June 14  1991  Cape Town  Cape Province ,26 years 298 days,South Africa Under-19s ,,Left-hand bat,Right-arm fast-medium,Leupels,
A Wesley,date unknown ,,,,,,Umpire,
Colin Wesley,September 5  1937  Durban  Natal ,80 years 215 days,South Africa ,,Left-hand bat,Slow left-arm orthodox,,
Andrew Wessels,May 13  1974  Pietermaritzberg  Natal ,43 years 330 days,Boland ,,Right-hand bat,,,
Anthony John Wessels,August 17  1938  Pietermaritzberg  Natal ,79 years 234 days,Natal,,Right-hand bat,Right-arm fast-medium,,
Benjamin Wessels,February 2  1952  Kimberley  Cape Province ,66 years 65 days,,,,,Umpire,
Benjamin Wessels,February 2  1952  Kimberley  Cape Province ,66 years 65 days,,,,,Umpire,
Danie Wessels,April 26  1999 ,18 years 347 days,Easterns Under-13s,,Right-hand bat,,Impala,
Hermanus Lambertus Malherbe Wessels,December 19  1976  Stilfontein  Transvaal ,41 years 110 days,Free State,,Left-hand bat,,,
Jurie Wessels,date unknown ,,,,,,Umpire,
Johan Wessels,April 25  1992 ,25 years 348 days,,,Right-hand bat,Right-arm medium,,
Kepler Christoffel Wessels,September 14  1957  Bloemfontein  Orange Free State ,60 years 206 days,Australia ,,Left-hand bat,,Son - ,
Matthew Wessels,February 7  1998 ,20 years 60 days,Griqualand West Under-15s,,Right-hand bat,Right-arm offbreak,Northern Cape High,
M Wessels,date unknown ,,KwaZulu-Natal Inland Women,,,,,
Neil Wessels,June 4  1935  Bloemfontein  Orange Free State ,82 years 308 days,Orange Free State,,Right-hand bat,Right-arm fast-medium,,
Sean Wessels,May 17  1971  Johannesburg  Transvaal ,46 years 326 days,Western Transvaal,,Right-hand bat,,,
DM West,date unknown ,,,,,,Umpire,
Richard John Westcott,September 19  1927  Lisbon  Portugal ,,South Africa ,,Right-hand bat,Right-arm medium,January 16  2013  Hermanus  Western Cape (aged 85 years 119 days) ,
Barend Daniel Albertus Westraadt,April 2  1957  Durban  Natal ,61 years 6 days,,,,,Umpire,
Sidney Charles Wewege,September 26  1907  King William's Town  Cape Province ,,Border ,,,Right-arm fast-medium,May 16  1988  Johannesburg  Transvaal (aged 80 years 233 days) ,
Curtley Michael Wewers,January 26  1993  Kempton Park  Gauteng ,25 years 72 days,Easterns Under-19s,,Right-hand bat,,,
Abel Hermanus Weyers,July 25  1958  Bloemfontein  Orange Free State ,59 years 257 days,,,,,Umpire,
Denise Weyers,date unknown ,,South Africa Women ,,,,,
Garyn Weyers,February 5  2000  Kimberley ,18 years 62 days,Griqualand West Under-17s,,Right-hand bat,Right-arm medium-fast,Northern Cape High,
Garyn Neil Weyers,February 5  2000 ,18 years 62 days,Griqualand West Under-13s,,Right-hand bat,Right-arm medium,Newton Primary,
Hendrik Weyers,November 8  1995  Potchefstroom ,22 years 151 days,Potchefstroom Gimnasium High School,,Right-hand bat,Right-arm medium-fast,,
Byron Landor Whatmore,May 11  1990  Durban ,27 years 332 days,Dolphins ,,Right-hand bat,Right-arm fast-medium,,
Maurice Walter Wheals,September 4  1937  Bloemfontein  Orange Free State ,,Orange Free State,,Right-hand bat,Legbreak,July 11  1991  Johannesburg  Transvaal (aged 53 years 310 days) ,
Stanley John Wheaton,date unknown ,,Griqualand West,,,,,
H Wheeler,date unknown ,,KwaZulu-Natal Women,,,,,
J Wheeler,date unknown ,,,,,,Umpire,
Keagan Wheeler,June 13  1995 ,22 years 299 days,Western Province Under-19s,,Right-hand bat,Right-arm fast,SACS,
Trevor Howard Dudley Wheelwright,November 22  1955  Pietersburg  Transvaal ,62 years 137 days,Northerns,,Right-hand bat,Right-arm fast-medium,,
Frederick Wilmot Whelan,May 1  1917  Kimberley  Cape Province ,,Griqualand West,,,Right-arm fast-medium,December 27  2003  Kimberley  Cape Province (aged 86 years 240 days) ,
H Whelan,date unknown ,,Limpopo Women,,,,,
John William Whelan,November 29  1883  Cape Town  Cape Province ,,Griqualand West,,,,December 7  1955  Margate  Natal (aged 72 years 8 days) ,
Albert J White,date unknown ,,Eastern Province,,,,,
Andrew John White,November 22  1972  Bedford  Cape Province ,45 years 137 days,Eastern Province,,Right-hand bat,Right-arm medium,Grandfather - ,
Bertram Egerton Bowker White,September 12  1907  Grahamstown  Cape Province ,,Eastern Province,,,,Son - ,
Brad Middleton White,May 15  1970  Port Elizabeth  Cape Province ,47 years 328 days,Border ,,Left-hand bat,Right-arm medium,Uncle - ,
Cyril de Lacey White,January 1  1909  Butterworth  Cape Province (now Transkei) ,,Border,,Left-hand bat,,Brother - ,
CJ White,April 8  2003 ,15 years 0 days,North West Under-13s,,Right-hand bat,,Stellaland,
Clive Lorraine White,January 17  1912  Grahamstown  Cape Province ,,Border,,,,Brother - ,
David John White,May 22  1991  Durban  Natal ,26 years 321 days,Eastern Province ,,Right-hand bat,Right-arm medium-fast,Grandfather - ,
Gareth White,May 13  1975  Witbank  Transvaal ,42 years 330 days,Easterns,,Right-hand bat,,Wicketkeeper,
Gordon Charles White,February 5  1882  Port St Johns  Cape Province ,,South Africa ,,Right-hand bat,Legbreak,October 17  1918  Gaza  Palestine (aged 36 years 254 days) ,
Justin Egerton White,February 1  1942  Bedford  Cape Province ,76 years 66 days,Western Province,,,,Father - ,
Le Roux White,date unknown ,,North West Under-19s,,,,,
Nazeem White,date unknown ,,Griqualand West ,,,,Wicketkeeper,
Raymond Christopher White,January 29  1941  Johannesburg  Transvaal ,77 years 69 days,Cambridge University ,,Right-hand bat,Right-arm medium,,
Robin Middleton White,May 3  1961  Nigel  Transvaal ,56 years 340 days,,,,,Nephew - ,
Suhail White,October 7  1998  Cape Town ,19 years 183 days,Western Province Under-15s,,Right-hand bat,Right-arm offbreak,Rondebosch Boys,
Stuart James White,July 19  1970  Cape Town  Cape Province ,47 years 263 days,Boland,,Right-hand bat,Right-arm medium,,
Stanley Lorraine White,March 12  1910  Grahamstown  Cape Province ,,Border ,,Right-hand bat,,December 9  1981  Knysna  Cape Province (aged 71 years 272 days) ,
Thomas Ronald White,April 24  1969  Gatooma (now Kadoma)  Rhodesia ,48 years 349 days,Northern Transvaal Country Districts XI,,Right-hand bat,,Wicketkeeper,
V Whitebooi,date unknown ,,Boland Women,,,,,
David William Hugh Whitefield,September 6  1936  Cape Town  Cape Province ,,Western Province,,Right-hand bat,Right-arm offbreak,January 3  2014  Cape Town  Cape Province (aged 77 years 119 days) ,
Sean Whitefield,date unknown ,,Free State,,,,,
James George Whitehead,1877  Cape Town  Cape Province ,,Griqualand West ,,Left-hand bat,Left-arm medium-fast,January 23  1940  Mowbray  Cape Town  Cape Province (aged 63 years) ,
J K Whitehead,date unknown ,,Border,,,,,
J Murray Whitehead,date unknown ,,Border,,,Right-arm fast-medium,,
Sean Andre Whitehead,March 7  1997 ,21 years 32 days,Free State ,,Right-hand bat,Slow left-arm orthodox,St Andrews,
Timothy Whitehead,date unknown ,,Lions Cubs,,,,,
Tebbutt Hill Whitehead,1893  Port Elizabeth  Cape Province ,,Eastern Province,,,,January 5  1926  Port Elizabeth  Cape Province (aged 33 years) ,
Tyran Nicholas Whitehead,January 14  1992  Pietermaritzburg ,26 years 84 days,South Western Districts Under-19s,,Right-hand bat,Right-arm fast-medium,,
Lauriston Charles Gray Whiteing,February 4  1910  Aliwal North  Cape Province ,,Western Province,,,,January 30  1960  Cape Town  Cape Province (aged 49 years 360 days) ,
Alexander Whitelaw,March 31  1996  Westville ,22 years 8 days,Westville Boys High School,,Right-hand bat,Right-arm offbreak,Westville Boys High School,
Nicolas Whitelaw,March 9  1998  Gauteng ,20 years 30 days,Gauteng Under-15s,,Right-hand bat,Slow left-arm orthodox,Fourways,
Anthony Richard Whitfield,January 1  1937  Cape Town  Cape Province ,,Western Province,,Right-hand bat,Right-arm offbreak,October 28  1998  Betty's Bay  Western Cape (aged 61 years 300 days) ,
Brian Jonathan Whitfield,March 14  1959  Durban  Natal ,59 years 25 days,Natal ,,Left-hand bat,Slow left-arm orthodox,Wicketkeeper,
Denzil Neville Whitfield,February 15  1944  Mount Frere  Cape Province (now Transkei) ,74 years 52 days,Border,,,Right-arm fast-medium,,
Harold Vivian Loraine Whitfield,February 2  1919  Mnqaba District  King William's Town  Cape Province ,,Border,,Right-hand bat,Legbreak googly,Dale College  King William’s Town,
Trevor L Whitfield,February 22  1933  Kroonstad  Orange Free State ,85 years 45 days,Orange Free State,,Right-hand bat,Right-arm medium,,
B G Whiting,date unknown ,,Natal Country Districts,,,,,
Thomas Clarence Whitlock,April 14  1908  Graaff-Reinet  Cape Province ,,Eastern Province,,,,January 4  1982  Graaff-Reinet  Cape Province (aged 73 years 265 days) ,
Stuart Whittaker,August 18  1942  Durban  Natal ,75 years 233 days,Natal,,Right-hand bat,Right-arm medium-fast,,
Keagan Whitten,January 2  1999 ,19 years 96 days,Boland Under-13s,,Right-hand bat,Right-arm medium,,
Thomas Ambrose Whitten,June 28  1957  Johannesburg  Transvaal ,60 years 284 days,Griqualand West,,Right-hand bat,,,
Richard Whittingdale,October 2  1955  Broken Hill  Northern Rhodesia ,62 years 188 days,Western Province,,Right-hand bat,,Wicketkeeper,
George Herbert Whyte,May 27  1872  Durban  Natal ,,Natal,,,,June 18  1943  Durban  Natal (aged 71 years 22 days) ,
Robert John Duthie Whyte,July 2  1958  Port Elizabeth  Cape Province ,59 years 280 days,Eastern Province ,,Right-hand bat,,,
Lindsay Whyte-Sweet,September 23  1951  Boksburg  Transvaal ,66 years 197 days,Natal,,Right-hand bat,Right-arm fast-medium,,
Leonard John Whytock,March 5  1897  Johannesburg  Transvaal ,,Transvaal,,,,Wicketkeeper,
Wayne Wiblin,February 13  1969  Grahamstown  Cape Province ,49 years 54 days,Border ,,Right-hand bat,Right-arm medium,,
Frederick James Wickham,September 25  1910  Kimberley  Cape Province ,,Griqualand West ,,,Right-arm fast-medium,July 30  1983  Pietermaritzburg  Natal (aged 72 years 308 days) ,
M Wicks,date unknown ,,Eastern Province (SACB),,,,,
Michael Wicks,January 26  2002 ,16 years 72 days,Eastern Province Under-13s,,Left-hand bat,Right-arm fast,Herbert Hurd,
George Victor Wienand,April 27  1910  East London  Cape Province ,107 years 346 days,Border ,,Right-hand bat,Right-arm offbreak,,
David Wiese,May 18  1985  Roodepoort ,32 years 325 days,South Africa ,Allrounder,Right-hand bat,Right-arm medium-fast,Witbank High,
Adam Oldsworth Wiffen,March 12  1998  Johannesburg ,20 years 27 days,KwaZulu-Natal Inland Under-15s,,Left-hand bat,,Maritzburg College,
Oscar Wigg,June 28  1882  Uitenhage  Cape Province ,,Eastern Province,,,,January 14  1934  Kokstad  Cape Province (aged 51 years 200 days) ,
Justin Victor Wiggill,June 22  1975  East London  Cape Province ,42 years 290 days,Boland,,Right-hand bat,Right-arm fast-medium,,
Robert Walton Wightman,March 28  1933  Cape Town  Cape Province ,85 years 11 days,Western Province,,Right-hand bat,,,
Michael Wild,date unknown ,,Border,,Right-hand bat,Left-arm medium,,
Vernon C Wild,August 9  1939  East London  Cape Province ,78 years 242 days,Border,,Right-hand bat,Right-arm medium,,
Gareth Wildman,date unknown ,,King Edward VII High School,,,,,
Peter Michael Wildman,May 27  1946  Port Elizabeth  Cape Province ,71 years 316 days,,,,,Umpire,
Bryan Arthur Logan Wiles,August 24  1925  Pietermaritzberg  Natal ,92 years 227 days,Northerns,,Left-hand bat,Right-arm offbreak,,
John Walter Edington Wiley,February 7  1927  St James  Cape Town  Cape Province ,,Oxford University ,,Right-hand bat,,March 29  1987  Noordhoek  Cape Town  Cape Province (aged 60 years 50 days) ,
William Gordon Antony Wiley,November 14  1931  St James  Cape Town  Cape Province ,,Oxford University ,,Right-hand bat,Legbreak googly,December 7  1999  Harare  Mashonaland  Zimbabwe (aged 68 years 23 days) ,
Andrew David Wilkins,April 12  1938  Umtata  Cape Province (now Transkei) ,79 years 361 days,Border ,,Right-hand bat,Right-arm medium,,
Albert Ladbury Wilkins,February 16  1908  King William's Town  Cape Province ,,Border,,Right-hand bat,,Wicketkeeper,
Christopher Peter Wilkins,July 31  1944  King William's Town  Cape Province ,73 years 251 days,Border ,,Right-hand bat,Right-arm medium,Wicketkeeper,
Louis Johannes Wilkinson,November 19  1966  Vereeniging  Transvaal ,51 years 140 days,Free State ,,Right-hand bat,Right-arm medium,,
W Wilkinson,date unknown ,,Orange Free State,,,,,
Wayne Wilkinson,October 26  1992  Kimberley ,25 years 164 days,Griqualand West Under-19s,,Right-hand bat,Right-arm medium,,
Eduard Wille,April 17  1895  Ficksburg  Orange Free State ,,Orange Free State,,,,October 15  1965  Cape Town  Cape Province (aged 70 years 181 days) ,
Frederich Carl Wille,September 11  1893  Ficksburg  Orange Free State ,,Orange Free State,,,,May 11  1964  Ficksburg  Orange Free State (aged 70 years 243 days) ,
Peter Wille,August 20  1976  Bloemfontein  Orange Free State ,41 years 231 days,Orange Free State,,Right-hand bat,Right-arm fast-medium,,
Darryl Willemse,May 15  1979  Vereeniging ,38 years 328 days,Eastern Province ,,Right-hand bat,Right-arm offbreak,,
Laurance Johannes Willemse,March 24  1962  Beaufort West ,56 years 15 days,,,,,Umpire,
Sias Willemse,January 6  1999 ,19 years 92 days,Limpopo Under-13s,,Right-hand bat,Legbreak,Pietersburg Laerskool,
Vernon Willemse,January 24  2000 ,18 years 74 days,Boland Under-13s,,Left-hand bat,Slow left-arm orthodox,Bella Vista Primary School,
A Williams,date unknown ,,,,,,Umpire,
Auston Williams,June 13  1995 ,22 years 299 days,Griqualand West Under-19s,,,,Carlton Van Heerden,
Abraham Edward Williams,March 8  1945  Kimberley  Cape Province ,73 years 31 days,,,,,Umpire,
B Williams,date unknown ,,Transvaal (SACB),,,,,
Brandon Williams,September 20  1989  East London  Cape Province ,28 years 200 days,Boland ,,Right-hand bat,Slow left-arm orthodox,Hudson Park High School  East London,
Brett Andrew Williams,December 24  1969  Pietermaritzburg  Natal ,48 years 105 days,,,,,Umpire,
Bradley Charlton Williams,July 25  1994  Port Elizabeth ,23 years 257 days,Border,Top-order batsman,Left-hand bat,Right-arm medium,,
Brenda Glynis Williams,December 6  1949  Johannesburg  Transvaal  South Africa ,68 years 123 days,South Africa Women ,,Right-hand bat,Right-arm offbreak,,
Brian Kenneth Williams,May 22  1966  Kimberley  Cape Province ,51 years 321 days,Griqualand West,,Right-hand bat,Right-arm medium,,
Craig David Williams,November 12  1982  Cape Town ,35 years 147 days,Western Province,,Left-hand bat,Left-arm medium,,
Delano Williams,May 2  2000 ,17 years 341 days,Free State Under-15s,,Right-hand bat,Right-arm medium,,
Delano Williams,February 5  2000  Free State ,18 years 62 days,Free State Under-17s,,Right-hand bat,Right-arm medium-fast,Jim Fouche,
Elthinno Williams,January 17  1998  Paarl ,20 years 81 days,Boland Under-15s,,Left-hand bat,Right-arm medium-fast,Paarl School Of Skills,
Elton Charl Williams,September 19  1973  Stellenbosch  Cape Province ,44 years 201 days,Boland,,Right-hand bat,,,
Gert Williams,June 17  1941  Elsies River  Cape Province ,,Western Province (SACB),,Right-hand bat,Right-arm offbreak,Brother - ,
Henry Williams,date unknown ,,Cobras Cubs,,,,,
Henry Smith Williams,June 11  1967  Pniel  near Stellenbosch  Cape Province ,50 years 301 days,South Africa ,,Right-hand bat,Right-arm fast-medium,Coach,
Jacobus Williams,November 15  1938  Elsies River  Cape Province ,79 years 144 days,Western Province (SACB),,Right-hand bat,Right-arm fast-medium,Brother - ,
Jordan Williams,December 31  2003  Paarl ,14 years 98 days,Boland Under-13s,,Left-hand bat,Legbreak,Courtrai Primary,
Jody Wendell Williams,January 9  1980  Johannesburg  Transvaal ,38 years 89 days,Easterns,,Right-hand bat,Right-arm fast-medium,,
Kaylen Williams,date unknown ,,Western Province Women,,,,,
Kieran Williams,August 23  2000 ,17 years 228 days,Boland Under-13s ,,Right-hand bat,Right-arm medium,Courtrai Primary School,
Lizaad Buyron Williams,October 1  1993  Vredenburg ,24 years 189 days,Boland ,,Left-hand bat,Right-arm medium-fast,,
M G Williams,No Details Known ,,Griqualand West ,,,,,
Michael J Williams,date unknown ,,South Africa Under-19s,,,,,
Peter Howard Williams,September 28  1957  Pietermaritzberg  Natal ,,Eastern Province ,,Right-hand bat,Right-arm medium,May 26  2014  Durban (aged 56 years 240 days) ,
R Williams,date unknown ,,,,,,Umpire,
Reece Chesray Williams,November 16  1988  Cape Town  Cape Province ,29 years 143 days,Eastern Province ,,Right-hand bat,Right-arm fast-medium,,
Robert James Williams,April 12  1912  Viljoen's Drift  Orange Free State ,,South Africa ,,Right-hand bat,,Wicketkeeper,
Sydwill Jeremy Kenwin Williams,June 4  1989 ,28 years 308 days,South Western Districts,,Right-hand bat,Right-arm medium-fast,,
T Williams,date unknown ,,Eastern Province (SACB),,,,,
Tyler Williams,December 23  2003 ,14 years 106 days,Western Province Under-13s,,Left-hand bat,Right-arm fast,,
FF Williamson,date unknown ,,,,,,,
Gloria Williamson,1938 ,80 years,South Africa Women ,,,,,
K Williamson,date unknown ,,Natal (SACB),,,,,
Myles Williamson,January 3  1984  Cape Town  Cape Province ,34 years 95 days,Western Province,Opening batsman,Right-hand bat,,,
Charl Myles Willoughby,December 3  1974  Cape Town  Cape Province ,43 years 126 days,South Africa ,,Left-hand bat,Left-arm fast-medium,Wynberg Boy's High School; Stellenbosch University,
Joseph Thomas Willoughby,November 7  1874  Aldershot  Hampshire  England ,,South Africa,,Right-hand bat,Right-arm fast,March 11  1952  Plumstead  Cape Town  Cape Province (aged 77 years 125 days) ,
Gregory Willows,February 15  1999 ,19 years 52 days,Western Province Under-17s,,Right-hand bat,Right-arm medium,SACS,
Keith Graham Willows,April 29  1951  East London  Cape Province ,66 years 344 days,Border,,Right-hand bat,,,
J H Wilmans,date unknown ,,Griqualand West,,,,,
M Wilmans,date unknown ,,Griqualand West,,,,,
Austin Wilmot,August 18  1936  St Helens  Lancashire  England ,81 years 233 days,,,,,Umpire,
Anthony Lorraine Wilmot,June 1  1943  Somerset East  Cape Province ,,Border ,,Right-hand bat,Right-arm medium,Brother - ,
Nicholas Wilmot,March 13  2000 ,18 years 26 days,Eastern Province Under-13s,,,,Kingswood,
Norman Neil Wilmot,February 29  1940  Grahamstown  Cape Province ,78 years 38 days,Eastern Province,,Right-hand bat,Right-arm fast-medium,Brother - ,
Tayla Wilmot,February 2  1994  Johannesburg  Transvaal ,24 years 65 days,Gauteng Women,,Right-hand bat,Right-arm medium,,
L Wilsenach,date unknown ,,Mpumalanga Women,,,,,
Duncan Philip Steele Wilshere,July 12  1958  Johannesburg  Transvaal ,59 years 270 days,Griqualand West,,Right-hand bat,,,
A Wilson,date unknown ,,Western Province Women,,,,,
A M Wilson,date unknown ,,Border,,,,,
Archer Sutherland Wilson,February 9  1938  Johannesburg  Transvaal ,80 years 58 days,Transvaal,,Right-hand bat,,,
Craig Rhys Wilson,March 24  1974  Cradock  Cape Province ,44 years 15 days,Boland ,,Left-hand bat,,Waqar,
Garry Douglas Wilson,January 5  1962  Umtali (now Mutare)  Rhodesia ,56 years 93 days,Natal,,Left-hand bat,Left-arm medium,,
Henry Frederick Wilson,October 30  1959  Kimberley  Cape Province ,58 years 160 days,Griqualand West,,Right-hand bat,Right-arm medium,,
Jolandi Wilson,January 28  1994 ,24 years 70 days,Western Province Women,,Right-hand bat,,,
Juan Wilson,April 18  2001  Bellville ,16 years 355 days,Boland Under-15s,,Right-hand bat,Right-arm fast,Paarl Gymnasium,
James Godfrey Hartland Wilson,November 3  1978  Queenstown  Cape Province ,39 years 156 days,Border,,Right-hand bat,Right-arm fast-medium,,
