Ashlon Chibvuri,August 17  1998 ,19 years 234 days,Zimbabwe Under-17s,,Left-hand bat,,,
Taariq Chiecktey,May 26  1993  Cape Town  Cape Province ,24 years 317 days,Emerging Cape Cobras ,Wicketkeeper,Right-hand bat,,Rondebosch Boys High School,
Daniel Barry Childs,November 16  1988  Cape Town  Cape Province ,29 years 143 days,Boland ,,Right-hand bat,Right-arm fast-medium,,
Thulani Chiliza,July 15  2002 ,15 years 267 days,KwaZulu-Natal Under-13s,,Left-hand bat,Slow left-arm orthodox,Mzwilili,
T Chillcott,date unknown ,,,,,,Umpire,
Mthokozisi Chiloane,February 11  2002 ,16 years 56 days,Mpumalanga Under-13s,,Right-hand bat,Right-arm offbreak,Malekutu,
Anley Isaac Chinnappa,February 9  1982  Durban  Natal ,36 years 58 days,KwaZulu-Natal,,Right-hand bat,Legbreak,,
Victor Chirwa,September 29  2003 ,14 years 191 days,Zimbabwe Under-13s,,Right-hand bat,Slow left-arm chinaman,Lady Tait Primary,
B Chlulee,date unknown ,,Gauteng Women,,,,,
L Choeu,date unknown ,,Northerns Women,,,,,
E Choonara,date unknown ,,Transvaal (SACB),,,,Wicketkeeper,
H Chothia,date unknown ,,,,,,Umpire,
Suleiman Chothia,August 10  1941  Nigel  Transvaal ,,Transvaal,,Right-hand bat,Right-arm medium,August 25  2011 (aged 70 years 15 days) ,
Suliman Chotia,date unknown ,,,,,,Coach,
Jesse Christensen,September 7  1998  Cape Town ,19 years 213 days,South Africa Under-19s ,,Right-hand bat,Right-arm offbreak,Wynberg Boys High,
Matthew Colin Christensen,July 17  1996  Cape Town ,21 years 265 days,Cobras Cubs ,,Right-hand bat,Right-arm offbreak,RBHS,
Angelo Brendon Christiaans,January 24  1983  Knysna  Cape Province ,35 years 74 days,KwaZulu-Natal Inland,,Right-hand bat,Right-arm medium-fast,George High School,
Angus Clyde Christiaans,January 7  1985  Knysna  Cape Province ,33 years 91 days,KwaZulu-Natal Inland,,Right-hand bat,Right-arm fast-medium,George High School,
N Christiaans,date unknown ,,Boland Women,,,,,
Givon Christian,July 30  1992  Cape Town  Cape Province ,25 years 252 days,Western Province ,,Right-hand bat,Right-arm offbreak,Wynberg Boys High,
Dawood Christians,May 23  1995  Cape Town  Cape Province ,22 years 320 days,Western Cape Invitation XI ,,Right-hand bat,Right-arm offbreak,,
N Christians,date unknown ,,Boland Women,,,,,
Omar Christie,date unknown ,,Eastern Province,,,,,
Kirwin Christoffels,October 31  1994  Queenstown ,23 years 159 days,Border ,,Left-hand bat,Right-arm fast,Kiwi  Kirwi,
Winray Christoffels,June 5  1997 ,20 years 307 days,Border Under-15s ,,Left-hand bat,Right-arm fast-medium,Queens College,
Phillip Christou,date unknown ,,King Edward VII High School,,Right-hand bat,,,
James Alexander Joseph Christy,December 12  1904  Pretoria  Transvaal ,,South Africa ,,Right-hand bat,Right-arm medium,February 1  1971  Addington  Durban  Natal (aged 66 years 51 days) ,
Anthony Paul Ashton Chubb,February 28  1915  East London  Cape Province ,,Border,,Right-hand bat,Legbreak googly,Brother - ,
Geoffrey Walter Ashton Chubb,April 12  1911  East London  Cape Province ,,South Africa ,,Right-hand bat,Right-arm medium-fast,Brother - ,
Gilbert Butinyane Chwi,March 21  1980  Bloemfontein ,38 years 18 days,,,,,Umpire,
Alexander Cilliers,June 6  1971  Klerksdorp  Transvaal ,46 years 306 days,North West ,,Left-hand bat,Left-arm medium,,
Albert John Cilliers,October 18  1951  Cape Town  Cape Province ,66 years 172 days,Northerns,,Right-hand bat,Right-arm fast-medium,,
I Cilliers,date unknown ,,Free State Women,,,,,
Jeanluc Cilliers,November 18  1997 ,20 years 141 days,Paarl Boys High School,,Right-hand bat,Right-arm medium,,
Marcke Cilliers,April 10  1995 ,22 years 363 days,Boland Under-17s,,Right-hand bat,Right-arm offbreak,Paarl Boys High,
Paul Cilliers,October 2  1979  Cape Town  Cape Province ,38 years 188 days,,,,,Umpire,
Sarel Arnold Cilliers,June 6  1971  Klerksdorp  Transvaal ,46 years 306 days,Free State ,,Right-hand bat,Right-arm fast-medium,,
Georon Claasen,May 4  1995 ,22 years 339 days,Boland Under-17s,,Right-hand bat,,Vredendal H.S,
Dian Claassen,August 8  1999 ,18 years 243 days,Easterns Under-13s,,Right-hand bat,Right-arm offbreak,Van Riebeeck Park,
Ruben Claassen,August 12  1993 ,24 years 239 days,Northerns ,,Right-hand bat,Right-arm offbreak,,
John Henry Claassens,August 25  1924  Pietermaritzberg  Natal ,93 years 226 days,Northerns,,Right-hand bat,,,
Brandon Clacher,May 5  1995 ,22 years 338 days,Western Province Under-17s,,Right-hand bat,,Chesterhouse,
Thomas George Clack,February 6  1876  King William's Town  Cape Province ,,Border ,,,,August 5  1951  Johannesburg  Transvaal (aged 75 years 180 days) ,
Michael David Clare,May 27  1963  Newcastle  Natal ,54 years 316 days,Natal ,,Right-hand bat,Right-arm fast-medium,,
Allan Eric H Clark,September 20  1937  Pretoria  Transvaal ,80 years 200 days,Northerns,,Right-hand bat,,,
Bryan John Clark,May 13  1935  Johannesburg  Transvaal ,,Transvaal,,Right-hand bat,,April 28  2012  Kalkran  Turkey (aged 76 years 351 days) ,
Derek Alan Clark,May 28  1928  London  England ,89 years 315 days,Transvaal,,,Legbreak,,
Fredrick Clark,February 5  1992  East London ,26 years 62 days,Border,,Right-hand bat,Right-arm offbreak,,
H Clark,date unknown ,,,,,,Umpire,
Jonathan Clark,May 5  1981  Paarl ,36 years 338 days,Boland,,Right-hand bat,,,
Malcolm Edward Clark,July 24  1929  Port Elizabeth  Cape Province ,88 years 258 days,Eastern Province,,Right-hand bat,Right-arm fast-medium,,
Roy Murray Clark,July 19  1952  Pretoria  Transvaal ,65 years 263 days,Western Province,,Right-hand bat,Right-arm medium,,
Alec James Clarke,February 11  1904  Port Elizabeth  Cape Province ,,Border,,,,March 1  1959  East London  Cape Province (aged 55 years 18 days) ,
C Clarke,date unknown ,,,,,,Umpire,
G Clarke,date unknown ,,,,,,Umpire,
Mordaunt Lindsay Clarke,August 18  1878  North Sydney  New South Wales  Australia ,,Orange Free State,,,,May 17  1960  Sydney  New South Wales  Australia (aged 81 years 273 days) ,
Shaun Clarke,date unknown ,,Northern Cape High School,,Right-hand bat,Right-arm medium,,
Trevor Ashley Clarke,December 29  1953  Cradock  Cape Province ,64 years 100 days,Western Province,,Right-hand bat,Right-arm fast-medium,,
Chad Classen,January 17  1997 ,21 years 81 days,Gauteng Under-15s ,,Right-hand bat,Right-arm fast,St Davids,
Brian Marshall Clayton,August 18  1948  Grahamstown  Cape Province ,69 years 233 days,Eastern Province,,Right-hand bat,Right-arm medium,,
Gavin Dale Clayton,August 16  1944  Grahamstown  Cape Province ,73 years 235 days,,,,,Umpire,
Lewis Henry Clayton,June 6  1899  Kroonstad  Orange Free State ,,Transvaal,,,,Wicketkeeper,
Roger B Cleaver,May 1936 ,81 years,South African Universities,,,,Wicketkeeper,
Nazro Cleophas,May 20  2002  Vredenburg ,15 years 323 days,Boland Under-13s,,Right-hand bat,Right-arm medium,Vredenburg Primary,
Achille Cloete,July 13  2001  Paarl ,16 years 269 days,Boland Under-15s,,Right-hand bat,Right-arm fast,Paarl Boys High,
Elrich Cloete,July 13  2001  Upington ,16 years 269 days,Griqualand West Under-15s,,Right-hand bat,Right-arm offbreak,Calton van Heerden,
Gert Jacobus Cloete,September 11  1988  Bloemfontein ,29 years 209 days,Northern Cape,,Left-hand bat,Left-arm medium,Gerrit,
Gihahn Love Cloete,October 4  1992  Atlantis  Cape Province ,25 years 186 days,Free State ,,Left-hand bat,Right-arm offbreak,Wicketkeeper,
Johnnes Daniel Cloete,July 21  1971  Klerksdorp  Transvaal ,46 years 261 days,,,,,Umpire,
Peter Henry Bairnsfather Cloete,March 5  1917  Cape Town  Cape Province ,,Western Province,,,,December 19  1942  Kisumu  Kenya (aged 25 years 289 days) ,
Steven Cloete,date unknown ,,Easterns Under-17s,,,,Marais Viljoen,
Shaquille Cloete,March 6  1998  Upington ,20 years 33 days,Griqualand West Under-15s,,Right-hand bat,Right-arm medium,Upington High,
Tiaan Willam Raymond Cloete,November 12  1989  Paarl ,28 years 147 days,Boland ,,Left-hand bat,Slow left-arm orthodox,,
Cecil Closenberg,August 27  1907  Brakpan  Transvaal ,,Border ,,,Right-arm medium-fast,September 9  1985  Cape Town  Cape Province (aged 78 years 13 days) ,
Lucian Coakley,May 3  2000 ,17 years 340 days,North West Under-13s,,Right-hand bat,Right-arm offbreak,Laerskool Stellaland,
John Alexander Kennedy Cochran,July 15  1909  Johannesburg  Transvaal ,,South Africa ,,Right-hand bat,Right-arm medium-fast,June 15  1987  Johannesburg  Transvaal (aged 77 years 335 days) ,
Maggie Cocklin,date unknown ,,Highveld Women,,,,,
TM Cockroft,date unknown ,,,,,,Umpire,
Stanley Keppel Coen,October 14  1902  Heilbron  Orange Free State ,,South Africa ,,Right-hand bat,Right-arm bowler,January 28  1967  Westridge  Durban  Natal (aged 64 years 106 days) ,
A Coericius,date unknown ,,Western Province (SACB),,,,,
G Coericius,date unknown ,,Eastern Province (SACB),,,,,
Hadrick Coertse,August 3  1998  White River ,19 years 248 days,Mpumalanga Under-15s,,Right-hand bat,Right-arm fast,Penryn,
Kobus Coertse,May 29  1991 ,26 years 314 days,North West University,,Right-hand bat,Right-arm medium,,
De wet Coertzen,January 22  1992  Potchefstroom ,26 years 76 days,North West Under-19s,,Right-hand bat,Right-arm medium,,
Gideon Coertzen,September 27  1999  Tzaneen ,18 years 193 days,Limpopo Under-15s,,Right-hand bat,Legbreak,Ben Voster,
Stefan Coertzen,date unknown ,,Potchefstroom Gimnasium High School,,Right-hand bat,Left-arm medium,,
Landre Coetsee,February 1  1995  Rustenburg ,23 years 66 days,Limpopo Under-19s,,Right-hand bat,Right-arm fast,Pietersburg Hoer Skool,
Werner Laubser Coetsee,March 16  1983  Bethlehem ,35 years 23 days,Netherlands ,,Right-hand bat,Right-arm offbreak,,
A Coetzee,date unknown ,,Eastern Province (SACB),,,,,
Chris Coetzee,June 21  1994  Nelspruit ,23 years 291 days,Mpumalanga Under-19s,,Right-hand bat,Right-arm offbreak,Nelspruit High School,
Charl Johan Coetzee,September 7  1951  Parow  Cape Province ,66 years 213 days,Boland,,Right-hand bat,Right-arm fast-medium,,
CMP Coetzee,date unknown ,,,,,,Umpire,
Carl Malcolm Paisley Coetzee,August 3  1929  Goodwood  Cape Province ,88 years 248 days,,,,,Umpire,
Frederik Johannes Coetzee,March 25  1942  Johannesburg  Transvaal ,76 years 14 days,Transvaal,,Right-hand bat,Right-arm medium,,
Gerald Coetzee,October 2  2000 ,17 years 188 days,Free State Under-13s ,Bowler,Right-hand bat,Right-arm fast,Saint Andrews School,
Henk Coetzee,date unknown ,,Pretoria University,,,,,
Jandre Coetzee,January 15  1984  Springbok ,34 years 83 days,Eagles ,,Left-hand bat,Left-arm medium,,
Josh Coetzee,January 2  1998  Harare ZIM ,20 years 96 days,Gauteng Under-15s,,Right-hand bat,Right-arm offbreak,St Stithians,
Jan Andries Coetzee,March 12  1952  Witbank  Transvaal ,66 years 27 days,Griqualand West,,Right-hand bat,Right-arm medium,,
Johannes Hendrik Coetzee,March 28  1971  Parktown  Johannesburg  Transvaal ,47 years 11 days,Western Transvaal,,Left-hand bat,Right-arm medium  Legbreak,,
L Coetzee,date unknown ,,Boland Women,,,,,
Leonard Henri Coetzee,March 19  1955  Bloemfontein  Orange Free State ,63 years 20 days,Orange Free State,,Right-hand bat,Right-arm fast-medium,,
Lance Johan Erasmus Coetzee,April 28  1960  Johannesburg  Transvaal ,57 years 345 days,Northerns,,Right-hand bat,,Son - ,
Lee Martin Coetzee,February 28  1984  Benoni  Transvaal ,34 years 39 days,Easterns,,Right-hand bat,Right-arm medium,,
Martin Coetzee,October 12  1988 ,29 years 178 days,South African Invitational XI ,,Right-hand bat,,,
Marthus Coetzee,January 31  2000 ,18 years 67 days,Boland Under-13s,,Right-hand bat,Right-arm medium,Paarl Gymnasium Primary,
Michael A Coetzee,September 9  1949  Luanshya  Northern Rhodesia ,68 years 211 days,Border,,,Right-arm medium-fast,,
Murray Graeme Coetzee,September 16  1993  Pretoria  Gauteng ,24 years 204 days,Northerns Under-19s ,,Left-hand bat,,Father - ,
Petrus Coetzee,September 27  1997 ,20 years 193 days,Free State Under-15s,,Right-hand bat,Right-arm medium-fast,Grey College,
Pieter Jacobus Coetzee,July 15  1964  Dardrecht ,53 years 267 days,South Africa Blind,,Right-hand bat,Right-arm slow,Piet,
Ralph Terence Coetzee,October 1  1971  Pinelands  Cape Town  Cape Province ,46 years 189 days,Easterns ,,Left-hand bat,Slow left-arm orthodox,,
T Coetzee,date unknown ,,Northern Transvaal Country Districts XI,,,,,
Renier Coetzer,January 13  1978  Oranjemund  South-West Africa ,40 years 85 days,Griqualand West,,Left-hand bat,Slow left-arm orthodox,,
Ricea Coetzer,date unknown ,,Northerns Women,,,,,
Harrie Clark Coggins,December 31  1875  Sydney  New South Wales  Australia ,,Western Province,,,,July 2  1960  Eastwood  New South Wales (aged 84 years 184 days) ,
John Cornelius Coghlan,June 4  1867  Washbank  Cape Province ,,Griqualand West,,,,June 29  1945  Bulawayo  Rhodesia (aged 78 years 25 days) ,
Allan M Cohen,January 1  1939  Pretoria  Transvaal ,79 years 97 days,Orange Free State,,Right-hand bat,,,
Charles Cohen,May 10  1938  Durban  Natal ,79 years 333 days,Griqualand West ,,Right-hand bat,Right-arm fast,,
L Cohen,date unknown ,,Limpopo Women,,,,,
Malcolm Cohen,November 14  1930  Cape Town  Cape Province ,87 years 145 days,,,,,Umpire,
Michael Cohen,December 17  1996 ,21 years 112 days,Western Province Under-17s,,Right-hand bat,Legbreak,Herzlia High,
Michael Alex Cohen,August 4  1998  Cape Town  Cape Province ,19 years 247 days,Western Province ,,Left-hand bat,Left-arm fast-medium,,
Gary Colananni,January 2  2002  Knysna ,16 years 96 days,South Western Districts Under-13s,,Right-hand bat,Right-arm medium,Knysna Primary,
C G Cole,date unknown ,,Natal Country Districts,,,,,
John McGregor Cole,March 3  1933  Johannesburg  Transvaal ,,Natal ,,Right-hand bat,Right-arm medium,May 25  2014  Plumstead  Cape Town  Western Cape (aged 81 years 83 days) ,
M Cole,date unknown ,,Pretoria University,,,,,
Maurice George Cole,April 30  1901  Uitenhage  Cape Province ,,Eastern Province ,,,,details unknown ,
E Collier,date unknown ,,Eastern Province,,,,,
Norman Brent Kolo Colling,July 2  1974  Port Elizabeth  Cape Province ,43 years 280 days,Eastern Province,,Right-hand bat,,Wicketkeeper,
Ronald Kolo Colling,April 25  1947  Florida  Roodepoort  Transvaal ,70 years 348 days,Eastern Province,,Right-hand bat,,Wicketkeeper,
JC Collings,date unknown ,,,,,,Umpire,
Dalkeith Valentine Collins,July 31  1907  Cape Town  Cape Province ,,,,,,Umpire,
George Churton Collins,May 14  1877  Durban  Natal ,,Natal,,,,August 18  1956  Durban  Natal (aged 79 years 96 days) ,
Michael Edward Collins,December 6  1958  Pretoria  Transvaal ,59 years 123 days,Eastern Province,,Right-hand bat,Legbreak,,
P Collins,date unknown ,,Griqualand West,,,,,
R Collins,date unknown ,,Eastern Transvaal Country Districts,,,,,
Ramsay Churton Collins,February 7  1913  Durban  Natal ,,Natal,,Right-hand bat,,March 5  1983  Durban  Natal (aged 70 years 26 days) ,
Ronald Ramsay Collins,March 5  1949  Durban  Natal ,,Natal,,Right-hand bat,,Wicketkeeper,
Stanley Collins,March 6  1909  Cape Town  Cape Province ,,,,,,Umpire,
Trevor Llewellyn Collins,July 9  1929  Queenstown  Cape Province ,88 years 273 days,Border,,Right-hand bat,Left-arm medium,,
Cecil Walter Colman,1884  Cape Town  Cape Province ,,Eastern Province ,,,,1935  Cape Town  Cape Province (aged 51 years) ,
Ryan Andrew Colman,February 18  1997 ,21 years 49 days,KwaZulu-Natal Under-15s,,Right-hand bat,Right-arm offbreak,Westville Boys,
William Walter Allen Colson,July 7  1884  Cape Town  Cape Province ,,Western Province,,,,March 31  1941  Cape Town  Cape Province (aged 56 years 267 days) ,
Micaiah Coltman,March 20  2001  Port Elizabeth ,17 years 19 days,Eastern Province Under-15s,,Left-hand bat,Slow left-arm orthodox,Pearson,
M Combrinck,date unknown ,,,,,,Umpire,
D Combrink,date unknown ,,Boland,,,,,
John McIllwaine Moore Commaille,February 21  1883  Cape Town  Cape Province ,,South Africa ,,Right-hand bat,,July 28  1956  Sea Point  Cape Town  Cape Province (aged 73 years 158 days) ,
John Brian Commins,February 19  1965  East London  Cape Province ,53 years 48 days,South Africa ,,Right-hand bat,Right-arm medium,Father - ,
John Eugene Commins,September 6  1941  Cape Town  Cape Province ,,Western Province,,Right-hand bat,Legbreak,Brother - ,
Kevin Thomas Commins,February 23  1928  Cape Town  Cape Province ,,Border ,,Right-hand bat,Right-arm medium,Brother - ,
Murray Commins,January 2  1997  Cape Town  Cape Province ,21 years 96 days,South Western Districts,,Left-hand bat,,Grandfather - ,
Percy George William Compton,November 27  1888  Pietermaritzberg  Natal ,,Orange Free State,,,,June 10  1985  Cape Town  Cape Province (aged 96 years 195 days) ,
Patrick Mark Denis Compton,November 28  1952  London  England ,65 years 131 days,Natal (SACB),,Right-hand bat,,Father - ,
Richard Cecil Denis Compton,March 29  1956  London ,62 years 10 days,Natal (SACB),,Right-hand bat,Right-arm fast-medium,Father - ,
Peter John Ritchie Comrie,March 29  1945  Ladysmith  Natal ,73 years 10 days,Natal,,Right-hand bat,Right-arm fast,,
Algernon Vincent Conlon,August 14  1902  Bloemfontein  Orange Free State ,,Orange Free State,,,,March 28  1972  Bloemfontein  Orange Free State (aged 69 years 227 days) ,
Eric George Francis Conlon,November 23  1904  Bloemfontein  Orange Free State ,,Orange Free State,,,,October 6  1945  Voortrekkerhodgte  Transvaal (aged 40 years 317 days) ,
Marc Conlon,February 19  1997 ,21 years 48 days,KwaZulu-Natal Inland Under-15s,,Right-hand bat,Right-arm medium-fast,Michaelhouse,
Benjamin Connell,date unknown ,,Eastern Province,,,,,
Gordon Raymond Connell,October 16  1917  Port Elizabeth  Cape Province ,,Eastern Province,,,,July 3  1968  Johannesburg  Transvaal (aged 50 years 261 days) ,
James William Connerty,March 29  1904  Pretoria  Transvaal ,,Eastern Province ,,,,July 27  1988  Durban  Natal (aged 84 years 120 days) ,
Shaun Ralph Connor,June 5  1986  Bloemfontein  Orange Free State ,31 years 307 days,Easterns,,Right-hand bat,Right-arm bowler,,
Matthew Conolly,February 3  1998 ,20 years 64 days,Zimbabwe Under-17s,,Right-hand bat,Right-arm medium,,
Sedick Conrad,February 15  1942  Newlands  Cape Town  Cape Province ,76 years 52 days,Western Province (SACB),,Right-hand bat,,Son - ,
Shukri Conrad,April 2  1967  Lansdowne  Cape Town  Cape Province ,51 years 6 days,Western Province,,Right-hand bat,Right-arm medium,Father - ,
Siraaj Conrad,February 25  1978  Cape Town  Cape Province ,40 years 42 days,Gauteng ,,Right-hand bat,Right-arm offbreak,,
Christoffel Jacobus Conradie,August 4  1959  Murraysburg  Cape Province ,58 years 247 days,,,,,Umpire,
Daniel Jacobus Conradie,April 6  1983  Mafikeng ,35 years 2 days,,,,,Umpire,
Daniel Kobus Conradie,April 6  1983  Mafeking ,35 years 2 days,,,,,Umpire,
Ernst Marais Conradie,January 8  1974  Sisher ,44 years 90 days,South Africa Blind,,Right-hand bat,Right-arm medium,Tros,
Gideon Dawid Conradie,July 8  1993  Worcester ,24 years 274 days,Boland Under-19s,Wicketkeeper,Right-hand bat,,,
George Frederich Conradie,May 13  1998  Worcester ,19 years 330 days,Boland Under-15s,,Right-hand bat,Right-arm medium-fast,Worcester Gymansium,
Henk Conradie,January 31  1994  Aliwal North ,24 years 67 days,Eastern Province Under-19s,,Right-hand bat,Right-arm offbreak,Twin brother - ,
Schalk Conradie,January 31  1994  Aliwal North ,24 years 67 days,Eastern Province Under-19s,,Right-hand bat,,Twin brother - ,
F D Conry,date unknown ,,Western Province,,,,Wicketkeeper,
K Consalves,date unknown ,,Gauteng Women,,,,,
Myles Cusack Conte,April 4  1947  Johannesburg  Transvaal ,,Transvaal,,Right-hand bat,,March 12  2014  Nelspruit  Mpumulanga (aged 66 years 342 days) ,
Devon Philip Conway,July 8  1991  Johannesburg  Transvaal ,26 years 274 days,Dolphins ,,Left-hand bat,Right-arm medium,,
Steven Conway,September 2  2000 ,17 years 218 days,Kersney,Allrounder,Right-hand bat,Right-arm offbreak,,
Mark Andrew Conyers,September 23  1977  Oranjemund  South-West Africa ,40 years 197 days,Easterns ,,Right-hand bat,Right-arm medium-fast,,
Dalton Parry Conyngham,May 10  1897  Durban  Natal ,,South Africa ,,Right-hand bat,Right-arm medium,July 7  1979  Durban  Natal (aged 82 years 58 days) ,
Arthur Eyre Cook,July 28  1889  King William's Town  Cape Province ,,Border ,,Left-hand bat,Left-arm medium,Brother - ,
B Cook,date unknown ,,Griqualand West,,,,Wicketkeeper,
Edrique Cook,date unknown ,,Boland Under-19s,,,,,
Frederick James Cook,1870  Java  Dutch East Indies ,,South Africa ,,Right-hand bat,,November 30  1915  Helles  Gallipoli Peninsula  Turkey (aged 45 years) ,
George H Cook,date unknown ,,Border,,,,Brother - ,
Jarryd Cook,March 28  2000 ,18 years 11 days,KwaZulu-Natal Under-13s,,Right-hand bat,Right-arm medium,Westville SP,
Mohamed Yassar Cook,April 8  1993  Cape Town  Cape Province ,25 years 0 days,Gauteng ,,Right-hand bat,Right-arm medium,St Stithians,
Ryan Cook,date unknown ,,South Africa Under-17s Invitation XI,,,,,
Stephen Craig Cook,November 29  1982  Johannesburg  Transvaal ,35 years 130 days,South Africa ,Opening batsman,Right-hand bat,Right-arm medium,Father - ,
Stephen James Cook,July 31  1953  Johannesburg  Transvaal ,64 years 251 days,South Africa ,,Right-hand bat,Right-arm offbreak,Son - ,
Trevor Estill Cook,November 5  1918  Benoni  Transvaal ,99 years 154 days,Northerns,,Left-hand bat,,Father - ,
Vincent Neale Cook,September 25  1907  Harrismith  Orange Free State ,,Transvaal,,,,November 20  1983  Durban  Natal (aged 76 years 56 days) ,
G Cooke,date unknown ,,,,,,Umpire,
Gavin Peter Cooke,September 7  1971  Johannesburg  Transvaal ,46 years 213 days,Easterns ,,Right-hand bat,Right-arm fast-medium,,
James G Cooke,date unknown ,,,,,,Umpire,
Jonathan Leicester Cooke,July 21  1973  Johannesburg  Transvaal ,44 years 261 days,Natal ,,Right-hand bat,,Wicketkeeper,
Bertram Clifford Cooley,1874  Durban  Natal ,,Natal,,Right-hand bat,,August 17  1935  Durban  Natal (aged 61 years) ,
Alfred Edward Cooper,August 10  1869  Cape Town  Cape Province ,,Griqualand West ,,,,August 15  1960  Port Shepstone  Natal (aged 91 years 5 days) ,
Alfred Henry Cecil Cooper,September 2  1893  Johannesburg  Transvaal ,,South Africa ,,Right-hand bat,Right-arm medium,July 18  1963  Johannesburg  Transvaal (aged 69 years 319 days) ,
Antony Kyle Cooper,June 10  1960  Johannesburg  Transvaal ,57 years 302 days,,,,,St Andrews College (Gtn)  Rhodes University  University of Pretoria,
Frederick William Cooper,May 5  1881  Kimberley  Cape Province ,,Transvaal,,,,August 30  1954  Pretoria  Transvaal (aged 73 years 117 days) ,
Kenneth Raymond Cooper,April 1  1954  Durban  Natal ,64 years 7 days,Natal,,Right-hand bat,Right-arm fast-medium,,
Peter Anthony Cooper,January 1  1943  Pretoria  Transvaal ,,Northerns,,Right-hand bat,Legbreak,December 1  2007  Observatory  Johannesburg (aged 64 years 334 days) ,
Walter Cooper,date unknown ,,Border,,,,,
CD Coote,date unknown ,,,,,,Umpire,
C Coovadia,date unknown ,,,,,,Umpire,
David Gill Cope,August 14  1877  Kimberley  Cape Province ,,Transvaal,,,,August 16  1898  Mostert's Hoek  Cape Province (aged 21 years 2 days) ,
Craig Anthony Copeland,January 2  1977  Cape Town  Cape Province ,41 years 96 days,Griqualand West ,,Right-hand bat,Legbreak googly,,
Mickey Copeland,April 10  2002  Port Shepstone ,15 years 363 days,North West Under-13s,,Right-hand bat,Right-arm medium,Saint Conrads,
Peter Harrison Copeland,December 27  1933  Grahamstown  Cape Province ,84 years 102 days,Eastern Province,,Right-hand bat,Slow left-arm orthodox,,
Walter Frank Copeland,May 28  1865  Stroud  Gloucestershire  England ,,Eastern Province,,,,June 28  1943  Grahamstown  Cape Province (aged 78 years 31 days) ,
Christopher John Copland,January 3  1965  Durban  Natal ,53 years 95 days,Natal,,Right-hand bat,Right-arm fast-medium,,
Raymond Morrice Crossley Copland,November 21  1930  Johannesburg  Transvaal ,87 years 138 days,Natal,,Right-hand bat,Right-arm offbreak,,
Timothy John Copland,February 18  1998 ,20 years 49 days,Hilton College,,Right-hand bat,Right-arm fast,,
Dean Coraizin,February 19  1999 ,19 years 48 days,Boland Under-13s,,Left-hand bat,Legbreak,Wicketkeeper,
John Alexander Corbett,January 10  1938  Bloemfontein  Orange Free State ,,Northerns,,Right-hand bat,Slow left-arm orthodox,Brother - ,
Peter Llewellyn Corbett,August 24  1940  Vryburg  Cape Province ,,Natal ,,Right-hand bat,,Brother - ,
Thandile Savanna Cordes,February 21  1994  Johannesburg ,24 years 46 days,Gauteng Women ,,Right-hand bat,,Wicketkeeper,
J Corin,date unknown ,,,,,,Umpire,
Joshua Corin,June 18  2002  Johannesburg ,15 years 294 days,Easterns Under-13s,,Right-hand bat,Right-arm medium,St Dunstans,
Matthew Corin,June 29  1997 ,20 years 283 days,Easterns Under-15s,Wicketkeeper,Right-hand bat,,St. Dunstan’s,
Richard Henry Maton Corin,September 5  1930  Wynberg  Cape Town  Cape Province ,,Transvaal,,Right-hand bat,,Wicketkeeper,
Craig Corne,September 9  1999  Polokwane ,18 years 211 days,Limpopo Under-15s,,Right-hand bat,Right-arm fast,PHS,
E Cornelissen,date unknown ,,Free State Women,,,,,
Hans Cornelius,date unknown ,,Orange Free State,,,,Wicketkeeper,
L Cornelius,date unknown ,,Orange Free State,,,,,
Wehan Cornelius,March 23  1995 ,23 years 16 days,Mpumalanga Under-19s,,Right-hand bat,Right-arm medium,Hoerskool Middelburg,
Wihan Cornelius,date unknown ,,,,,,Umpire,
Xander Cornelius,August 9  1990  Klerksdorp  Transvaal ,27 years 242 days,North West Under-19s,,Right-hand bat,Left-arm medium,,
Mark H Cornell,May 5  1939  Stutterheim  Cape Province ,78 years 338 days,Border,,Right-hand bat,Right-arm medium,,
Patrick Clive Cornell,September 28  1932  Stutterheim  Cape Province ,85 years 192 days,Border ,,Right-hand bat,Right-arm medium,,
Vincent Joseph Costello,February 24  1906  Cape Town  Cape Province ,,,,,,Umpire,
Khanya Cotani,September 13  2000 ,17 years 207 days,Boland Under-15s,,Right-hand bat,,Paul Roos Gymnasium,
Lee Cothill,date unknown ,,Rowlin Cricket Academy,,,,,
Frank Cotty,October 18  1914  Kimberley  Cape Province ,,Griqualand West,,,Left-arm bowler,August 9  1993 (aged 78 years 295 days) ,
Wesley Coulentianos,January 14  1994  Boksburg ,24 years 84 days,Easterns ,,Left-hand bat,Left-arm medium,,
Michael Shelsley Pringle Court,February 3  1941  Adelaide  Cape Province ,77 years 64 days,Eastern Province,,Right-hand bat,Right-arm medium,,
Shelsley Penrice Court,1869  Port Elizabeth  Cape Province ,,Eastern Province,,,,May 22  1934  Durban  Natal (aged 65 years) ,
S Cousins,date unknown ,,Easterns Women,,,,,
Shayla Jaide Cousins,date unknown ,,,,,,,
Craig Coutts,April 11  1968  Johannesburg  Transvaal ,49 years 362 days,Southern Transvaal Country Districts ,,Right-hand bat,Right-arm medium,,
Rory Ian Coutts,June 20  1981  Bulawayo  Zimbabwe ,36 years 292 days,Gauteng,,Right-hand bat,,,
Claire Sheena Cowan,September 18  1981  Cape Town ,36 years 202 days,South Africa Women,,Right-hand bat,,Wicketkeeper,
Norman Keith Cowan,April 16  1926  Bloemfontein  Orange Free State ,91 years 357 days,Orange Free State,,Left-hand bat,Left-arm medium,,
Peter Andrew Cowan,April 1  1954  Cape Town  Cape Province ,64 years 7 days,Border,,Right-hand bat,,,
Gavin Selwyn Cowley,March 1  1953  Port Elizabeth  Cape Province ,65 years 38 days,Eastern Province ,,Left-hand bat,Left-arm medium,Uncle - ,
A E Cox,date unknown ,,Western Province,,,,,
Douglas Cox,February 6  2001  Johannesburg ,17 years 61 days,Western Province Under-15s,,Right-hand bat,Right-arm fast,Rondebosch Boys High,
Joseph Lovell Cox,June 28  1886  Pietermaritzberg  Natal ,,South Africa ,,Right-hand bat,Right-arm medium,Brother-in-law - ,
Stuart Cox,April 15  1994 ,23 years 358 days,University of Cape Town,,Right-hand bat,Right-arm fast,,
Taylor Gregory Cox,October 3  1990 ,27 years 187 days,KwaZulu-Natal Under-19s,,Right-hand bat,Right-arm fast-medium,,
Arthur Heder Coy,December 17  1902  Brenzett  Kent  England ,,Eastern Province,,,Legbreak,May 15  1983  Port Elizabeth  Cape Province (aged 80 years 149 days) ,
Thomas Tressillian Cradock,May 25  1877  Durban  Natal ,,Natal ,,,,June 25  1948  Durban  Natal (aged 71 years 31 days) ,
Adriaan Crafford,December 1  1966  Nababeep (Namaqualand) ,51 years 128 days,,,,,Umpire,
Ernest Crage,May 4  1873  Port Elizabeth  Cape Province ,,Eastern Province,,,,Brother - ,
Thomas Crage,November 19  1879  Port Elizabeth  Cape Province ,,Eastern Province,,,,Brother - ,
K Craig,date unknown ,,Easterns Women,,,,,
KS Craig,date unknown ,,,,,,Umpire,
Michael Craig,September 5  1954  Fish Hoek  Cape Province ,63 years 215 days,,,,,Umpire,
Ivor J Craigen,June 6  1934  Cape Town  Cape Province ,83 years 306 days,Griqualand West,,Right-hand bat,Right-arm fast-medium,,
Kevin Craigen,December 6  1962  Kimberley  Cape Province ,55 years 123 days,Orange Free State,,Left-hand bat,Slow left-arm orthodox,,
Edmund Keith Crankshaw,February 12  1959  Johannesburg  Transvaal ,59 years 55 days,Eastern Province,,Right-hand bat,,,
Jonathan Crankshaw,January 1  1998 ,20 years 97 days,Eastern Province Under-17s,,Right-hand bat,,,
Phillip Crause,June 19  1990  Johannesburg  Gauteng ,27 years 293 days,Gauteng Under-19s,,Right-hand bat,,,
Christiaan Frans Craven,December 6  1970  Dundee  Natal ,47 years 123 days,Free State ,,Right-hand bat,Right-arm medium,,
E Crawford,date unknown ,,,,,,Umpire,
Samuel Neville Alexander Crawford,October 15  1907  Cape Town  Cape Province ,,Western Province,,,,September 29  1989  Rondebosch  Cape Town  Cape Province (aged 81 years 349 days) ,
K Crawley,date unknown ,,Orange Free State,,,,,
Murray Wayne Creed,March 5  1979  Port Elizabeth  Cape Province ,39 years 34 days,Eastern Province ,,Right-hand bat,Right-arm fast-medium,1.82 m ,
William Henry Creese,January 15  1870  Usk  Monmouthshire  England ,,Marylebone Cricket Club ,,,,Umpire,
Derrick Cremer,date unknown ,,Pretoria University,,,,,
G Cresswell,date unknown ,,Eastern Transvaal Country Districts,,,,,
Gerald Andrew Cresswell,September 4  1928  Johannesburg  Transvaal ,,Northerns,,Right-hand bat,,Wicketkeeper,
Vernon George Cresswell,September 15  1958  Pretoria  Transvaal ,59 years 205 days,Border ,,Right-hand bat,,Wicketkeeper,
Bryce Cressy,July 18  1996 ,21 years 264 days,Gauteng Under-17s,,Right-hand bat,Right-arm medium,Parktown,
Chad Brendon Crew,November 3  1973  Sydney  New South Wales  Australia ,44 years 156 days,Easterns,,Right-hand bat,Right-arm medium,,
Basil Hyde Crews,March 15  1925  Robertson  Cape Province ,,Border ,,Right-hand bat,Legbreak googly,April 14  2005  Hermanus  Western Cape  South Africa (aged 80 years 30 days) ,
John Hyde Crews,February 16  1971  Upington  Cape Province ,47 years 51 days,Orange Free State,,Right-hand bat,Right-arm medium,,
George Edwin Crighton,October 12  1915  Middelburg  Cape Province ,,Western Province,,Left-hand bat,Right-arm medium,August 17  1998  Noordhoek  Cape Town  Cape Province (aged 82 years 309 days) ,
Godfrey Cripps,October 19  1865  Mussoorie (now Musuri)  United Provinces  India ,,South Africa ,,Right-hand bat,Right-arm bowler,July 27  1943  near Adelaide  South Australia  Australia (aged 77 years 281 days) ,
Robert James Crisp,May 28  1911  Calcutta (now Kolkata)  Bengal  India ,,Rhodesia ,,Right-hand bat,Right-arm fast,March 3  1994  Colchester  Essex  England (aged 82 years 279 days) ,
Flippi Cronje,December 2  1993 ,24 years 127 days,University of Free State,,Right-hand bat,Right-arm fast,,
Frans Johannes Cornelius Cronje,May 15  1967  Bloemfontein  Orange Free State ,50 years 328 days,Border ,,Right-hand bat,Right-arm medium,Father - ,
Ilze Simone Cronje,December 24  1980  Cape Town  Cape Province ,37 years 105 days,Boland Women,,Right-hand bat,Right-arm medium,,
Lionel Cronje,April 25  1989  Bloemfontein  Orange Free State ,28 years 348 days,Border Under-19s,,Right-hand bat,Right-arm medium,,
Nicolaas Everhardus Cronje,July 23  1939  Bethulie  Orange Free State ,78 years 259 days,Orange Free State,,Right-hand bat,Right-arm offbreak,Son - ,
Phillip Johan Cronje,April 12  1994  Pretoria  Transvaal ,23 years 361 days,Northerns Under-19s,,Right-hand bat,Legbreak,,
R Cronje,date unknown ,,,,,,Umpire,
Ruan Cronje,June 23  2001  Free State ,16 years 289 days,Free State Under-15s,,Right-hand bat,Legbreak,St Andrews,
Rudolph John Cronje,May 21  1993  Cape Town  Cape Province ,24 years 322 days,Western Province Under-19s,,Right-hand bat,Right-arm medium,Stellenberg High,
Schalk Grove Cronje,September 6  1970  Bloemfontein  Orange Free State ,47 years 214 days,Free State ,,Right-hand bat,Slow left-arm orthodox,,
Tanja Cronje,April 15  1995  Bethlehem ,22 years 358 days,KwaZulu-Natal Inland Women,,Right-hand bat,Right-arm medium,,
Wessel Johannes Cronje,September 25  1969  Bloemfontein  Orange Free State ,,Ireland ,,Right-hand bat,Right-arm medium,Father - ,
Zander Cronje,April 8  2003  Sunward park ,15 years 0 days,Easterns Under-13s,,Right-hand bat,,President Steyn,
Alfred Cedric Cronwright,July 18  1903  Cape Town  Cape Province ,,Orange Free State,,,,October 5  1987  Cape Town  Cape Province (aged 84 years 79 days) ,
Derek Norman Crookes,March 5  1969  Mariannhill  Natal ,49 years 34 days,South Africa ,,Right-hand bat,Right-arm offbreak,Father - ,
Norman Samuel Crookes,November 15  1935  Renishaw  Natal ,82 years 144 days,Natal,,Right-hand bat,Right-arm offbreak,Son - ,
Douglas Crooks,April 7  1872  Port Elizabeth  Cape Province ,,Eastern Province,,,,January 6  1930  East London  Cape Province (aged 57 years 274 days) ,
Kholumo Moati Crosby,October 14  1991  Botshabelo ,26 years 176 days,KwaZulu-Natal Under-19s,,Right-hand bat,Left-arm fast-medium,,
Martin James Crosoer,May 22  1977  Durban  Natal ,40 years 321 days,Western Province,,Right-hand bat,Right-arm offbreak,,
Gordon Davis Cross,December 4  1886  King William's Town  Cape Province ,,Border,,,,June 1  1961  East London  Cape Province (aged 74 years 179 days) ,
B Crossman,date unknown ,,Western Province Women,,,,,
Errol Stephen Crossman,July 24  1941  Durban  Natal ,76 years 258 days,Orange Free State,,Right-hand bat,Right-arm offbreak,,
Graham Colin Crosson,December 7  1953  Pretoria  Transvaal ,64 years 122 days,Northerns,,Right-hand bat,Slow left-arm orthodox,,
W Croucamp,date unknown ,,Border Women,,,,Wicketkeeper,
E H Crouch,date unknown ,,Eastern Province,,,,,
Heath Thornton Crouch,March 28  1892  Queenstown  Cape Province ,,Eastern Province,,,,details unknown ,
W Croukamp,date unknown ,,Border Women,,,,,
Anthony Crous,January 24  1996 ,22 years 74 days,St Martin's College,,Right-hand bat,,,
Phillip Crouse,June 19  1990  Johannesburg ,27 years 293 days,Gauteng Under-19s,,Right-hand bat,Right-arm offbreak,,
Ross Crouse,January 1  1999 ,19 years 97 days,Limpopo Under-13s,,Right-hand bat,Right-arm fast,Pietersburg Laerskool,
Fabian Crowie,June 7  1985  Durban ,32 years 305 days,KwaZulu-Natal,,Right-hand bat,Right-arm medium,,
Kevin James Crowie,November 6  1991  Durban ,26 years 153 days,Gauteng Under-19s,,Right-hand bat,Right-arm medium-fast,,
James Anthony John Crowson,March 23  1992  Cape Town ,26 years 16 days,Western Province Under-19s,,Right-hand bat,Right-arm offbreak,Pup  Jet,
David William Crowther,July 29  1997 ,20 years 253 days,Hoer Volkskool,,Right-hand bat,Right-arm medium,,
Jacobus Crowther,July 29  1999  Potchefstroom ,18 years 253 days,Hoer Volkskool ,,Right-hand bat,Legbreak,Potchefstroom Volkskool,
Clive Falconer Cruickshanks,October 22  1908  Port Elizabeth  Cape Province ,109 years 168 days,Eastern Province,,Right-hand bat,,Brother - ,
Grahame Lawrence Cruickshanks,March 2  1913  Port Elizabeth  Cape Province ,,Eastern Province,,Left-hand bat,,Brother - ,
G Cruise,date unknown ,,Eastern Transvaal Country Districts,,,,,
D Cruse,date unknown ,,Northern Transvaal Country Districts,,,,,
F Cruywagen,date unknown ,,,,,,Umpire,
Garth Brian Cuddumbey,September 5  1953  Queenstown  Cape Province ,,Eastern Province (SACB) ,,,,Brother - ,
Glenn Winston Cuddumbey,November 9  1948  Grahamstown  Cape Province ,,Eastern Province (SACB),,,,Brother - ,
Daryll John Cullinan,March 4  1967  Kimberley  Cape Province ,51 years 35 days,South Africa ,,Right-hand bat,Right-arm offbreak,,
Mark Ronald Cullinan,April 3  1957  Johannesburg  Transvaal ,61 years 5 days,Oxford University ,,Right-hand bat,,Wicketkeeper,
Ralph Edward Cullinan,November 14  1965  Kimberley  Cape Province ,52 years 145 days,Border ,,Left-hand bat,Right-arm medium,,
Thomas David Cullinan,June 14  1946  Johannesburg  Transvaal ,71 years 298 days,Northerns,,Right-hand bat,,,
Ethan-John Cunningham,July 28  2003 ,14 years 254 days,Western Province Under-13s,,Right-hand bat,Right-arm medium,,
Ashley Cupido,October 22  1991 ,26 years 168 days,University of Western Cape,,Left-hand bat,,,
R Cupido,date unknown ,,Western Province (SACB),,,,Wicketkeeper,
Wade Cupido,April 28  1992  Cape Town ,25 years 345 days,Western Province Under-19s,,Left-hand bat,Right-arm medium,Flickey,
Alwyn James Curnick,April 8  1928  Engcobo  Cape Province (now Transkei) ,,Border ,,Right-hand bat,,Wicketkeeper,
Sydney Harry Curnow,December 16  1907  Benoni  Transvaal ,,South Africa ,,Right-hand bat,,July 28  1986  Perth  Western Australia  Australia (aged 78 years 224 days) ,
Patrick James Curran,February 6  1950  Gatooma (now Kadoma)  Rhodesia ,68 years 61 days,Rhodesia,,Left-hand bat,Right-arm offbreak,Cousin - ,
Shaun Curren,date unknown ,,Orange Free State,,,,,
Raymond Walker Currer,February 4  1909  Pretoria  Transvaal ,,Northerns,,Right-hand bat,,November 3  1987  Pretoria  Transvaal (aged 78 years 272 days) ,
Norman Oswald Curry,September 5  1946  East London  Cape Province ,71 years 215 days,Namibia ,,Right-hand bat,Right-arm medium,Brother-in-law - ,
Michael Cursons,August 7  1995  Cape Town ,22 years 244 days,Rondebosch Boys High School,,Right-hand bat,,Rondebosch Boys High School,
Angus Curtis,March 26  1998  Harare  Zimbabwe ,20 years 13 days,KwaZulu-Natal Inland Under-15s,,Right-hand bat,Right-arm medium,Hilton College,
Leopold Guy Cusworth,September 11  1898 ,,Orange Free State,,Left-hand bat,,details unknown ,
Kukhanya Cweba,December 23  2002 ,15 years 106 days,Border Under-13s,,Right-hand bat,Right-arm medium,Hudson Park Primary,
Andrew William Cyster,March 31  1979  Stellenbosch  Cape Province ,39 years 8 days,Boland,,Left-hand bat,,,
Charl Cyster,date unknown ,,Boland,,,,,
Reeve Peter William Cyster,November 25  1993  Stellenbosch ,24 years 134 days,Boland Under-19s ,,Left-hand bat,Right-arm medium,Bridgehouse,
Jerome Chinia,date unknown ,,,,,,,
Johan Davel,February 9  1995  Pretoria ,23 years 58 days,Northerns Under-19s,,Right-hand bat,Right-arm offbreak,,
Janco Dreyer,date unknown ,,,,,,,
Lawrence Stanley Dacey,May 28  1913  Johannesburg  Transvaal ,,Transvaal,,Right-hand bat,,August 20  1993  Johannesburg  Transvaal (aged 80 years 84 days) ,
Alan Da Costa,February 13  1965  Johannesburg  Transvaal ,53 years 54 days,Northerns,,Right-hand bat,,Wicketkeeper,
Daniel da Costa,May 20  1999 ,18 years 323 days,Western Province Under-13s,,Right-hand bat,,RBPS,
Mohamed Shaber Dada,September 15  1964  Pietersburg  Transvaal ,53 years 205 days,Natal ,,Left-hand bat,,,
O Dadabhai,date unknown ,,Natal (SACB),,,,Umpire,
Shane Dadswell,November 18  1997 ,20 years 141 days,Gauteng Under-15s,,Right-hand bat,Right-arm offbreak,Helpmekaar,
I Dagnin,date unknown ,,Western Province (SACB),,,,,
Matthew Dahl,May 14  1997 ,20 years 329 days,KwaZulu-Natal Inland Under-15s,,Right-hand bat,Right-arm medium,Hilton College,
Anele Dakada,date unknown ,,Western Province Under-19s,,,,,
Anthony Dakin,March 26  1997 ,21 years 13 days,Eastern Province Under-15s,Wicketkeeper,Right-hand bat,,St. Andrews College,
Grant Dakin,June 4  1961  Port Elizabeth  Cape Province ,56 years 308 days,Eastern Province,,Right-hand bat,Right-arm fast-medium,Father - ,
Geoffrey Frank Dakin,August 13  1935  Port Elizabeth  Cape Province ,82 years 238 days,Eastern Province,,Right-hand bat,Right-arm fast-medium,Son - ,
Carl Junior Dala,December 29  1989  Lusaka  Zambia ,28 years 100 days,South Africa ,Bowler,Right-hand bat,Right-arm medium,,
Sufiyan Dalla,October 23  2003  Louis Trichardt ,14 years 167 days,Limpopo Under-13s,,Left-hand bat,Right-arm offbreak,Kings Cricket School,
Luke Dallas,December 7  1999 ,18 years 122 days,Border Under-13s,,Right-hand bat,Slow left-arm orthodox,Hudson Park,
Robert Ian Dalrymple,August 10  1971  Cape Town  Cape Province ,46 years 241 days,Boland,,Right-hand bat,Right-arm offbreak,,
Eric Londesbrough Dalton,December 2  1906  Durban  Natal ,,South Africa ,,Right-hand bat,,June 3  1981  Westridge  Durban  Natal (aged 74 years 183 days) ,
George Londesbrough Dalton,January 18  1876  Durban  Natal ,,Natal,,,,July 12  1946  Durban  Natal (aged 70 years 175 days) ,
Howard Ernest Dalton,January 29  1917  Durban  Natal ,,Natal ,,Left-hand bat,Slow left-arm orthodox,May 22  1987  Durban  Natal (aged 70 years 113 days) ,
Leonard Douglas Dalton,March 31  1883  Durban  Natal ,,Natal,,,,Wicketkeeper,
RP D'Alton,date unknown ,,,,,,Umpire,
David Joseph Daly,circa 1875  Port Elizabeth  Cape Province ,,Eastern Province,,,,Wicketkeeper,
Denis Redman Daly,February 11  1911  Port Elizabeth  Cape Province ,,Eastern Province,,,,Wicketkeeper,
Joseph Leonard Daly,December 23  1905  East London  Cape Province ,,Griqualand West,,,,August 24  1975  Vryburg  Cape Province (aged 69 years 244 days) ,
Gustav Dam,April 16  1908  Port Elizabeth  Cape Province ,,Border,,,,April 23  1946  East London  Cape Province (aged 38 years 7 days) ,
Werner Dames,June 1  1999 ,18 years 311 days,North West Under-13s,,Right-hand bat,Right-arm fast,Generaal Hendrik Schoeman,
Hugo Fritz Dammann,March 31  1962  Dundee  Natal ,56 years 8 days,Natal,,Right-hand bat,Right-arm fast-medium,,
B Dammert,date unknown ,,Western Province (SACB),,,,,
E Damon,date unknown ,,Western Province (SACB),,,,,
Igshaan Damon,July 1  1977  Cape Town  Cape Province ,40 years 281 days,Western Province,,Right-hand bat,Right-arm fast,,
Frankl Damons,September 20  1997 ,20 years 200 days,Free State Under-15s ,,Right-hand bat,Legbreak,St Andrews,
Kyle Damonze,December 29  2000 ,17 years 100 days,Western Province Under-15s,,Left-hand bat,Left-arm medium,,
Athol Dand,April 29  1953  Durban  Natal ,64 years 344 days,Natal,,Right-hand bat,Right-arm fast-medium,,
Bantu Dandala,September 12  1994 ,23 years 208 days,KwaZulu-Natal Inland Under-19s,,Right-hand bat,,,
Pieter Daneel,March 19  1987  Stellenbosch  Cape Province ,31 years 20 days,Boland ,,Right-hand bat,,,
Desmond A Daniel,January 19  1943  Port St John's  Cape Province (now Transkei) ,,Orange Free State,,Right-hand bat,Right-arm medium,March 2  2015  Sharjah  United Arab Emirates (aged 72 years 42 days) ,
Reece Daniel,July 1  1999 ,18 years 281 days,Kersney,Middle-order batsman,Right-hand bat,,,
Ian Keith Daniell,October 7  1956  Port Elizabeth  Cape Province ,61 years 183 days,Eastern Province,,Right-hand bat,Right-arm medium,,
Aldin Cyril Daniels,November 2  1993  George ,24 years 157 days,South Western Districts Under-19s,,Right-hand bat,Right-arm medium,,
Candice Daniels,February 6  1987  Cape Town ,31 years 61 days,Western Province Women,,Right-hand bat,Right-arm offbreak,,
Caleb Daniels,March 17  2001 ,17 years 22 days,Eastern Province Under-13s,,Right-hand bat,(unknown arm) fast,Herbert Hurd,
Christiaan Daniels,March 4  2003  Pretoria ,15 years 35 days,Northerns Under-13s,,Right-hand bat,Right-arm fast,Lynnwood Laer,
Dominic Daniels,January 8  1982  Paarl ,36 years 90 days,Boland,,Right-hand bat,Right-arm offbreak,,
Hank Daniels,January 17  1992  Port Elizabeth  Cape Province ,26 years 81 days,Eastern Province Under-19s,,Right-hand bat,,Wicketkeeper,
Luke Daniels,January 17  1992  Port Elizabeth  Cape Province ,26 years 81 days,Eastern Province Under-19s,,Right-hand bat,,Wicketkeeper,
L Daniels,date unknown ,,Easterns Women,,,,,
Moseline Daniels,February 1  1990  Paarl ,28 years 66 days,Boland Women ,,Left-hand bat,Left-arm medium,,
Melville Allan Daniels,November 5  1977  Grahamstown ,40 years 154 days,Border,,Right-hand bat,Right-arm medium-fast,,
N Daniels,date unknown ,,Gauteng Women,,,,,
Nelis Daniels,August 19  2000  Pretoria  Transvaal ,17 years 232 days,Northerns Under-13s,,Left-hand bat,Left-arm medium,Lynnwood Laer,
Neville Peter Daniels,January 28  1956  Ladysmith  Natal ,62 years 70 days,Natal ,,Left-hand bat,Slow left-arm orthodox,,
S Danti,date unknown ,,,,,,Umpire,
Siphamandla Dapo,November 17  1989  Port Elizabeth  Eastern Cape ,28 years 142 days,Easterns,,Right-hand bat,Right-arm medium-fast,Cousin - ,
Sipamandla Dappo,November 17  1989  Port Elizabeth  Cape Province ,28 years 142 days,Eastern Province Under-19s,,Right-hand bat,Right-arm offbreak,Motherwell,
M Daries,date unknown ,,Griqualand West Women,,,,,
N Daries,date unknown ,,Griqualand West Women ,,,,,
Desmond James Darlington,April 28  1931  Upington  Cape Province ,86 years 345 days,Orange Free State,,Right-hand bat,,Wicketkeeper,
Pravesh Darman,July 8  1981  Johannesburg ,36 years 274 days,Easterns,,Right-hand bat,Right-arm medium,,
Andrew Darroch,April 25  1995 ,22 years 348 days,KwaZulu-Natal Inland Under-17s,,Right-hand bat,Right-arm medium,St Charles College,
Richard das Neves,December 18  1986  Johannesburg  Transvaal ,31 years 111 days,Gauteng ,,Right-hand bat,Right-arm offbreak,King Edward School,
Muaaz Dasoo,February 18  1997 ,21 years 49 days,Gauteng Under-15s,,Right-hand bat,Right-arm medium,St Stithians,
David Anthony Datnow,October 14  1970  Kimberley  Cape Province ,47 years 176 days,Griqualand West,,Right-hand bat,Right-arm offbreak,,
John Archibald Davenport,August 14  1878  Kensington  London  England ,,Army (South Africa),,,,Wicketkeeper,
Darnton Charles Davey,July 7  1856  Mansfield  Nottinghamshire  England ,,Natal,,,,October 7  1911  Durban  Natal (aged 55 years 92 days) ,
J Davey,date unknown ,,,,,,Umpire,
T Davey,date unknown ,,,,,,Umpire,
B David,date unknown ,,Natal (SACB),,,,,
Justin David,February 10  2003  Johannesburg ,15 years 57 days,Gauteng Under-13s,,Right-hand bat,Right-arm fast,Gustav Preller Primary,
Anees Davids,May 25  1986  Cape Town ,31 years 318 days,Western Province,,Left-hand bat,Left-arm medium,,
Audifion Davids,October 26  1999  Wolseley ,18 years 164 days,Boland Under-17s,,Right-hand bat,Right-arm fast-medium,Wolseley Secondary School,
Edward Sipho Davids,February 4  1998  Bloemfontein ,20 years 63 days,Free State Under-15s,,Right-hand bat,Right-arm offbreak,Fichardpark HS,
Faiek Davids,September 1  1964  Cape Town  Cape Province ,53 years 219 days,Boland ,,Right-hand bat,Right-arm medium,Coach,
Henry Davids,January 19  1980  Stellenbosch  Cape Province ,38 years 79 days,South Africa ,Top-order batsman,Right-hand bat,Right-arm medium-fast,,
Justerino Davids,February 12  1995 ,23 years 55 days,Border Under-17s,,Right-hand bat,Right-arm medium,Dale College,
Jayden Davids,March 26  2003  Pretoria ,15 years 13 days,Free State Under-13s,,Left-hand bat,Right-arm offbreak,St Andrews,
Keegan Davids,April 4  1993  Pietermaritzburg ,25 years 4 days,KwaZulu-Natal Inland Under-19s,,Right-hand bat,Right-arm fast-medium,,
Matthew Davids,March 26  2003  Pretoria ,15 years 13 days,Free State Under-13s,,Left-hand bat,Right-arm medium,Saint Andrews,
