Neil Macleod Paterson,November 19  1930  King William's Town  Cape Province ,87 years 140 days,,,,,Umpire,
C Pather,date unknown ,,KwaZulu-Natal Women,,,,,
Clayton Pather,May 2  2001 ,16 years 341 days,Gauteng Under-15s,,Right-hand bat,Right-arm medium,,
Frederick Rodney Paton,February 24  1924  Johannesburg  Transvaal ,94 years 43 days,,,,,Umpire,
William Ellison Patrick,August 24  1934  Cape Town  Cape Province ,83 years 227 days,Transvaal,,Right-hand bat,,,
Michael Anthony Patricks,August 23  1943  Nottingham Road  Natal ,,Natal (SACB),,,,May 14  2010  Pietermaritzburg  KwaZulu-Natal (aged 66 years 264 days) ,
Hugh E Patterson,September 18  1909  Durban  Natal ,108 years 202 days,Northerns,,,,,
Arthur Herbert Pattison,September 20  1903  Grahamstown  Cape Province ,,Rhodesia ,,Left-hand bat,Right-arm medium,December 6  1968  Carletonville  Transvaal (aged 65 years 77 days) ,
Sebastian Pau,March 16  1997 ,21 years 23 days,Eastern Province Under-15s,,Right-hand bat,Right-arm medium-fast,Grey High School,
G Paul,date unknown ,,Eastern Province (SACB),,,,,
Jared Paul,July 1  1999  Durban ,18 years 281 days,Glenwood High School,,Left-hand bat,,Glenwood High School,
William Christopher Pauling,1865  London  England ,,Western Province,,,,1916  Cape Town  Cape Province (aged 51 years) ,
Gordon Blake Paull,May 9  1912  Cape Town  Cape Province ,,Western Province,,Right-hand bat,Right-arm fast-medium,June 27  1987  Cape Town  Cape Province (aged 75 years 49 days) ,
Hillroy Henrico Paulse,September 6  1985  Paarl ,32 years 214 days,Boland ,,Right-hand bat,Right-arm fast-medium,,
James Charles Paulsen,November 24  1963  Calvinia  Northern Cape ,54 years 135 days,,,,,Umpire,
C Paulson,date unknown ,,Eastern Province (SACB),,,,,
Dawid Pawson,March 8  1992 ,26 years 31 days,Free State Under-19s,,Right-hand bat,,,
S Pawson,date unknown ,,KwaZulu-Natal Inland Women,,,,,
Amerejay Pawunkumar,November 3  1994  Newcastle ,23 years 156 days,KwaZulu-Natal Inland Women,,Right-hand bat,Right-arm medium,,
Phumulelo Payi,January 25  1995 ,23 years 73 days,Border Under-17s,,Right-hand bat,Right-arm medium,Dale College,
Cecil Payn,April 20  1893  Burnside Farm  Harding  Natal ,,Natal,,Right-hand bat,,Brother - ,
Guy Payn,March 24  1892  Burnside Farm  Harding  Natal ,,Natal,,,Right-arm fast-medium,Brother - ,
James Payn,January 4  1969  Harding  Natal ,49 years 94 days,Natal,,Right-hand bat,Right-arm medium,,
John Enid Payn,March 9  1944  Germiston  Transvaal ,74 years 30 days,Orange Free State,,Right-hand bat,,,
Leslie William Payn,May 6  1915  Umzinto  Natal ,,South Africa ,,Right-hand bat,Left-arm slow-medium,May 2  1992  Scottburgh  Natal (aged 76 years 362 days) ,
Dean Geoffrey Payne,January 13  1969  Claremont  Cape Town  Cape Province ,49 years 85 days,Western Province,,Left-hand bat,Right-arm fast-medium,,
Frederick Robert William Payne,January 12  1908  Port Elizabeth  Cape Province ,,,,,,Umpire,
Frederick Robert William Payne,January 12  1908  Port Elizabeth  Cape Province ,,,,,,Umpire,
Ian Attwood Payne,October 4  1949  Cape Town  Cape Province ,,Western Province,,Right-hand bat,,September 13  2015  Vincent Pallotti Hospital  Pinelands  Cape Town (aged 65 years 344 days) ,
Maureen Payne,date unknown ,,South Africa Women ,,,,1997 ,
P Payne,date unknown ,,KwaZulu-Natal Inland Women,,,,,
James Welling Peacock,March 6  1933  Cape Town  Cape Province ,,,,,,Umpire,
Errol S W Pearce,March 11  1940  Port Elizabeth  Cape Province ,78 years 28 days,Eastern Province,,Right-hand bat,,Wicketkeeper,
Roland Anthony Pearce,June 19  1930  Singapore ,87 years 293 days,Natal,,Right-hand bat,,Wicketkeeper,
Walter Noble Pearce,1906 ,,Eastern Province,,,,1975  Port Elizabeth  Cape Province (aged 69 years) ,
Charles Ormerod Cato Pearse,October 10  1884  Pietermaritzberg  Natal ,,South Africa ,,Right-hand bat,Right-arm medium,May 7  1953  Durban  Natal (aged 68 years 209 days) ,
David Kenneth Pearse,May 1  1958  Durban  Natal ,59 years 342 days,Natal,,Left-hand bat,Right-arm fast-medium,,
Dudley Kenneth Pearse,January 13  1890  Pietermaritzberg  Natal ,,Natal,,,,May 3  1959  Empangeni  Natal (Zululand) (aged 69 years 110 days) ,
Gerald Vyvyan Pearse,September 7  1891  Pietermaritzburg  Natal ,,Natal ,,Right-hand bat,Right-arm bowler,December 19  1956  Marylebone  London  England (aged 65 years 103 days) ,
Mark John Pearse,September 3  1964  Empangeni  Natal (Zululand) ,53 years 217 days,Natal,,Right-hand bat,,Wicketkeeper,
Jeremy John Pearson,August 26  1962  Bedford  Cape Province ,55 years 225 days,Border Country Districts ,,Right-hand bat,,,
Lindsay Maxwell Pearson,December 30  1955  Bedford  Cape Province ,62 years 99 days,Border,,Right-hand bat,,,
Eldred Isla Campbell-Islay Peddle,1881  De Aar  Cape Province ,,Griqualand West,,,,November 30  1945  Plumstead  Cape Town  Cape Province (aged 64 years) ,
Kagisho Pedi,August 21  1989  Bloemfontein  Orange Free State ,28 years 230 days,Free State ,,Right-hand bat,Right-arm medium,,
Mpho Lionel Gift Pedi,September 14  1976  Bloemfontein  Orange Free State ,,Northerns,,Right-hand bat,,Wicketkeeper,
Keanan Pedro,May 1  1997 ,20 years 342 days,Griqualand West Under-19s,,Right-hand bat,Right-arm medium,,
Tony Pedro,January 6  1998 ,20 years 92 days,Kingswood College,,Right-hand bat,Right-arm medium,Kingswood College,
R Peel,date unknown ,,,,,,Umpire,
Andre Peens,August 1  1960  Durban  Natal ,57 years 250 days,Transvaal,,Right-hand bat,,,
Jaco Peens,April 29  1971  Potchefstroom  Transvaal ,46 years 344 days,Western Transvaal,,Right-hand bat,Right-arm fast-medium,,
Sidney James Pegler,July 28  1888  Durban  Natal ,,South Africa ,,Right-hand bat,Right-arm medium  Legbreak,September 10  1972  Plumstead  Cape Town  Cape Province (aged 84 years 44 days) ,
Keith Ralph Peinke,May 30  1983  East London ,34 years 313 days,Border,,Right-hand bat,Right-arm offbreak,,
Arnold Peiser,October 11  1878  Tulbagh  Cape Province ,,South Western Districts,,,,September 22  1947  Pretoria  Transvaal (aged 68 years 346 days) ,
PG Peiser,date unknown ,,,,,,,
Arno Pekeur,June 19  1993  Robertson ,24 years 293 days,Boland Under-19s,,Right-hand bat,Right-arm offbreak,,
Solomon Pelle,date unknown ,,,,,,Umpire,
Brett Jonathan Pelser,April 23  1985  Durban  Natal ,32 years 350 days,Lions ,,Right-hand bat,Right-arm medium-fast,Northcliff High School,
MG Pengelly,date unknown ,,,,,,Umpire,
David Pengleli,April 4  1991  Durban  Natal ,27 years 4 days,KwaZulu-Natal Inland Under-19s,,Right-hand bat,Right-arm medium,,
K Penn,date unknown ,,Boland Women,,,,,
Harry E Penning,date unknown ,,Northerns,,,,,
Maurice Edgar Pennington,February 10  1899  Greytown  Natal ,,Natal,,Right-hand bat,,April 21  1984  Durban  Natal (aged 85 years 71 days) ,
R Pen-Sawyer,date unknown ,,Natal Country Districts,,,,,
Richard Alan Stuart Pentecost,March 9  1992  Durban ,26 years 30 days,Griqualand West Under-19s,Wicketkeeper,Right-hand bat,,,
C Pentiah,date unknown ,,Natal (SACB),,,,,
Christopher Pentz,1995 ,23 years,KwaZulu-Natal Under-19s,,,,Brother - ,
Nicholas Pentz,January 28  1995 ,23 years 70 days,KwaZulu-Natal Under-17s,,Right-hand bat,Right-arm medium,Brother - ,
P Pentz,date unknown ,,Orange Free State,,,,,
Ronel Pentz,April 19  1990  Cape Town  Cape Province ,27 years 354 days,Western Province Women XI,,Right-hand bat,,Wicketkeeper,
Neo Pepeta,February 27  1999 ,19 years 40 days,Eastern Province Under-13s,,Right-hand bat,Right-arm fast,Muir College,
Gregg Pepler,June 20  1972  Cape Town  Cape Province ,45 years 292 days,Northern Transvaal,,Right-hand bat,Legbreak,,
Robert Henry Gilbert Percy,1885 ,,Griqualand West,,,,Wicketkeeper,
E Perks,date unknown ,,Griqualand West,,,,,
Jessica Perreira,May 10  1993  Johannesburg  Transvaal ,24 years 333 days,Gauteng Women,,Right-hand bat,Right-arm medium,,
M Perrin,date unknown ,,Northern Transvaal Country Districts XI,,,,,
Clive Arlen Perring,September 5  1937  Kimberley  Cape Province ,,Griqualand West,,Right-hand bat,,October 18  1989  Kimberley  Cape Province (aged 52 years 43 days) ,
Clayton Joshua Perring,April 14  2000 ,17 years 359 days,Gauteng Under-13s,,Right-hand bat,Right-arm medium,Charter House,
John Baxter Perring,July 14  1893  Kimberley  Cape Province ,,Transvaal,,,,September 14  1965  Johannesburg  Transvaal (aged 72 years 62 days) ,
John Peter Perrott,July 13  1961  Durban  Natal ,56 years 269 days,South African Defence Force XI,,Right-hand bat,Right-arm medium,,
Michael Fennell Perrott,December 10  1933  Port Elizabeth  Cape Province ,84 years 119 days,Eastern Province,,Left-hand bat,,,
Dennis Perry,June 8  1935  Uitenhage  Cape Province ,82 years 304 days,Orange Free State,,Right-hand bat,Right-arm fast-medium,,
Garret Dwayne Perry,July 14  1980  Virginia  Free State ,37 years 268 days,Free State,,Right-hand bat,Right-arm offbreak,,
N Perry,date unknown ,,Border,,,,,
KC Perumal,date unknown ,,Natal (SACB),,,,,
Nqabayomzi Peter,September 12  2002 ,15 years 208 days,Border Under-13s,,Right-hand bat,Legbreak,George Randall,
Thokozani Peter,January 20  1991 ,27 years 78 days,Western Province,,Right-hand bat,Right-arm medium-fast,,
Andre Deon Peters,April 29  1965  Port Elizabeth  Cape Province ,52 years 344 days,Eastern Province ,,Right-hand bat,,,
Arthur Douglas Peters,June 4  1904  Cape Town  Cape Province ,,Border ,,Right-hand bat,Right-arm medium-fast,September 22  1988  Durban  Natal (aged 84 years 110 days) ,
Brett Peters,August 5  2003  Johannesburg ,14 years 246 days,Gauteng Under-13s,,Right-hand bat,Legbreak,Parkview Senior,
Gideon George Peters,date unknown ,,Northerns Under-17s,,,,,
Liam Peters,January 24  1997 ,21 years 74 days,Gauteng Under-15s,,Left-hand bat,Right-arm medium,St Johns,
Audrey Petersen,May 5  1969  Paarl ,48 years 338 days,Western Province Women XI,,Left-hand bat,Right-arm offbreak,,
Alviro Nathan Petersen,November 25  1980  Port Elizabeth  Cape Province ,37 years 134 days,South Africa ,Batsman,Right-hand bat,Right-arm offbreak,,
B Petersen,date unknown ,,Western Province (SACB),,,,,
G Petersen,date unknown ,,Western Province (SACB),,,,Wicketkeeper,
Keegan Darryl Petersen,August 8  1993  Paarl  Western Cape ,24 years 243 days,Boland ,,Right-hand bat,Legbreak,Occasional wicketkeeper,
Lyle Petersen,August 15  1995  Durban  KwaZulu-Natal ,22 years 236 days,Eastern Province Under-19s,,Right-hand bat,Right-arm medium,MUIR,
Luke Justin Petersen,December 19  1989  Cape Town  Cape Province ,28 years 110 days,Western Province ,,Right-hand bat,Right-arm medium,,
Magmoed Petersen,October 7  1991  Cape Town  Cape Province ,26 years 183 days,Western Province Under-19s,,Right-hand bat,Right-arm offbreak,,
Roy N E Petersen,June 1  1910 ,,Transvaal,,,,1988 (aged 77 years) ,
Lylle Peterson,August 15  1995 ,22 years 236 days,Eastern Province Under-17s,,Right-hand bat,Right-arm medium,Muir,
Robin John Peterson,August 4  1979  Port Elizabeth  Cape Province ,38 years 247 days,South Africa ,Bowler,Left-hand bat,Slow left-arm orthodox,,
Moses Xolani Pethu,January 23  1984  East London  Cape Province ,34 years 75 days,Border,Top-order batsman,Right-hand bat,Right-arm offbreak,,
Richard A Pettit,February 23  1938  Auckland  Co Durham  England ,80 years 44 days,Orange Free State,,Right-hand bat,Right-arm medium,,
Alfred Edwin Petty,date unknown  Greytown  Natal ,,Eastern Province,,,,,
S Petzer,date unknown ,,Eastern Transvaal Country Districts,,,,Wicketkeeper,
Noxolo Shirley Peyi,May 21  1986  Port Elizabeth  Eastern Province ,31 years 322 days,Eastern Province Women,,Left-hand bat,Left-arm fast-medium,,
Brian Pfaff,November 27  1994  Charlotte  North Carolina ,23 years 132 days,KwaZulu-Natal Inland Under-19s,,Right-hand bat,Right-arm offbreak,,
Brian Desmond Pfaff,March 2  1930  Durban  Natal ,,Western Province,,Right-hand bat,Right-arm medium,Son - ,
Leslie Pfaff,January 26  1905  Oudtshoorn  Cape Province ,,Western Province,,Right-hand bat,Right-arm medium,May 1  1991  Fairleads  Benoni  Transvaal (aged 86 years 95 days) ,
Michael Waldo Pfaff,September 16  1961  Cape Town  Cape Province ,56 years 204 days,Northerns ,,Right-hand bat,Right-arm medium,Father - ,
Cecil Alexander Pfister,January 15  1903  Cape Town  Cape Province ,,Western Province,,,,Wicketkeeper,
Graham David Pfuhl,August 23  1950  Cape Town  Cape Province ,67 years 228 days,Border,,Right-hand bat,,Wicketkeeper,
Gavin Pattison Pfuhl,August 27  1947  Mowbray  Cape Town  Cape Province ,,Western Province,,Right-hand bat,,Wicketkeeper,
P Phadime,date unknown ,,Easterns Under-19s,,,,,
N Phakati,date unknown ,,Easterns Women,,,,,
Lethabo Phakula,August 4  2001 ,16 years 247 days,Limpopo Under-15s,,Right-hand bat,Right-arm medium,Nkowankowa Hub,
Aaron Mpho Phangiso,January 21  1984  Garankuwa ,34 years 77 days,South Africa ,Bowler,Right-hand bat,Slow left-arm orthodox,,
Vuyani Phangiso,September 10  1997 ,20 years 210 days,Northerns Under-17s,,Right-hand bat,Right-arm medium,Prestige College,
Relebohile Phanyane,June 4  1996 ,21 years 308 days,Free State Under-17s ,,Right-hand bat,Right-arm offbreak,HTS Louis Botha,
Sushid Pharboo,February 21  1982  Johannesburg  Transvaal ,36 years 46 days,Gauteng,,Right-hand bat,Right-arm medium,,
Dwayne Pharo,January 27  2003  King William's Town ,15 years 71 days,Border Under-13s,,Right-hand bat,Slow left-arm orthodox,Dale,
Howard William Phear,March 7  1884  Kimberley  Cape Province ,,Griqualand West,,,,November 18  1966  Grantchester  Cambridgeshire  England (aged 82 years 256 days) ,
William Phega,March 29  1992  Pretoria ,26 years 10 days,Northerns Under-19s,,Right-hand bat,Right-arm medium,,
Andile Lucky Phehlukwayo,March 3  1996  Durban ,22 years 36 days,South Africa ,Bowler,Left-hand bat,Right-arm fast-medium,Andy,
Werner Pheiffer,date unknown ,,,,,,Umpire,
Ernest Phelan,July 7  1918  Barbeton  Transvaal ,99 years 275 days,,,,,Umpire,
M Phetla,date unknown ,,Easterns Women,,,,,
Luke Philander,May 1997 ,20 years,Boland Under-15s ,,Right-hand bat,Right-arm offbreak,Boland Landbou,
M Philander,date unknown ,,Eastern Province (SACB),,,,,
Vernon Darryl Philander,June 24  1985  Bellville  South Africa ,32 years 288 days,South Africa ,Allrounder,Right-hand bat,Right-arm fast-medium,Pro,
B Phillips,date unknown ,,,,,,Umpire,
Bruce Phillips,February 24  1998 ,20 years 43 days,St Andrew's College,,,,,
C W Phillips,date unknown ,,Border,,,,,
David Denison Phillips,June 16  1942  Pietermaritzberg  Natal ,75 years 296 days,Natal,,Left-hand bat,Right-arm offbreak,,
Dudley Frederick John Phillips,April 7  1905  Cofimvaba  Cape Province (now Transkei) ,,Border,,Left-hand bat,,February 7  1953  Burgersdorp  Cape Province (aged 47 years 306 days) ,
Howard William Phillips,April 20  1872  St Helens  Isle of Wight  England ,,Border ,,Right-hand bat,,March 17  1960  East London  Cape Province (aged 87 years 332 days) ,
Ivor Leroy Phillips,August 3  1935  Queenstown  Cape Province ,82 years 248 days,Border,,,,,
Justin Phillips,date unknown ,,Waterkloof High School,,Right-hand bat,,,
John Glanville Phillips,November 8  1910  East London  Cape Province ,,Border ,,Left-hand bat,Left-arm bowler,Brother - ,
James Ladson Phillips,March 9  1963  Queenstown  Cape Province ,55 years 30 days,Border,,Right-hand bat,,,
Jarryd Robert Phillips,September 15  1991  Durban  Natal ,26 years 205 days,KwaZulu-Natal Inland ,,Right-hand bat,Right-arm offbreak,,
Linaldo Phillips,February 9  1997 ,21 years 58 days,Gauteng Under-15s,,Right-hand bat,Right-arm medium-fast,Jeppe,
Leroy Michael Phillips,July 7  1964  Queenstown  Cape Province ,53 years 275 days,Border ,,Right-hand bat,,Wicketkeeper,
Michael Leon Phillips,June 27  1959  Queenstown  Cape Province ,58 years 285 days,Eastern Province Country Districts,,Right-hand bat,,,
Owen Thomas Phillips,April 18  1926  Aliwal North  Cape Province ,91 years 355 days,Orange Free State,,,,,
Robert G Phillips,October 13  1939  East London  Cape Province ,78 years 177 days,Griqualand West,,Left-hand bat,Right-arm medium,,
Ralph Roland Phillips,February 28  1920  East London  Cape Province ,,Border ,,Left-hand bat,Legbreak googly,Brother - ,
Sean Phillips,date unknown ,,Waterkloof High School,,Right-hand bat,Right-arm medium-fast,,
Danico William Philmon,September 20  1986  Robertson  Western Cape ,31 years 200 days,Boland,Wicketkeeper,Left-hand bat,,,
Bertie Charles Philpot,February 4  1898  Port Elizabeth  Cape Province ,,Eastern Province,,,,July 19  1975  Johannesburg  Transvaal (aged 77 years 165 days) ,
Ben Philpott,April 24  1995 ,22 years 349 days,KwaZulu-Natal Inland Under-17s,,Right-hand bat,,St Charles College,
Jesse Phiri,December 7  2002 ,15 years 122 days,Zimbabwe Under-13s,,Right-hand bat,Right-arm offbreak,Christian Brother College,
Nicholate Phiri,date unknown ,,Mpumalanga Under-19s Women,,,,,
L Phofane,date unknown ,,Free State Women,,,,,
Lwanele Phoswayo,May 30  1998 ,19 years 313 days,Border Under-17s,,Left-hand bat,Left-arm fast,,
Tsholofelo Milford Phukuile,October 4  1991  Potchefstroom ,26 years 186 days,North West Under-19s,,Right-hand bat,Right-arm offbreak,,
Gindisiwe Phungula,date unknown ,,KwaZulu-Natal Inland Women,,,,,
Gontse Phuthi,February 2  2002 ,16 years 65 days,Prestige College,,Right-hand bat,Right-arm medium,,
Gontse Phuti,February 6  2003  Pretoria ,15 years 61 days,Northerns Under-13s,,Right-hand bat,Right-arm fast,Hamanskraal,
James Henry Maxwell Pickerill,August 19  1918  Benoni  Transvaal ,,North Eastern Transvaal ,,Right-hand bat,Left-arm bowler,June 27  1984  Johannesburg  Transvaal (aged 65 years 313 days) ,
Vincent James Pickerill,November 28  1889  Nottingham  England ,,Transvaal,,,,July 26  1964  Benoni  Transvaal (aged 74 years 241 days) ,
John Pickup,March 3  1913  Vereeniging  Transvaal ,,Griqualand West ,,Left-hand bat,Left-arm bowler,July 5  1973  Vryburg  Cape Province (aged 60 years 124 days) ,
A Piedt,date unknown ,,,,,,Umpire,
Dane Leeroy Piedt,March 6  1990  Cape Town  Cape Province ,28 years 33 days,South Africa ,Bowler,Right-hand bat,Right-arm offbreak,,
G Piedt,date unknown ,,Eastern Province (SACB),,,,Wicketkeeper,
Marcello Nicolin Piedt,September 23  1992  Oudtshoorn ,25 years 197 days,South Western Districts ,,Right-hand bat,Right-arm medium-fast,,
Abraham Jacobus Pienaar,December 12  1989  Bloemfontein  Orange Free State ,28 years 117 days,Eagles ,,Right-hand bat,Right-arm medium,Grey College,
Beon Pienaar,April 16  2003  Nelspruit ,14 years 357 days,Mpumalanga Under-13s,,Right-hand bat,Legbreak,Uplands,
Brian Willem Fred Pienaar,March 24  1952  Kimberley  Cape Province ,66 years 15 days,Griqualand West,,Right-hand bat,Right-arm medium,,
Cornelius Petrus Johannes Pienaar,May 8  1966  Bethlehem  Orange Free State ,51 years 335 days,Western Transvaal,,Right-hand bat,Right-arm medium,,
Elodie Pienaar,September 16  1983  East London ,34 years 204 days,Border Women ,,Left-hand bat,Slow left-arm orthodox,,
Edwin J Pienaar,September 17  1929  Johannesburg  Transvaal ,88 years 203 days,Northerns,,Right-hand bat,Slow left-arm orthodox,,
Gerhardus Hendrik Pienaar,April 28  1959  Johannesburg  Transvaal ,58 years 345 days,,,,,Umpire,
Hedwigg Pienaar,date unknown ,,Western Province Women,,,,,
Hedwigg Pienaar,August 16  1989 ,28 years 235 days,South Western Districts Women,,Right-hand bat,Right-arm fast,,
Inessa Pienaar,date unknown ,,Boland Women,,,,,
Jacobus Pienaar,February 21  1996  Bloemfontein ,22 years 46 days,St Andrew's School,,Right-hand bat,Right-arm medium,St Andrew's School,
Jacques Pienaar,September 28  2002  Pretoria ,15 years 192 days,North West Under-13s,,Right-hand bat,Right-arm offbreak,Laerskool Vastrap,
Jacobus Daniel Pienaar,February 15  1968  Bethlehem  Orange Free State ,50 years 52 days,Southern Transvaal Country Districts ,,Right-hand bat,,Wicketkeeper,
Jacobus Gustav Pienaar,November 23  1994  Pretoria  Transvaal ,23 years 136 days,Northerns Under-19s,,Right-hand bat,Right-arm fast-medium,,
Jacobus Johannes Pienaar,October 23  1985  Klerksdorp ,32 years 167 days,Combined Easterns-Northerns XI ,,Left-hand bat,Right-arm medium-fast,Uncle - ,
Johannes Jacobus Pienaar,February 21  1996 ,22 years 46 days,Free State Under-17s,,Right-hand bat,Right-arm medium,St Andrews,
Lanette Pienaar,date unknown ,,East Coast Women ,,,,,
Lanette Pienaar,May 1  1983  Port Elizabeth  Eastern Province ,34 years 342 days,Eastern Province Women,,Right-hand bat,Right-arm offbreak,,
Roy Francois Pienaar,July 17  1961  Johannesburg  Transvaal ,56 years 265 days,Kent ,,Right-hand bat,Right-arm medium  Right-arm offbreak,,
W Pienaar,date unknown ,,Eastern Transvaal Country Districts,,,,,
Dennis Walter Piers,May 10  1929  Leribe  Basutoland ,88 years 333 days,Orange Free State,,,,,
Joshua Pieters,September 17  1993  Knysna ,24 years 203 days,South Western Districts Under-19s,,Right-hand bat,Left-arm fast,,
Warren Pieters,February 18  1997 ,21 years 49 days,Boland Under-15s,,Left-hand bat,Right-arm offbreak,New Orleans Secondary,
Heinrich Pieterse,November 1  2002  Johannesburg ,15 years 158 days,Gauteng Under-13s,,Left-hand bat,Right-arm fast,Laerskool President Steyn,
H Pieterse,date unknown ,,,,,,Umpire,
Johnny Pieterse,December 12  1961  Jansenville  Cape Province ,56 years 117 days,Eastern Province ,,Right-hand bat,Slow left-arm orthodox,,
J Pieterse,date unknown ,,Free State Women,,,,,
Ashley Pietersen,date unknown ,,,,,,Umpire,
B Pietersen,date unknown ,,,,,,Umpire,
Charl Pietersen,January 6  1983  Kimberley  Cape Province ,35 years 92 days,Griqualand West ,,Left-hand bat,Left-arm medium-fast,Northern Cape High School  Kimberley,
Elzaan Pietersen,March 17  1992 ,26 years 22 days,South Western Districts Women,,Right-hand bat,Right-arm fast,,
Ruan Pietersen,February 10  1988  Kimberley  Cape Province ,30 years 57 days,Dolphins ,,Right-hand bat,Left-arm bowler,,
E Pieterson,date unknown ,,South Western Districts Women,,,,,
Gerald Pike,December 28  1992  Heidelberg ,25 years 101 days,Northerns Under-19s,,Right-hand bat,Right-arm medium,Garsfonstein High School,
Henro Pike,May 19  1998 ,19 years 324 days,Gauteng Under-17s,,Right-hand bat,,,
Maximilian Pike,January 26  1998  Cape Town ,20 years 72 days,Western Province Under-15s,,Right-hand bat,Right-arm medium,Rondebosch Boys,
Mathew William Pillans,July 4  1991  Pretoria  Transvaal ,26 years 278 days,Dolphins ,,Right-hand bat,Right-arm fast,,
Alex Pillay,November 6  2000  Tongaat ,17 years 153 days,Glenwood High School,,Right-hand bat,,Glenwood High School,
Caleb Preshan Pillay,October 29  2000 ,17 years 161 days,KwaZulu-Natal Under-13s,,Left-hand bat,Right-arm fast,Glenwood Prep,
D Pillay,date unknown ,,Natal (SACB),,,,,
Jiveshan Pillay,January 18  1999  KwaZulu Natal ,19 years 80 days,KwaZulu-Natal Inland Under-15s ,Opening batsman,Left-hand bat,,Maritzburg College,
K Pillay,date unknown ,,,,,,Umpire,
Kayden Pillay,June 13  2001 ,16 years 299 days,Easterns Under-15s,,Right-hand bat,Right-arm offbreak,Benoni High,
Kashlin Pillay,date unknown ,,,,,,,
Myren Pillay,date unknown ,,KwaZulu-Natal,,,,,
Mekyle Pillay,April 14  1999 ,18 years 359 days,Easterns Under-13s,,Right-hand bat,,Benoni Muslim,
Nishen Pillay,January 19  1998 ,20 years 79 days,Northerns Under-15s,,Right-hand bat,Right-arm medium-fast,,
Parsotham Pillay,date unknown ,,Natal (SACB),,,,,
Poovi Pillay,date unknown ,,Natal (SACB),,,,,
Prem Pillay,date unknown ,,Natal (SACB),,,,,
Shafeeqa Pillay,February 11  1985  Uitenhage  Cape Province ,33 years 56 days,South Africa Women,,Left-hand bat,Right-arm medium,,
Shaylen Pillay,April 12  1994  Johannesburg ,23 years 361 days,Gauteng ,,Right-hand bat,Right-arm medium,King Edward VII High School,
Sheldon Pillay,February 17  1996 ,22 years 50 days,Eastern Province Under-17s,,Left-hand bat,Slow left-arm orthodox,Alex High,
Tyron Duncan Pillay,November 18  1984  Durban ,33 years 141 days,Dolphins ,,Right-hand bat,Legbreak,,
YM Pillay,date unknown ,,Eastern Province (SACB) ,,,,Wicketkeeper,
Joshua Pilling,June 28  2001  Johannesburg ,16 years 284 days,Gauteng Under-15s,,Right-hand bat,Right-arm offbreak,St Stithians College,
Ronald T Pilowski,March 3  1943  Cape Town  Cape Province ,75 years 36 days,,,,,Umpire,
Marc Allen Pina,May 10  1961  Cape Town  Cape Province ,56 years 333 days,Boland,,Right-hand bat,Right-arm offbreak,,
Craig Pinetown,December 28  1998  Kimberley ,19 years 101 days,Griqualand West Under-15s,,Right-hand bat,Right-arm offbreak,Northern Cape High,
Anthony Donovan Pinkerton,June 12  1930  Calcutta (now Kolkata)  Bengal  India ,87 years 300 days,Transvaal,,Right-hand bat,Right-arm medium,,
Nicholas Frederick Pio,July 24  1999 ,18 years 258 days,KwaZulu-Natal Under-13s,,Right-hand bat,,Dphs,
K Pipers,date unknown ,,Southern Districts Women,,,,,
Nuraan Pipers,November 17  1985  Cape Town  Cape Province ,32 years 142 days,West Coast Women,,Right-hand bat,Right-arm offbreak,,
Gavin Pirie,May 26  1995 ,22 years 317 days,Limpopo Under-17s,,Right-hand bat,Right-arm medium,Stanford Lake,
Anthony Graham Pistorius,January 3  1945  Johannesburg  Transvaal ,73 years 95 days,Natal,,Right-hand bat,Right-arm fast-medium,,
Donald Ivan Pistorius,July 22  1933  Johannesburg  Transvaal ,84 years 260 days,Transvaal,,Right-hand bat,Right-arm fast,,
Ivan Pistorius,July 8  1970  Durban  Natal ,47 years 274 days,Easterns ,,Left-hand bat,,Wicketkeeper,
Morne Pistorius,June 30  2003  Rustenburg ,14 years 282 days,Limpopo Under-13s,,Right-hand bat,Right-arm fast,Thabazimbi,
Theodor Matthys Pistorius,January 19  1988  Pietersburg ,30 years 79 days,Limpopo,Opening batsman,Right-hand bat,,Wicketkeeper,
Fernando Derick Pita,March 27  1971  Vanderbijlpark  Transvaal ,47 years 12 days,Western Transvaal,,Left-hand bat,Left-arm fast-medium,,
Anthony John Pithey,July 17  1933  Umtali (now Mutare)  Rhodesia ,,Rhodesia ,,Right-hand bat,Right-arm offbreak,Brother - ,
David Bartlett Pithey,October 4  1936  Salisbury (now Harare)  Rhodesia ,,Rhodesia ,,Right-hand bat,Right-arm offbreak,Brother - ,
John Henry David Piton,April 20  1865  La Motte  Groot Drakenstein  Cape Province ,,Natal ,,Right-hand bat,Right-arm offbreak,July 20  1942  Johannesburg  Transvaal (aged 77 years 91 days) ,
Horace Claude Pittaway,March 20  1941  Grahamstown  Cape Province ,77 years 19 days,Eastern Province,,,Right-arm medium,,
Lorenzo Pittelli,November 25  1993 ,24 years 134 days,St Martin's College,Opening batsman,Right-hand bat,,,
Tsherolo Revelation Plaatjie,June 11  1982  Kimberley  Cape Province ,35 years 301 days,Easterns ,,Right-hand bat,Right-arm fast,,
Rhupino Jacobus Plaatjies,July 20  1984  Oudtshoorn ,33 years 262 days,South Western Districts,,Right-hand bat,Right-arm fast-medium,,
Francois Chessley Plaatjies,August 26  1986  Oudtshoorn ,31 years 225 days,Cape Cobras ,,Right-hand bat,Right-arm fast-medium,,
Derek Walter Place,June 27  1944  Rondebosch  Cape Town  Cape Province ,73 years 285 days,Western Province,,Right-hand bat,Slow left-arm orthodox,,
Thandi Plank,September 26  2000 ,17 years 194 days,Free State Under-13s,,Right-hand bat,Right-arm medium,Moepeng,
Ryan Plant,May 5  1995 ,22 years 338 days,St Stithians College,,Right-hand bat,Right-arm medium,St Stithians College,
Adrian Peter Plantema,December 2  1968  Cape Town  Cape Province ,49 years 127 days,Western Province,,Left-hand bat,,Wicketkeeper,
Bradley Todd Player,January 18  1967  Benoni  Transvaal ,51 years 80 days,Boland ,,Right-hand bat,Right-arm fast-medium  Right-arm offbreak,,
Deryck Roderick Player,January 15  1933  Benoni  Transvaal ,85 years 83 days,Northerns,,Left-hand bat,Slow left-arm orthodox,,
John Bruce Plimsoll,October 27  1917  Kalk Bay  Cape Province ,,South Africa ,,Right-hand bat,Left-arm medium-fast,Son - ,
John Bruce Plimsoll,July 1  1949  Durban  Natal ,68 years 281 days,South African Universities,,Right-hand bat,,Father - ,
Arthur James Plint,October 18  1955  Johannesburg  Transvaal ,62 years 172 days,Northern Transvaal ,,Left-hand bat,Slow left-arm orthodox,,
Yumna Plowker,August 3  1988  Johannesburg  Transvaal ,29 years 248 days,Gauteng Women,,Right-hand bat,Right-arm medium,,
Kyle Pluke,May 31  1999 ,18 years 312 days,Western Province Under-13s,,Right-hand bat,Right-arm fast,WBJS,
Bruce Plummer,August 13  1954  Durban  Natal ,63 years 238 days,Natal,,Right-hand bat,Right-arm fast-medium,,
D Poggenpoel,date unknown ,,,,,,Umpire,
Travis Poland,March 7  1997 ,21 years 32 days,Westville Boys High School,,Left-hand bat,Left-arm medium,Westville Boys High School,
Timothy Leonard Pole,November 1  1945  Derby  South Africa ,72 years 158 days,,,,,Umpire,
Timothy Leonard Pole,November 1  1945  Derby ,72 years 158 days,,,,,Umpire,
C Poley,date unknown ,,Easterns Women,,,,,
Jessica Poley,date unknown ,,Easterns Women,,,,,
Alexander Morton Pollard,November 7  1880  Liverpool  Lancashire  England ,,Orange Free State,,,,October 20  1939  Vrede  Orange Free State (aged 58 years 347 days) ,
Handré Pollard,March 11  1994  Somerset West ,24 years 28 days,Springboks,,Right-hand bat,Right-arm slow-medium,,
Matthew Pollard,May 16  2000 ,17 years 327 days,KwaZulu-Natal Under-13s,,Right-hand bat,Right-arm offbreak,Westville SP,
Rudolph Pollard,August 25  1993 ,24 years 226 days,Boland Under-19s ,,Right-hand bat,Legbreak,Polly,
Andrew Graeme Pollock,November 14  1969  Port Elizabeth  Cape Province ,48 years 145 days,Easterns ,,Left-hand bat,Right-arm fast-medium,Grandfather - ,
Andrew Maclean Pollock,June 11  1914  Edinburgh  Midlothian  Scotland ,,Orange Free State,,Left-hand bat,,Uncle - ,
Graeme Anthony Pollock,April 7  1973  Port Elizabeth  Cape Province ,45 years 1 days,Easterns ,,Left-hand bat,Right-arm offbreak,Grandfather - ,
Peter Maclean Pollock,June 30  1941  Pietermaritzburg  Natal ,76 years 282 days,South Africa ,,Right-hand bat,Right-arm fast,Father - ,
Robert Graeme Pollock,February 27  1944  Durban  Natal ,74 years 40 days,South Africa ,,Left-hand bat,Legbreak,South Africa's player of the 20th century  and perhaps the finest left-hand batsman the game has ever produced  Graeme Pollock played only 23 Tests  but those were enough to rank him among the game's all-time greats. ,
Shaun Maclean Pollock,July 16  1973  Port Elizabeth  Cape Province ,44 years 266 days,South Africa ,Allrounder,Right-hand bat,Right-arm fast-medium,Grandfather - ,
Zanzima Pongolo,August 18  1989  Cape Town ,28 years 233 days,Gauteng,,Right-hand bat,Right-arm medium,Cousin - ,
Soyisile Pono,February 21  1994  Cape Town  Cape Province ,24 years 46 days,Boland ,,Right-hand bat,,Pinelands HS,
Tembile Pono,date unknown ,,Eastern Province (SACB) ,,,,,
John Winter Ponsonby,November 19  1935  Port Elizabeth  Cape Province ,82 years 140 days,Eastern Province,,Right-hand bat,,,
Ezra Glynn Poole,February 10  1975  Cape Town  Cape Province ,43 years 57 days,North West ,,Right-hand bat,,Wicketkeeper,
K Poole,date unknown ,,,,,,Umpire,
Kenneth Poole,date unknown ,,,,,,Umpire,
Nathan Poole,July 28  1992  Durban  Natal ,25 years 254 days,KwaZulu-Natal Under-19s,,Right-hand bat,Right-arm medium-fast,,
Robert Montagu Poore,March 20  1866  Carysfort House  Dublin  Ireland ,,South Africa ,,Right-hand bat,,6 ft 4 in ,
Brett Pope,January 20  1964  Port Elizabeth  Cape Province ,54 years 78 days,Eastern Province,,Right-hand bat,,,
Charles William Scott Pope,June 22  1946  Tarkastad  Cape Province ,71 years 290 days,Border,,Right-hand bat,,Wicketkeeper,
Mathew Pope,September 5  2003  Norwich England ,14 years 215 days,Border Under-13s,,Right-hand bat,Right-arm medium,Selborne,
Steven Charles Pope,November 15  1972  East London  Cape Province ,45 years 144 days,Border ,,Right-hand bat,Legbreak,Wicketkeeper,
Zingisa Poro,March 2  1994  Port Elizabeth ,24 years 37 days,Eastern Province Under-19s,,Right-hand bat,Right-arm fast-medium,Masiphtathisa Secondary,
Arthur Porter,April 30  1902  Port Elizabeth  Cape Province ,,Eastern Province,,Right-hand bat,,Wicketkeeper,
Frank Wools Porter,April 9  1882  Mowbray  Cape Town  Cape Province ,,Border ,,,,June 20  1965  Bulawayo  Rhodesia (aged 83 years 72 days) ,
Divan Posthumus,June 2  1994  Kempton Park  Johannesburg ,23 years 310 days,Easterns Under-19s,,Right-hand bat,Right-arm medium,,
Ian K Postman,September 27  1982 ,35 years 193 days,South Africa Under-19s,,,,,
Kenneth Postman,November 5  1955  East London  Cape Province ,62 years 154 days,Border,,Right-hand bat,Right-arm medium,,
Lonwabo Poswayo,May 30  1998  Queenstown ,19 years 313 days,Border Under-15s,,Left-hand bat,Left-arm fast,Queens College,
Michael Grant Pote,December 21  1989  Cape Town  Cape Province ,28 years 108 days,Western Province ,,Left-hand bat,Right-arm offbreak,,
Anthonie Hermanus Potgieter,December 26  1958  Kimberley  Cape Province ,59 years 103 days,Boland,,Right-hand bat,Right-arm medium,,
Andries Jonathan Potgieter,June 14  1971  Oudtshoorn ,46 years 298 days,,,,,Umpire,
Albert Jacques Potgieter,June 1  1998  Bloemfontein ,19 years 311 days,Free State Under-15s,,Right-hand bat,Right-arm medium,Grey College,
Delano Potgieter,August 5  1996 ,21 years 246 days,Gauteng Under-17s,,Left-hand bat,Right-arm medium,Marais Viljoen,
Ettienne Potgieter,June 9  1982  Ladysmith ,35 years 303 days,Eastern Province,,Right-hand bat,Legbreak,Pottie,
Elnu Potgieter,January 27  1998  Middelburg ,20 years 71 days,Mpumalanga Under-17s,,Left-hand bat,Left-arm medium-fast,,
Francois Potgieter,January 17  1986  Potchefstroom ,32 years 81 days,,,,,Umpire,
Johannes Potgieter,March 4  1992  Oudtshoorn ,26 years 35 days,South Western Districts Under-19s,,Right-hand bat,Right-arm medium,,
Justin Potgieter,March 23  2000 ,18 years 16 days,Griqualand West Under-13s,,Right-hand bat,Right-arm offbreak,Newton Primary School,
Jacobus Lourens Potgieter,March 4  1996 ,22 years 35 days,Limpopo Under-19s,,Right-hand bat,Legbreak,,
L Potgieter,date unknown ,,Eastern Province Women,,,,,
Pieter Potgieter,July 1  1969  Ladysmith  Natal ,48 years 281 days,Orange Free State,,Right-hand bat,Right-arm medium,,
P Potgieter,date unknown ,,Orange Free State,,,,,
S Potgieter,date unknown ,,Western Province Cricket Club,,,,,
Shane Potgieter,May 27  1997 ,20 years 316 days,Kingswood College,,Right-hand bat,,Kingswood College,
Tiaan Potgieter,March 14  1996  Port Elizabeth ,22 years 25 days,Framesby High School,,Right-hand bat,,Hoerskool Framesby,
Werner Potgieter,January 7  1993 ,25 years 91 days,Nelson Mandela Metropolitan University,,Right-hand bat,Right-arm offbreak,,
Yolandi Potgieter,May 16  1989  Bellville ,28 years 327 days,Boland Women ,,Right-hand bat,Right-arm medium,,
Nic Pothas,November 18  1973  Johannesburg  Transvaal ,44 years 141 days,Greece ,,Right-hand bat,,King Edward VII High School  Rand Afrikaans University,
James Edward Pothecary,December 6  1933  Cape Town  Cape Province ,,South Africa ,,Right-hand bat,Right-arm medium,May 11  2016  Sunningdale  Cape Town  Western Cape (aged 82 years 157 days) ,
Albert William Powell,July 18  1873  Kimberley  Cape Province ,,South Africa ,,Right-hand bat,Right-arm bowler,September 11  1948  Cape Town  Cape Province (aged 75 years 55 days) ,
John Mercer Powell,December 12  1871  Cape Town  Cape Province ,,Griqualand West,,,,December 19  1955  Kimberley  Cape Province (aged 84 years 7 days) ,
Kenneth A Powell,November 9  1935  Durban  Natal ,82 years 150 days,Northerns,,Right-hand bat,Right-arm offbreak,,
Nikhil Prem,August 4  1999 ,18 years 247 days,KwaZulu-Natal Under-13s,,Right-hand bat,,St.Francis,
Guy Preston,date unknown ,,Border,,,,,
Ian Preston,June 21  1926  Dordrecht  Cape Province ,,Eastern Province,,,,December 15  1974  Johannesburg  Transvaal (aged 48 years 177 days) ,
John Beal Preston,January 16  1914  East London  Cape Province ,,Border ,,Right-hand bat,Right-arm offbreak,December 12  2006  Cathcart  Eastern Cape (aged 92 years 330 days) ,
A Prestorius,date unknown ,,Limpopo Women,,,,,
Grant Michael Pretorious,February 26  2001 ,17 years 41 days,Border Under-15s,,Right-hand bat,Right-arm fast,Selborne College,
Pretorius,date unknown ,,Northern Transvaal Country Districts,,,,,
Altus Pretorius,April 11  1997 ,20 years 362 days,Easterns Under-17s,,Left-hand bat,Right-arm medium,,
Anzelle Pretorius,date unknown ,,Limpopo Women,,,,,
Brandon Pretorius,date unknown ,,Nelspruit High School,,Left-hand bat,,,
Conraad Pretorius,January 28  2000 ,18 years 70 days,Northerns Under-13s,,Right-hand bat,,Mayville,
Christopher Pretorius,January 22  1996 ,22 years 76 days,Mpumalanga Under-17s,,Right-hand bat,,Lowveld High,
Dewald Pretorius,December 6  1977  Pretoria  Transvaal ,40 years 123 days,South Africa ,Bowler,Right-hand bat,Right-arm fast,,
Dwaine Pretorius,March 29  1989  Randfontein ,29 years 10 days,South Africa ,Bowler,Right-hand bat,Right-arm medium-fast,,
Diehan Pretorius,April 5  2001 ,17 years 3 days,Limpopo Under-15s,,Right-hand bat,Right-arm medium,,
Dirk Johannes Pretorius,1911 ,,Orange Free State,,,,March 31  1970 (aged 59 years) ,
Elrick Pretorius,May 14  1996 ,21 years 329 days,South Western Districts Under-19s,,Right-hand bat,Right-arm fast,,
F Pretorius,date unknown ,,,,,,Umpire,
Giliam Christoffel Pretorius,January 10  1991  Johannesburg  Gauteng ,27 years 88 days,Easterns,,Right-hand bat,Legbreak,,
Jacques Pretorius,August 15  1975  Pretoria  Transvaal ,42 years 236 days,Limpopo,,Right-hand bat,Right-arm fast-medium,,
Jandré Pretorius,November 8  1999 ,18 years 151 days,Easterns Under-13s,,Right-hand bat,,Kruinsig,
Johannes Petrus Pretorius,December 5  1956  Cape Town  Cape Province ,61 years 124 days,Boland,,Right-hand bat,Right-arm medium,,
Kristiaan Pretorius,date unknown ,,Waterkloof High School,,Left-hand bat,Slow left-arm orthodox,,
Kevin Pretorius,June 10  1997  Virginia ,20 years 302 days,St Andrew's School,,Right-hand bat,Right-arm medium,St Andrew's School,
Migael Pretorius,March 24  1995  Vereeninging ,23 years 15 days,Waterkloof High School,,Right-hand bat,Right-arm medium,Waterkloof High School,
Nicolas Cornelius Pretorius,March 29  1951  Oudtshoorn  Cape Province ,67 years 10 days,,,,,Umpire  Referee,
Nicolaas Willem Pretorius,March 8  1969  Ventersdorp  North-West ,49 years 31 days,Free State ,,Right-hand bat,Right-arm fast-medium,Umpire,
Pieter Pretorius,January 23  1997 ,21 years 75 days,Paarl Boys High School,,Right-hand bat,Right-arm offbreak,,
Petrus Johannes Pretorius,January 18  1995  Klerksdorp ,23 years 80 days,North West Under-19s,,Left-hand bat,Right-arm medium-fast,,
Ruhan Pretorius,March 2  1991  East London ,27 years 37 days,KwaZulu-Natal Inland,,Right-hand bat,Right-arm fast-medium,,
Rassie Pretorius,August 28  1997 ,20 years 223 days,Limpopo Under-15s,,Right-hand bat,,,
Rikus Pretorius,January 15  1999 ,19 years 83 days,Griqualand West Under-13s,,Right-hand bat,Right-arm fast,Oranje Noord,
Ruan Pretorius,October 17  1997 ,20 years 173 days,Free State Under-15s,,Right-hand bat,Right-arm fast-medium,,
Ruan Pretorius,November 20  1996 ,21 years 139 days,North West Under-19s,,Left-hand bat,Right-arm offbreak,,
Riaan Pretorius,date unknown ,,Border Under-17s,,Right-hand bat,Left-arm medium,Hangklip High,
Arthur James Norman Price,January 8  1992  Port Elizabeth  Cape Province ,26 years 90 days,Eastern Province ,,Right-hand bat,Right-arm fast-medium,St. Andrews College,
Arthur Ray Price,November 29  1929  Durban  Natal ,88 years 130 days,Griqualand West,,,,,
David Price,date unknown ,,Western Province,,,,July 6  1942  at sea  off Iceland ,
Denham Lynn Price,January 22  1940  Queenstown  Cape Province ,,Border,,Right-hand bat,Right-arm offbreak,Cousin - ,
H Price,date unknown ,,Western Province (SACB),,,,,
Harry Alfred Price,August 13  1915  Port Elizabeth  Cape Province ,,Eastern Province,,,,August 24  1992  Cape Town  Cape Province (aged 77 years 11 days) ,
Justin Denham Price,September 26  1972  Grahamstown  Cape Province ,45 years 194 days,Border,,Right-hand bat,Right-arm medium,Father - ,
James Murray Grant Price,August 31  1935  Queenstown  Cape Province ,82 years 220 days,Border,,Right-hand bat,,Cousin - ,
Kim Price,December 9  1962  Cape Town  Cape Province ,55 years 120 days,South Africa Women ,,Right-hand bat,Slow left-arm orthodox,,
Michael Lynn Price,October 6  1981  Grahamstown  Cape Province ,36 years 184 days,Eastern Province ,,Right-hand bat,Right-arm offbreak,Father - ,
Tom Price,August 8  1999 ,18 years 243 days,KwaZulu-Natal Inland Under-13s,,Right-hand bat,Legbreak,Clifton NR Preparatory,
Morgan Prim,date unknown ,,Gauteng Women,,,,,
Adriaan Elrico Primo,September 7  1983  Citrusdal ,34 years 213 days,South Africa Blind,,Right-hand bat,Right-arm medium,Primo,
Ashwell Gavin Prince,May 28  1977  Port Elizabeth  Cape Province ,40 years 315 days,South Africa ,,Left-hand bat,Right-arm offbreak,,
Charles Frederick Henry Prince,September 11  1874  Boshof  Orange Free State ,,South Africa ,,Right-hand bat,,Wicketkeeper,
Isma-eel Prince,February 16  2001  Cape Town ,17 years 51 days,Western Province Under-15s,,Right-hand bat,,Newlands Cricket High School,
Andrew Alexander Welsh Pringle,February 7  1978  Bedford  Cape Province ,40 years 60 days,Boland ,,Right-hand bat,Right-arm fast,,
George Denis Pringle,May 30  1924  Port Elizabeth  Cape Province ,93 years 313 days,Eastern Province,,,,,
M Pringle,date unknown ,,Free State Women,,,,,
Meyrick Wayne Pringle,June 22  1966  Adelaide  Cape Province ,51 years 290 days,South Africa ,,Right-hand bat,Right-arm fast-medium,,
Robert Alfred Stuart Pringle,June 15  1893  Table Farm  Orange Free State ,,Griqualand West,,,,April 28  1972  Kimberley  Cape Province (aged 78 years 318 days) ,
William Keith Pringle,January 21  1881  Lynedoch Farm  Bedford  Cape Province ,,Border,,,,October 27  1966  Gonubie  Cape Province (aged 85 years 279 days) ,
Dawson Prins,January 19  1999 ,19 years 79 days,South Western Districts Under-15s,,Right-hand bat,Right-arm medium,Colridge Primary School,
Lebakeng Prins,date unknown ,,Free State Under-17s,,,,,
Paulus Prinse,November 24  1966  Douglas ,51 years 135 days,South Africa Blind,,Right-hand bat,Right-arm medium,Pixi,
Clifford Prinsloo,December 12  1984  Pretoria ,33 years 117 days,Boland,,Right-hand bat,,,
Gustav Prinsloo,June 13  1999  Hoedspruit ,18 years 299 days,Limpopo Under-17s,,Right-hand bat,Right-arm fast-medium,Ben Voerster,
Hermanus Gerhardus Prinsloo,April 9  1969  Odendaalsrus  Orange Free State ,48 years 364 days,Western Transvaal,,Right-hand bat,Right-arm medium,,
Hermanus Gerhardus Prinsloo,April 13  1999 ,18 years 360 days,Hoer Volkskool,,Right-hand bat,,,
Jean-Pierre Prinsloo,October 27  1997 ,20 years 163 days,Limpopo Under-15s ,,Right-hand bat,Right-arm medium-fast,,
Henry George Prior,December 20  1898  East London  Cape Province ,,Border,,Right-hand bat,Right-arm medium,May 24  1989  Cambridge  East London  Cape Province (aged 90 years 155 days) ,
Katie Prior,date unknown ,,Mpumalanga Women,,,,,
John A Pritchard,November 24  1878  Harrismith  Orange Free State ,,Orange Free State ,,,,Wicketkeeper,
Matthew Pritchard,March 2  2002 ,16 years 37 days,Border Under-13s,,Right-hand bat,Slow left-arm orthodox,Hudson Park Primary,
Jordan Probert,April 23  2002 ,15 years 350 days,Eastern Province Under-13s,,Right-hand bat,Right-arm offbreak,Sunridge Primary,
Andrew Collacott Procter,August 18  1959  Port Elizabeth  Cape Province ,58 years 233 days,Eastern Province ,,Right-hand bat,Right-arm medium,Cousin - ,
Anthony Wilfred Procter,May 28  1943  Durban  Natal ,74 years 315 days,Natal,,Left-hand bat,Right-arm medium,Father - ,
Michael John Procter,September 15  1946  Durban  Natal ,71 years 205 days,Rhodesia ,,Right-hand bat,Right-arm fast,Father - ,
Woodrow Collacott Procter,November 29  1921  Keiskammahoek  Cape Province ,,Eastern Province,,Right-hand bat,Legbreak,Son - ,
Brett Wayne Proctor,November 21  1960  Durban  Natal ,57 years 138 days,Natal ,,Right-hand bat,Slow left-arm orthodox,,
Malcolm Barry Proctor,September 5  1932  Durban  Natal ,85 years 215 days,Natal,,Right-hand bat,Right-arm medium,,
Henry Louis Ernest Promnitz,February 23  1904  near King William's Town  Cape Province ,,South Africa ,,Right-hand bat,Right-arm slow,Nephew - ,
Thorne Prophet,date unknown ,,Westville Boys High School,,Right-hand bat,Right-arm offbreak,,
Rebaone Prophy,February 27  1998  Kimberley ,20 years 40 days,Griqualand West Under-15s,,Right-hand bat,Right-arm medium,Northern Cape High,
Bradley Proteous,February 19  1999 ,19 years 48 days,KwaZulu-Natal Under-17s,,Right-hand bat,Right-arm medium,,
Douglas Gordon Proudfoot,December 28  1860  Port Elizabeth  Cape Province ,,Eastern Province,,,,July 9  1930  Durban  Natal (aged 69 years 193 days) ,
Garth Alexander Proudfoot,October 12  1961  Johannesburg  Transvaal ,56 years 178 days,Northern Transvaal,,Right-hand bat,,Wicketkeeper,
Austin Nathan Pruthab,May 7  1995 ,22 years 336 days,KwaZulu-Natal Under-17s,,Right-hand bat,Right-arm medium,DHS,
David John Pryke,November 26  1970  Welkom  Orange Free State ,47 years 133 days,Marylebone Cricket Club ,,Right-hand bat,Right-arm fast-medium,Maritzburg College  Pietermaritzburg,
EW Prynn,date unknown ,,,,,,Umpire,
Hendro Puchert,August 11  1986  Tygerberg ,31 years 240 days,Essex 2nd XI ,,Left-hand bat,Right-arm fast-medium,,
Tshepo Pudikabekwa,date unknown ,,,,,,Umpire,
Keenan Purcell,November 30  1998  East london ,19 years 129 days,Border Under-15s,,Right-hand bat,Right-arm medium,Hudson Park High,
Andrew George Puttick,December 11  1980  Cape Town  Cape Province ,37 years 118 days,South Africa ,,Left-hand bat,,Wicketkeeper,
Michael Pyle,May 7  1997 ,20 years 336 days,Kingswood College,,Right-hand bat,,Kingswood College,
Kyle William Pyne-James,April 24  1995  Johannesburg ,22 years 349 days,KwaZulu-Natal Inland Under-19s,,Right-hand bat,Right-arm medium,Uplands Prep School  White River; Michaelhouse  Balgowan,
Kaylene Pypers,date unknown ,,South Western Districts Women,,,,,
N Pypers,date unknown ,,Western Province Women,,,,,
Peter Trewick,January 9  1996 ,22 years 89 days,Easterns Under-17s,,Right-hand bat,Right-arm fast,CBC Boksburg,
Nomsimelelo Qamani,date unknown ,,Kei Women,,,,,
Sinobom Qanga,date unknown ,,Kei Women,,,,,
Qasim Khurshid,October 12  1981  Lahore  Punjab  Pakistan ,36 years 178 days,Bahawalpur ,Middle-order batsman,Right-hand bat,Right-arm fast-medium,,
Z Chuma Qawe,date unknown ,,Border Women,,,,,
Sinethemba Qeshile,October 2  1999 ,18 years 188 days,Border Under-19s,,Right-hand bat,,,
B Qobe,date unknown ,,Griqualand West Women,,,,,
Andile Qomoyi,April 21  1986  Cape Town  Cape Province ,31 years 352 days,Western Province ,,Right-hand bat,Right-arm medium-fast,,
James Quarmby,January 25  1999 ,19 years 73 days,St Andrew's College,,,,,
Robert Quarmby,January 25  1999  Johannesburg ,19 years 73 days,Eastern Province Under-17s,,Right-hand bat,Right-arm medium-fast,Saint Andrews College,
Frederick George Quested,April 13  1890  Ladysmith  Natal ,,Orange Free State,,,,January 12  1968  Klip River  Natal (aged 77 years 274 days) ,
Stanley Edgar Vivian Quin,April 3  1896  Bishops Glen  Orange Free State ,,Essex ,,Right-hand bat,Right-arm medium  Right-arm offbreak,April 9  1970  Bishops Glen  Orange Free State (aged 74 years 6 days) ,
M J Quinn,date unknown ,,Natal Country Districts,,,,,
Neville Anthony Quinn,February 21  1908  Tweefontein  Orange Free State ,,South Africa ,,Left-hand bat,Left-arm medium-fast,Brother - ,
Xander Quinn,February 12  2003  Polokwane ,15 years 55 days,Limpopo Under-13s,,Right-hand bat,Right-arm medium,L/S Pietersburg -Oos,
