Kalahe Lokuge Lakshmi Sandalanka,March 13  1998  Thanamalwila ,20 years 26 days,,,Left-hand bat,Right-arm medium-fast,Etiliwewa M.V. - Wellawaya,
Sendahandi Indunil Kumara Sandalanka,September 26  1990  Galle ,27 years 194 days,Bloomfield Cricket and Athletic Club,,Left-hand bat,Legbreak,,
Palagama Gedara Ayesha Sandamali,November 27  1989  Kotmale ,28 years 132 days,Sri Lanka Army Sports Club Women,,Right-hand bat,Right-arm offbreak,,
K Saritha Sandamali,June 16  1986  Polgolla ,31 years 296 days,Kurunegala Youth Cricket Club Women,,,,Central College  Ibbagamuwa,
Muthuporuthotage Saumya Sandamali,August 17  1987  Puttalama ,30 years 234 days,Kurunegala Youth Cricket Club Women ,,Right-hand bat,Right-arm fast,,
Panapitiyage Dona Krishanthi Sandamali,December 6  1989  Kurunegala ,28 years 123 days,Narammala Sports Club Women,,Right-hand bat,,Central College  Alawwa,
Sahanika Sandamali,date unknown ,,Shakthi Ladies,,,,,
Weerahannadige Deepika Sandamali,July 9  1983  Kegalle ,34 years 273 days,Palink School of Cricket,,Right-hand bat,Right-arm bowler,,
Nilakshana Sandamini,June 17  1999  Galle ,18 years 295 days,FOG-Seenigama Ladies,,Right-hand bat,Right-arm offbreak,,
C Sandanayake,date unknown ,,Panadura Sports Club,,Right-hand bat,Right-arm offbreak,,
Ajith Sandaruwan,June 17  1995  Anuradapura ,22 years 295 days,Anuradhapura Central College,Wicketkeeper,Right-hand bat,,Anuradhapura Central College,
Dhanushka Sandaruwan,date unknown ,,,,,,,
Ahangama Withanage Deshan Sandaruwan,February 21  1997  Matara ,21 years 46 days,Sri Lanka Under-19s,,Right-hand bat,Right-arm medium-fast,Rahula College  Matara,
Dewndara Liyanage Dileepa Sandaruwan,March 19  1998  Monaragala ,20 years 20 days,Badulla &amp; Monaragala Combine Schools,,Right-hand bat,Right-arm offbreak,Royal College,
Hettiarchchi Lahiru Sandaruwan,October 14  1991  Colombo ,26 years 176 days,Galle Cricket Club,,Right-hand bat,Legbreak,Aratusha College  Colombo,
Krishan Sandaruwan,date unknown ,,Basilica College,,,,Basilica College,
Kasun Sandaruwan,May 27  1997  Kirindiwela ,20 years 316 days,,Wicketkeeper batsman,Right-hand bat,,Nalanda College,
Mananadevage Amila Sandaruwan,December 25  1984  Colombo ,33 years 104 days,Panadura Sports Club ,Batsman,Right-hand bat,Right-arm offbreak,Prince of Wales College  Moratuwa,
Mahathanthirige Chamara Sandaruwan,May 30  1999  Galle ,18 years 313 days,,,,,Mahinda College  Galle,
Madurapperumage Shehan Sandaruwan,August 7  1996  Ragama ,21 years 244 days,Ragama Cricket Club,,Right-hand bat,Right-arm medium-fast,Isipathana College  Colombo,
Pethiyangaha Wattage Buddika Sandaruwan,July 11  1989  Galle ,28 years 271 days,Sri Lanka Air Force Sports Club,Bowler,Right-hand bat,Slow left-arm orthodox,Vidyaloka College  Galle,
Bodadura Ravija Sandaruwan de Silva,June 22  1992  Colombo ,25 years 290 days,Lumbini College ,Allrounder,Right-hand bat,Right-arm offbreak,Lumbini College,
Sasanka Sanduruwan,date unknown ,,,,,,,
S A Hashan Sandaruwan,July 20  1995  Polonnaruwa ,22 years 262 days,Polonnaruwa Combine Schools,,Right-hand bat,Right-arm medium-fast,,
Walawe Durage Malinda Sandaruwan,August 1  1988  Galle ,29 years 250 days,Colombo Cricket Club,,Right-hand bat,,,
Sitinamaluwe Parana Palliyaguruge Ganith Heshan Sandeep,March 25  1998  Ragama ,20 years 14 days,,,Right-hand bat,Right-arm offbreak,Royal College,
Sitinamaluwe Parana Palliyaguruge Ganith Heshan Sandeepa,March 25  1998  Ragama ,,,,Right-hand bat,Legbreak,Royal College,
H L Nepun Sandeepa,January 23  1998  Kalutara ,20 years 75 days,Kalutara Vidyalaya,,,Right-arm offbreak,Kalutara Vidyalaya,
Pattidura Sathya Sandeepani,August 27  1995  Galle ,22 years 224 days,FOG-Seenigama Ladies,,Right-hand bat,Right-arm medium-fast,Devapathiraja Vidyalaya  Ambalangoda,
Thanula Sandesh,March 27  1997  Colombo ,21 years 12 days,,,Left-hand bat,Right-arm offbreak,Mahanama College  Colombo,
Kahandagoda Manage Poornima Chandramali Sandumini,April 26  1991  Panadura ,26 years 347 days,Pushpadana Ladies,,Right-hand bat,Right-arm fast-medium,,
Kumar Chokshanada Sangakkara,October 27  1977  Matale ,40 years 163 days,Sri Lanka ,Wicketkeeper batsman,Left-hand bat,Right-arm offbreak,Wicketkeeper,
Pathkage Sanika,June 30  1984  Dankotuwa ,33 years 282 days,Vimukthi Cricket Club,,Left-hand bat,Right-arm medium-fast,,
Athila Saniska,date unknown ,,,,,,,
Ishani Sanjana,August 31  1996  Chilaw ,21 years 220 days,Shakthi Ladies,,Right-hand bat,Left-arm medium-fast,Balika M.V  Chilaw,
Jayasundara Ranasinghe Mudiyanselage Vikum Bandara Sanjaya,February 10  1992  Colombo ,26 years 57 days,Sri Lanka ,Bowler,Right-hand bat,Right-arm fast-medium,Lumbini College  Colombo,
Hashan Sanjaya Weerakonda Arachchi,June 1  1987  Polonnaruwa ,30 years 311 days,,Allrounder,Right-hand bat,Right-arm medium,Royal Central College  Polonnaruwa,
Wickrama Arachchilage Oshade Sanjaya,March 10  1982  Watupitiwala ,36 years 29 days,Antonians Sports Club,,Right-hand bat,Right-arm fast-medium,,
Thirusingham Sanjayan,date unknown ,,Colombo Cricket Club,,Right-hand bat,Right-arm fast-medium,,
Weerawarna Nilaweera Rampatabedige Dilanka Sanjeer,February 13  1987  Dickwella ,31 years 54 days,Sri Lanka Air Force Sports Club,,Left-hand bat,Right-arm offbreak,,
Jeayasooriyam Sanjeev,May 7  1992  Batticaloa ,25 years 336 days,Batticaloa Combine Schools ,Allrounder,Left-hand bat,Slow left-arm orthodox,Methodist Central College  Batticaloa,
Athukoralage Nuwan Sanjeewa,June 1  1978  Colombo ,39 years 311 days,Sri Lanka Air Force Sports Club,,Right-hand bat,Right-arm bowler,,
Bopitiyage Buddika Sanjeewa,March 23  1987  Panadura ,31 years 16 days,Badureliya Sports Club,,Right-hand bat,Right-arm fast-medium,,
Dilshan Sanjeewa,date unknown ,,,,,,,
H Sanjeewa,October 18  1971  Balapitiya ,46 years 172 days,Rio Sports Club,,Right-hand bat,Right-arm medium,Wicketkeeper,
Hettiarachchige Don Suranga Sanjeewa,June 1  1983  Colombo ,34 years 311 days,DS Senanayake College,,Right-hand bat,Right-arm medium-fast,,
Ishara Sanjeewa,April 14  1996  Galle ,21 years 359 days,,,Right-hand bat,Left-arm medium-fast,Dharmashoka College,
Kelum Sanjeewa,July 2  1966  Panadura ,51 years 280 days,Panadura Sports Club,,,,,
Kalumin Damith Sanjeewa,March 22  1986  Balapitiya ,32 years 17 days,Moratuwa Sports Club,,Right-hand bat,Right-arm bowler,Central College  Madampe,
Kodipili Yoddehiya Prabath Sanjeewa,March 5  1980  Matara ,38 years 34 days,Matara Sports Club,,Right-hand bat,Legbreak,,
Lahiru Sanjeewa,date unknown ,,Lumbini College,,,,,
M Sanjeewa,date unknown ,,Galle Cricket Club,,Right-hand bat,,,
Udugama Sooriya Mahesh Sanjeewa,March 21  1996  Kalutara ,22 years 18 days,Galle Cricket Club,,Right-hand bat,Right-arm medium-fast,Sri Devananda College  Ambalangoda,
Mudunkotuwage Nalin Sanjeewa,March 11  1986  Avissawella ,32 years 28 days,Police Sports Club,,Left-hand bat,Right-arm medium-fast,,
N Sanjeewa,date unknown ,,Singha Sports Club,,Right-hand bat,,,
Nilanga Manoj Sanjeewa,date unknown ,,Polonnaruwa Combine Schools,,,,,
Rajapakse Gamage Dammika Sanjeewa,May 15  1971  Dehiwala ,46 years 328 days,Burgher Recreation Club ,Allrounder,Right-hand bat,Right-arm offbreak,Isipathana College  Colombo,
Sriyam Sanjeewa Obinimuni,April 25  1979  Ambalagoda ,38 years 348 days,Singha Sports Club ,,Right-hand bat,Right-arm offbreak,Sriyam Silva,
Sawana Wadu Chaturan Sanjeewa,June 6  1980  Balapitiya ,37 years 306 days,Singha Sports Club ,,Right-hand bat,Right-arm medium,,
Thiyahnde Lakmal Sanjeewa,February 9  1984  Ja-Ela ,34 years 58 days,Seeduwa Raddoluwa Cricket Club,,Right-hand bat,Right-arm medium-fast,,
Weerakkodige Dammika Sanjeewa,November 8  1982  Kalutara ,35 years 151 days,Panadura Sports Club,,Right-hand bat,Right-arm offbreak,,
Y Sanjeewa,date unknown ,,Singha Sports Club,,,,,
J Sanjeewan,date unknown ,,Sri Lanka Cricket XI,,,,,
Bhagya Sanjeewani,October 27  1998 ,19 years 163 days,FOG-Seenigama Ladies,,,,,
Madushani Sanjeewani,April 2  1994  Galle ,24 years 6 days,FOG-Seenigama Ladies,,Right-hand bat,Right-arm medium-fast,,
Meegama Acharige Anushka Sanjeewani,January 24  1990  Galle ,28 years 74 days,Southern Province Women ,,Right-hand bat,,Sri Sumangala College  Hikkaduwa,
NM Dulani Sanjeewani,date unknown  Colombo ,,Dancan Sports Club,,Right-hand bat,Right-arm bowler,,
Yapa Mudiyanselage Nirosha Sanjeewani,November 13  1998  Wellawaya ,19 years 146 days,,,Left-hand bat,,Ethiliwewa M.V. Wellawaya,
Pandigamage Iwanka Sanjula Gamage,February 16  1997  Galle ,21 years 51 days,,,Right-hand bat,Legbreak,Isipathana College,
Mahamada Kalapuge Prabudda Sankalpa,January 18  1988  Ragama ,30 years 80 days,Moors Sports Club,,Right-hand bat,Right-arm medium-fast,St. Joseph College  Colombo,
Patti Vidanalage Geeth Sankalpa,June 21  1992  Colombo ,25 years 291 days,University of Moratuwa,,Right-hand bat,Right-arm fast-medium,,
W M Sudeshi Sankalpana,date unknown ,,Kurunegala Youth Cricket Club Women,,,,,
Krishanthi Sanuja,date unknown ,,,,,,,
Buddhi Nishantha Saranasekera,November 23  1968  Galle ,49 years 136 days,Antonians Sports Club ,,Left-hand bat,Slow left-arm orthodox,,
Saranath,July 3  2000 ,17 years 279 days,,,,,,
Dilini Saranga,date unknown ,,North Central Province Women,,,,,
SK Nimna Saranga,January 30  1997  Borakanda ,21 years 68 days,P De S Kularatne College,,Right-hand bat,Right-arm fast-medium,P.De.S. Kularathna College,
Delgoda Dewage Dilini Sarangika,January 21  1992  Watupiwala ,26 years 77 days,Nittabuwa Ladies,,Right-hand bat,Right-arm bowler,,
V Saraniya,October 15  1997 ,20 years 175 days,Eastern Province Ladies,,Right-hand bat,,,
Dinayadura Manoj Sarathchandra,February 6  1993  Kandy ,25 years 61 days,Kurunegala Youth Cricket Club ,Wicketkeeper,Right-hand bat,,St. Anthony's College  Kandy,
Seekkuge Hiranjith Sarathkumara,September 19  1957  Kaluthara ,60 years 201 days,Kalutara Physical Culture Club ,,Right-hand bat,Legbreak,Umpire,
Sabdharatnajyoti Saravanamuttu,1898  Colombo ,,Ceylon ,,Right-hand bat,Right-arm medium-fast,July 17  1957  Colombo (aged 59 years) ,
Pavindu Sasanka,date unknown ,,,,,,S. Thomas' College  Mount Lavinia,
Mahesh Sashika,June 8  1995  Anuradapura ,22 years 304 days,Anuradhapura Central College,,Right-hand bat,Left-arm medium-fast,Anuradhapura Central College,
Mahadevan Sathasivam,October 18  1915  Ceylon ,,Ceylon,,Right-hand bat,,July 9  1977  Colombo (aged 61 years 264 days) ,
Ravi Sathasivam,1953  Ceylon ,65 years,Sri Lanka,,,,,
Thevarajah Sathiyan,June 15  1995  Jaffna ,22 years 297 days,Jaffna Combine Schools,,Left-hand bat,Left-arm fast-medium,Hindu College  Kokuvil,
C Sathosaran,March 9  1996  Batticoloa ,22 years 30 days,Trinco-Batti Combined Schools,,Right-hand bat,,,
Nipun Sathsara,February 7  1998  Wellawaya ,20 years 60 days,Badulla &amp; Monaragala Combine Schools,,Right-hand bat,Right-arm medium-fast,Malwatthawala College,
Weerakkodi Sulesha Sathsarani,November 28  2000 ,17 years 131 days,,,Left-hand bat,Left-arm medium-fast,Devapathiraja Vidyalaya  Ambalangoda,
Lorensuhewage Pubudu Madhawa Sathyapala,November 4  1980  Colombo ,37 years 155 days,Chilaw Marians Cricket Club,,Right-hand bat,Slow left-arm orthodox,,
Rehman Sattar,date unknown ,,American Education Center,,,,,
Raees Satter,date unknown ,,American Education Center,,,,,
Don Marasinghe Arachchilage Listh Saumedhe,June 11  1981  Colombo ,36 years 301 days,Bloomfield Cricket and Athletic Club,,Left-hand bat,Left-arm fast-medium,,
Evan Priyangike Saundranayangam,May 2  1982  Negombo ,35 years 341 days,Maris Stella College,,Right-hand bat,Right-arm medium-fast,,
L Saverimuttu,date unknown ,,,,,,Umpire,
Lender Rashen Selvam Saverimuttu,February 27  1991  Colombo ,27 years 40 days,St. Peters College,,Right-hand bat,Right-arm offbreak,,
Joseph Saverymuthapulle,March 14  1950  Ceylon ,68 years 25 days,Ceylon ,,Left-hand bat,,Son - ,
Jeremy Christopher Rodrogo Saverymuthapulle,June 13  1984  Colombo ,33 years 299 days,Nondescripts Cricket Club,,Right-hand bat,Legbreak,Father - ,
Tuan N  Sawall,date unknown ,,Kandy Youth Cricket Club,,,,,
Ravi Sayanthan,June 15  1997  Darmapuram ,20 years 297 days,,,Right-hand bat,Right-arm medium-fast,,
Weerasooriya Mudiyanselage Radinsa Sayauri,February 5  1996  Colombo ,22 years 62 days,Palink Sports Club Women,,Right-hand bat,Right-arm medium,Homagama Central,
Raveen Sanjaya Sayer,November 25  1996  Kandy ,21 years 134 days,Trinity College,Bowler,Right-hand bat,Right-arm offbreak,Trinity College,
Chandra Thomas Adolphus Schaffter,April 3  1930  Ceylon ,88 years 5 days,Ceylon,,,Right-arm fast-medium,,
Dinesh Schaffter,May 1  1971  Colombo ,46 years 342 days,Antonians Sports Club ,,Left-hand bat,Slow left-arm orthodox,,
A Schokman,date unknown ,,American Education Center,,,,,
Patrick Noel Schokman,1934  Ceylon ,84 years,Ceylon,,,,,
Vernon C Schokman,1905  Ceylon ,,Ceylon,,Left-hand bat,,Wicketkeeper,
G P Schoorman,1919  Ceylon ,,Ceylon,,,,May 2008  Australia (aged 89 years) ,
JF Sebamalaipillai,date unknown ,,St Johns College Jaffna,,,,,
Atula Prackrama Sedara,October 14  1979  Ampara ,38 years 176 days,Badureliya Sports Club ,,Right-hand bat,Right-arm medium,AP Sedara,
Pradeep Chandika Seeman,November 10  1977  Kalutara ,40 years 149 days,Kalutara Town Club,,Right-hand bat,,,
Sivashanmuganathan Seeralan,date unknown ,,Jaffna Combine Schools,,,,,
D M Seevaratnam,date unknown ,,State Services,,,,,
Avaikkarsan Sekar,July 10  1989  Chennai ,28 years 272 days,Saracens,Wicketkeeper,Right-hand bat,,,
Saminda Dewani Sellapperumage,May 6  1989  Colombo ,28 years 337 days,Moratuwa Sports Club,,Left-hand bat,Legbreak,Prince of Wales College  Moratuwa,
B Selliah,date unknown ,,Moors Sports Club,,Left-hand bat,Right-arm medium,,
A J N D Selvadurai,1908  Ceylon ,,Ceylon,,Left-hand bat,Right-arm fast-medium,September 1988  Sri Lanka (aged 80 years) ,
P Selvam,date unknown ,,Tamil Union Cricket and Athletic Club,,,,,
Ramesh Selvaraj,December 13  1982  Horana ,35 years 116 days,Kalutara Physical Culture Club,,Right-hand bat,Right-arm fast-medium,CULLODEN T.V. NEBODA,
Thevepalan Selvaraj,March 23  1998  Jaffna ,20 years 16 days,Jaffna Central College,,Right-hand bat,Right-arm medium-fast,Jaffna Central College,
Harshan Sanjaya Selvarajasingham,September 21  1981  Ratnapura ,36 years 199 days,Bloomfield Cricket and Athletic Club,,Right-hand bat,Right-arm bowler,,
U Selvarani,January 3  1993 ,25 years 95 days,Eastern Province Ladies,,,,,
Nilantha S K Semasinghe,January 28  1976  Kurunegala ,42 years 70 days,,,,,Umpire,
S B Semasinghe,date unknown ,,,,,,Umpire,
Semasinghe Bandaralage Nilantha Saman Kumara Semasinghe,date unknown ,,,,,,Umpire,
Ravindu Sanjana Sembukuttige,March 22  1999 ,19 years 17 days,Sri Lanka Under-19s,,Left-hand bat,Right-arm offbreak,,
Gama Arachchilage Chathuranga Prabath Senadeera,February 10  1988  Colombo ,30 years 57 days,Sri Lanka Army,,Right-hand bat,Right-arm medium,Chathuranga Prabath,
Rienzie Prabash Senadeera,May 18  1982  Colombo ,35 years 325 days,Wesley College,,Left-hand bat,Right-arm offbreak,,
S Senadeera,date unknown ,,Sri Lanka Navy Sports Club,,Right-hand bat,Right-arm fast-medium,,
Asitha Senanayake,date unknown ,,Colombo Cricket Club,,,,,
Arambewelage Dilan Lasantha Senanayake,April 28  1987  Kandy ,30 years 345 days,Ragama Cricket Club ,,Right-hand bat,Slow left-arm orthodox,,
Asira Wagisha Ransara Senanayake,July 25  1997  Colombo ,20 years 257 days,St. Anthony's College (Watthala),,Right-hand bat,,St.Anthony'College  Wattala,
Chathushka Senanayake,September 22  1995  Anuradapura ,22 years 198 days,Anuradhapura Central College,,Right-hand bat,Right-arm medium,Anuradhapura Central College,
Charith Panduka Senanayake,December 19  1962  Colombo ,55 years 110 days,Sri Lanka ,,Left-hand bat,Right-arm medium,,
Nadedri Yehan Sandun Senanayake,October 5  1981  Colombo ,36 years 185 days,Burgher Recreation Club ,,Right-hand bat,,Wicketkeeper,
P Senanayake,date unknown ,,Saracens,,,,,
Saman Senanayake,date unknown ,,North Western Province,,,,,
Stanly Dilshan Rodney Senanayake,December 2  1981  Colombo ,36 years 127 days,St. Joseph's College,,Left-hand bat,Right-arm offbreak,,
Senanayake Mudiyanselage Sachithra Madhushanka Senanayake,February 9  1985  Colombo ,33 years 58 days,Sri Lanka ,Bowler,Right-hand bat,Right-arm offbreak,Ananda College,
Kurukulasooriya Ondachchi Mahapatabadhirallage Vishal Dilshan Senanayake,February 14  1996  Moratuwa ,22 years 53 days,Sri Lanka Air Force Sports Club,,Left-hand bat,Right-arm medium-fast,St. Sebastian College  Moratuwa,
Wahalathanthirige Atula Senanayake,August 13  1956  Colombo ,61 years 238 days,Isipathana College ,,Left-hand bat,Slow left-arm orthodox,Umpire,
Wasantha Divakara Srimal Jayntha Senanayake,July 16  1984  Matale ,33 years 266 days,Chilaw Marians Cricket Club,,Right-hand bat,Right-arm medium-fast,S' Thomas College  Matale,
SAS Senarathna,January 20  1997 ,21 years 78 days,North Central Province Women,,,,,
Sathis Senarathna,date unknown ,,Burgher Recreation Club,,,,,
Gamage Don Malith Senarathne,July 28  1990  Maha Induruwa ,27 years 254 days,University of Moratuwa,,Left-hand bat,Right-arm fast-medium,,
NHGM Senarathne,date unknown ,,Business Management School,,,,,
Priyanthi Senarathne,date unknown ,,Sri Lanka Army Sports Club Women,,,,,
Senarathnage Thevindu Sanjeewa Senaratna,May 18  2001  Colombo ,16 years 325 days,,,Right-hand bat,Right-arm offbreak,Royal College,
Waduwalage Duleepa Akash Senaratne,September 27  1996  Colombo ,21 years 193 days,Badureliya Sports Club,,Left-hand bat,Slow left-arm orthodox,De Mazenod College  Kandana,
Lahiru Akalanka Senaratne,August 28  1983  Colombo ,34 years 223 days,Ananda College ,,Left-hand bat,Right-arm offbreak,,
Prasad Buddika Senaratne,August 2  1988  Kandy ,29 years 249 days,Kandy Youth Cricket Club,,Right-hand bat,Right-arm offbreak,Kingswood College  Kandy,
Sayani Oshadi Senaratne,January 20  1997  Kandy ,21 years 78 days,Shakthi Ladies ,,Left-hand bat,Left-arm medium-fast,Central College  Theldeniya,
Shayani Shashikala Senaratne,date unknown ,,Southern Ladies Cricket Club,,,,,
Ajantha Vipula Senasinghe,date unknown ,,Police Sports Club,,Right-hand bat,Right-arm medium,Wicketkeeper,
Randika Apa Senaviratne,September 17  1997  Galle ,20 years 203 days,,,Right-hand bat,,Richmond College  Galle,
Dulanjan Senaviratne,date unknown ,,,,,,,
Eranda  Hasthika Senaviratne,September 2  1990  Kandy ,27 years 218 days,Kandy Youth Cricket Club ,,Right-hand bat,Right-arm offbreak,St. Anthony's College  Katugasthota,
Kirihettege Hiran Hashan Senaviratne,December 2  1982  Ragama ,35 years 127 days,Seeduwa Raddoluwa Cricket Club,,Left-hand bat,Right-arm medium-fast,,
Namal Prasanna bandara Senaviratne,November 22  1975  KeGalle ,42 years 137 days,Kandy Cricket Club,,Right-hand bat,Right-arm medium,,
Don Jude Randel Seneviratne,January 23  1997  Colombo ,21 years 75 days,,,Left-hand bat,Right-arm medium-fast,St. Peter’s College,
Tharaka Chandima Sendanayake,July 19  1985  Panadura ,32 years 263 days,Panadura Sports Club ,,Right-hand bat,Legbreak,Chandima Sendanayake,
Udesh Chathuranga Sendanayake,December 1  1995  Colombo ,22 years 128 days,,Wicketkeeper batsman,Right-hand bat,,DS Senanayake College  Colombo,
C S Seneratne,date unknown ,,Ceylon,,,,,
Koggala Patabendige Upali Seneratne,October 28  1961  Kurunegala ,56 years 162 days,North Western Province,,Right-hand bat,Right-arm offbreak,,
O L F Seneratne,date unknown ,,Ceylon,,,,,
Dasun Senevirathna,January 31  1998  Colombo ,20 years 67 days,,Allrounder,Right-hand bat,Legbreak,Nalanda College,
Probodha Ereshan De Silva Senevirathne,March 12  1990  Colombo ,28 years 27 days,Panadura Sports Club ,Batsman,Right-hand bat,Right-arm offbreak,Ananda College  Colombo,
Wathsala Senevirathne,date unknown ,,Sri Lanka Army Sports Club Women,,,,,
Chamani Roshini Seneviratna,November 14  1978  Anuradhapura ,39 years 145 days,Colts Cricket Club Women ,,Right-hand bat,Right-arm medium,,
Ajith Seneviratne,date unknown ,,Galle Cricket Club,,,,,
Asanga Chandana Seneviratne,May 21  1965  Colombo ,52 years 322 days,Colombo Cricket Club,,Left-hand bat,Slow left-arm orthodox,,
Badra Seneviratne,September 5  1964  Colombo ,53 years 215 days,Nomads Sports Club,,Right-hand bat,Right-arm offbreak,Wicketkeeper,
Batagolle Gedara Udenaka Nuwan Seneviratne,November 14  1979  Colombo ,38 years 145 days,Colombo Cricket Club,,Left-hand bat,Left-arm fast-medium,,
Dinesh Seneviratne,March 9  1978  Panadura ,40 years 30 days,Sebastianites Cricket and Athletic Club,,Left-hand bat,Slow left-arm orthodox,,
Dilanjan Seneviratne,date unknown ,,Royal College,,Right-hand bat,Right-arm medium-fast,Royal College  Colombo,
Errol C Seneviratne,date unknown ,,,,,,Umpire,
Ishani Seneviratne,September 11  1988  Avissawella ,29 years 209 days,Palink Sports Club,,Right-hand bat,Right-arm bowler,,
J Seneviratne,date unknown ,,Panadura Sports Club,,,,,
Jayantha A Seneviratne,June 6  1952  Colombo ,65 years 306 days,Sri Lanka,,Right-hand bat,Right-arm slow-medium,,
Kankanmala Pubudu Prasad Bandara Seneviratne,January 9  1980  Kegalle ,38 years 89 days,Badureliya Sports Club ,Batsman,Right-hand bat,Right-arm offbreak,Dharmaraja College  Kandy,
Malini Seneviratne,September 3  1998  Galgamuwa ,19 years 217 days,Kurunegala Youth Cricket Club Women,,Right-hand bat,,,
Mawathage Malki Nuwanthika Seneviratne,April 30  1991  Colombo ,26 years 343 days,Colts Cricket Club Women ,,Right-hand bat,Right-arm medium-fast,,
Nihal Seneviratne,date unknown ,,Sri Lanka,,,,,
Priyanka Seneviratne,date unknown ,,Sri Lanka,,,,,
Sarath Seneviratne,date unknown ,,Ceylon,,,,,
Senerath Seneviratne,May 10  1966 ,51 years 333 days,Colts Cricket Club,,,Right-arm bowler,,
Wasalamudiyanselage Dulanjana Seneviratne,March 13  1996  Colombo ,22 years 26 days,Colombo Cricket Club,,Left-hand bat,Right-arm offbreak,Mahanama College  Colombo,
Nanayakkara Mahanamage Samitha Milinda Sepala,November 8  1983  Colombo ,34 years 151 days,Moratuwa Sports Club ,Wicketkeeper batsman,Left-hand bat,,Mahanama College  Colombo,
H Serasinghe,date unknown ,,AP Institute of Information Technology,,,,,
Pushpakumara Serasinghe,April 8  1963  Colombo ,55 years 0 days,Police Sports Club,,Right-hand bat,Slow left-arm orthodox,,
Serasinghe Pathiranage Sachithra Chaturanga,April 13  1987  Colombo ,30 years 360 days,Abahani Limited ,Allrounder,Right-hand bat,Right-arm offbreak,Nalanda College  Colombo,
Anton Sethupathy,July 12  1932  Ceylon ,85 years 270 days,Ceylon,,Left-hand bat,,,
Vinoth Selveraja,November 14  1977  Colombo ,40 years 145 days,Antonians Sports Club,,Right-hand bat,Right-arm medium,,
Kaluarachchige Nadeeka Sewwandi,December 4  1991  Panadura ,26 years 125 days,Moratuwa Sports Club Women,,Right-hand bat,Right-arm bowler,Princes of Wales College  Moratuwa,
Kaluarachchige Sangeetha Sewwandi,June 10  1994  Panadura ,23 years 302 days,Moratuwa Sports Club Women,,Right-hand bat,,Methodist College  Colombo,
L Thamasha Sewwandi,June 15  2000  Polonnaruwa ,17 years 297 days,Polonnaruwa Ladies,,Right-hand bat,Right-arm offbreak,,
MGS Sewwandi,March 30  1996  Meerigama ,22 years 9 days,Shakthi Ladies,,Left-hand bat,Slow left-arm orthodox,Mallawagedara  mv,
Mallaweeraarachchilage Tharika Sewwandi,July 18  2000 ,17 years 264 days,Colts Cricket Club Women ,,Left-hand bat,Left-arm medium-fast,Viharamahadevi B.V  Colombo 10,
S Sewwandi,date unknown ,,Shakthi Ladies,,,,,
Tharanga Sewwandi,date unknown ,,Colts Cricket Club Women,,,,,
Ishak Shabdeen,December 27  1957  Kandy ,60 years 102 days,Moors Sports Club,,Right-hand bat,Left-arm fast-medium,,
Mohamed Shadeer,date unknown ,,,,,,Zahira College,
M Iqubal Shafrid,March 3  1997  Diyatalawa ,21 years 36 days,S.Thomas' College Bandarawela,,Left-hand bat,Right-arm offbreak,S. Thomas' College Bandarawela,
Mohamed Shahadulla,September 3  1999  Colombo ,18 years 217 days,Zahira College,,Right-hand bat,,Zahira College  Colombo,
Sohail Shakil,December 24  1994  Colombo ,23 years 105 days,St. Peters College,,Right-hand bat,Right-arm offbreak,St. Peter’s College,
R M M Miuru Shalinda,June 21  1997  Badulla ,20 years 291 days,S.Thomas' College Bandarawela,,Right-hand bat,Right-arm offbreak,S. Thomas' College Bandarawela,
Panambalana Arachchilage Iresha Shamalee Archchige,November 8  1994  Ratnapura ,23 years 151 days,Kandurata Province Women,,Left-hand bat,Slow left-arm orthodox,,
Manimelwadu Ruvinda Shamen,November 2  1991  Galle ,26 years 157 days,Ananda College ,,Left-hand bat,Left-arm medium-fast,Ananda College  Colombo,
C Shaminda,date unknown ,,Anuradhapura Central College,,,,,
Mohamed Shamir,date unknown ,,Royal Institute of Colombo,,,,,
Welikada Durage Praneeth Shamitha,September 13  1988  Colombo ,29 years 207 days,Lankan Cricket Club,,Right-hand bat,,Wicketkeeper,
Madagamagamage Dasun Shanaka,September 9  1991  Negombo ,26 years 211 days,Sri Lanka ,Allrounder,Right-hand bat,Right-arm medium, St. Peters College - Negombo  Maristella College,
Mahabadalge Roshan Shanaka,June 22  1983  Pollgahawela ,34 years 290 days,Kurunegala Youth Cricket Club,,Right-hand bat,Right-arm fast-medium,,
Ragupathi Vinoth Shankar,date unknown ,,Batticaloa Combine Schools,,,,,
Thiagarajah Shanmuganathan,1930  Ceylon ,,Ceylon,,Right-hand bat,Legbreak googly,September 1982  Sri Lanka (aged 52 years) ,
D Shantha,date unknown ,,Moratuwa Sports Club,,Right-hand bat,Left-arm bowler,,
Gagabadawatta Arachilage Lakpriya Waruna Shantha,December 16  1980  Boralla ,37 years 113 days,Burgher Recreation Club ,,Right-hand bat,,Wicketkeeper,
Nilduwawadu Madu Tharanga Shantha,April 29  1985  Ambalangoda ,32 years 344 days,Rio Sports Club,,Left-hand bat,,Wicketkeeper,
Sapuarachchige Wasantha Kamail Shantha,January 4  1979  Matara ,39 years 94 days,Matara Sports Club,,Right-hand bat,Legbreak,,
T H Shantha,date unknown ,,Singha Sports Club,,Right-hand bat,Slow left-arm orthodox,,
Weerakoon Mudiyanselage Vishwa Shantha Weerakoon,July 21  1987 ,30 years 261 days,Kalutara Physical Culture Club,,,,,
Shehan Malinda Shanthikumar,February 25  1985  Ja-Ela ,33 years 42 days,St. Thomas College,,Left-hand bat,Right-arm fast-medium,,
Shanmuganathan Shanogeeth,February 28  1998  Kandy ,20 years 39 days,Sri Lanka Under-19s ,,Left-hand bat,Slow left-arm orthodox,Trinity College,
E Pasindu Shanuka,March 20  1997 ,21 years 19 days,Up Country Combined Schools,,Right-hand bat,Left-arm fast-medium,,
Thremanna Hettige Prajeeth Shanuka,April 16  1983  Sandalankawa ,34 years 357 days,Thurstan College,,Left-hand bat,,,
Prithvi Sharagah,date unknown ,,Lanka Women's Cricket Club,,,,,
M Sharuhan,October 3  1998  Batticoloa ,19 years 187 days,Trinco-Batti Combined Schools,,Right-hand bat,Right-arm fast-medium,,
Madushani Shashikala,April 2  1994 ,24 years 6 days,FOG-Seenigama Ladies,,,,,
Ethige Thilini Shashikala Silva,May 24  1994  Ragama ,23 years 319 days,Nittabuwa Ladies,,Right-hand bat,Right-arm medium,Basilika College  Ragama,
Wadiya Pathirage Iranga Shashimal,May 7  1989  Bentota ,28 years 336 days,Police Sports Club,,Left-hand bat,Legbreak,,
Maleesha Shashini,date unknown ,,Nittabuwa Ladies,,,,,
Jawfer Sadiq Mohamed Shazmil,December 1  1982  Colombo ,35 years 128 days,Police Sports Club ,,Left-hand bat,Right-arm fast-medium,,
Jaser Sadiq Mohomed Shazmil,December 1  1982  Colombo ,35 years 128 days,Lankan Cricket Club,,Left-hand bat,Right-arm medium-fast,,
PD Avishka Shehan,August 21  2000  Trinco ,17 years 230 days,Trinco-Batti Combined Schools,,Right-hand bat,Right-arm fast-medium,,
Rajitha Shehan,date unknown ,,Colts Cricket Club,,,,,
Malsha Shehani,June 5  1995  Deiyandara ,22 years 307 days,FOG-Seenigama Ladies ,,Right-hand bat,Right-arm medium-fast,,
Roshel Shelani,February 5  1987  Colombo ,31 years 62 days,Polonnaruwa Ladies,,Right-hand bat,Right-arm offbreak,,
Gayan Sheromal,November 16  1969  Colombo ,48 years 143 days,Moors Sports Club,,Right-hand bat,,Wicketkeeper,
Velu Ramachandran Sherron,October 31  1986  Rajagiriya ,31 years 159 days,President's College,,Right-hand bat,Left-arm fast-medium,,
Mohamed Shilmi,January 14  1994  Dickoya ,24 years 84 days,Panadura Sports Club,,Right-hand bat,Legbreak,St. Anthony's College  Panadura,
Fazil Mohamed Shahul Hameed Shiraj,January 21  1981  Colombo ,37 years 77 days,Colombo Cricket Club,,Left-hand bat,Left-arm slow-medium,,
Galla Mannakkarage Sudesh Shirantha,October 4  1988  Galle ,29 years 186 days,Sebastianites Cricket and Athletic Club,,Right-hand bat,Right-arm fast-medium,,
Sukith Shirantha,date unknown ,,Moratuwa Sports Club,,,,,
Athupullegedera Mohamed Shiraz Sahahab,February 13  1995  Kandy ,23 years 54 days,Colts Cricket Club ,,Right-hand bat,Right-arm medium-fast,Madeena College  Kandy,
Polwatta Samaraweera Arachchige Nuwan Shiroman,September 14  1974  Galle ,43 years 206 days,Badureliya Sports Club ,Allrounder,Right-hand bat,Right-arm medium,St. Aloysius' College  Galle,
W Anoma Shiromi,October 24  1974  Colombo ,43 years 166 days,Dancan Sports Club,,Right-hand bat,Slow left-arm orthodox,,
Palliya Madinage Uddika Shirosh,July 11  1985  Panadura ,32 years 271 days,Singha Sports Club,,Left-hand bat,,Wicketkeeper,
M S M Shiyam,date unknown ,,Moors Sports Club,,Right-hand bat,,,
C Shriyapala,date unknown ,,Sinhalese Sports Club,,,,,
Durand Prashan Jerom Siegetsz,March 10  1990  Kandy ,28 years 29 days,Kandy Youth Cricket Club,,Right-hand bat,,St. Anthony's College  Katugasthota,
Asel Sigera,date unknown ,,Ananda College,,,,Ananda College  Colombo,
Malabege Jaminda Sigera,August 31  1979  Colombo ,38 years 220 days,Colts Cricket Club ,,Right-hand bat,Right-arm fast-medium,,
Disenthuwahandi Oshan Lasantha de Silva,December 21  1984  Balapitiya ,33 years 108 days,Burgher Recreation Club ,Bowler,Right-hand bat,Right-arm medium-fast,Sri Devananda College  Ambalangoda,
Galgamuge Namal Chaturanga Dharmasena Silva,November 21  1984  Negombo ,33 years 138 days,Sri Lanka Air Force Sports Club,Batsman,Right-hand bat,Right-arm medium-fast,Raddoluwa Maha Vidyalaya,
Sandaradura Himesh Madusanka Silva,February 6  1985  Kuwait ,33 years 61 days,Badureliya Sports Club ,Bowler,Right-hand bat,Right-arm fast-medium,Kalutara Vidyalaya,
Amila Silva,date unknown ,,Kurunegala Youth Cricket Club,,Right-hand bat,,,
Asanka Silva,date unknown ,,Moratuwa MV,,,,,
Avantha Silva,April 24  1997 ,20 years 349 days,Maris Stella College,,,,Maris Stella College  Negombo,
Alankara Asanka Sriyan Silva,April 4  1985  Kaluthara ,33 years 4 days,Badureliya Sports Club ,Allrounder,Right-hand bat,Right-arm offbreak,Thissa Central College  Kalutara,
Ambawalage Dilan Chandima Silva,February 12  1990  Ragama ,28 years 55 days,Panadura Sports Club ,,Right-hand bat,Legbreak,Prince of Wales College,
Amarasinghege Dinesh Sanjeewa Silva,January 29  1982  Colombo ,36 years 69 days,President's College,,Right-hand bat,Right-arm offbreak,,
Asanka Gihan Kumarasiri Silva,February 25  1991  Panadura ,27 years 42 days,Royal College Panadura ,,Right-hand bat,Legbreak,,
Arumadura Janith Chaturanga Silva,November 16  1990  Mahamodara ,27 years 143 days,Sri Lanka Army Sports Club,,Right-hand bat,Right-arm medium,Revatha Vidyalaya,
Amdradege Kapila Chandana Silva,July 30  1974  Panadura ,43 years 252 days,Panadura Sports Club,,Right-hand bat,Right-arm medium-fast,,
Akmeemana Madduma Arachchige Isuru Darshana Silva,September 19  1989  Nagoda ,28 years 201 days,Sri Lanka Air Force Sports Club,,Left-hand bat,Right-arm offbreak,Kalutara Vidyalaya,
Ann Priyanga Silva,March 4  1978  Kalutara ,40 years 35 days,Moratuwa Sports Club Women,,Right-hand bat,,Wicketkeeper,
A R Silva,date unknown ,,Kalutara Physical Culture Club,,,,Wicketkeeper,
Athege Roshen Shivanka Silva,November 17  1988  Colombo ,29 years 142 days,Sri Lanka ,Batsman,Right-hand bat,Right-arm offbreak,St. Joseph's College  Colombo,
Anuk Shehantha Silva,March 3  1988  Colombo ,30 years 36 days,Colts Cricket Club ,,Right-hand bat,Right-arm medium-fast,St. Peter's College  Colombo,
Atalugamage Woshantha Lakmal Silva,November 16  1994  Colombo ,23 years 143 days,Colombo Cricket Club,,Right-hand bat,Right-arm offbreak,Nalanda College,
Basthiyan Arachchilage Damitha Naween Silva,August 26  1998  Kurunegala ,19 years 225 days,Sri Lanka Under-19s,,Left-hand bat,Slow left-arm orthodox,Maliyadewa College  Kurunegala,
Batapola Arachchige Enrico Maithri Silva,February 12  1991  Rome-Italy ,27 years 55 days,Colombo Cricket Club,,Right-hand bat,Right-arm medium-fast,St. Joseph's College,
Batagodage Romesh Milroy Silva,October 12  1981  Kalutara ,36 years 178 days,Kaluthara Maha Vidyalaya,,Right-hand bat,Slow left-arm orthodox,,
Christy Silva,date unknown ,,,,,,Umpire,
Chaturanga Silva,date unknown ,,Sri Lanka Under-19s,,,,,
Paththinige Yasitha Chamod Silva,February 24  1995  Colombo ,23 years 43 days,Kalutara Town Club,Wicketkeeper,Right-hand bat,,Royal College  Panadura,
Chathura Silva,date unknown ,,Burgher Recreation Club ,,,,,
Chaturanga Silva,date unknown ,,,,,,,
Dilantha Francis Silva,October 3  1983  Negombo ,34 years 187 days,Maris Stella College,,Left-hand bat,Legbreak,,
Dadimuni Geeth Chaturanga Silva,September 17  1984  Colombo ,33 years 203 days,Sebastianites Cricket and Athletic Club,Bowler,Right-hand bat,Right-arm medium-fast,St. Sebastians College  Moratuwa,
Demuni Kavinda Gayan Arun Amal Silva,December 4  1984  Beruwala ,33 years 125 days,Colts Cricket Club ,,Right-hand bat,Right-arm fast-medium,,
Dodanduwa Lebuna Hewawitharanage Ajith Silva,March 20  1983  Badulla ,35 years 19 days,Nalanda College,,Left-hand bat,Slow left-arm orthodox,,
Dilma Mahika Vidumini Silva,November 22  1984  Ragama ,33 years 137 days,Nittabuwa Ladies,,Right-hand bat,Right-arm bowler,,
Deniyadura Peter Surien Kanishka Silva,August 13  1990  Modara ,27 years 238 days,Saracens Sports Club,,Right-hand bat,Right-arm offbreak,St. Benadict College,
Deniyadura Peter Surien Kanishka Silva,August 13  1990  Colombo ,27 years 238 days,Moors Sports Club,,Right-hand bat,Right-arm offbreak,St.Benedict College  Kotahena,
Ethige Shaluka Deemantha Silva,May 10  1995  Colombo ,22 years 333 days,Colombo Cricket Club,,Left-hand bat,Slow left-arm orthodox,De Mazenod College  Kandana,
Francisco Hettige Shiran Manjula Silva,November 25  1983  Panadura ,34 years 134 days,St. Sebastians College,,Right-hand bat,Right-arm medium,,
Gaganie Silva,date unknown ,,Colts Cricket Club Women,,,,,
Gunasinghe Gayan Indika Silva,May 11  1982  Wellawatte ,35 years 332 days,Seeduwa Raddoluwa Cricket Club,,Right-hand bat,Right-arm fast-medium,,
Galappathy Guruge Niresh Priyanka Perera,November 29  1983  Colombo ,34 years 130 days,Colombo Cricket Club,,Right-hand bat,Right-arm medium-fast,,
G Hansageeth Sandamal Silva,October 13  1997  Polonnaruwa ,20 years 177 days,Polonnaruwa Combine Schools,,Left-hand bat,Right-arm medium-fast,Royal Center College  Polonnaruwa,
Gunasinhage Lahiru Sapun Umayanga Silva,January 2  1993  Colombo ,25 years 96 days,Sri Lanka Navy Sports Club,,Right-hand bat,Right-arm medium,,
Gayan Nishanka Silva,February 5  1984  Colombo ,34 years 62 days,,,Right-hand bat,Slow left-arm orthodox,,
Geekiyanage Nalin Roshan Silva,January 1  1984  Kaluthara ,34 years 97 days,Moratuwa Sports Club ,,Right-hand bat,Legbreak,,
Gagani Tharuki Aloka Silva,July 18  2000 ,17 years 264 days,,,Right-hand bat,Right-arm medium-fast,St Paules College  Colombo 04,
Ginthota Widanalage Ruchira Tharindra Silva,May 27  1992  Panadura ,25 years 316 days,Royal College Panadura,,Left-hand bat,Slow left-arm orthodox,,
HDK Silva,date unknown ,,St. Thomas College,,,,,
Seema Hewage Malin Kumara Silva,November 14  1989  Panadura ,28 years 145 days,Police Sports Club,Bowler,Right-hand bat,Legbreak,Royal College  Panadura,
Hendahewage Manjula Nishantha Chamara Silva,January 25  1972  Ambalangoda ,46 years 73 days,Police Sports Club,,Right-hand bat,Slow left-arm orthodox,Brother - ,
Handun Tharanga Chamikara Silva,January 10  1985  Colombo ,33 years 88 days,Seeduwa Raddoluwa Cricket Club,,Left-hand bat,Slow left-arm orthodox,,
Hendahewa Tharindu Sammen Udara Silva,September 10  1983  Galle ,34 years 210 days,Dharmashoka College,,Left-hand bat,,Brother - ,
H Y R Silva,date unknown ,,,,,,Umpire,
Inusha Ishara Silva,September 3  1996 ,21 years 217 days,Badulla &amp; Monaragala Combine Schools,,Right-hand bat,Slow left-arm orthodox,,
Jayamuni Anthony Malshan Hareen Silva,May 6  1990  Colombo ,27 years 337 days,,,Left-hand bat,Legbreak,,
Jayamuni Dinesh Manjula Silva,August 6  1984  Colombo ,33 years 245 days,DS Senanayake College,,Right-hand bat,Right-arm medium,,
Jayan Kaushal Silva,May 27  1986  Colombo ,31 years 316 days,Sri Lanka ,Wicketkeeper batsman,Right-hand bat,,Wicketkeeper,
Karunamuni Kaveen Tharindu Nilanka de Silva,December 21  1991  Colombo ,26 years 108 days,Panadura Sports Club ,,Right-hand bat,Right-arm medium-fast,Thurstan College,
 Krishan Eranga Silva,April 22  1988  Kandy ,29 years 351 days,Saracens Sports Club,,Left-hand bat,,,
Kodituwakku Arachchige Dileepa Charles Silva,May 26  1973  Galle ,44 years 317 days,Antonians Sports Club ,,Left-hand bat,Right-arm offbreak,,
K H Chathumina Silva,July 16  1998  Kalutara ,19 years 266 days,Kalutara Vidyalaya,,Right-hand bat,Left-arm fast-medium,Kalutara Vidyalaya,
Kelaniyage Jayantha Silva,June 2  1973  Kalutara ,44 years 310 days,Sri Lanka ,Bowler,Right-hand bat,Slow left-arm orthodox,,
Kadupiti Suranjan Silva,December 26  1977  Negombo ,40 years 103 days,Chilaw Marians Cricket Club,,Right-hand bat,Left-arm medium-fast,,
Kahinagalage Shashan Dinuka Silva,April 16  1988  Panadura ,29 years 357 days,Colts Cricket Club ,,Left-hand bat,Right-arm medium-fast,,
Kahathuduge Saduni Nisansala Silva,September 18  2000  Colombo ,17 years 202 days,Nittabuwa Ladies,,Right-hand bat,Right-arm offbreak,,
Karunanayake Tilini Nishanka Silva,March 24  1983  Ragama ,35 years 15 days,Vimukthi Cricket Club,,Left-hand bat,Right-arm fast-medium,,
Kankanege Vasantha Sudesh Silva,December 24  1980  Colombo ,37 years 105 days,Police Sports Club,,Right-hand bat,Right-arm offbreak,,
Koggalamaha Vidanalage Sachintha Shanuka Silva,March 27  1997  Sri Jayawardenapura ,21 years 12 days,Sri Lanka Air Force Sports Club,,Right-hand bat,Right-arm offbreak,St. Sebastian College  Moratuwa,
Kankanege Waruna Sudesh Silva,December 24  1980  Colombo ,37 years 105 days,Moors Sports Club,,Left-hand bat,Left-arm medium,,
L Aruni Peshala Silva,date unknown ,,Southern Ladies Cricket Club,,,,,
Lokubuddage Chanaka Eranga Silva,August 13  1988  Kandy ,29 years 238 days,Sri Lanka Army Sports Club,Allrounder,Left-hand bat,Legbreak,St. Sylvester's College  Kandy,
Lidamulage Dedunu Vindya Vijayanthi Silva,February 12  1978  Colombo ,40 years 55 days,Asia Women XI ,,Right-hand bat,Right-arm medium,,
Lindamlilage Prageeth Chamara Silva,December 14  1979  Panadura ,38 years 115 days,Sri Lanka ,Batsman,Right-hand bat,Legbreak,,
Lindamulage Vishara Vishvajith Silva,May 8  1979  Panadura ,38 years 335 days,Panadura Sports Club,,Right-hand bat,,Wicketkeeper,
Mishen Silva,June 5  1998  Moratuwa ,19 years 307 days,Sri Lanka Under-19s,,Right-hand bat,Right-arm medium-fast,St. Sebastian College  Motatuwa,
Maddumagedara Don Nuwan Danushka Silva,July 8  1989  Kandy ,28 years 274 days,Kandy Youth Cricket Club,,Right-hand bat,Right-arm offbreak,St. Sylawester's College  Kandy,
Mangamuni Gamini Silva,December 19  1960  Colombo ,57 years 110 days,Police Sports Club,,Right-hand bat,Right-arm medium,Umpire,
Madannage Manjula Priyanganath Silva,May 26  1975  Panadura ,42 years 317 days,Panadura Sports Club,,Right-hand bat,Right-arm offbreak,,
Muthu Meringhege Shanaka Shaninda Silva,April 28  1990  Karukkuliya ,27 years 345 days,Kurunegala Youth Cricket Club ,,Right-hand bat,Right-arm medium-fast,,
Malin Niranga Silva,September 24  1981  Colombo ,36 years 196 days,Nondescripts Cricket Club ,,Left-hand bat,Right-arm bowler,,
Madura Prasanna Weerasinghe Silva,January 10  1985  Kaluthara ,33 years 88 days,Sebastianites Cricket and Athletic Club,,Right-hand bat,,Madura Prasanna,
Mutumani Raween Lakshitha Silva,April 30  1990  Chilaw ,27 years 343 days,Chilaw Marians Cricket Club ,,Right-hand bat,Right-arm fast-medium,,
Nissanka Silva,date unknown ,,Sebastianites Cricket and Athletic Club,,Right-hand bat,Right-arm offbreak,,
Kankani Thanthri Nuwan Mihira Silva,October 12  1986  Ambalangoda ,31 years 178 days,Sri Lanka Army Sports Club,,Left-hand bat,Right-arm offbreak,Dharmashoka College  Ambalangoida,
Nuwan Pathum Silva,date unknown ,,Basilica College,,,,Basilica College,
P Silva,date unknown ,,,,,,Umpire,
Patiharamada Juwan Hewage Sanath Ranjan Silva,November 18  1988  Kalutara ,29 years 141 days,Singha Sports Club ,Batsman,Right-hand bat,Right-arm offbreak,Royal College  Panadura,
Roshan Silva,date unknown ,,Singha Sports Club,,,,,
Rasanjaya Silva,July 14  1996 ,21 years 268 days,Maris Stella College,,,,Maris Stella College  Negombo,
Kanakkage Ravindu Avishara Silva,date unknown ,,,,Right-hand bat,Right-arm medium,St. Peter’s College,
Rasindra Silva,date unknown ,,,,,,,
Ranasinghe Arachilage Lahiru Diyantha Silva,June 28  1989  Galle ,28 years 284 days,Police Sports Club,,Left-hand bat,Slow left-arm orthodox,Revatha College  Balapitiya,
Rupage Chasun Randeer Priyankara Silva,July 27  1975  Kalutara ,42 years 255 days,Badureliya Sports Club ,Bowler,Right-hand bat,Right-arm medium-fast,Kalutara Vidyalaya,
Rodrigo Hennedige Anusha Silva,September 22  1968  Colombo ,49 years 198 days,Sebastianites Cricket and Athletic Club,,Left-hand bat,,,
Rodrigo Hennedige Sanjeewa Silva,April 9  1975  Dehiwala ,42 years 364 days,Badureliya Sports Club ,,Right-hand bat,Right-arm medium,Wicketkeeper,
Rumesh Madushanka Silva,May 8  1987  Kaluthara ,30 years 335 days,,,Left-hand bat,Slow left-arm orthodox,Tissa Vidyalaya  Kaluthara,
Sripal Silva,February 10  1960  Moratuwa ,58 years 57 days,Moratuwa Sports Club,,Right-hand bat,Right-arm bowler,Referee,
Sajith Silva,date unknown ,,Bloomfield Cricket and Athletic Club,,Left-hand bat,Left-arm bowler,,
Senaka Silva,date unknown ,,Sebastianites Cricket and Athletic Club,,Left-hand bat,,,
Shantha Silva,date unknown ,,Antonians Sports Club ,,Right-hand bat,Right-arm medium,,
Sujeewa Silva,date unknown ,,Lankan Cricket Club,,,,,
MMS Sewvinda Silva,December 17  1995  Karukkiliya ,22 years 112 days,,,Right-hand bat,Right-arm offbreak,,
Srinath Arithadeva Silva,February 17  1948 ,,,Opening batsman,Right-hand bat,,Administrator,
Sampathwaduge Amal Rohitha Silva,December 12  1960  Moratuwa ,57 years 117 days,Sri Lanka ,,Left-hand bat,Right-arm offbreak,Wicketkeeper,
Sendapperuma Archchige Rasanjali Chandima Silva,November 26  1971  Colombo ,46 years 133 days,Slimline Sport Club Women,,Left-hand bat,Right-arm fast-medium,Husband - ,
Sella Hannadige Suranjith Madushan Kanchana Silva,March 4  1975  Colombo ,43 years 35 days,Badureliya Sports Club ,Allrounder,Right-hand bat,Legbreak,St.Sebastian's College  Moratuwa,
Srimahewage Isira Uditha Kumara Silva,March 22  1992  Panadura ,26 years 17 days,Panadura Sports Club,,Right-hand bat,,Royal College  Panadura,
Sujith Kumarasiri Silva,April 28  1968  Colombo ,49 years 345 days,Antonians Sports Club ,,Left-hand bat,,Wicketkeeper,
Sembakutti Kankanamlage Rumesh Rangana Silva,August 21  1987  Kalutara ,30 years 230 days,Galle Cricket Club,Wicketkeeper,Right-hand bat,Legbreak,Kalutara Vidyalaya,
Salinda Priyangith Silva,September 28  1981  Chilaw ,36 years 192 days,Chilaw Marians Cricket Club,,Right-hand bat,Legbreak,,
S S Silva,date unknown ,,Singha Sports Club,,,,,
Sandaradura Thilina Prabath Silva,March 17  1992  Panadura ,26 years 22 days,Royal College Panadura,,Right-hand bat,Right-arm fast-medium,,
Sampatha Waduge Thrindu Ashan Silva,October 21  1991  Kaluthara ,26 years 169 days,,,Left-hand bat,Right-arm offbreak,Holy Cross College,
T Silva,date unknown ,,Kalutara Physical Culture Club,,,,,
Tharanga Chamikara Silva,May 20  1982  Ja-Ela ,35 years 323 days,Seeduwa Raddoluwa Cricket Club,,Left-hand bat,Slow left-arm orthodox,,
Thotabaddadura Dinesh Lalinda Silva,February 28  1979  Nagoda ,39 years 39 days,Panadura Sports Club,,Right-hand bat,Right-arm medium-fast,,
Thewahettige Kapila Mark Yohan Silva,October 9  1988  Colombo ,29 years 181 days,Sri Lanka Air Force Sports Club,,Left-hand bat,Legbreak,Prince of Wales College  Moratuwa,
Tharaka Sampath Silva,May 8  1984  Ragama ,33 years 335 days,Lankan Cricket Club,,Right-hand bat,Right-arm medium,,
Tommernga Simon Hewage Suresh Silva,July 31  1981  Panadura ,36 years 251 days,Panadura Sports Club,,Right-hand bat,Right-arm offbreak,,
Udara Nalinda Weerasinghe Silva,February 8  1982  Payagala ,36 years 59 days,Bloomfield Cricket and Athletic Club ,,Right-hand bat,Right-arm offbreak,Udara Weerasinghe Silva,
Vajira Silva,December 5  1966  Colombo ,51 years 124 days,Kandy Cricket Club,,Left-hand bat,,,
Viraj Silva,date unknown ,,,,,,,
W Silva,date unknown ,,Sebastianites Cricket and Athletic Club,,,,,
Weerakkodi Arachchige Ashen Mayura Silva,July 12  1990  Colombo ,27 years 270 days,Bloomfield Cricket and Athletic Club ,Opening batsman,Left-hand bat,Right-arm offbreak,Maris Stella College  Negombo,
Wickrama Arachchige Sanjeewa Silva,January 9  1970  Colombo ,48 years 89 days,Auckland ,,Right-hand bat,Right-arm medium,,
Wijemuni Chamin Srinath Silva,September 17  1978  Panadura ,39 years 203 days,Sri Lanka Navy Sports Club,,Right-hand bat,Right-arm medium,,
Weerasinghage Manuka Umesh Silva,August 30  1987  Panadura ,30 years 221 days,Panadura Sports Club,,Right-hand bat,Right-arm offbreak,,
Wawulagala Nishan Silva,January 13  1971  Kandy ,47 years 85 days,Sinhalese Sports Club,,Left-hand bat,Right-arm offbreak,,
M Sinan,date unknown ,,Business Management School,,,,,
Ilippuli Archchige Kalhan Sineth Pramodha,July 24  1991  Negombo ,26 years 258 days,,,Left-hand bat,Right-arm offbreak,Joseph's Vas College  Vennappuwa,
Janith Lakshan Samarakoon Singappuli,March 28  1998  Hambantota ,20 years 11 days,Debarawewa Central College,,Left-hand bat,,Debarawewa NS,
Singappuli Arachchige Asantha Sampath Singappuli,October 24  1991  Galle ,26 years 166 days,Bloomfield Cricket and Athletic Club,Allrounder,Left-hand bat,Slow left-arm orthodox,5 ft 8 in ,
Janith Poorna C Singhawansa,April 3  1996  Badulla ,22 years 5 days,S.Thomas' College Bandarawela,,Right-hand bat,Right-arm medium-fast,S. Thomas' College Bandarawela,
Mohammed Hishan Singhawansa,July 29  1984  Badulla ,33 years 253 days,Royal College,,Right-hand bat,,Wicketkeeper,
Vijitharan Sinthujan,July 21  1995  Jaffna ,22 years 261 days,Jaffna Combine Schools,,Right-hand bat,Right-arm fast-medium,Hindu College  Jaffna,
Bimal Widanage Sirichandran,date unknown ,,Singha Sports Club,,,,,
KDKK Sirilal,date unknown ,,SLI Information Technology,,,,,
Asoka Sirimanne,date unknown ,,Galle Cricket Club,,,Right-arm bowler,,
Sujith Udyanga Sirimanne,June 13  1967  Matara ,50 years 299 days,Nondescripts Cricket Club,,Left-hand bat,Left-arm fast-medium,,
Wadapriya Sanath Sirimanne,October 24  1964  Matara ,53 years 166 days,Nondescripts Cricket Club,,Right-hand bat,Right-arm fast-medium,,
K L Sanath Sirisena,July 24  1949  Colombo ,68 years 258 days,Burgher Recreation Club,,,Right-arm bowler,,
Kandawalpathiranage Geeth Shamen Sirisoma,February 13  1978  Gampaha ,40 years 54 days,Seeduwa Raddoluwa Cricket Club,,Right-hand bat,,,
Rajpakse Manikkunambi Gayan Kavinga Sirisoma,September 22  1981  Ambalangoda ,36 years 198 days,Antonians Sports Club ,Bowler,Right-hand bat,Slow left-arm orthodox,Father - ,
Rajapakse Manikkunambi Sarath Sirisoma,September 14  1940  Ambalagoda ,77 years 206 days,Dharmashoka College ,,Right-hand bat,Right-arm fast-medium,Umpire,
Kalindu Adithya Dias Samaraweera Siriwardana,January 3  2000  Kurunegala ,18 years 95 days,Richmond College,,Right-hand bat,Right-arm fast-medium,Richmond College  Galle,
T A D F Maduvinda Siriwardana,January 9  2000  Kalutara ,18 years 89 days,Kalutara Vidyalaya,,Right-hand bat,Slow left-arm orthodox,Kalutara Vidyalaya,
Tisse Appuhamilage Milinda Siriwardana,December 4  1985  Nagoda ,32 years 125 days,Sri Lanka ,Allrounder,Left-hand bat,Slow left-arm orthodox,Kalutara Vidyalaya,
KAD Akila Eshan Siriwardena,May 4  1997  Colombo ,20 years 339 days,,,Left-hand bat,Slow left-arm orthodox,Prince of Wales College  Moratuwa,
Awantha Dimithri Siriwardene,September 15  1987  Colombo ,30 years 205 days,Sri Lanka Under-19s,Allrounder,Right-hand bat,Right-arm medium-fast,Dimi,
C Siriwardene,date unknown ,,Kandy Cricket Club,,Right-hand bat,,,
Geekiyanage Saroj Vishuddhi Priyanath Siriwardene,July 18  1986  Colombo ,31 years 264 days,Saracens Sports Club,,Right-hand bat,Right-arm medium,,
Hettimulla Appuhamilage Shashikala Dedunu Siriwardene,February 14  1985  Colombo ,33 years 53 days,Asia Women XI ,,Right-hand bat,Right-arm offbreak,,
Hasitha Madushan A Siriwardene,September 20  1995  Polonnaruwa ,22 years 200 days,Polonnaruwa Combine Schools,,Right-hand bat,Right-arm medium-fast,,
Kasthuri Arachchige Don Janaka Siriwardene,June 13  1979  Ratnapura ,38 years 299 days,Chilaw Marians Cricket Club ,,Right-hand bat,Right-arm medium,,
L Siriwardene,date unknown ,,Bloomfield Cricket and Athletic Club,,,,,
Lasantha Niroshan Wickramaratne Siriwardene,June 26  1973  Weligama ,44 years 286 days,Singer Sri Lanka Ltd,,Right-hand bat,Right-arm fast-medium,,
Lekamwasam Sithira Prathapa Siriwardene,July 2  1989  Galle ,28 years 280 days,Singha Sports Club,Bowler,Right-hand bat,Right-arm medium-fast,Devananda College  Ambalangoda,
Nandiri Chatura Tharanga De Zoysa Siriwardene,October 19  1982  Galle ,35 years 171 days,Singha Sports Club,,Left-hand bat,Right-arm medium-fast,,
Priyantha Kumara Siriwardene,July 9  1975  Tissamaharama ,42 years 273 days,Antonians Sports Club ,,Right-hand bat,Right-arm medium,,
Sooriyapatabadige Dilhani Siriwardene,February 28  1992  Kandy ,26 years 39 days,Kandyan Ladies Cricket Club ,,Right-hand bat,Right-arm medium-fast,Balika Vidyalaya  Wattegama,
Sulakshana Ravishan Siriwardene,July 8  1997  Borakanda ,20 years 274 days,Karandeniya Central College,,Right-hand bat,Right-arm medium-fast,,
Thiseappuhamilage Don Tharindu Nawamini Siriwardene,December 23  1984  Kalutara ,33 years 106 days,Kaluthara Maha Vidyalaya,,Left-hand bat,Right-arm fast-medium,,
Ayana Siriwadhana,April 8  1999  Colombo ,19 years 0 days,,,Right-hand bat,Right-arm offbreak,Royal Institute,
Uswatte Liyanage Sunali Sisara,January 28  1981  Ragama ,37 years 70 days,Colombo Young Women Cricket Club,,Right-hand bat,Right-arm medium,,
Vipula Sittamige,April 30  1968  Colombo ,49 years 343 days,Antonians Sports Club ,,Right-hand bat,Right-arm offbreak,Wicketkeeper,
A Amrith Sri Mahan Sivakulasingham,September 12  1994  Peradeniya	 ,23 years 208 days,Trinity College,,Right-hand bat,Left-arm fast-medium,Trinity College,
Sundarlingam Sivakumar,November 22  1977  Colombo ,40 years 137 days,Sinhalese Sports Club,,Right-hand bat,,Wicketkeeper,
Logendran Sivaluxsan,April 1  1998  Jaffna ,20 years 7 days,,,Right-hand bat,Right-arm offbreak,Jaffna Hindu College,
J Sivanesaraja,date unknown ,,Sri Lanka Under-15s,,,,,
Vinod Sivapragasam,September 5  1974  Gampaha ,43 years 215 days,Antonians Sports Club,,Left-hand bat,Right-arm fast-medium,,
Nadarajah Sivaraj,August 18  1976  Jaffna ,41 years 233 days,,,,,Hindu College  Jaffna,
Jinan Javed Siyambalapitiya,March 5  1991  Ragama ,27 years 34 days,Thurstan College,,Left-hand bat,Legbreak,,
S Skandakumar,date unknown ,,Ceylon ,,,,,
Asantha Shehan Solomon,January 11  1989  Ragama ,29 years 87 days,Colts Cricket Club,,Right-hand bat,Right-arm medium-fast,Basilika College  Ragama,
Andy Dextor Solomons,September 18  1987  Colombo ,30 years 202 days,Burgher Recreation Club ,,Right-hand bat,Right-arm fast-medium,,
