G Smith,date unknown ,,Hertfordshire,,,,,
Gareth Smith,July 20  1966  Jarrow  Co Durham ,51 years 262 days,Durham Cricket Board ,,Right-hand bat,Left-arm fast-medium,,
Geoffrey Smith,November 30  1925  Huddersfield  Yorkshire ,,Kent,,Right-hand bat,Right-arm medium-fast,November 8  2016 (aged 90 years 344 days) ,
George Smith,December 17  1844  Cambridge ,,Cambridgeshire,,Right-hand bat,Right-arm fast (roundarm),September 22  1876  Cambridge (aged 31 years 280 days) ,
George Smith,November 19  1785  Cropwell Bishop  Nottinghamshire ,,Nottinghamshire,,,,April 3  1838  Cropwell Bishop  Nottinghamshire (aged 52 years 135 days) ,
George Smith,1799  Sheffield  Yorkshire ,,Yorkshire,,,,September 15  1839  Sheffield  Yorkshire (aged 40 years) ,
George Smith,January 19  1875  Thorp Arch  Boston Spa  Yorkshire ,,Yorkshire,,,,January 16  1929  Thorp Arch  Boston Spa  Yorkshire (aged 53 years 363 days) ,
Gillian Anne Smith,November 22  1965  Middlesbrough  Yorkshire ,52 years 137 days,England Women ,,,,,
Geoffrey John Smith,April 2  1935  Braintree  Essex ,83 years 6 days,Essex ,,Right-hand bat,Right-arm offbreak,,
GM Smith,date unknown ,,Durham 2nd XI,,,,Wicketkeeper,
Gilbert Oswald Smith,November 25  1872  Croydon  Surrey ,,Oxford University ,,Right-hand bat,Right-arm fast-medium,December 6  1943  Yaldhurst  Lymington  Hampshire (aged 71 years 11 days) ,
Greg Phillip Smith,November 16  1988  Leicester ,29 years 143 days,Badureliya Sports Club ,,Right-hand bat,Legbreak,,
Graham Stuart Smith,July 4  1923  Leicester ,,Leicestershire,,Right-hand bat,,April 3  1997  Cosby  Leicestershire (aged 73 years 273 days) ,
Gustavus Thomas Smith,1800 ,,Hampshire ,,,,January 6  1875  Alderminster  Wiltshire (aged 75 years) ,
George William Oswald Smith,March 7  1906  Halstead  Essex ,,Essex,,Right-hand bat,,Wicketkeeper,
Harry Smith,date unknown ,,Oxfordshire,,,,,
H Smith,date unknown ,,Marylebone Cricket Club,,,,,
Harry Smith,May 21  1891  Fishponds  Bristol ,,England ,,Right-hand bat,,November 12  1937  Downend  Bristol (aged 46 years 175 days) ,
Haydon Arthur Smith,March 29  1901  Groby  Leicestershire ,,Leicestershire,,Right-hand bat,Right-arm fast,August 7  1948  Groby  Leicestershire (aged 47 years 131 days) ,
Hamilton Augustus Haigh Smith,October 21  1884  Sandown  Isle of Wight ,,Hampshire,,Right-hand bat,Legbreak googly,Hamilton Augustus Haigh-Smith,
Hugh Purefoy Smith,October 16  1856  Lasham  Hampshire ,,Sussex,,Right-hand bat,Right-arm medium,September 9  1939  Brighton  Sussex (aged 82 years 328 days) ,
Harry Thomas Oliver Smith,March 5  1906  Warley  Essex ,,Essex,,Right-hand bat,Right-arm fast-medium,July 13  1995  Surrey (aged 89 years 130 days) ,
Harry William Smith,September 6  1890  Mile End  London ,,Essex,,Right-hand bat,Right-arm fast-medium,details unknown ,
Harry Watson Smith,September 30  1886  Chesterfield  Derbyshire ,,Derbyshire ,,Right-hand bat,,Wicketkeeper,
Ian Smith,March 11  1967  Shotley Bridge  Co Durham ,51 years 28 days,Durham ,,Right-hand bat,Right-arm medium,,
Irving Wilmot Smith,February 5  1884  Harborne  Birmingham  Warwickshire ,,Warwickshire,,Right-hand bat,Right-arm medium  Legbreak,October 21  1971  Sutton Coldfield  Warwickshire (aged 87 years 258 days) ,
James Smith,date unknown ,,Kent XI,,,,,
J Smith,date unknown ,,Gentlemen of Nottinghamshire,,,,,
J Smith,date unknown ,,Gentlemen,,,,,
Jack Smith,March 7  1936  Stotfold  Bedfordshire ,82 years 32 days,Bedfordshire ,,Right-hand bat,Right-arm offbreak,,
John Smith,November 20  1843  Cambridge ,,Cambridgeshire,,Right-hand bat,,April 15  1873  Stratford-by-Bow  Essex (aged 29 years 146 days) ,
John Smith,October 27  1841  Clifton  Derbyshire ,,Derbyshire,,Right-hand bat,Right-arm slow-medium (roundarm),November 26  1898  Derby (aged 57 years 30 days) ,
John Smith,July 12  1834  Gotham  Nottinghamshire ,,Nottinghamshire,,,,details unknown ,
John Smith,November 8  1835  Ruddington  Nottinghamshire ,,Nottinghamshire,,Right-hand bat,Right-arm medium,May 29  1889  Bury  Lancashire (aged 53 years 202 days) ,
John Smith,date unknown  Sheffield  Yorkshire ,,Yorkshire,,,,,
John Smith,March 23  1833  Yeadon  Yorkshire ,,Lancashire ,,Left-hand bat,Left-arm fast (roundarm),Son - ,
Joseph Abraham Smith,March 23  1946  Kingston  Jamaica ,72 years 16 days,Minor Counties ,,Left-hand bat,Left-arm fast-medium,,
James Alexander Smith,November 21  1979  Leeds  Yorkshire ,38 years 138 days,Cumberland ,,Right-hand bat,Right-arm medium-fast,,
Joshua A Smith,May 30  1992  Oxford ,25 years 313 days,Oxfordshire,,Left-hand bat,,Wicketkeeper,
James Crosbie Smith,September 26  1894  Ledbury  Herefordshire ,,Worcestershire,,Left-hand bat,,February 19  1980  Ledbury  Herefordshire (aged 85 years 146 days) ,
James Douglas Smith,April 21  1977  Leicester ,40 years 352 days,Leicestershire Cricket Board,,Right-hand bat,,Wicketkeeper,
Jacob E Smith,date unknown ,,Sussex 2nd XI,,,,,
JF Smith,date unknown ,,Middlesex 2nd XI,,,,,
John Graham David Smith,August 21  1950  Stockton-on-Tees  Co Durham ,67 years 230 days,Durham,,Right-hand bat,Left-arm medium,,
Jamie Luke Smith,July 12  2000  Epsom  Surrey ,17 years 270 days,Surrey 2nd XI,,Right-hand bat,,Wicketkeeper,
Jonathan Paul Smith,August 3  1985  Ashford  Kent ,32 years 248 days,Essex 2nd XI ,,Right-hand bat,Right-arm medium,,
James Stephen Smith,January 16  1987  Gravesend  Kent ,31 years 82 days,Cambridgeshire ,,Right-hand bat,Right-arm medium-fast,,
John Willoughby Dixie Smith,March 11  1882  Blaby  Leicestershire ,,Leicestershire,,Right-hand bat,,John Willoughby Dixie-Smith,
Joshua William George Smith,May 30  1992  Oxford ,25 years 313 days,Durham MCCU,,Left-hand bat,,Wicketkeeper,
John Westwood Rowley Smith,July 28  1924  Clarendon Park  Leicester ,,Leicestershire,,Right-hand bat,,Repton School,
Katherine Smith,1927 ,,East Women ,,,,Date unknown ,
K Smith,date unknown ,,Bristol University,,,,,
Karl Brian Smith,September 23  1978 ,39 years 197 days,Leicestershire Cricket Board,,Right-hand bat,Right-arm medium,,
Kevin Brian Smith,August 28  1957  Brighton  Sussex ,60 years 223 days,Sussex,,Left-hand bat,Slow left-arm orthodox,,
Kieran Christopher Brian Smith,September 24  1995  Croydon ,22 years 196 days,Herefordshire,,Right-hand bat,Slow left-arm orthodox,,
Kenneth David Smith,July 9  1956  Newcastle upon Tyne  Northumberland ,61 years 273 days,Warwickshire,,Right-hand bat,,Father - ,
Kenneth Desmond Smith,April 30  1922  Bishop Auckland  Co Durham ,,Leicestershire,,Right-hand bat,,Son - ,
Kevin Giles Smith,February 3  1979  Welwyn Garden City  Hertfordshire ,39 years 64 days,Cardiff MCCU ,,Right-hand bat,Left-arm fast-medium,,
Luke Smith,date unknown ,,Durham University,,Right-hand bat,Right-arm offbreak,,
L Smith,date unknown ,,Sussex 2nd XI,,,,,
Lewis Alfred Smith,July 12  1913  Brentford  Middlesex ,,Middlesex ,,Right-hand bat,Right-arm fast-medium,September 10  1978  Ealing  Middlesex (aged 65 years 60 days) ,
Lloyd Alexander Smith,November 8  1983  Cardiff  Glamorgan  Wales ,34 years 151 days,Glamorgan,,Right-hand bat,Right-arm medium,,
Linsey Claire Neale Smith,March 10  1995  Hillingdon  Middlesex ,23 years 29 days,Rubies,,Left-hand bat,Left-arm medium,,
Liam James Smith,September 25  1996  Pontefract  Yorkshire ,21 years 195 days,Worcestershire 2nd XI ,,Right-hand bat,Right-arm medium-fast,Malvern College,
Lawrence Kilner Smith,January 6  1964  Mirfield  Yorkshire ,54 years 92 days,Wiltshire ,,Right-hand bat,,,
Leo O Smith,date unknown ,,Surrey 2nd XI,,,,,
Lemuel Strutt Tugby Smith,June 5  1880  Tibshelf  Derbyshire ,,Derbyshire,,Right-hand bat,,Wicketkeeper,
M Smith,date unknown ,,Surrey 2nd XI,,,,,
Malcolm Smith,date unknown ,,Lashings World XI,,,,,
M Smith,date unknown ,,Harrow School,,,,,
M Smith,date unknown ,,Cambridgeshire and Huntingdonshire Women,,,,,
Mary Smith,date unknown ,,,,,,Umpire,
Martin Allan Smith,November 30  1976  Newcastle upon Tyne  Northumberland ,41 years 129 days,Berkshire,,Right-hand bat,Right-arm fast-medium,,
MA Smith,date unknown ,,Timsbury Cricket Club,,,,,
Melvin David Smith,March 1  1948  Godalming  Surrey ,70 years 38 days,,,,,Scorer,
Matthew Eric Smith,April 29  1977  Harrow  Middlesex ,40 years 344 days,Hertfordshire,,Right-hand bat,Right-arm offbreak,,
Martin Graham Milner Smith,September 28  1941  Otford  Kent ,76 years 192 days,Cambridge University,,Right-hand bat,,Wicketkeeper,
Michael John Smith,January 4  1942  Enfield  Middlesex ,,England ,,Right-hand bat,Slow left-arm orthodox,November 12  2004 (aged 62 years 313 days) ,
MJE Smith,date unknown ,,Cambridge MCCU,,,,,
Michael John Knight Smith,June 30  1933  Westcotes  Leicester ,84 years 282 days,England ,,Right-hand bat,,Son - ,
Martin Jason William Smith,July 7  1982  South Africa ,35 years 275 days,Suffolk ,,Right-hand bat,Right-arm medium-fast,,
Michael W Smith,date unknown ,,Oxfordshire,,Right-hand bat,,Wicketkeeper,
Neil Smith,April 1  1949  Ossett  Yorkshire ,,Cheshire ,,Right-hand bat,,Wicketkeeper,
Nick Smith,date unknown ,,,,,,Umpire,
Nicholas John Smith,October 7  1999  Chichester  West Sussex ,18 years 183 days,Sussex 2nd XI,,Left-hand bat,Right-arm medium,Chichester High School,
NL Smith,date unknown ,,Kent 2nd XI,,,,,
Neil Michael Knight Smith,July 27  1967  Solihull  Warwickshire ,50 years 255 days,England ,Allrounder,Right-hand bat,Right-arm offbreak,Father - ,
Oliver Charles Kennedy Smith,October 29  1967  Meriden  Coventry  Warwickshire ,50 years 161 days,Gloucestershire,,Left-hand bat,Right-arm offbreak,,
Oliver Lloyd Smith,May 9  1983  Trowbridge  Wiltshire ,34 years 334 days,Wiltshire,,Right-hand bat,Right-arm medium-fast  Right-arm offbreak,,
Phil Smith,date unknown ,,England,,,,Umpire,
Paul Smith,March 26  1820  Sheffield  Yorkshire ,,Sheffield,,,,details unknown ,
Percy Smith,date unknown ,,Cambridge University,,,,February 21  1876  Pattiswick  Essex ,
Paul Andrew Smith,April 15  1964  Gosforth  Newcastle upon Tyne  Northumberland ,53 years 358 days,Warwickshire,,Right-hand bat,Right-arm fast-medium,Father - ,
Peter Bruce Smith,March 18  1944  Headington  Oxfordshire ,74 years 21 days,Oxford University ,,Right-hand bat,Right-arm medium,,
Paul Christopher Smith,April 29  1975  Hillingdon  London ,42 years 344 days,Middlesex Cricket Board,,Right-hand bat,,Wicketkeeper,
Paul Stephen Smith,December 30  1992  Plymouth  Devon ,25 years 99 days,Cornwall,,Right-hand bat,Right-arm medium,,
Peter Thomas Smith,October 5  1934  Leicester ,83 years 185 days,Leicestershire,,Right-hand bat,,,
R Smith,date unknown ,,,,,,Umpire,
Roy Smith,date unknown ,,Kent 2nd XI,,,,,
Robert Smith,February 1  1982 ,36 years 66 days,Cumberland,,Left-hand bat,,,
Raymond Smith,August 10  1914  Boreham  Essex ,,Essex,,Right-hand bat,Right-arm medium  Right-arm offbreak,February 21  1996  Kidderminster  Worcestershire (aged 81 years 195 days) ,
Reginald Smith,May 1  1868  Warrington  Lancashire ,,Lancashire,,,,Reginald Starkey-Smith,
Rodney Smith,April 6  1944  Batley  Yorkshire ,74 years 2 days,Yorkshire,,Right-hand bat,Slow left-arm orthodox,,
Ronald Smith,February 16  1926  Dudley  Worcestershire ,92 years 51 days,Northamptonshire,,Right-hand bat,Right-arm fast-medium,,
Roy Smith,January 20  1910  Stoke-on-Trent  Staffordshire ,,Minor Counties,,Right-hand bat,,October 19  1971  Great Chell  Staffordshire (aged 61 years 272 days) ,
Roy Smith,April 14  1930  Taunton  Somerset ,87 years 359 days,Somerset,,Right-hand bat,Slow left-arm orthodox,,
Rory A Smith,date unknown ,,Kent 2nd XI,,,,,
Robin Arnold Smith,September 13  1963  Durban  Natal  South Africa ,54 years 207 days,England ,,Right-hand bat,Legbreak,Brother - ,
Royston Anthony Smith,March 14  1974  Romford  Essex ,44 years 25 days,Essex Cricket Board,,Right-hand bat,Right-arm medium,,
R B Smith,date unknown ,,Hampshire,,,,,
Raymond Charles Smith,August 3  1935  Duddington  Northamptonshire ,,Leicestershire,,Right-hand bat,Slow left-arm orthodox,December 12  2001  St Lucia (aged 66 years 131 days) ,
Richard J Smith,date unknown ,,Eastbourne CC,,,,,
Robert Posnett Smith,November 1  1848  Sawley  Derbyshire ,,Derbyshire,,Right-hand bat,Right-arm fast (roundarm)  Right-arm slow (underarm),changed name to Robert Posnett Stevens in September 1885,
Ryan Paul Smith,December 18  1986  Penrith  New South Wales  Australia ,31 years 111 days,Derbyshire 2nd XI,,Right-hand bat,Right-arm medium,Blue Mountains Grammar School,
Robert Samuel Smith,September 13  1970  Hitchin  Hertfordshire ,47 years 207 days,Hertfordshire,,Right-hand bat,,,
Stansfield Smith,February 4  1900  Accrington  Lancashire ,,Cheshire,,Right-hand bat,Right-arm offbreak,Son - ,
S Smith,date unknown ,,Prime Minister's XI,,,,,
Siobhan Smith,May 12  1997 ,20 years 331 days,Northamptonshire Women,,,,,
Sarah Smith,date unknown ,,Cumbria Women,,,,,
Sidney Smith,January 14  1929  Heywood  Lancashire ,,Lancashire,,Right-hand bat,,April 25  1985  Middleton  Lancashire (aged 56 years 101 days) ,
Stephen Smith,April 8  1822  Camberwell  Surrey ,,Kent,,,,February 20  1890  Blckheath  Kent (aged 67 years 318 days) ,
Sydney Francis Smith,September 30  1892  Northampton ,,Northamptonshire,,,,details unknown ,
Sam J Smith,date unknown ,,Devon ,,,,,
Samuel Stewart Smith,April 24  1989  Edgware  Middlesex ,28 years 349 days,Hertfordshire,,Right-hand bat,Right-arm medium,,
T Smith,date unknown ,,Glamorgan 2nd XI,,,,,
Tegan Smith,May 9  1996 ,21 years 334 days,Cornwall Women,,,,,
T Smith,date unknown ,,Old Wykehamists,,,,,
Thomas Smith,August 26  1848  Glossop  Derbyshire ,,Lancashire,,Right-hand bat,Right-arm medium (roundarm),details unknown ,
Thomas Smith,April 6  1854  Guildford  Surrey ,,Surrey,,Right-hand bat,Left-arm bowler,details unknown ,
Terry Smith,date unknown ,,England,,,,Umpire,
Thomas Assheton Smith,August 2  1776  Westminster  London ,,Hampshire ,,Right-hand bat,,September 9  1858  Vaynol Park  Bangor  Caernarvonshire  Wales (aged 82 years 38 days) ,
Thomas Assheton Smith,1752 ,,Hampshire XI ,,,,May 12  1828  Tidworth House  Tidworth  Hampshire (aged 76 years) ,
Thomas Christopher Smith,December 26  1985  Liverpool ,32 years 103 days,England Under-19s ,,Left-hand bat,Right-arm medium,Parklands High School; Runshaw College,
Timothy David Smith,January 21  1983  Sheffield  Yorkshire ,35 years 77 days,Oxfordshire,,Right-hand bat,,,
Thomas Frederick Smith,May 21  1996  Bristol ,21 years 322 days,Dorset ,,Right-hand bat,Right-arm offbreak,Clifton College,
Thomas George Harrison Smith,March 6  1905  Northampton ,,Northamptonshire,,Right-hand bat,,June 1  1993  Northampton (aged 88 years 87 days) ,
Thomas Michael Smith,May 16  1899  Lambeth  London ,,Hampshire,,,,November 17  1965  Taunton  Somerset (aged 66 years 185 days) ,
Trevor Mark Smith,January 18  1977  Derby ,41 years 80 days,Derbyshire ,,Left-hand bat,Right-arm medium,,
TM Smith,date unknown ,,Gloucestershire 2nd XI,,,,,
Thomas Michael John Smith,August 29  1987  Eastbourne  Sussex ,30 years 222 days,Buckinghamshire ,,Right-hand bat,Slow left-arm orthodox,,
Thomas Peter Bromley Smith,October 30  1908  Ipswich  Suffolk ,,England ,,Right-hand bat,Legbreak googly,August 4  1967  Hyères  France (aged 58 years 278 days) ,
Timothy Stewart Smith,December 29  1953  Henham  Essex ,64 years 100 days,Cambridgeshire ,,Right-hand bat,Slow left-arm orthodox,,
Villiers Shallet Charnock Smith,September 30  1821  Plymouth  Devon ,,Oxford University,,,,February 1  1871  Rowley  Oxfordshire (aged 49 years 124 days) ,
Walker Smith,August 14  1847  Ossett  Yorkshire ,,Yorkshire,,Right-hand bat,,July 11  1900  Drightlington  Yorkshire (aged 52 years 331 days) ,
William Smith,date unknown ,,Kent,,,,February 6  1883  Gravesend  Kent ,
William Smith,1875 ,,London County,,Right-hand bat,,March 20  1942  Chittlehambolt  Devon (aged 67 years) ,
William Smith,November 1  1839  Darlington  Co Durham ,,Yorkshire,,Right-hand bat,,April 19  1897  South Bank  Middlesbrough  Yorkshire (aged 57 years 169 days) ,
Willie Smith,May 12  1885  Gringley-on-the-Hill  Nottinghamshire ,,Derbyshire,,Right-hand bat,,May 8  1964  Scawsby  Yorkshire (aged 78 years 362 days) ,
Walter Alfred Smith,February 23  1913  Evington  Leicester ,105 years 44 days,Leicestershire,,Right-hand bat,Right-arm slow,,
William Alfred Smith,September 29  1900  Corsham  Wiltshire ,,Minor Counties,,Right-hand bat,Right-arm fast-medium,Brother - ,
William Albert Smith,September 15  1937  Salisbury  Wiltshire ,80 years 205 days,Surrey ,,Left-hand bat,Right-arm medium,,
William Charles Smith,October 4  1877  Oxford ,,London County ,,Right-hand bat,Right-arm offbreak,July 15  1946  Bermondsey  London (aged 68 years 284 days) ,
William Ernest Smith,October 27  1944  Worcester ,73 years 163 days,,,,,Umpire,
Walter Frederick Sundius Smith,February 8  1889  Portslade  Brighton  Sussex ,,Oxford University,,,,December 30  1969  Hove  Sussex (aged 80 years 325 days) ,
William John Smith,May 13  1882  Freasley  Warwickshire ,,Warwickshire,,Right-hand bat,Right-arm fast-medium,details unknown ,
William Rew Smith,September 28  1982  Luton  Bedfordshire ,35 years 192 days,Bedfordshire ,,Right-hand bat,Right-arm offbreak,Bedford School   Durham University,
William Robert Rutherford Smith,April 23  1871  Batley  Yorkshire ,,Marylebone Cricket Club ,,Right-hand bat,Right-arm medium,Father - ,
Edward Smith,January 17  1990  Oxford ,28 years 81 days,Oxfordshire,,Right-hand bat,Right-arm medium-fast,,
Arthur Hugh Smith-Barry,January 17  1843  Leamington  Warwickshire ,,Marylebone Cricket Club,,Right-hand bat,,Wicketkeeper,
Karen Smithies,March 20  1969  Ashby-de-la-Zouch  Leicestershire ,49 years 19 days,East Midlands Women ,,Left-hand bat,Right-arm medium,Karen Hicken,
William Allan Smith-Masters,March 13  1850  Humber  Herefordshire ,,Kent,,,,Father - ,
Gerald Arthur Smithson,November 1  1926  Spofforth  Yorkshire ,,England ,,Left-hand bat,Right-arm medium,September 6  1970  Abingdon  Berkshire (aged 43 years 309 days) ,
Oliver William Smithson,January 6  1996  Lisbon ,22 years 92 days,Gloucestershire 2nd XI ,,Right-hand bat,Left-arm medium-fast,,
Harry Turberville Smith-Turberville,January 18  1848  Westminster  London ,,Marylebone Cricket Club,,,,changed name from Harry Turberville Smith in November 1884,
Isaiah Smithurst,November 6  1920  Hill Top  Eastwood  Nottinghamshire ,,Nottinghamshire,,Left-hand bat,Slow left-arm orthodox,January 26  1982  Giltbrook  Nottinghamshire (aged 61 years 81 days) ,
Ernest Smith,July 11  1888  Barnsley  Yorkshire ,,Yorkshire,,Right-hand bat,Left-arm medium  Slow left-arm orthodox,January 2  1972  Blackburn  Lancashire (aged 83 years 175 days) ,
George Smoker,December 30  1856  Ovington  Hampshire ,,Hampshire,,,,May 23  1925  The Home Farm  Brockwood Park  Alresford  Hampshire (aged 68 years 144 days) ,
Henry George Smoker,March 1  1881  Hinton  Hampshire ,,Hampshire,,Left-hand bat,Right-arm medium-fast,September 7  1966  Wallasey  Cheshire (aged 85 years 190 days) ,
James Smurthwaite,October 17  1916  North Ormesby  Yorkshire ,,Yorkshire,,Right-hand bat,,October 20  1989  Middlesbrough  Yorkshire (aged 73 years 3 days) ,
Adam Charles Smyth,May 16  1981  Walsgrave  Coventry  Warwickshire ,36 years 327 days,Warwickshire Cricket Board,,Right-hand bat,Right-arm medium,,
Benjamin Smyth,June 20  1838  Calcutta (now Kolkata)  Bengal  India ,,Kent,,,,October 5  1906  Clapham  London (aged 68 years 107 days) ,
Kevin P Smyth,date unknown ,,,,,,Umpire,
Michael Smyth,date unknown ,,Liphook &amp; Ripsley,,,,,
Richard Ian Smyth,November 19  1951  Bishop Wearmouth  Sunderland  Co Durham ,66 years 140 days,Cambridge University,,Right-hand bat,Legbreak,,
Richard Nicholas Paul Smyth,June 27  1950  Chichester  Sussex ,67 years 285 days,Sussex,,Right-hand bat,,,
David Smythe,December 4  1889  Rockingham  Northamptonshire ,,Cambridge University,,,Right-arm fast,Repton School; Cambridge University,
J W Smythe,date unknown ,,Marylebone Cricket Club,,,,,
Raymond Brewster Smythies,June 18  1824 ,,Marylebone Cricket Club,,,,January 19  1861  Brighton  Sussex (aged 36 years 215 days) ,
John Collis Snaith,February 24  1876  Nottingham ,,Nottinghamshire,,Left-hand bat,Left-arm medium,December 8  1936  Hampstead Garden Suburb  London (aged 60 years 288 days) ,
HDM Snape,date unknown ,,Kent 2nd XI,,,,,
Jeremy Nicholas Snape,April 27  1973  Stoke-on-Trent  Staffordshire ,44 years 346 days,England ,,Right-hand bat,Right-arm offbreak,Denstone College  Durham University,
Jack Norman Snape,October 16  1986  Oswestry ,31 years 174 days,Staffordshire,,Right-hand bat,Right-arm fast-medium,,
Maurice Desmond Snape,July 7  1923  Creswell  Derbyshire ,,Derbyshire,,Right-hand bat,,April 17  1992  Kilton Hill  Worksop  Nottinghamshire (aged 68 years 285 days) ,
Horace Charles Snary,September 22  1897  Whissendine  Rutland ,,Leicestershire,,Right-hand bat,Right-arm slow-medium,December 26  1966  Whissendine  Rutland (aged 69 years 95 days) ,
John Snashall,date unknown ,,Sussex Cricket Board,,,,,
James Robert Sneath,February 18  1983  Wootton  Bedfordshire ,35 years 49 days,Bedfordshire,,Right-hand bat,Right-arm medium-fast,Brother - ,
William Edward Sneath,April 26  1977  Bedford ,40 years 347 days,Bedfordshire,,Right-hand bat,Right-arm fast-medium,Brother - ,
Andrew Mark Snell,September 19  1975  Truro  Cornwall ,42 years 201 days,Cornwall,,Right-hand bat,,Wicketkeeper,
Duncan George Hedley Snell,July 30  1986  York ,31 years 252 days,Leeds/Bradford MCCU,,Left-hand bat,Left-arm medium-fast,,
Edward Snell,April 22  1906  Hove  Sussex ,,Sussex,,Right-hand bat,Right-arm slow,September 6  1973  Hove  Sussex (aged 67 years 137 days) ,
Harold Saxon Snell,December 6  1876  Highworth  Wiltshire ,,Northamptonshire,,,,July 9  1942  Daventry  Northamptonshire (aged 65 years 215 days) ,
Kelvin John Snell,January 7  1988  Truro  Cornwall ,30 years 91 days,Cornwall,,Right-hand bat,Right-arm medium-fast,,
S Snell,date unknown ,,Somerset 2nd XI,,,,,
Stephen David Snell,February 27  1983  Winchester  Hampshire ,35 years 40 days,Gloucestershire ,,Right-hand bat,,Sandown High School,
David Roy Snellgrove,August 22  1967  Liverpool  Lancashire ,50 years 229 days,Lancashire Cricket Board,,Right-hand bat,Right-arm offbreak,Father - ,
Kenneth Leslie Snellgrove,November 12  1941  Shepton Mallet  Somerset ,,Lancashire,,Right-hand bat,Right-arm offbreak,Son - ,
Albert Henry Percival Snow,August 9  1852  Bedford ,,Middlesex,,,Left-arm fast,April 5  1909  Gunnersbury  Middlesex (aged 56 years 239 days) ,
Henry John Snow,February 1811  London ,,Cambridge University ,,,,Brother - ,
John Augustine Snow,October 13  1941  Peopleton  Worcestershire ,76 years 177 days,England ,,Right-hand bat,Right-arm fast-medium,,
Philip Sidney Snow,July 2  1907  Kendal  Westmorland ,,Oxford University,,Right-hand bat,Right-arm medium  Right-arm offbreak,February 13  1985  Reading  Berkshire (aged 77 years 226 days) ,
Thomas Snow,1807  Cambridge ,,Cambridge Town Club,,,,November 1870  Cambridge (aged 63 years) ,
Elizabeth Alexandra Snowball,July 9  1908  Burnley  Lancashire ,,England Women,,Right-hand bat,,St Leonard's School; St Andrews; Bedford Physical Training College,
Arthur Owen Snowden,May 7  1885  St Peters  Broadstairs  Kent ,,Kent ,,Right-hand bat,Left-arm medium,May 22  1964  Canterbury  Kent (aged 79 years 15 days) ,
Alexander William Snowden,August 15  1913  Peterborough  Northamptonshire ,,Northamptonshire,,Right-hand bat,Left-arm medium,May 7  1981  Peterborough  Northamptonshire (aged 67 years 265 days) ,
Jeffrey James Snowden,September 15  1973  Dartford  Kent ,44 years 205 days,Kent Cricket Board,,Right-hand bat,,Wicketkeeper,
William Snowden,September 27  1952  Whiston  Lancashire ,65 years 193 days,Cambridge University,,Right-hand bat,Right-arm medium,,
Andrew Edward Snowdon,September 26  1965  Plymouth  Devon ,52 years 194 days,Cornwall,,Left-hand bat,Right-arm medium,Brother - ,
Michael Thomas Snowdon,April 3  1947  Callington  Cornwall ,71 years 5 days,Cornwall,,Right-hand bat,Right-arm medium,Brother - ,
Derek William Soakell,December 7  1939  Haswell  Co Durham ,78 years 122 days,Durham,,Right-hand bat,Right-arm medium,,
G Soames,date unknown ,,DSR Sports Select XI,,,,,
Henry Soames,January 18  1843  Brighton  Sussex ,,Hampshire,,,,August 30  1913  Laverstock  Salisbury  Wiltshire (aged 70 years 224 days) ,
Oliver Courtney Soames,October 27  1995 ,22 years 163 days,Hampshire 2nd XI ,,Right-hand bat,Right-arm medium,,
Stephen Soames,August 6  1826  Stoke Newington  London ,,Oxford University,,,,July 14  1908  Knightsbridge  London (aged 81 years 343 days) ,
William Aldwin Soames,July 10  1850  Brighton  Sussex ,,Sussex,,Right-hand bat,,December 27  1916  Bank Station  City of London (aged 66 years 170 days) ,
Soane,date unknown ,,England,,,,,
Thomas Soar,September 3  1865  Whitemoor  Nottinghamshire ,,Hampshire,,Right-hand bat,Right-arm fast,May 17  1939  Llandovery  Carmarthenshire  Wales (aged 73 years 256 days) ,
William John Sobczak,November 2  1995  Exeter  Devon ,22 years 157 days,Devon ,,Right-hand bat,Right-arm offbreak,Blundells; Millfield School,
Lee Sockett,date unknown ,,,,,,Umpire,
Frederick Brewer Soden,March 30  1846  Clapham Common  London ,,Surrey,,Right-hand bat,Right-arm medium (roundarm),April 13  1877  Clapham Common  London (aged 31 years 14 days) ,
Sohaib Waqar,October 10  1992  Leytonstone ,25 years 180 days,Cambridge MCCU ,,Left-hand bat,Right-arm medium-fast,Sir George Monoux College  Anglia Ruskin University,
Sohail Mahmood Hussain,July 19  1992  High Wycombe  Buckinghamshire ,25 years 263 days,Buckinghamshire,,Right-hand bat,Right-arm fast,,
Vicram Verinder Singh Sohal,February 18  1995  Bedford ,23 years 49 days,Northamptonshire ,,Right-hand bat,Right-arm offbreak,Bedford School,
Ishwarjot Singh Sohi,August 7  1994  Punjab ,23 years 244 days,Surrey 2nd XI,,Right-hand bat,Right-arm medium-fast,,
Adam Charles Soilleux,November 29  1991  Southend-on-Sea  Essex ,26 years 130 days,Essex 2nd XI ,,Right-hand bat,Right-arm medium-fast,King John Sixth Form College,
Vikram Singh Solanki,April 1  1976  Udaipur  Rajasthan  India ,42 years 7 days,England ,,Right-hand bat,Right-arm offbreak,Regis School  Wolverhampton,
Edward Philip Solbé,May 10  1902  Bromley  Kent ,,Kent,,Right-hand bat,Left-arm medium,December 29  1961  Standard Hill  Nottingham (aged 59 years 233 days) ,
Frank de Lisle Solbé,June 1  1871  Che-foo  China ,,Kent,,Right-hand bat,(unknown arm) slow (underarm),January 12  1933  Bromley  Kent (aged 61 years 225 days) ,
Edward Walter Solly,May 7  1882  Eastry  Kent ,,Worcestershire,,Left-hand bat,Left-arm fast-medium,February 12  1966  Cefn Mably  Glamorgan  Wales (aged 83 years 281 days) ,
George Edward Solly,March 27  1855  West Heath  Congleton  Cheshire ,,Oxford University,,,,March 10  1930  Mentone  France (aged 74 years 348 days) ,
Bethan Solomon,date unknown ,,Northamptonshire Women,,,,,
Kamal Anilkumar Somaia,July 22  1968  Kenton  Wembley  London ,49 years 260 days,Glamorgan,,Right-hand bat,Slow left-arm orthodox,,
Arthur Herbert Tennyson Somers-Cocks (Lord Somers),March 20  1887  Freshwater  Isle of Wight ,,Worcestershire,,Right-hand bat,,He succeeded as 6th Baron Somers in 1896,
Arthur Plantagenet Francis Cecil Somerset,September 28  1889  Castle Goring  Worthing  Sussex ,,Sussex,,Right-hand bat,Right-arm medium,October 13  1957  Worthing  Sussex (aged 68 years 15 days) ,
Arthur William FitzRoy Somerset,September 20  1855  Brompton  Chatham  Kent ,,London County ,,Right-hand bat,Right-arm fast,January 8  1937  Castle Goring  Worthing  Sussex (aged 81 years 110 days) ,
Ernest Somers-Smith,November 8  1895  Ecclesall  Sheffield  Yorkshire ,,Worcestershire,,Right-hand bat,,registered as Ernest Somers Smith at birth and death,
Reginald James Somerville,October 9  1918  Camberwell  London ,,DR Jardine's XI,,Right-hand bat,,Wicketkeeper,
John William Somerville-Hendrie,June 22  1983  Hillingdon  Middlesex ,34 years 290 days,Durham MCCU ,,Right-hand bat,Right-arm medium-fast,,
Matthew D Sonczak,date unknown ,,Derbyshire ,,,Slow left-arm orthodox,,
James H Sookias,date unknown ,,Derbyshire,,,,,
Edmund Sopp,September 22  1823  Petworth  Sussex ,,Sussex,,,,January 1  1871  Haywards Heath  Sussex (aged 47 years 101 days) ,
William John Blair Soppitt,December 30  1856  Maidstone  Kent ,,Middlesex,,Right-hand bat,Right-arm fast-medium,birth registered as William James Soppitt,
J Sore,date unknown ,,Wiltshire,,,,,
Richard Osbourne Soulsby,July 8  1987  Dewsbury  Yorkshire ,30 years 274 days,Hertfordshire ,,Right-hand bat,,Wicketkeeper,
Kenneth Hannam Soutar,October 11  1888  Barnwood  Gloucester ,,Gloucestershire,,,,September 2  1914  Marylebone  London (aged 25 years 326 days) ,
James Stewart Souter,February 9  1924  Kanpur  Uttar Pradesh  India ,94 years 58 days,Oxford University,,Right-hand bat,,,
Martin Andrew Souter,February 19  1976  Guildford  Surrey ,42 years 48 days,Durham MCCU,,Right-hand bat,Right-arm medium,,
Harry Southall,January 24  1885  Kingswinford  Worcestershire ,,Worcestershire,,Right-hand bat,,January 22  1952  Pensnett  Staffordshire (aged 66 years 363 days) ,
Archibald Richard Charles Southby,June 18  1910  Devonport  Devon ,,Army ,,Right-hand bat,,April 4  1988  Ashford  Kent (aged 77 years 291 days) ,
Rhianna Southby,date unknown ,,Surrey Women,,,,,
Richard Southcombe,November 22  1909  Taunton  Somerset ,,Somerset,,Right-hand bat,Right-arm offbreak,August 3  1995  Yeovil  Somerset (aged 85 years 254 days) ,
Henry John Southern,date unknown ,,Sheffield,,,,March 9  1806  Sheffield  Yorkshire ,
John Dunlop Southern,November 5  1899  Friar Gate  Derby ,,Derbyshire,,Right-hand bat,,February 7  1972  Seend Head House  Melksham  Wiltshire (aged 72 years 94 days) ,
John William Southern,September 2  1952  King's Cross  London ,65 years 218 days,Hampshire,,Right-hand bat,Slow left-arm orthodox,,
R Southern,date unknown ,,,,,,Umpire,
Sydney James Southerton,July 7  1874  Mitcham  Surrey ,,,,,,Father - ,
James Southerton,November 16  1827  Petworth  Sussex ,,England ,,Right-hand bat,,Son - ,
Mike I Southerton,date unknown ,,,,,,Umpire,
Janet Southgate,September 24  1955 ,62 years 196 days,England Women ,,,,Janet Allen,
James Edward Southgate,September 14  1990  Watford  Hertfordshire ,27 years 206 days,Hertfordshire ,,Right-hand bat,Right-arm offbreak,,
S Southon,date unknown ,,Kent,,,,,
Hugo Finlay Grant Southwell,May 14  1980  Hammersmith  London ,37 years 329 days,Sussex Cricket Board,,Right-hand bat,Right-arm medium,,
Henry Glanville Southwell,May 20  1830  Saxmundham  Norfolk ,,Cambridge University,,,,July 2  1890  Nettleton Lodge  Lincolnshire (aged 60 years 43 days) ,
Albert Henry Howard Southwood,July 19  1882  Taunton  Somerset ,,Somerset,,Right-hand bat,Right-arm slow,July 13  1965  Haines Hill  Taunton  Somerset (aged 82 years 359 days) ,
Abraham Sowden,December 1  1853  Great Horton  Bradford  Yorkshire ,,Yorkshire,,Right-hand bat,Right-arm fast (roundarm),birth registered as Abram Sowden,
Unwin Sowter,April 22  1839  Derby ,,Derbyshire,,Right-hand bat,,April 14  1910  Derby (aged 70 years 357 days) ,
Christopher Rukshan Soza,December 24  1966  Colombo  Sri Lanka ,51 years 105 days,Berkshire,,Right-hand bat,,,
John George Spanswick,September 30  1933  Morehill  Folkestone  Kent ,,Kent,,Right-hand bat,Right-arm medium-fast,October 15  2016 (aged 83 years 15 days) ,
TJ Sparke,date unknown ,,Marylebone Cricket Club Young Cricketers,,,,,
Xanthe Kingsbury Sparke,September 3  1999  Cockermouth  Cumberland ,18 years 217 days,Cumbria Women,,,,,
George Sparkes,August 8  1845  Westbourne  Sussex ,,Sussex,,,,March 9  1908  Old Fishbourne  Bosham  Sussex (aged 62 years 214 days) ,
G Sparks,date unknown ,,Surrey,,,,,
John Sparks,date unknown ,,Kent ,,,(unknown arm) slow (underarm),March 5  1854  Edinburgh  Midlothian  Scotland ,
John Barnes Sparks,May 31  1873  Morar  India ,,Royal Navy,,Right-hand bat,,Wicketkeeper,
Adolphus James Sparrow,May 10  1869  Alverstoke  Gosport  Hampshire ,,Hampshire,,,,September 6  1936  Minster  Kent (aged 67 years 119 days) ,
Guy Ratcliff Sparrow,July 2  1877  Aston  Birmingham  Warwickshire ,,Derbyshire,,Right-hand bat,,January 4  1958  Burton-on-Trent  Staffordshire (aged 80 years 186 days) ,
Jamie Sparrow,January 22  1971  Bishop's Stortford  Hertfordshire ,47 years 76 days,Essex Cricket Board,,Right-hand bat,Right-arm fast-medium,,
Paul Sparshott,date unknown ,,,,,,Umpire,
Paul J Sparshott,date unknown ,,,,,,Umpire,
Gary John Speak,April 26  1962  Chorley  Lancashire ,55 years 347 days,Lancashire,,Right-hand bat,Right-arm fast-medium,,
Nicholas Jason Speak,November 21  1966  Manchester  Lancashire ,51 years 138 days,Durham ,,Right-hand bat,Legbreak,,
Walter John Speak,February 20  1873  Aldfield  Ripon  Yorkshire ,,Nottinghamshire,,Left-hand bat,Legbreak,June 21  1943  Victoria  British Columbia  Canada (aged 70 years 121 days) ,
Mary Frances Spear,September 11  1913  Bath  Somerset ,,England Women,Middle-order batsman,Right-hand bat,Right-arm medium-fast,April 10  2006  Crickhowell (aged 92 years 211 days) ,
Andrew Watson Speed,January 19  1899  Glasgow  Lanarkshire  Scotland ,,Warwickshire,,Right-hand bat,Right-arm fast-medium,July 17  1990  Bromsgrove  Worcestershire (aged 91 years 179 days) ,
Francis Elmer Speed,February 28  1859  Paddington  London ,,Marylebone Cricket Club,,Right-hand bat,,Wicketkeeper,
Katherine Speed,date unknown ,,Essex Women,,,,,
Martin Peter Speight,October 24  1967  Walsall  Staffordshire ,50 years 166 days,Durham ,,Right-hand bat,,Wicketkeeper,
Guy Dennis Spelman,October 18  1958  Westminster  London ,59 years 172 days,Kent,,Left-hand bat,Right-arm medium,,
James Mark Spelman,August 20  1983  Norwich  Norfolk ,34 years 231 days,Norfolk,,Left-hand bat,Legbreak googly,Brother - ,
Jonathan Oliver Spelman,date unknown  Norwich  Norfolk ,,Norfolk,,Left-hand bat,Legbreak,Brother - ,
C Spence,date unknown ,,Surrey 2nd XI,,,,,
Lawrence Arthur Spence,January 14  1932  Blaby  Leicestershire ,86 years 84 days,Leicestershire,,Right-hand bat,Legbreak,,
J Spenceley,date unknown ,,Surrey Club,,,,,
Spencer,date unknown ,,Hornchurch,,,,,
Spencer,date unknown ,,,,,,Umpire,
Alexander Charles Spencer,August 20  1991  St Albans  Hertfordshire ,26 years 231 days,Gloucestershire 2nd XI ,,Right-hand bat,,Wicketkeeper,
Alan Horace Spencer,July 4  1936  Lee Green  London ,81 years 278 days,Worcestershire,,Right-hand bat,Right-arm offbreak,,
Arthur John Spencer,August 18  1954  Wigan  Lancashire ,63 years 233 days,Wiltshire,,Right-hand bat,Right-arm fast-medium,,
Charles Richard Spencer,June 21  1903  Llandough  Cardiff  Glamorgan  Wales ,,Glamorgan ,,Right-hand bat,,Wicketkeeper,
Charles Terence Spencer,August 18  1931  Braunstone  Leicester ,86 years 233 days,Leicestershire,,Right-hand bat,Right-arm medium,,
Helm Spencer,December 31  1891  Padiham  Lancashire ,,Glamorgan ,,Right-hand bat,Right-arm fast-medium,December 7  1974  Burnley Lane Head  Burnley  Lancashire (aged 82 years 341 days) ,
Henry Spencer,1864 ,,Derbyshire,,Right-hand bat,,December 4  1936  Willesden Green  Middlesex (aged 72 years) ,
Harry Norman Ernest Spencer,October 1  1901  Shipston-on-Stour  Warwickshire ,,Warwickshire ,,Right-hand bat,Right-arm medium,August 13  1954  Hammersmith  London (aged 52 years 316 days) ,
Ian Stuart Spencer,August 26  1984  Whiston  Lancashire ,33 years 225 days,Cheshire,,,,,
John Spencer,October 6  1949  Brighton  Sussex ,68 years 184 days,Cambridge University ,,Right-hand bat,Right-arm medium,Son - ,
Joseph Blakey Spencer,July 1809  Longsight  Manchester  Lancashire ,,Gentlemen,,,,August 9  1877  Blackheath  London (aged 68 years) ,
Kieran Spencer,date unknown ,,Norfolk Women,,,,,
M Spencer,date unknown ,,Unicorns,,,,,
Murrun Spencer,date unknown ,,Cambridgeshire and Huntingdonshire Women,,,,,
Mitchell Thomas Spencer,March 8  1993  Stoke  Staffordshire ,25 years 31 days,Staffordshire,,Right-hand bat,Right-arm medium-fast,,
Patrick John Simon Spencer,December 24  1980  Brighton  Sussex ,37 years 105 days,Sussex 2nd XI,,Right-hand bat,Legbreak,Father - ,
Ralph Spencer,April 14  1861  Leamington Hall  Newburn-on-Tyne  Northumberland ,,Cambridge University,,Right-hand bat,Right-arm fast,August 23  1926  Netherwitton Hall  Morpeth  Northumberland (aged 65 years 131 days) ,
Steven Spencer,date unknown  Taunton  Somerset ,2018 years,Somerset 2nd XI ,,Right-hand bat,,,
Shannon Spencer,date unknown ,,Norfolk Women,,,,,
Thomas Spencer,June 10  1850 ,,Somerset,,,,November 28  1933  Bishopsteignton  Devon (aged 83 years 171 days) ,
TA Spencer,date unknown ,,Gentlemen of England,,,,,
Thomas William Spencer,March 22  1914  Deptford  London ,,Kent,,Right-hand bat,Right-arm medium,Umpire  Coach,
Walter Gordon Spencer,August 2  1912  Chingford  Essex ,,Essex,,Right-hand bat,Slow left-arm orthodox,July 20  1971  Chelmsford  Essex (aged 58 years 352 days) ,
William John Spencer,June 5  1988  Hertfordshire ,29 years 307 days,Hertfordshire,,Right-hand bat,,,
Gilbert Joshua Spencer-Smith,December 17  1843  Brooklands  Hampshire ,,Hampshire,,Right-hand bat,Right-arm slow,February 4  1928  Maidenstone Heath  Bursledon  Hampshire (aged 84 years 49 days) ,
Orlando Spencer-Smith,December 17  1843  Brooklands  Hampshire ,,Hampshire ,,Right-hand bat,Right-arm slow,November 23  1920  Swanwick  Southampton  Hampshire (aged 76 years 342 days) ,
Benjamin Lee Spendlove,November 4  1978  Belper  Derbyshire ,39 years 155 days,Cheshire ,,Right-hand bat,Right-arm offbreak,,
James Spens,March 30  1853  Subathoo  India ,,Hampshire,,Right-hand bat, (underarm),June 19  1934  Folkestone  Kent (aged 81 years 81 days) ,
Katie Louise Sperring,date unknown ,,Cambridgeshire and Huntingdonshire Women,,,,,
James Sperry,March 19  1910  Thornton  Leicestershire ,,Leicestershire,,Left-hand bat,Left-arm fast-medium,April 21  1997  Thornton  Leicestershire (aged 87 years 33 days) ,
J Spicer,date unknown ,,Dorset Women,,,,,
Norman Spicer,April 10  1879  Eltham  Kent ,,Cambridge University,,,,September 1  1936  Paddington  London (aged 57 years 144 days) ,
Peter Alfred Spicer,May 11  1939  Ilford  Essex ,,Essex,,Left-hand bat,Slow left-arm orthodox,August 18  1969  Hainault  Essex (aged 30 years 99 days) ,
William Baldwin Spicer,May 18  1846  Kensington  London ,,Surrey,,,Left-arm medium (roundarm),September 22  1892  Kennington  London (aged 46 years 127 days) ,
Russell Anthony Spiers,July 10  1962  Leicester ,55 years 272 days,Staffordshire,,Right-hand bat,Slow left-arm orthodox,,
Wade Douglas Spilcker,June 12  1977  Perth  Western Australia  Australia ,40 years 300 days,Sussex 2nd XI,,Right-hand bat,,Wicketkeeper,
Cecil Willmington Spiller,August 19  1900  Cardiff  Glamorgan  Wales ,,Glamorgan,,Right-hand bat,Right-arm medium,April 5  1974  Canton  Cardiff  Glamorgan  Wales (aged 73 years 229 days) ,
William John Spiller,July 8  1886  St Fagans  Cardiff  Glamorgan  Wales ,,Glamorgan,,Right-hand bat,,June 9  1970  St Fagans  Cardiff  Glamorgan  Wales (aged 83 years 336 days) ,
George Spillman,October 24  1856  Strand  London ,,Middlesex,,Right-hand bat,,King's College  London,
John William Edward Spilsbury,October 27  1933  Worcester ,84 years 163 days,Worcestershire,,Right-hand bat,Right-arm fast-medium,,
Abraham Spinks,1800  Wretton  Norfolk ,,Norfolk,,,,c. Jan to Mar 1884  Freebridge Lynn ,
Clifford Nigel Spinks,November 13  1962  Hemel Hempstead  Hertfordshire ,55 years 146 days,Hertfordshire,,Left-hand bat,Slow left-arm orthodox,,
Edwin Frederick Spinks,August 3  1902  Bermuda ,,Essex,,,,October 19  1982  Orsett  Essex (aged 80 years 77 days) ,
Thomas Spinks,September 26  1819  Westminster  London ,,Oxford University,,,,January 14  1899  Upper Sydenham  Kent (aged 79 years 110 days) ,
James Ashley S. Spires,November 12  1979  Solihull  Warwickshire ,38 years 147 days,Warwickshire ,,Right-hand bat,Slow left-arm orthodox,,
Karl Reuben Spiring,November 13  1974  Southport  Lancashire ,43 years 146 days,Worcestershire,,Right-hand bat,Right-arm offbreak,,
Douglas Gray Spiro,December 21  1863  Melbourne  Victoria  Australia ,,Cambridge University,,Right-hand bat,Right-arm medium,January 16  1935  Westminster  London (aged 71 years 26 days) ,
Archibald Franklin Spooner,May 21  1886  Litherland  Lancashire ,,Lancashire,,Right-hand bat,,January 11  1965  Dartmouth  Devon (aged 78 years 235 days) ,
Reginald Herbert Spooner,October 21  1880  Litherland  Lancashire ,,England ,,Right-hand bat,,October 2  1961  Lincoln (aged 80 years 346 days) ,
Richard Thompson Spooner,December 30  1919  Thornaby-on-Tees  Stockton-on-Tees  Co Durham ,,England ,,Left-hand bat,,Wicketkeeper,
Wayne Spooner,October 25  1979  Worksop  Nottinghamshire ,38 years 165 days,Nottinghamshire Cricket Board,,Left-hand bat,Left-arm fast-medium,,
P Sporsholt,date unknown ,,,,,,Umpire,
William Hugh Spottiswoode,July 12  1864  Belgravia  Westminster  London ,,Kent,,Right-hand bat,(unknown arm) slow (underarm),Son-in-law - ,
A Spragg,date unknown ,,Sapphires,,,,,
Laura Spragg,June 16  1982  Keighley  Yorkshire ,35 years 296 days,England Under-23 Women ,,Left-hand bat,Left-arm medium,,
Ruth Hannah Sprawson,April 12  1996  Nottingham ,21 years 361 days,Nottinghamshire Women,,,,,
Philip Henry Spray,September 28  1945  Bedford ,72 years 192 days,Oxford University,,Right-hand bat,,,
Matthew Neil William Spriegel,March 4  1987  Epsom  Surrey ,31 years 35 days,Loughborough Marylebone Cricket Club University (England) ,,Left-hand bat,Right-arm offbreak,Whitgift School; Loughborough University,
Sprig,date unknown ,,Cambridge Town Club,,,,,
Trevor Coleridge Spring,February 6  1882  Kidderpore  Bengal  India ,,Somerset,,Right-hand bat,,March 13  1926  Westminster  London (aged 44 years 35 days) ,
William Amos Spring,May 17  1880  Dulwich  Surrey ,,Surrey,,Right-hand bat,Right-arm fast-medium,March 14  1958  Chase Side  Enfield  Middlesex (aged 77 years 301 days) ,
John Denis Springall,September 19  1932  Southwark  London ,85 years 201 days,Nottinghamshire,,Right-hand bat,Right-arm medium,Wicketkeeper,
Henry Robert James Sprinks,August 19  1905  Alexandria  Egypt ,,Hampshire,,Right-hand bat,Right-arm fast,May 23  1986  Bramshaw  Hampshire (aged 80 years 277 days) ,
Edward Mark Sprot,February 4  1872  Edinburgh  Midlothian  Scotland ,,Hampshire,,Right-hand bat,Right-arm medium,October 8  1945  Lower Bourne  Farnham  Surrey (aged 73 years 246 days) ,
Amy Spry,date unknown ,,Cumbria Women,,,,,
Edward James Spry,July 31  1881  Bristol ,,Gloucestershire,,Right-hand bat,Legbreak,November 18  1958  Knowle  Somerset (aged 77 years 110 days) ,
Florence Mary Spry,August 9  1922  Birkenhead ,,England Women ,,,,Date unknown ,
Harold Spurr,June 17  1889  Leytonstone  Essex ,,Essex,,Right-hand bat,,December 21  1962  Dunmow  Essex (aged 73 years 187 days) ,
Edward Popham Spurway,April 4  1863  Heathfield  Somerset ,,Somerset,,Right-hand bat,,Son - ,
Francis Edward Spurway,August 8  1894  Winchester  Hampshire ,,Somerset,,Right-hand bat,,Brother - ,
Michael Vyvyan Spurway,January 24  1909  Heathfield  Somerset ,,Somerset,,Right-hand bat,,Father - ,
Robert Popham Spurway,July 16  1866  Heathfield  Somerset ,,Natal ,,Right-hand bat,Right-arm offbreak,Nephew - ,
Samuel Harold Patrick Spurway,March 13  1987  Taunton. Somerset ,31 years 26 days,Somerset ,,Left-hand bat,,Wadnam Community School; Richard Huish College,
Thomas Roper Spyers,December 7  1868  Faversham  Kent ,,Marylebone Cricket Club,,Right-hand bat,,Wicketkeeper,
Andrew John Squire,March 9  1964  Mildenhall  Suffolk ,54 years 30 days,Suffolk,,Right-hand bat,Right-arm medium,,
Annabel Jane Squire,date unknown ,,Devon Women,,,,,
Camilla Susan Squire,April 5  1998  Devon ,20 years 3 days,Devon Women,,Right-hand bat,Right-arm medium,,
Dick Squire,December 31  1864  Scholes  Cleckheaton  Yorkshire ,,Yorkshire,,Right-hand bat,Slow left-arm orthodox,birth registered as Dick Squires,
Samuel Gimson Squire,January 14  1879  Leicester ,,Cambridge University,,,,September 18  1962  Duston  Northamptonshire (aged 83 years 247 days) ,
William David Squire,July 18  1993  Barnstaple  Devon ,24 years 264 days,Devon,,Right-hand bat,Slow left-arm orthodox,Richard Huish SFC; University UWE  Bristol,
Harry Stanley Squires,February 22  1909  Kingston-upon-Thames  Surrey ,,Surrey,,Right-hand bat,Right-arm offbreak,January 24  1950  Old Deer Park  Richmond  Surrey (aged 40 years 336 days) ,
Peter John Squires,August 4  1951  Ripon  Yorkshire ,66 years 247 days,Yorkshire,,Right-hand bat,,,
William Squires,date unknown ,,Sheffield and Leicester,,,,March 20  1796  Beeby  Leicestershire ,
Sarah Sribala-Sundaram,date unknown ,,Derbyshire Women,,,,,
Lewis Robert Stabler,September 18  1994  Darlington  Co Durham ,23 years 202 days,Yorkshire 2nd XI ,,Right-hand bat,Left-arm medium-fast,Richmondshire School; Richmondshire Sixth Form College,
Alice Mary Stables,January 16  1995  London ,23 years 82 days,Oxford University Women,,Right-hand bat,Right-arm medium,,
Charles Frederick Stacey,April 27  1878  Chalfont St Giles  Buckinghamshire ,,Surrey,,,,1950  Scotland (aged 71 years) ,
Daniel George Stacey,date unknown ,,Marylebone Cricket Club,,,,January 25  1863  Hornchurch  Essex ,
Francis Edmund Stacey,August 18  1830  Llandaff  Glamorgan  Wales ,,Cambridge University,,,,October 3  1885  Llandough Castle  Glamorgan (aged 55 years 46 days) ,
Ernest Henry Staddon,December 2  1882  Westbury-on-Trym  Bristol ,,Gloucestershire,,,,July 23  1965  Bristol (aged 82 years 233 days) ,
Robert C Staddon,December 11  1944  Exeter  Devon ,73 years 118 days,Devon,,Left-hand bat,,,
James Pratt Stafford,January 1  1844  Godalming  Surrey ,,Surrey,,,,August 24  1919  Fratton  Portsmouth  Hampshire (aged 75 years 235 days) ,
Alfred Staines,May 22  1838  Charlton  London ,,Kent,,Right-hand bat,,Wicketkeeper,
Robert George Stainton,May 23  1910  Whitstable  Kent ,,Oxford University ,,Right-hand bat,Right-arm slow,August 15  2000  Hastings  Sussex (aged 90 years 84 days) ,
George Stallard,January 14  1856  Northwick  Worcester ,,England,,Right-hand bat,,August 21  1912  North Tawton  Devon (aged 56 years 220 days) ,
James Harold Stallibrass,June 27  1919  Crouch End  Middlesex ,,Devon,,,,May 1  2010  Guildford  Surrey (aged 90 years 308 days) ,
Michael James Dahl Stallibrass,June 28  1951  Poltimore  Exeter  Devon ,66 years 284 days,Oxford University,,Left-hand bat,Right-arm offbreak,,
George Harry Grey,January 7  1827  Enville  Staffordshire ,,Marylebone Cricket Club,,,,January 2  1883  Bradgate Park  Leicestershire (aged 55 years 360 days) ,
Daniel Martin Stamp,November 23  1966  Paddington  London ,51 years 136 days,Norfolk,,Right-hand bat,Right-arm offbreak,,
Deanna Stamp,date unknown ,,Oxfordshire Women,,,,,
Richard Vivian Macaulay Stanbury,February 5  1916  Madras (now Chennai)  India ,,Somerset,,Right-hand bat,,Shrewsbury School,
Andrew E Stancliffe,date unknown ,,,,,,Umpire,
James Alfred Standen,May 30  1935  Edmonton  Middlesex ,82 years 313 days,Minor Counties ,,Right-hand bat,Right-arm medium,,
David Kevin Standing,October 21  1963  Brighton  Sussex ,54 years 169 days,Sussex,,Right-hand bat,Right-arm offbreak,,
Timothy Paul Andrew Standing,August 6  1964  Hyde  Cheshire ,53 years 245 days,Cheshire,,Right-hand bat,,Wicketkeeper,
Keith Standring,May 17  1965  Luton  Bedfordshire ,52 years 326 days,Bedfordshire,,Left-hand bat,Left-arm medium-fast,,
Kenneth Brooks Standring,February 17  1935  Clitheroe  Lancashire ,83 years 50 days,Lancashire,,Left-hand bat,Right-arm fast,,
Stanford,date unknown ,,Marylebone Cricket Club,,,,,
Edward John Stanford,January 21  1971  Dartford  Kent ,47 years 77 days,Kent ,,Left-hand bat,Slow left-arm orthodox,,
Richard Stanford,date unknown ,,Sussex,,,,May 27  1804  East Lavant  Sussex ,
Richard Stanford,date unknown ,,Duke of Dorset's XI ,,,,July 16  1792 ,
Stanhope,date unknown ,,Marylebone Cricket Club ,,,,,
Edward Stanhope,September 24  1840  Belgravia  Westminster  London ,,Kent,,Right-hand bat,,December 21  1893  Chevening  Sevenoaks  Kent (aged 53 years 88 days) ,
George Philip Cecil Arthur Stanhope,August 29  1831  Mayfair  London ,,Nottinghamshire,,,,December 1  1871  Bretby  Derbyshire (aged 40 years 94 days) ,
Craig Stanley,December 17  1971  North Shields  Northumberland ,46 years 112 days,Northumberland,,Right-hand bat,Right-arm fast-medium,,
Donald Eric Stanley,March 8  1972  Bromley  Kent ,46 years 31 days,Cambridge University,,Right-hand bat,,,
Edward Stanley,June 29  1852  Wincanton  Somerset ,,Somerset,,,,April 7  1896  Accra  Gold Coast (aged 43 years 283 days) ,
Eleanor Stanley,date unknown ,,Lincolnshire Women,,,,,
Ernest Arthur William Stanley,September 27  1926  Leyton  Essex ,91 years 193 days,Essex,,Right-hand bat,Right-arm offbreak,,
Harry Cecil Stanley,February 16  1888  Rotherham  Yorkshire ,,Yorkshire,,Right-hand bat,,May 18  1934  Scarborough  Yorkshire (aged 46 years 91 days) ,
Henry Thomas Stanley,August 20  1873  Belgravia  Westminster  London ,,Somerset,,Right-hand bat,,September 16  1900  Hekpoort  Transvaal  South Africa (aged 27 years 27 days) ,
Neil Alan Stanley,May 16  1968  Bedford ,49 years 327 days,Bedfordshire ,,Right-hand bat,Right-arm medium,,
Arthur Christopher Lancelot Stanley-Clarke,June 30  1886  Brighton  Sussex ,,Army,,Right-hand bat,,changed name from Arthur Christopher Lancelot Clarke,
George Arthur Stannard,July 9  1892  Steyning  Sussex ,,Sussex,,Right-hand bat,Right-arm slow-medium,June 28  1971  Brighton  Sussex (aged 78 years 354 days) ,
Hollie Stannard,date unknown ,,Nottinghamshire Women,,,,,
Henry Duncan Stanning,November 14  1881  Broadfield  Leyland  Lancashire ,,Lancashire,,Right-hand bat,,March 5  1946  Kampi-Ya-Moto  Kenya (aged 64 years 111 days) ,
John Stanning,October 10  1877  Broadfield  Leyland  Lancashire ,,Cambridge University ,,Right-hand bat,,May 19  1929  Nakwin  Kenya (aged 51 years 221 days) ,
John Stanning,June 24  1919  Nairobi  Kenya ,,Oxford University ,,Right-hand bat,,May 29  2007 (aged 87 years 339 days) ,
James Edward Stansfield,September 18  1978  Staincliffe  Dewsbury  Yorkshire ,39 years 202 days,Yorkshire Cricket Board,,Right-hand bat,Right-arm medium,,
John Latham Stanton,March 8  1901  Bristol ,,Gloucestershire,,Right-hand bat,,June 27  1973  Hoyle  Heyshott  Midhurst  Sussex (aged 72 years 111 days) ,
Mark Ronald Stanway,December 12  1978  Guildford  Surrey ,39 years 117 days,Oxfordshire,,Right-hand bat,Right-arm fast-medium,,
