Marlon Spencer Jansen,May 16  1980  Bloemfontein  Free State ,37 years 327 days,,,,,Umpire,
Peter-John Ashley Jansen,August 6  1990  Bloemfontein  Free State ,27 years 245 days,Free State ,,Right-hand bat,Right-arm offbreak,,
Johan Louis Janse van Rensburg,September 10  1947  Durban  Natal ,70 years 210 days,Northerns,,Right-hand bat,,,
Lehan Janse van Rensburg,June 5  1995  Pretoria ,22 years 307 days,Waterkloof High School,,Left-hand bat,Left-arm medium,Waterkloof High School,
Willem Cornelius Janse Van Rensburg,July 2  1956  Vanderbijlpark  Transvaal ,61 years 280 days,Northerns,,Right-hand bat,Right-arm offbreak,,
E Janse V Rensburg,date unknown ,,,,,,Umpire,
C Jantjes,date unknown ,,South Africa Under-19s,,,,,
Ronel Jantjes,October 29  1982  Port Elizabeth ,35 years 161 days,Eastern Province Women,,Right-hand bat,Right-arm medium,,
Jeneviwe Jantjies,April 15  1992 ,25 years 358 days,South Western Districts Women,,Left-hand bat,,Wicketkeeper,
Michael Jantjies,January 11  2001  Kimberley ,17 years 87 days,Griqualand West Under-15s,,Right-hand bat,Right-arm medium,Homevale High,
R Jantjies,date unknown ,,Eastern Province Women,,,,,
Rushdi Jappie,September 3  1985  Cape Town  Cape Province ,32 years 217 days,Boland ,,Right-hand bat,Right-arm offbreak,,
Alex Jardim,September 23  1998  Polokwane ,19 years 197 days,Limpopo Under-15s,,Right-hand bat,Right-arm offbreak,Merensky,
Claudio Jardim,June 12  2003  Boksburg ,14 years 300 days,Easterns Under-13s,,Right-hand bat,,Curro,
Nicholas Jardim,July 17  1995 ,22 years 265 days,Limpopo Under-19s,,Right-hand bat,Legbreak,Merensky High School,
Allan James Jardine,February 8  1903  Johannesburg  Transvaal ,,Transvaal,,,,July 29  1958  Johannesburg  Transvaal (aged 55 years 171 days) ,
Faghme Jardine,January 26  1981  Cape Town ,37 years 72 days,Western Province,,Left-hand bat,Slow left-arm orthodox,,
Newton Melvor Surmon Jarman,September 10  1886  King William's Town  Cape Province ,,Border,,,,January 23  1947  East London  Cape Province (aged 60 years 135 days) ,
C Jarvis,date unknown ,,,,,,Umpire,
Christopher Campbell Jarvis,September 22  1944  Johannesburg  Transvaal ,73 years 198 days,Border ,,Right-hand bat,Slow left-arm orthodox,,
K Jarvis,date unknown ,,Pretoria University,,,,,
Peter Jarvis,April 22  2000 ,17 years 351 days,Eastern Province Under-13s,,Right-hand bat,,St. Andrews,
S Jassiem,date unknown ,,Western Province (SACB),,,,,
Deigo Jasson,September 15  1995  East London ,22 years 205 days,Border Under-17s,,Right-hand bat,Right-arm offbreak,Hudson Park,
F Jattien,date unknown ,,Griqualand West Women,,,,,
Leo Jay,November 2  2002  Sandton ,15 years 157 days,Boland Under-13s,,Left-hand bat,Left-arm medium,Rhenish Primary,
James Jayden,May 21  2003 ,14 years 322 days,KwaZulu-Natal Inland Under-13s,,Right-hand bat,Right-arm medium,Pelham,
Jayden Gengan,October 6  2000 ,17 years 184 days,KwaZulu-Natal Inland Under-15s,,Right-hand bat,Right-arm fast,,
Jean-Pierre Jean-Pierre,November 16  1998 ,19 years 143 days,Selborne College,,Right-hand bat,Legbreak,,
M Jeena,date unknown ,,KwaZulu-Natal Women,,,,,
Nabeel Jeewa,November 30  2002 ,15 years 129 days,KwaZulu-Natal Under-13s,,Right-hand bat,Right-arm offbreak,DPHS,
Stephen Thomas Jefferies,December 8  1959  Cape Town  Cape Province ,58 years 121 days,Boland ,,Left-hand bat,Left-arm fast-medium,,
Stanley Gordon Jeffrey,September 27  1933  Pretoria  Transvaal ,84 years 193 days,Northerns,,Right-hand bat,Right-arm fast-medium,,
Marshin Jefta,March 5  1999  Wellington ,19 years 34 days,Boland Under-17s,,Right-hand bat,Legbreak,Boland Landbou,
Petrus Johannes Nicolas Jeftha,April 7  1987  Touwsriver  Western Cape ,31 years 1 days,Boland ,,Right-hand bat,Right-arm fast,,
Juan Jeggels,February 13  2003 ,15 years 54 days,Border Under-13s,,Right-hand bat,Right-arm medium,Dale Junior,
Riaan Ruche Jeggels,September 10  1981  Port Elizabeth ,36 years 210 days,Eastern Province ,,Right-hand bat,,Dikkis,
Bongani Patrick Jele,April 1  1986  Pretoria  Transvaal ,32 years 7 days,,,,,Umpire,
E D Jenkins,date unknown ,,Rest of South Africa,,,,,
Jason Jenkins,December 2  1995 ,22 years 127 days,Northerns Under-17s,,Right-hand bat,Right-arm fast,St Albans College,
Winston James Jenkins,1912  Pembroke  Wales ,,Border,,,,May 10  1982  East London  Cape Province (aged 70 years) ,
Dylan Jennings,September 14  1979  Johannesburg  Transvaal ,38 years 206 days,Easterns ,,Left-hand bat,,Father - ,
Francis Walter Jennings,February 18  1920  Laverton  Bath  Somerset ,98 years 49 days,,,,,Umpire,
Kenneth Eugene Jennings,August 25  1953  Vanderbijlpark  Transvaal ,64 years 226 days,Northerns,,Right-hand bat,Right-arm medium,Brother - ,
Raymond Vernon Jennings,August 9  1954  Vanderbijlpark  Transvaal ,63 years 242 days,Northern Transvaal ,,Right-hand bat,,Brother - ,
Giano Jephta,June 22  2000 ,17 years 290 days,Boland ,,Right-hand bat,Right-arm medium,Worcester Primary School,
P Jeptha,date unknown ,,Emerging Cape Cobras,,,,,
Shoban Jeram,date unknown ,,Natal (SACB),,,,,
Subash Jeram,date unknown ,,Natal (SACB),,,,,
Brian George Jerling,August 13  1958  Port Elizabeth  Cape Province ,59 years 238 days,,,,,Umpire,
Brian Harry Patrick Jerome,December 31  1930  Durban  Natal ,,Natal,,Right-hand bat,Right-arm fast,September 21  2008  Durban  KwaZulu-Natal (aged 77 years 265 days) ,
John Edmund Valentine Jewell,January 31  1891  Bexley  Kent  England ,,Orange Free State,,,,Brother - ,
Jonathan Harry Jewels,March 21  1997 ,21 years 18 days,Hilton College,,Left-hand bat,,,
Bokang Jimlongoe,October 26  2000 ,17 years 164 days,Northerns Under-13s,,Right-hand bat,Right-arm medium,Laudium,
Muhammed Naeem Jina,November 29  1997  Nelspurit ,20 years 130 days,Mpumalanga Under-17s,,Right-hand bat,Right-arm medium-fast,,
Abdul Hamid Jinnah,February 17  1935  Nigel  South Africa ,,North of South Africa (SACBOC),,,,January 9  2004  Azaadville  Gauteng (aged 68 years 326 days) ,
A Jivan,date unknown ,,Transvaal (SACB),,,,,
Satish Thakor Jivan,June 21  1954  Johannesburg  Transvaal ,63 years 291 days,,,,,Umpire,
Lihlumelo Jobela,June 9  2003  Kempton park ,14 years 303 days,Easterns Under-13s,,Right-hand bat,Right-arm medium,Curro,
Ryan Joffe,April 17  1975  Cape Town  Cape Province ,42 years 356 days,Western Province,,Right-hand bat,Right-arm fast-medium,,
Zhudi Johaar,September 29  1998 ,19 years 191 days,Boland Under-17s,,Right-hand bat,Right-arm medium,,
Jacobus Johannes Kotze,December 21  1974  Johannesburg ,43 years 108 days,South Africa Blind,,Right-hand bat,Right-arm medium,Yskas  Johan,
G Johannessie,date unknown ,,Transvaal (SACB),,,,,
A B E Johnson,date unknown ,,Border,,,,,
Brent Christopher Johnson,February 15  2000 ,18 years 52 days,Western Province Under-13s,,Right-hand bat,Right-arm offbreak,Wynberg Boys Junior,
Chad Johnson,March 29  1995 ,23 years 10 days,Western Province Under-17s,,Right-hand bat,,Elkannah House,
Charles Herbert Johnson,date unknown ,,Border,,,,Wicketkeeper,
Clement Lecky Johnson,March 31  1871  Carberry  Ireland ,,South Africa ,,Right-hand bat,Right-arm medium-fast,May 31  1908  Maraisburg  Transvaal (aged 37 years 61 days) ,
Johan Eckard Johnson,February 27  1971  Douglas  Cape Province ,,Griqualand West ,,Right-hand bat,Right-arm fast-medium,February 9  1996  Taung  North West (aged 24 years 347 days) ,
Keith Henry Johnson,August 10  1935  East London  Cape Province ,82 years 241 days,Border,,Right-hand bat,,Grandson - ,
Kenneth Harold Johnson,November 9  1923  Rondebosch  Cape Town  Cape Province ,94 years 150 days,Eastern Province,,Right-hand bat,,,
Peter Sydney Crispen Johnson,July 23  1911  Cape Town  Cape Province ,,Eastern Province,,,,June 23  1989  Durban  Natal (aged 77 years 335 days) ,
R Johnson,date unknown ,,Orange Free State,,,,,
Richard Johnson,August 29  1995  Bloemfontein ,22 years 222 days,St Andrew's School,,Right-hand bat,Legbreak,St Andrew's School,
Taahir Johnson,June 25  2002  Johannesburg ,15 years 287 days,Gauteng Under-13s,,Left-hand bat,Right-arm medium,Constantiakloof Primary School,
HMF Johnston,date unknown ,,,,,,Umpire,
James Edward Thomas Johnston,July 12  1989  Johannesburg  Transvaal ,28 years 270 days,Essex 2nd XI ,,Right-hand bat,Right-arm fast-medium,,
Mark O'Neill Johnston,April 11  1971  Pretoria  Transvaal ,46 years 362 days,Easterns ,,Right-hand bat,,Wicketkeeper,
Eric L Johnstone,July 30  1933  Pietermaritzberg  Natal ,84 years 252 days,Orange Free State,,Right-hand bat,,Wicketkeeper,
Talita Johson,date unknown ,,South Western Districts Women,,,,,
Athenkosi Joko,August 7  1992 ,25 years 244 days,Border Under-19s,,Right-hand bat,Right-arm medium-fast,,
Mawanade Mark Joko,November 25  1986  Middledrift  Eastern Cape ,31 years 134 days,Border,,Right-hand bat,,Wicketkeeper,
Anele Jonas,May 22  2001  Cape Town ,16 years 321 days,Boland Under-15s,,Right-hand bat,Right-arm medium,Western Cape Sport School,
G Jonas,date unknown ,,Orange Free State,,,,,
Joe Jonas,December 31  2000  Stellenbosch ,17 years 98 days,Glenwood High School,,Right-hand bat,,Glenwood High School,
Lesedi Jonas,October 21  2000 ,17 years 169 days,Prestige College,,Right-hand bat,,,
Siyanda Jonas,September 9  1988  Port Elizabeth  Cape Province ,29 years 211 days,Eastern Province Under-19s,,Right-hand bat,,Wicketkeeper,
T Jonas,date unknown ,,Eastern Province Women,,,,,
Brendon Jonathan,May 9  1979 ,38 years 334 days,,,,,Umpire,
Jones,date unknown ,,Northern Transvaal Country Districts,,,,,
A Jones,date unknown ,,Eastern Transvaal,,,,,
Colin Jones,March 11  1945  Johannesburg  Transvaal ,73 years 28 days,,,,,Umpire,
Charles Henry Kingsley Jones,May 31  1909  Johannesburg  Transvaal ,,Transvaal,,Right-hand bat,,January 31  1985  Winston Park  Gillitts  Natal (aged 75 years 245 days) ,
D Jones,date unknown ,,Eastern Province,,,,,
Evan Jones,August 5  1996  Pretoria ,21 years 246 days,Northerns Under-17s ,,Right-hand bat,Right-arm offbreak,Waterkloof High School,
Fraser Jones,June 14  2000 ,17 years 298 days,KwaZulu-Natal Inland Under-15s ,Bowler,Right-hand bat,Right-arm fast,,
Fraser Anthony Jones,June 14  2000 ,17 years 298 days,Gauteng Under-13s,,Right-hand bat,Right-arm medium,Ridge,
Gavin William Jones,March 17  1955  Boksburg  Transvaal ,,Northerns,,Right-hand bat,Right-arm medium,July 17  2002  Benoni  Gauteng (aged 47 years 122 days) ,
Moira Jones,1942 ,76 years,Natal Women ,,,,,
Michael G Jones,June 25  1947  Bloemfontein  Orange Free State ,70 years 287 days,Griqualand West ,,Right-hand bat,Right-arm fast-medium,,
R Jones,date unknown ,,Griqualand West,,,,,
Robbie Jones,February 29  2000 ,18 years,Border Under-15s,,Right-hand bat,Legbreak,Hudson Park,
Stephen Arthur Jones,April 14  1955  Cape Town  Cape Province ,62 years 359 days,Boland ,,Left-hand bat,Left-arm fast-medium,,
Christiaan Jonker,September 24  1986  Rustenburg ,31 years 196 days,Border ,Middle-order batsman,Right-hand bat,Right-arm medium-fast,,
L Jonker,date unknown ,,Pretoria High School Old Boys,,,,,
Bevan Francois Jonkers,June 10  1992  East London ,25 years 302 days,Border Under-11s ,,Right-hand bat,Right-arm medium-fast,,
Muhammad Jooma,date unknown ,,,,,,Umpire,
Nathan Jooste,June 15  2001 ,16 years 297 days,Northerns Under-15s,,Right-hand bat,Left-arm medium,Midstream College,
Zidane Joosub,September 9  1999 ,18 years 211 days,Northerns Under-17s,,Right-hand bat,Right-arm medium,,
Andrew Jordaan,date unknown ,,Eastern Province (SACB),,,,,
Alan Herbert Jordaan,July 22  1947  Pretoria  Transvaal ,70 years 260 days,Northerns,,Right-hand bat,Right-arm offbreak,,
Deon Jordaan,December 3  1970  Bloemfontein  Orange Free State ,47 years 126 days,Easterns ,,Left-hand bat,Right-arm medium,,
D Jordaan,date unknown ,,Eastern Province (SACB),,,,,
Ernst Jordaan,September 7  1998 ,19 years 213 days,Paarl Gymnasium,Allrounder,Right-hand bat,Right-arm offbreak,,
Gordon D Jordaan,date unknown ,,Eastern Province,,,,,
Herbert Bailey Jordaan,February 15  1914  Robben Island  Cape Province ,,Northerns ,,Right-hand bat,,April 30  1979  Pretoria  Transvaal (aged 65 years 74 days) ,
Hendrik Johannes Jordaan,October 16  1988  Pretoria  Transvaal ,29 years 174 days,Boland ,,Right-hand bat,Right-arm medium,,
Jan Adriaan Jordaan,October 18  1979  Vanderbijlpark  Transvaal ,38 years 172 days,Mpumalanga ,,Right-hand bat,Right-arm offbreak,Occasional wicketkeeper,
Justin Jovan Jordaan,January 9  1992  Oudtshoorn ,26 years 89 days,South Western Districts ,,Right-hand bat,Slow left-arm orthodox,,
Lucas Cornelius Rudolph Jordaan,July 20  1963  Johannesburg  Transvaal ,54 years 262 days,Eastern Transvaal ,,Right-hand bat,Slow left-arm orthodox,,
M Jordaan,date unknown ,,Eastern Province (SACB),,,,,
Peter Jordaan,February 7  1997 ,21 years 60 days,St Stithians College,,Right-hand bat,Right-arm medium,St Stithians Boys College,
Riaan Jordaan,March 1  1982  Paarl ,36 years 38 days,Free State,,Left-hand bat,Right-arm offbreak,,
Rhenier Jordaan,November 13  1989  Kempton Park ,28 years 146 days,Easterns Under-19s,,Left-hand bat,,,
Stiaan Jordaan,December 17  1995 ,22 years 112 days,Easterns Under-17s,,Left-hand bat,Right-arm offbreak,Hoerskool EG Jansen,
Brendan Jordan,November 24  1994  Port Elizabeth ,23 years 135 days,Framesby High School,,Right-hand bat,,Hoerskool Framesby,
Sidney Jordan,April 6  1923  Port Elizabeth  Cape Province ,95 years 2 days,Eastern Province,,,,,
Adrian Joseph,June 27  1999 ,18 years 285 days,Mpumalanga Under-13s,,Right-hand bat,Right-arm offbreak,Laerskool Kragbron,
Chamber Joseph,March 24  2001  Robertson ,17 years 15 days,Boland Under-15s,,Right-hand bat,Right-arm offbreak,Worcester Gymnasium,
Cameron Joseph,May 2  1998  Witbank ,19 years 341 days,Mpumalanga Under-15s,,Right-hand bat,Right-arm offbreak,Generaal Hertzog,
Giovanni Mario Joseph,June 13  1989  Kimberley  Cape Province ,28 years 299 days,Griqualand West Under-19s,,Right-hand bat,Right-arm medium,,
Katherine Joss,date unknown ,,Mpumalanga Women,,,,,
A Joubert,date unknown ,,North West Women,,,,,
Allouise Joubert,October 10  1989  Aliwal North ,28 years 180 days,KwaZulu-Natal Inland Women,Wicketkeeper,Right-hand bat,,,
Andreas Nicholaas Joubert,March 17  1989  Klerksdorp ,29 years 22 days,North West,,Right-hand bat,Right-arm medium,Klerksdorp Highschool,
Anton Richert Joubert,July 15  1949  Cape Town  Cape Province ,,South African Universities,,Right-hand bat,,Brother - ,
Clive Leon Joubert,July 31  1959  Port Elizabeth  Cape Province ,58 years 251 days,,,Right-hand bat,,Umpire,
Craig Paul Joubert,November 8  1977  Durban  KwaZulu-Natal ,40 years 151 days,,,,,Umpire,
Dewald Joubert,July 30  1993 ,24 years 252 days,North West University,,Right-hand bat,Right-arm offbreak,,
D F Joubert,date unknown ,,Eastern Province,,,,,
Francois Joubert,April 5  1999 ,19 years 3 days,Affies,Middle-order batsman,Right-hand bat,,,
Francois Joubert,February 14  2001  Parow ,17 years 53 days,Boland Under-15s,,Right-hand bat,Right-arm medium,Paul Roos Gymnasium,
Frank Edwards Joubert,May 9  1952  Bloemfontein  Orange Free State ,65 years 334 days,Northern Transvaal ,,Right-hand bat,Right-arm fast-medium,Brother - ,
Harold Joubert,December 1  1900  Graaff-Reinet  Cape Province ,,Eastern Province,,,,July 24  1938  Graaff-Reinet  Cape Province (aged 37 years 235 days) ,
Hendrik Johannes Joubert,May 15  1949  Bellville  Cape Province ,68 years 328 days,Boland,,,,,
L Joubert,date unknown ,,Gauteng Women,,,,,
Neill Joubert,December 29  2002  Springs ,15 years 100 days,Easterns Under-13s,,Right-hand bat,Slow left-arm orthodox,Selectionpark,
Pierre Joubert,May 2  1978  Pretoria  Transvaal ,39 years 341 days,Northern Transvaal ,,Right-hand bat,Right-arm fast-medium,,
Wehan Joubert,January 26  1995  Middelburg ,23 years 72 days,Mpumalanga Under-19s,,Left-hand bat,Legbreak,Generaal Hertzog,
Wayne Joubert,January 7  1999  Pretoria ,19 years 91 days,Centurion Hoerskool,,Right-hand bat,,Centurion Hoerskool,
A Joubett,date unknown ,,East Coast Women,,,,,
Ryan Joyce,January 10  2000 ,18 years 88 days,Easterns Under-13s,,Right-hand bat,Right-arm medium,Van Riebeeck park,
Stephen David Richard Joyce,May 15  1971  Salisbury (now Harare)  Rhodesia ,46 years 328 days,Eastern Transvaal,,Right-hand bat,Right-arm fast-medium,,
Yanela Jubase,date unknown ,,Kei Women,,,,,
C Julies,date unknown ,,,,,,Umpire,
Kurt Julius,date unknown ,,Boland Academy,,,,,
Merwin Julius,date unknown ,,,,,,Umpire,
R Julius,date unknown ,,Natal (SACB),,,,,
J Jullet,date unknown ,,,,,,Umpire,
Jeandré Ryan Jumat,January 29  1987  Stellenbosch  Cape Province ,31 years 69 days,Northerns ,,Left-hand bat,Right-arm medium-fast,,
Chumile Jumba,January 6  2001 ,17 years 92 days,Border Under-15s,,Left-hand bat,Left-arm medium,Selborne College,
Junaid Syed,June 22  1998 ,19 years 290 days,KwaZulu-Natal Under-15s,,Right-hand bat,,Northwood,
Neill Jurgensen,February 28  1957  Johannesburg  Transvaal ,61 years 39 days,Transvaal,,Right-hand bat,Right-arm medium,,
Fabian Mark Juries,February 28  1979  Grahamstown ,39 years 39 days,Springboks,,Right-hand bat,Right-arm medium,Mary Waters  Grahamstown,
Aidan Justus,June 25  1996 ,21 years 287 days,Easterns ,Wicketkeeper batsman,Right-hand bat,,CBC Boksburg,
Johannes Stefanus Justus,October 13  1962  Bellville  Cape Province ,55 years 177 days,Boland,,Right-hand bat,Right-arm medium,,
Kade Justus,January 12  2000 ,18 years 86 days,Easterns Under-13s,,Right-hand bat,,St Columbus,
Ashiq Juwair,April 17  1994 ,23 years 356 days,KwaZulu-Natal Inland Under-19s,,Right-hand bat,Legbreak,,
L Jordaan,date unknown ,,Border Women ,,,,,
Juan Paulse,February 21  2001  George ,17 years 46 days,,,Right-hand bat,Right-arm medium,York High,
Keegan Tezlyn Davids,August 4  1993  Pietermaritzburg ,24 years 247 days,,,,,,
Mbongeni Kaba,February 14  2000 ,18 years 53 days,Prestige College,,Right-hand bat,Right-arm fast,,
Thomas Phillip Kaber,June 14  1992  Pretoria  Transvaal ,25 years 298 days,Northerns ,Allrounder,Right-hand bat,Slow left-arm chinaman,Afrikaans Hoër Seuns,
Armin Kade,February 3  2000 ,18 years 64 days,South Western Districts Under-15s,,Right-hand bat,,,
A Kader,date unknown ,,Eastern Province (SACB),,,,,
T Kadi,date unknown ,,Eastern Province (SACB),,,,,
Hageena Kadjee,date unknown ,,KwaZulu-Natal Inland Women,,,,,
Ludwig Kaestner,June 19  2000 ,17 years 293 days,Northerns Under-15s,,Right-hand bat,Right-arm medium,,
Harry Michael Kahn,January 30  1908  Cape Town  Cape Province ,,Transvaal,,,,2005  South Africa (aged 96 years) ,
A Kala,date unknown ,,Kei Women,,,,,
Andrew Donald Kalis,November 22  1969  Cape Town  Cape Province ,48 years 137 days,Western Province,,Left-hand bat,,,
Jacques Henry Kallis,October 16  1975  Pinelands  Cape Town  Cape Province ,42 years 174 days,South Africa ,Allrounder,Right-hand bat,Right-arm fast-medium,,
F Kama,date unknown ,,Boland Women,,,,,
Stanton Isadore Kamalie,June 13  1978  Paarl ,39 years 299 days,,,,,Umpire,
Hamza Kana,December 19  2003  Kimberley ,14 years 110 days,Griqualand West Under-13s,,Right-hand bat,Right-arm offbreak,Newton Primary,
Dalton Kannemeyer,January 20  1993 ,25 years 78 days,Western Province Under-19s ,,,Right-arm medium,,
Quinton Kurt Kannemeyer,May 31  1984  Vredenburg  West Cape ,33 years 312 days,Boland,,Right-hand bat,Right-arm medium,Brother - ,
Thomas James Kannemeyer,October 21  1988  Vredenburg  Western Cape ,29 years 169 days,Boland,,Right-hand bat,Right-arm fast-medium,Brother - ,
Cecil James Kaplan,January 26  1909  Thaba Nchu  Orange Free State ,,Orange Free State,,Right-hand bat,,April 4  1972  Bloemfontein  Orange Free State (aged 63 years 69 days) ,
Gavin Kaplan,February 7  1998 ,20 years 60 days,Western Province Under-15s,Wicketkeeper,Right-hand bat,Right-arm offbreak,Rondebosch Boys High School,
Jack Maurice Kaplan,June 12  1925  Heidelberg  Transvaal ,,Natal,,Right-hand bat,,Wicketkeeper,
Anneke Kapp,date unknown ,,Eastern Province Women,,,,,
Damian Kapp,August 18  1997 ,20 years 233 days,Border Under-15s ,,Left-hand bat,Slow left-arm orthodox,Selborne College,
Marizanne Kapp,January 4  1990  Port Elizabeth  Cape Province ,28 years 94 days,Eastern Province Women ,Allrounder,Right-hand bat,Right-arm medium,Kabega PS  D.F Malherbe,
I Kara,date unknown ,,Transvaal (SACB),,,,,
M Kara,date unknown ,,Eastern Province (SACB),,,,,
Sheldon Karelse,date unknown ,,South Western Districts Under-13s,,,,,
Tyrese Karelse,November 5  2001 ,16 years 154 days,South Western Districts Under-15s,,Left-hand bat,Legbreak,,
Christoffel Johannes Karemaker,August 2  1982  Pietersburg  Transvaal ,35 years 249 days,Northerns ,,Right-hand bat,Right-arm medium-fast,,
Trevor Garth Karg,October 10  1951  Cradock  Cape Province ,66 years 180 days,Eastern Province,,Left-hand bat,,Wicketkeeper,
Ozayr Karodia,June 26  1998 ,19 years 286 days,Mpumalanga Under-15s,,Right-hand bat,Right-arm medium,,
R Karodia,date unknown ,,Natal (SACB),,,,,
Mogomat Ashraaf Karriem,November 21  1965  Cape Town  Cape Province ,52 years 138 days,,,,,Umpire,
Marius Johannes Karsten,December 26  1970  Pretoria  Transvaal ,47 years 103 days,Orange Free State,,Right-hand bat,Right-arm fast-medium,,
Brydon Karstens,March 5  1995 ,23 years 34 days,Western Province Under-17s,,Right-hand bat,,Fish Hoek H.S.,
Nathaniel Ronald Kaschula,March 22  1947  Komga  Cape Province ,71 years 17 days,Border,,Right-hand bat,Legbreak,,
H Kashaka,date unknown ,,Limpopo Women,,,,,
Eldred Gareth Kasner,September 2  1941  Paarl  Cape Province ,76 years 218 days,Boland,,Right-hand bat,Right-arm offbreak,,
Motlatso Kataka,July 1  1997  Bochum ,20 years 281 days,Limpopo Under-17s,,Right-hand bat,Right-arm medium-fast,,
Zakir Ahmed Kathrada,August 17  1991  Cape Town  Cape Province ,26 years 234 days,Griqualand West ,,Right-hand bat,,Wicketkeeper,
A Katts,date unknown ,,Western Province (SACB),,,,,
Gerald Aubrey Katz,February 9  1947  Pietermaritzberg  Natal ,71 years 58 days,Natal,,Right-hand bat,Legbreak,,
Graeme Anthony Katz,June 28  1963  Cape Town  Cape Province ,54 years 284 days,Eastern Province,,Left-hand bat,Left-arm medium,,
Gareth Sam Katz,July 4  1971  Pietermaritzberg  Natal ,46 years 278 days,Natal,,Left-hand bat,Left-arm fast,,
Myrna Katz,date unknown ,,South Africa Women,,,,,
Solly Joel Katz,October 13  1942  Port Elizabeth  Cape Province ,75 years 177 days,Eastern Province ,,Right-hand bat,,Wicketkeeper,
Elton Kaweng,date unknown ,,Griqualand West Under-13s,,,,,
Samrique Kayster,June 30  2003  Piketberg ,14 years 282 days,Boland Under-13s,,Left-hand bat,Right-arm fast,Steynville Primer,
Ronald Greenaway Keague,May 27  1935  Johannesburg  Transvaal ,82 years 316 days,Orange Free State,,Right-hand bat,Right-arm fast,,
Robert Harvey Kearsley,March 28  1880  Malmesbury  Cape Province ,,Orange Free State,,,,details unknown ,
Gavin Harold Keating,November 17  1943  Cape Town  Cape Province ,74 years 142 days,Griqualand West,,Right-hand bat,Right-arm offbreak,,
Keats,date unknown ,,Orange Free State,,,,,
Keats,date unknown ,,Orange Free State,,,,,
Derek Stewart Keech,October 10  1921  Wellington  New Zealand ,96 years 180 days,Northerns,,Left-hand bat,,,
Anthony Keen,April 4  1998 ,20 years 4 days,North West Under-17s,,Right-hand bat,Right-arm fast,,
Arthur Donald Keen,January 2  1916  Cape Town  Cape Province ,102 years 96 days,Western Province,,,,,
Orlein Keeno,February 23  2001 ,17 years 44 days,Free State Under-15s,,Right-hand bat,Right-arm medium,,
Nicholas Keevy,October 9  2002 ,15 years 181 days,Eastern Province Under-13s,,Right-hand bat,Legbreak,Grey Junior,
Stuart John Dean Keevy,April 5  1964  Port Elizabeth  Cape Province ,54 years 3 days,Eastern Province,,Right-hand bat,Right-arm offbreak,,
Arthur Walter Keightley-Smith,June 19  1911  Port Elizabeth  Cape Province ,,Transvaal,,Right-hand bat,Right-arm fast-medium,May 7  1993  Randburg  Transvaal (aged 81 years 322 days) ,
Yunus Keiller,March 8  1984  Johannesburg  Transvaal ,34 years 31 days,Gauteng ,,Right-hand bat,Right-arm medium-fast,,
Headley James Keith,October 25  1927  Dundee  Natal ,,South Africa ,,Left-hand bat,Slow left-arm orthodox,November 17  1997  Pennington  Natal (aged 70 years 23 days) ,
D Kekana,date unknown ,,Northerns Women,,,,,
Johny Kekana,March 12  1995 ,23 years 27 days,North West Under-17s,,Right-hand bat,Right-arm medium,HTS Potchefstroom,
Kgaogelo Kekana,July 12  1995 ,22 years 270 days,Northerns Under-17s,,Right-hand bat,Right-arm medium-fast,Tuks Sports School,
Mashadi Kekana,June 4  1998 ,19 years 308 days,Northerns Women,,Right-hand bat,Right-arm medium,,
Ompile Kekana,December 13  2003  Pretoria ,14 years 116 days,Northerns Under-13s,,Right-hand bat,Right-arm medium,Soshanguve,
Collin Roy Kelbrick,October 28  1951  Graaff-Reinet  Cape Province ,66 years 162 days,Eastern Province ,,Right-hand bat,Right-arm fast,,
Harold Edward Kelf,November 26  1916  Cape Town  Cape Province ,101 years 133 days,Griqualand West,,Left-hand bat,,,
A Kellerman,date unknown ,,Griqualand West,,,,Wicketkeeper,
Christian Kellerman,June 19  1984  Nelspruit ,33 years 293 days,Northerns,,Right-hand bat,Right-arm medium,,
Otto Blaine Kellner,September 14  1944  Ladybrand  Orange Free State ,73 years 206 days,Orange Free State,,Left-hand bat,Slow left-arm orthodox,,
Malcolm Norman Kellow,May 8  1961  Scottburgh  Natal ,56 years 335 days,Griqualand West,,Right-hand bat,Right-arm medium,Wicketkeeper,
Chase Kelly,January 19  2001 ,17 years 79 days,KwaZulu-Natal Under-15s,,Right-hand bat,Right-arm fast,Kearsney,
Henry James Collins Kelly,July 29  1898  Lady Frere  Cape Province ,,Border ,,,,July 1  1983  East London  Cape Province (aged 84 years 337 days) ,
Patrick Kelly,May 10  1965  Butterworth ,52 years 333 days,Border Country Districts,,Right-hand bat,Right-arm medium-fast,Ixopo High School,
Patrick Dermot Kelly,October 6  1901  Lady Frere  Cape Province ,,Eastern Province,,,,February 16  1966  Lady Frere  Cape Province (aged 64 years 133 days) ,
R Kelly,date unknown ,,Griqualand West,,,,,
R Kelly,date unknown ,,Natal Country Districts,,,,,
Aubrey Quinton Kemm,January 5  1908  Standerton  Transvaal ,,Orange Free State,,,,details unknown ,
Christopher Kemm,August 20  1998  Rustenburg ,19 years 231 days,North West Under-15s,,Right-hand bat,Right-arm fast,Rustenburg High School,
Ravin-Lee Kemmies,date unknown ,,South Western Districts Under-13s,,,,,
D Kemp,date unknown ,,Western Province (SACB),,,,,
Donald Vincent Kemp,June 17  1929  Cathcart  Cape Province ,,Border,,Right-hand bat,Right-arm medium,July 17  1981  Middelburg  Cape Province (aged 52 years 30 days) ,
John George Kemp,November 4  1914  Harrismith  Orange Free State ,103 years 155 days,Orange Free State,,,,,
John Miles Kemp,March 14  1928  Queenstown  Cape Province ,,Border,,Left-hand bat,Right-arm medium,Son - ,
Justin Miles Kemp,October 2  1977  Queenstown  Cape Province ,40 years 188 days,South Africa ,,Right-hand bat,Right-arm fast-medium,Grandfather - ,
John Wesley Kemp,October 28  1952  Queenstown  Cape Province ,65 years 162 days,Border,,Right-hand bat,Right-arm medium,Father - ,
N Kemp,date unknown ,,Transvaal (SACB) ,,,,Wicketkeeper,
N Kemp,date unknown ,,Eastern Province Women,,,,,
Raymond Theo de Villiers Kemp,September 13  1946  Queenstown  Cape Province ,71 years 207 days,Border,,Right-hand bat,Right-arm fast-medium,,
W Kemp,date unknown ,,Southern Cape,,,,,
Gustav Adolph Kempis,August 4  1865  Port Elizabeth  Cape Province ,,South Africa ,,Right-hand bat,Left-arm medium,May 19  1890  Chiloane Island  Mozambique (aged 24 years 288 days) ,
George Stephen Kempis,November 25  1871  Port Elizabeth  Cape Province ,,Transvaal,,,Right-arm bowler,March 17  1948  Scottburgh  Natal (aged 76 years 113 days) ,
Frederick Troffer Kendle,December 19  1877  Port Elizabeth  Cape Province ,,Eastern Province,,,,February 22  1933  Port Elizabeth  Cape Province  South Africa (aged 55 years 65 days) ,
Y Keneami,date unknown ,,Kei Women,,,,,
Archibald Benjamin Kennedy,December 31  1886  Vryburg  Cape Province ,,Transvaal,,,,April 30  1957  Somerset West  Cape Province (aged 70 years 120 days) ,
Arnold Combrinck Kennedy,January 16  1911  Wellington  Cape Province ,,Western Province,,Right-hand bat,Right-arm fast-medium,November 11  1993  South Africa (aged 82 years 299 days) ,
B Kennedy,date unknown ,,Pretoria University,,,,,
Jerry Kennedy,September 21  1938  Strand  Cape Province ,79 years 199 days,Boland,,Right-hand bat,Right-arm medium,,
Matthew James Kennedy,March 6  1991  Port Elizabeth  Cape Province ,27 years 33 days,Eastern Province ,,Right-hand bat,Right-arm fast,St. Dominic's Priory High School,
Kieran Kenny,date unknown ,,Western Province Under-17s,,,,,
Jon Carter Kent,May 7  1979  Cape Town  Cape Province ,38 years 336 days,Scotland ,,Right-hand bat,Right-arm medium-fast,,
Richard Kent,September 12  1950  Kokstad  Cape Province ,67 years 208 days,Border,,Right-hand bat,,,
Herbert Harold Keppler,August 14  1923  Pietermaritzberg  Natal ,,Natal,,Right-hand bat,,December 2  2003  Hillcrest  KwaZulu-Natal  South Africa (aged 80 years 110 days) ,
Mogamat Weshaam Keraan,June 4  1982  Cape Town ,35 years 308 days,Western Province,,Right-hand bat,Legbreak,,
Jack Colin Kerby,December 16  1935  Johannesburg  Transvaal ,82 years 113 days,Transvaal ,,Right-hand bat,Right-arm fast-medium,,
Stephen James Ker-Fox,May 28  1950  East London  Cape Province ,67 years 315 days,Border,,Right-hand bat,Right-arm fast-medium,,
Ricardo Wayne Kermis,July 7  1977  Paarl  Cape Province ,40 years 275 days,Boland,,Right-hand bat,Right-arm medium-fast,,
Bruce Kerr,May 3  1996  Johannesburg ,21 years 340 days,Westville Boys High School,,Right-hand bat,Right-arm fast,Westville Boys High School,
John F M Kerr,No Details Known ,,Transvaal,,,,,
Kevin John Kerr,September 11  1961  Airdrie  Lanarkshire  Scotland ,56 years 209 days,Transvaal ,,Right-hand bat,Right-arm offbreak,,
William Robert Kerr,April 23  1948  Johannesburg  Transvaal ,,Transvaal,,Right-hand bat,Left-arm medium,October 2  1998  Johannesburg  Transvaal (aged 50 years 162 days) ,
Brian Kershaw,February 3  2000 ,18 years 64 days,Free State Under-15s,,Left-hand bat,Left-arm medium,,
Brian Kershaw,February 3  2000  Free State ,18 years 64 days,Free State Under-17s,,Left-hand bat,Left-arm medium-fast,Grey College,
Nicholas Kershaw,August 4  1999 ,18 years 247 days,KwaZulu-Natal Under-13s,,Right-hand bat,Right-arm fast,Dphs,
Leslie Johan Kets,April 3  1959  Johannesburg  Transvaal ,59 years 5 days,Boland,,Right-hand bat,,Wicketkeeper,
Stephen Kettley,September 5  1997 ,20 years 215 days,Gauteng Under-15s,,Left-hand bat,Slow left-arm orthodox,Trinity House,
Dewald Keulder,March 9  1992  Western Cape ,26 years 30 days,Western Province Under-19s,,Right-hand bat,Right-arm medium-fast,,
Ian James Key,July 30  1954  East London  Cape Province ,63 years 252 days,Border,,Right-hand bat,Right-arm medium,,
Richard S Key,December 9  1945  Bloemfontein  Orange Free State ,72 years 120 days,Orange Free State,,Right-hand bat,Right-arm offbreak,,
Liphaphang Jimmy Kgamadi,October 7  1983  Klerksdorp ,34 years 183 days,North West,,Right-hand bat,Legbreak,,
Lerato Joel Kgoatle,September 9  1993  Mamelodi ,24 years 211 days,Northerns Under-19s,,Right-hand bat,Right-arm offbreak,Tamati,
Dineo Kgoete,date unknown ,,Mpumalanga Women,,,,,
I Kgomo,date unknown ,,,,,,Umpire,
L Kgosiemang,date unknown ,,Northerns Women,,,,,
T Kgosiemang,date unknown ,,North West Women,,,,,
Khaif Patel,May 14  2003 ,14 years 329 days,Limpopo Under-13s,,Right-hand bat,Legbreak,,
Ayabonga Khaka,July 18  1992 ,25 years 264 days,Border Women ,Bowler,Right-hand bat,Right-arm medium,,
Y Khamandi,date unknown ,,KwaZulu-Natal Academy XI,,,,,
Attie Khamola,October 14  1991 ,26 years 176 days,Free State,,Right-hand bat,Left-arm fast-medium,,
Asad Khan,July 15  1998  Pietermaritzburg ,19 years 267 days,KwaZulu-Natal Inland Under-15s,,Left-hand bat,Right-arm offbreak,Maritzburg College,
E Khan,date unknown ,,,,,,Umpire,
Ebrahim Khan,February 19  1992 ,26 years 48 days,KwaZulu-Natal Inland Under-19s,,Right-hand bat,Right-arm medium-fast,,
Faeez Khan,November 22  1980  Durban  Natal ,37 years 137 days,KwaZulu-Natal,,Left-hand bat,Left-arm medium,,
G Khan,date unknown ,,Western Province (SACB),,,,Wicketkeeper,
I Khan,date unknown ,,Transvaal (SACB),,,,Umpire,
Imraan Khan,January 21  1984  Klerksdorp ,34 years 77 days,North West,,Right-hand bat,Right-arm medium-fast,,
Imraan Khan,April 27  1984  Durban  Natal ,33 years 346 days,South Africa ,Batsman,Left-hand bat,Right-arm offbreak,,
J Khan,date unknown ,,Western Province (SACB),,,,,
MM Khan,date unknown ,,Natal (SACB),,,,,
Rustum Khan,date unknown ,,Transvaal (SACB),,,,,
Rashid Khan,date unknown ,,Natal (SACB),,,,,
Shaheen Khan,June 28  1987  Cape Town  Cape Province ,30 years 284 days,Cape Cobras ,,Right-hand bat,Right-arm medium-fast,,
Sheroze Khan,February 22  1998  Dundee ,20 years 45 days,KwaZulu-Natal Under-15s,,Right-hand bat,Right-arm fast,DHS,
V Khasu,date unknown ,,North West Women,,,,,
Sindiswa Kheni,date unknown ,,Central Women,,,,,
Tsediso Kheswa,April 4  2000  Sasolburg ,18 years 4 days,Free State Under-13s,,,,,
Tshediso Kheswa,April 4  2000  Free State ,18 years 4 days,Free State Under-17s,,Right-hand bat,Right-arm offbreak,Sasolburg High,
Lungelo Khoba,April 16  2002  Pretoria ,15 years 357 days,Northerns Under-13s,,Right-hand bat,Right-arm medium,Cornwall Hill College,
Moati Kholumo,date unknown ,,Free State Under-19s,,,,,
Simon Mosouenyane Khomari,October 10  1991  Bloemfontein ,26 years 180 days,Cape Cobras ,,Left-hand bat,Slow left-arm orthodox,,
I Khonyane,date unknown ,,Northerns Women,,,,,
M Khosa,date unknown ,,Limpopo Women,,,,,
Mohamed Naseer Khota,September 21  1953  Breyton  Transvaal ,,Transvaal (SACB),,,,Wicketkeeper,
Maximillian Khoza,June 26  1994  Witbank ,23 years 286 days,Mpumalanga Under-19s,,Right-hand bat,Left-arm medium-fast,Generaal Hertzog,
M Khoza,date unknown ,,Limpopo Women,,,,,
Masingita Khoza,date unknown ,,Easterns Women,,,,,
Nsovo Khoza,September 5  2000 ,17 years 215 days,Limpopo Under-13s,,Right-hand bat,Right-arm medium,Bombaleni,
Tlakusani Khoza,May 3  2003  Louis Trichardt ,14 years 340 days,Limpopo Under-13s,,Right-hand bat,Right-arm medium,Kings Cricket School,
Tom Rhulani Khoza,July 20  1987  Pretoria  Transvaal ,30 years 262 days,Northerns,,Right-hand bat,Right-arm offbreak,,
Vuyelwa Khoza,January 14  2002  Baberton ,16 years 84 days,Mpumalanga Under-13s,,Right-hand bat,Right-arm medium,Laerskool Middelburg,
Khuhle Khumalo,April 11  1999 ,18 years 362 days,KwaZulu-Natal Inland Under-13s,,Right-hand bat,Right-arm medium,Cordwalles Preparatory,
Mondli Khumalo,July 16  2001 ,16 years 266 days,KwaZulu-Natal Inland Under-15s,,Right-hand bat,Right-arm fast,,
Thamsanqa Khumalo,September 23  1999 ,18 years 197 days,KwaZulu-Natal Under-13s,,Left-hand bat,Right-arm offbreak,Ntuzuma,
Thulani Khumalo,April 23  2001 ,16 years 350 days,Easterns Under-15s,,Right-hand bat,Right-arm fast,JE Secondary,
Kurhula Khumbuza,September 16  2003  Limpopo ,14 years 204 days,Northerns Under-13s,,Right-hand bat,Right-arm medium,Soshanguve,
Athenkosi Khwitswana,February 28  1999  Port Elizabeth ,19 years 39 days,South Western Districts Under-19s,,Right-hand bat,Right-arm medium,Oakhill School,
William David Bennie Kidd,April 28  1931  Durban  Natal ,86 years 345 days,Transvaal,,Right-hand bat,,Wicketkeeper,
Arthur Bertram Kidson,July 5  1915  Cape Town  Cape Province ,,,,,,Umpire,
B Kidson,date unknown ,,,,,,Umpire,
Brian David Kidson,September 6  1953  Kimberley  Cape Province ,64 years 214 days,Griqualand West,,Right-hand bat,Right-arm offbreak,,
Hayward Cary Kidson,November 11  1925  Springfontein  Orange Free State ,,,,,,Umpire,
Ian Michael Kidson,October 4  1963  Kimberley  Cape Province ,54 years 186 days,Griqualand West,,Right-hand bat,Right-arm fast-medium,,
Wilfrid Laurier Kidson,March 13  1907  King William's Town  Cape Province ,,Border,,,Right-arm fast-medium,May 2  1986  Florida  Roodepoort  Transvaal (aged 79 years 50 days) ,
Errol Wayne Kidwell,June 6  1975  Vereeniging  Transvaal ,42 years 306 days,Gauteng ,,Right-hand bat,Right-arm fast,,
Sidney Kiel,July 18  1916  Vrede  Orange Free State ,,Western Province,,,,July 19  2007  Sea Point  Cape Town (aged 91 years 1 days) ,
D Kierk,date unknown ,,Boland Women,,,,,
Jongile Joseph Kilani,August 21  1993  Krugersdorp  West Rand  Gauteng ,24 years 230 days,Border ,,Right-hand bat,,Wicketkeeper,
Deon Thomas Kilian,December 15  1948  Mossel Bay  Cape Province ,69 years 114 days,Eastern Province,,Right-hand bat,Right-arm fast-medium,,
Leonard Killeen,April 29  1992 ,25 years 344 days,Border Under-19s,,Right-hand bat,Right-arm medium-fast,,
Heinrich Killian,date unknown ,,,,,,Umpire,
Idris Thomas Killick,June 17  1920  Neath  South Wales  United Kingdom ,,,,,,Umpire,
Ashlyn Petro Carlyle Kilowan,December 19  1982  Paarl ,35 years 110 days,Africa Women XI ,,Left-hand bat,Left-arm medium,,
Sydney Ronald Kimber,January 9  1924  Germiston  Transvaal ,94 years 89 days,Transvaal,,Right-hand bat,,,
F Kimmie,date unknown ,,Transvaal (SACB),,,,,
Albert Charles King,December 24  1878  Greyville  Durban  Natal ,,Natal,,,,Umpire,
Alwyn Cuan King,June 29  1954  Grahamstown  Cape Province ,63 years 283 days,Eastern Province,,Right-hand bat,Right-arm fast,,
Alan Rolfe King,April 8  1929  Grahamstown  Cape Province ,89 years 0 days,Natal,,,,,
Ashley Rodney King,September 18  1963  Queenstown  Cape Province ,54 years 202 days,Eastern Province Country Districts,,Right-hand bat,,,
Albert Walter King,September 29  1880  Mutford  Suffolk  England ,,Orange Free State,,,,September 27  1958  Kloof  Natal (aged 77 years 363 days) ,
Calvin King,September 2  1999  Welkom ,18 years 218 days,,,Right-hand bat,,ST Andrews School,
C W King,date unknown ,,Border,,,,,
D King,date unknown ,,Natal Country Districts,,,,,
Derek Brenan Gordon King,August 8  1927  Kokstad  Cape Province ,90 years 243 days,Natal,,Right-hand bat,,,
Greg Allen King,August 7  1973  Johannesburg  Transvaal ,44 years 244 days,Border,,Right-hand bat,,,
Guy Denham King,April 3  1926  Kokstad  Cape Province ,,Natal,,,,May 6  1967  Durban  Natal (aged 41 years 33 days) ,
Graham Laird King,December 18  1943  Komga  Cape Province ,,,,,,Umpire,
G R King,date unknown ,,Natal Country Districts,,,,,
Josh King,February 3  1997 ,21 years 64 days,KwaZulu-Natal Inland Under-17s,,Left-hand bat,Right-arm medium,Carter High School,
Mark Chris Kingham,February 15  1993  Kempton Park  Gauteng ,25 years 52 days,Easterns Under-19s,,Right-hand bat,,,
Neil Charles Kinkead-Weekes,June 10  1957  Cape Town  Cape Province ,60 years 302 days,,,,,Umpire,
Neil Charles Kinkead-Weekes,June 10  1957  Cape Town  Cape Province ,60 years 302 days,,,,,Umpire,
Peter Howard Kinsley,October 2  1938  Pietermaritzberg  Natal ,79 years 188 days,Transvaal,,Right-hand bat,,,
Sven Kip,June 18  1970  Johannesburg  Transvaal ,47 years 294 days,North West ,,Right-hand bat,,Wicketkeeper,
Ian Edward Farquhar Kirby,October 23  1922  Hopetown  Cape Provjnce ,95 years 167 days,Orange Free State,,,,Wicketkeeper,
Maryka Kirchoff,November 2  1990  East London  Cape Province ,27 years 157 days,Border Women ,Middle-order batsman,Right-hand bat,Right-arm offbreak,,
Gavin Martin Kirk,July 25  1959  Durban  Natal ,58 years 257 days,,,,,Umpire,
Michaela Louise Kirk,June 30  1999  Johannesburg  Transvaal ,18 years 282 days,Northerns Women,,Right-hand bat,Right-arm offbreak,,
K Kirkby,date unknown ,,Western Province Cricket Club,,,,,
Matthew Kirkham,July 3  1997 ,20 years 279 days,KwaZulu-Natal Under-15s,,Right-hand bat,Right-arm offbreak,Glenwood High,
William Kirsh,November 17  1960  Johannesburg  Transvaal ,57 years 142 days,Northern Transvaal ,,Right-hand bat,Right-arm medium,Uncle - ,
Isaac Kirsner,September 15  1913  Port Elizabeth  Cape Province ,,Orange Free State,,,,Wicketkeeper,
Andrew Michael Kirsten,December 21  1963  East London  Cape Province ,54 years 108 days,Western Province,,Right-hand bat,Right-arm offbreak,Father - ,
Craig Michael Kirsten,January 6  1994  Pretoria  Gauteng ,24 years 92 days,KwaZulu-Natal ,,Right-hand bat,Right-arm fast-medium,,
Gary Kirsten,November 23  1967  Cape Town  Cape Province ,50 years 136 days,South Africa ,,Left-hand bat,Right-arm offbreak,Father - ,
Noel Kirsten,December 27  1925  King William's Town  Cape Province ,,Border,,Right-hand bat,,Son - ,
Odine Kirsten,July 28  1994  Johannesburg ,23 years 254 days,Easterns Women ,Allrounder,Right-hand bat,Right-arm medium,,
Paul Kirsten,October 30  1969  Cape Town  Cape Province ,48 years 160 days,Border ,,Right-hand bat,,Father - ,
Peter Noel Kirsten,May 14  1955  Pietermaritzburg  Natal ,62 years 329 days,South Africa ,,Right-hand bat,Right-arm offbreak,Father - ,
S Kirsten,date unknown ,,,,,,Umpire,
Willem Ferdinand Kirsten,September 28  1964  Pietersburg  Transvaal ,53 years 192 days,Northern Transvaal Country Districts XI,,Right-hand bat,Right-arm medium-fast,,
Cecil Henry Kirton,March 9  1923  King William's Town  Cape Province ,,Border ,,Right-hand bat,,Brother - ,
Keith Norman Kirton,February 28  1928  King William's Town  Cape Province ,,Border ,,Right-hand bat,,Brother - ,
Kushen Roshen Kishun,July 10  1991 ,26 years 272 days,KwaZulu-Natal ,,Right-hand bat,Legbreak,,
Aleeshen Kisten,April 8  1981  Durban  Natal ,37 years 0 days,KwaZulu-Natal,,Right-hand bat,Right-arm offbreak,,
C Kisten,date unknown ,,Eastern Province (SACB),,,,,
R Kisten,date unknown ,,Eastern Province (SACB),,,,,
V Kistnasamy,date unknown ,,Natal (SACB),,,,,
E Kitching,date unknown ,,Southern Cape,,,,,
Sello Valintine Kitime,April 19  2003  Potchefstroom ,14 years 354 days,North West Under-13s,,Right-hand bat,Right-arm medium,Saints Potchefstroom,
Anoxolo Kitshini,January 12  2002  George ,16 years 86 days,South Western Districts Under-13s,,Right-hand bat,Right-arm medium,Tyholora Primary,
T Kitsman,date unknown ,,KwaZulu-Natal Under-19s,,,,,
Heinrich Klaasen,July 30  1991  Pretoria  Transvaal ,26 years 252 days,South Africa ,Wicketkeeper batsman,Right-hand bat,,Wicketkeeper,
K Klaaste,date unknown ,,Griqualand West Women ,,,,,
Masabata Marie Klaas,February 3  1991  Botshabelo ,27 years 64 days,Central Women ,Bowler,Right-hand bat,Right-arm medium,,
Handre Klazinge,July 30  1999  Namibia ,18 years 252 days,Namibia Under-15s,,Right-hand bat,Right-arm fast,Vooruit  Windhoek,
Ryan Klein,June 15  1997  Panorama Medi Clinic  Cape Town ,20 years 297 days,Rondebosch Boys High School ,,Right-hand bat,Right-arm medium-fast,Rondebosch Boys High School,
Terry-Lee Kleinhans,date unknown ,,Mpumalanga Women,,,,,
Jonothan Kleinscmidt,September 22  1999 ,18 years 198 days,North West Under-13s,,Right-hand bat,Right-arm medium,Thornhill,
John Kleinveldt,date unknown ,,Transvaal (SACB) ,,,Right-arm medium,Son - ,
Rory Keith Kleinveldt,March 15  1983  Cape Town  Cape Province ,35 years 24 days,South Africa ,Bowler,Right-hand bat,Right-arm fast-medium,Uncle - ,
Robert Emil Leonard Klemp,October 10  1904  Stutterheim  Cape Province ,,Griqualand West,,,,November 22  1971  Kimberley  Cape Province (aged 67 years 43 days) ,
Patricia Klesser,date unknown ,,Northern Transvaal Women ,,,,,
John Edward Klette,February 8  1949  Cape Town  Cape Province ,69 years 59 days,Transvaal ,,Left-hand bat,,,
Denver Kleu,April 28  1997 ,20 years 345 days,Eastern Province Under-15s,,Right-hand bat,Slow left-arm orthodox,Daniel Pienaar Technical High School,
Joshua Kleu,February 7  1998 ,20 years 60 days,South Western Districts Under-15s,,Right-hand bat,Right-arm medium-fast,Glenwood House School,
Philip Kleynhans,April 15  1998 ,19 years 358 days,Western Province Under-17s,,Right-hand bat,Right-arm medium,,
Dieter Klein,October 31  1988  Lichtenburg  North West Province ,29 years 159 days,Lions ,,Right-hand bat,Left-arm medium-fast,,
Christoffel P Klijnhans,February 9  2000 ,18 years 58 days,Griqualand West Under-13s,,Left-hand bat,Left-arm medium,Newton Primary,
CP Klijnhans,February 9  2000  Free State ,18 years 58 days,Free State Under-17s,,Left-hand bat,Legbreak,Grey College,
Frederick Gordon Klinck,1865  Port Elizabeth  Cape Province ,,Transvaal,,Left-hand bat,Right-arm bowler,August 11  1893  Doornfontein  Johannesburg  Transvaal (aged 28 years) ,
A Klingenberg,date unknown ,,Mpumalanga Women,,,,,
Andries Marthinus Louis Klopper,January 10  1955  Queenstown  Cape Province ,63 years 88 days,Orange Free State,,Right-hand bat,Right-arm offbreak,,
Eugene du Pre Klopper,November 30  1958  Johannesburg  Transvaal ,59 years 129 days,Northerns,,Right-hand bat,Right-arm fast-medium,,
