William Greenstock,January 15  1865  Keiskammahoek  Cape Province  South Africa ,,Cambridge University ,,Right-hand bat,Right-arm offbreak,Brother-in-law - ,
Greenstreet,date unknown ,,Kent XI,,,,,
Stephen Greensword,September 6  1943  Gateshead  Co Durham ,74 years 214 days,Leicestershire ,,Right-hand bat,Right-arm medium,,
Cleveland Edmund Greenway,October 29  1864  Paraguay ,,Somerset,,Right-hand bat,,June 17  1934  West Wickham  Kent (aged 69 years 231 days) ,
Charles Howard Greenway,1862 ,,Gloucestershire,,,(unknown arm) fast-medium,March 19  1949  St Pancras  London (aged 87 years) ,
Lydia Sophie Greenway,August 6  1985  Farnborough  Kent ,32 years 245 days,England Women,,Left-hand bat,Right-arm offbreak,,
William Whitmore Greenway,date unknown ,,Cambridge University,,,,May 28  1868  Mount Bosworth  Leicestershire ,
Ross Liam Greenwell,September 19  1998  Newcastle upon Tyne  Northumberland ,19 years 201 days,Durham 2nd XI,,Right-hand bat,Right-arm fast-medium,,
Andrew Greenwood,August 20  1847  Cowmes  Huddersfield  Yorkshire ,,England ,,Right-hand bat,,February 12  1889  Huddersfield  Yorkshire (aged 41 years 176 days) ,
Charles William Greenwood,July 23  1847  Kensington  London ,,Marylebone Cricket Club,,,,September 14  1907  Westgate-on-Sea  Kent (aged 60 years 53 days) ,
Edward Greenwood,January 19  1845  St John's Wood  London ,,Kent,,,,January 25  1899  Smithwood House  Smithwood Common  Cranleigh  Surrey (aged 54 years 6 days) ,
Frank Edwards Greenwood,September 28  1905  Birkby  Huddersfield  Yorkshire ,,Yorkshire,,Right-hand bat,Right-arm medium,July 30  1963  Lindley  Huddersfield  Yorkshire (aged 57 years 305 days) ,
Granville George Greenwood,January 3  1850  Kensington  London ,,Hampshire,,,,October 27  1928  Notting Hill  Kensington  London (aged 78 years 298 days) ,
Henry William Greenwood,September 4  1909  East Preston  Sussex ,,Northamptonshire ,,Right-hand bat,Right-arm slow,Wicketkeeper,
John Greenwood,July 24  1800  Tunbridge Wells  Kent ,,Cambridge University,,,,February 12  1871  Pimlico  Westminster  London (aged 70 years 203 days) ,
James Greenwood,1806 ,,Hampshire,,,,September 26  1870  Great Marlow  Buckinghamshire (aged 64 years) ,
John Frederick Greenwood,March 10  1851  Epsom  Surrey ,,Surrey,,Right-hand bat,Right-arm medium,August 31  1935  Lewes  Sussex (aged 84 years 174 days) ,
Julia M Greenwood,February 1951  Dewsbury  Yorkshire ,67 years,England Women ,,,,,
James Murray Greenwood,March 20  1985  Hammersmith ,33 years 19 days,Cambridge University,,Right-hand bat,Right-arm medium-fast,,
Luke Greenwood,July 13  1834  Cowmes  Huddersfield  Yorkshire ,,Yorkshire,,Right-hand bat,Right-arm fast (roundarm),Umpire,
Leonard Warwick Greenwood,March 25  1899  Toxteth Park  Liverpool  Lancashire ,,Oxford University ,,Right-hand bat,,July 20  1982  Astley  Stourport  Worcestershire (aged 83 years 117 days) ,
Mona Greenwood,date unknown ,,England Women ,,,,Mona Bradbury,
Matt Greenwood,September 1  1992 ,25 years 219 days,Kent 2nd XI ,,Right-hand bat,Right-arm medium,,
Peter Greenwood,September 11  1924  Todmorden  Yorkshire ,93 years 209 days,Lancashire,,Right-hand bat,Right-arm medium-fast  Right-arm offbreak,,
P Greenwood,date unknown ,,,,,,Umpire,
William Greenwood,April 10  1798 ,,Hampshire,,,,June 9  1872  Brookland Park  Kent (aged 74 years 60 days) ,
Christopher Herbert Millington Greetham,August 28  1936  Wargrave  Berkshire ,,Devon ,,Right-hand bat,Right-arm medium,March 13  2017 (aged 80 years 197 days) ,
David James Greetham,July 10  1975  Liss  Hampshire ,42 years 272 days,Hampshire Cricket Board,,Right-hand bat,Right-arm medium-fast,,
Thomas Gregg,November 18  1859  Wilford  Nottinghamshire ,,Gloucestershire ,,Right-hand bat,Right-arm fast,March 25  1938  Gotham  Nottinghamshire (aged 78 years 127 days) ,
Gregory,date unknown ,,Brighton,,,,,
Benjamin Bridge Gregory,October 6  1863  Eastwood  Nottinghamshire ,,Nottinghamshire,,,Right-arm medium,January 27  1951  Kilton  Worksop  Nottinghamshire (aged 87 years 113 days) ,
Callum James William Gregory,February 14  1997  Reading  Berkshire ,21 years 53 days,Berkshire ,,Right-hand bat,Right-arm medium-fast,Maiden Erlegh School,
Dove Gregory,February 9  1837  Sutton-in-Ashfield  Nottinghamshire ,,Derbyshire,,Right-hand bat,Right-arm fast (roundarm),real name Gregory Dove,
Daren Gregory,date unknown ,,,,,,Umpire,
GB Gregory,date unknown ,,,,,,Umpire,
George Robert Gregory,August 27  1878  Pilsley  Derbyshire ,,Derbyshire,,Right-hand bat,Legbreak,November 28  1958  Scarborough  Yorkshire (aged 80 years 93 days) ,
Henry Vernon Gregory,January 18  1936  Manchester  Lancashire ,82 years 80 days,Sussex,,Right-hand bat,Legbreak,,
John Constable Gregory,August 17  1842  Marylebone  London ,,Middlesex ,,Right-hand bat,,June 28  1894  Weymouth  Dorset (aged 51 years 315 days) ,
John Thomas Gregory,April 22  1887  Eckington  Chesterfield  Derbyshire ,,Hampshire,,Left-hand bat,Slow left-arm orthodox,November 27  1914  near Zonnebeke  Belgium (aged 27 years 219 days) ,
Lewis Gregory,May 24  1992  Plymouth ,25 years 319 days,Devon ,,Right-hand bat,Right-arm fast-medium,,
NP Gregory,date unknown ,,Gloucestershire 2nd XI,,,,,
Robert James Gregory,August 26  1902  Selsdon  Surrey ,,Surrey,,Right-hand bat,Legbreak,October 6  1973  Wandsworth  London (aged 71 years 41 days) ,
RR Gregory,date unknown ,,,,,,Umpire,
Simon Mark Gregory,April 25  1990  Shrewsbury  Shropshire ,27 years 348 days,Shropshire,,Right-hand bat,,Wicketkeeper,
Matthew Gregson,October 23  1994  Shrewsbury  Shropshire ,23 years 167 days,Shropshire,,Left-hand bat,Legbreak,,
William Russell Gregson,August 5  1877  Kelvin  Glasgow  Lanarkshire  Scotland ,,Lancashire,,Right-hand bat,Right-arm fast,June 18  1963  Lancaster Moor  Lancashire (aged 85 years 317 days) ,
Anthony William Greig,October 6  1946  Queenstown  Cape Province  South Africa ,,England ,,Right-hand bat,Right-arm medium  Right-arm offbreak,Brother - ,
Geoffrey George Fenner Greig,August 15  1897  Southwold  Suffolk ,,Oxford University ,,Right-hand bat,Right-arm fast,October 24  1960  Ewhurst  Surrey (aged 63 years 70 days) ,
Ian Alexander Greig,December 8  1955  Queenstown  Cape Province  South Africa ,62 years 121 days,England ,,Right-hand bat,Right-arm medium,Brother - ,
John Glennie Greig,October 24  1871  Mhow  India ,,Europeans (India) ,,Right-hand bat,Right-arm slow,May 24  1958  Milford-on-Sea  Hampshire (aged 86 years 212 days) ,
P Greishaber,date unknown ,,Wiltshire,,,,,
Grenway,date unknown ,,Hampshire,,,,,
Francis Henry Gresson,February 18  1868  Worthing  Sussex ,,Oxford University ,,Left-hand bat,Left-arm fast-medium,Uncle - ,
Ernest Arthur Greswell,June 8  1885  Cuddalore  Madras  India ,,Somerset,,Right-hand bat,Right-arm slow,Brother - ,
William Territt Greswell,October 15  1889  Cuddalore  Madras  India ,,Ceylon ,,Right-hand bat,Right-arm slow-medium,Brother - ,
Robert Gordon Grevett,November 24  1914  Eastbourne  Sussex ,,Sussex,,Right-hand bat,Right-arm offbreak,March 5  2004  Chertsey  Surrey (aged 89 years 102 days) ,
William Sydney Gordon Grevett,October 25  1892  Eastbourne  Sussex ,,Sussex,,,,July 26  1967  Eastbourne  Sussex (aged 74 years 274 days) ,
Algernon Frederick Greville,December 29  1798 ,,Hampshire ,,,,Great-grandson - ,
Charles Cavendish Fulke Greville,April 2  1794 ,,Marylebone Cricket Club,,,,January 17  1865  Mayfair  Westminster  London (aged 70 years 290 days) ,
George Grewcock,May 16  1862  Barwell  Leicestershire ,,Leicestershire,,Left-hand bat,Left-arm fast-medium,August 15  1922  Toxteth Park  Liverpool  Lancashire (aged 60 years 91 days) ,
Paul L Grewer,date unknown ,,Woodhouse Grange,,,,,
Liam B Grey,date unknown ,,Lancashire 2nd XI,,,,,
Simon Peter Greyvensteyn,August 13  1980  Salisbury  Rhodesia ,37 years 238 days,Bedfordshire,,Right-hand bat,Right-arm medium-fast,,
Adam John Gribble,May 2  1973  Devon ,44 years 341 days,Devon,,Right-hand bat,Right-arm slow,,
Herbert Willis Reginald Gribble,December 23  1860  Clifton  Bristol ,,Gloucestershire,,Right-hand bat,,June 12  1943  Teddington  Middlesex (aged 82 years 171 days) ,
Mark H Gribble,date unknown ,,Cornwall,,,,,
Mark Richard Gribble,July 30  1969  Bovey Tracey  Devon ,48 years 252 days,Devon,,Right-hand bat,Right-arm fast-medium,University of East Anglia,
Howard Charles Grice,November 2  1985  Ascot  Berkshire ,32 years 157 days,Hampshire 2nd XI ,,Right-hand bat,,,
Hannah Marie Grice,September 7  1987  Truro  Cornwall ,30 years 213 days,Cornwall Women,,,,,
Henry Grierson,August 26  1891  Chertsey  Surrey ,,Cambridge University,,,Left-arm medium,January 29  1972  Sunbury-on-Thames  Middlesex (aged 80 years 156 days) ,
Patrick James Grieshaber,November 24  1996  Bath  Somerset ,21 years 135 days,Gloucestershire ,,Right-hand bat,,Sheldon School  Chippenham,
Basil Arthur Firebrace Grieve,May 28  1864  Kilburn  Middlesex ,,England,,Right-hand bat,Right-arm medium-fast,Harrow School,
Charles Frederick Grieve,October 1  1913  Manila  Philippines ,,Oxford University,,Right-hand bat,,June 1  2000  Ludlow  Shropshire (aged 86 years 244 days) ,
Kenneth James Grieves,August 27  1925  Burwood  Sydney  New South Wales ,,Lancashire ,,Right-hand bat,Legbreak googly,January 3  1992  Rawtenstall  Lancashire  England (aged 66 years 129 days) ,
Andrew Declan Griffin,January 9  1972  Hammersmith  London ,46 years 89 days,Hertfordshire,,Right-hand bat,,Wicketkeeper,
Arthur Wilfrid Michael Stewart Griffin,February 19  1887  Iquique  Chile ,,Cambridge University ,,Right-hand bat,Right-arm fast-medium,Eton College; Cambridge University,
Ben Jai Griffin,November 13  2000  Solihull  Warwickshire ,17 years 146 days,Warwickshire 2nd XI,Wicketkeeper,Right-hand bat,,,
CRD Griffin,date unknown ,,Eton College,,,,,
Gerard Sandiforth Featherstone Griffin,August 18  1882  Shepherd's Bush  London ,,Middlesex,,Right-hand bat,,December 28  1950  Hyde Heath  Buckinghamshire (aged 68 years 132 days) ,
Harry Griffin,April 21  1873  Glastonbury  Somerset ,,Somerset,,Left-hand bat,Slow left-arm orthodox,September 26  1938  Bristol (aged 65 years 158 days) ,
Tyler Griffin,date unknown ,,Kent 2nd XI ,,,,,
Cordelia Lauren Griffith,September 19  1995  Islington  London ,22 years 201 days,England Academy Women ,,Right-hand bat,Right-arm fast-medium,Father - ,
Frank Alexander Griffith,August 15  1968  Whipps Cross  Leytonstone  Essex ,49 years 236 days,Cambridgeshire ,,Right-hand bat,Right-arm medium,Daughter - ,
George Griffith,December 20  1833  Ripley  Surrey ,,Surrey,,Left-hand bat,Left-arm fast (roundarm)  Slow left-arm orthodox (underarm),May 3  1879  Stoke-next-Guildford  Surrey (aged 45 years 134 days) ,
George Hugh Clarence Griffith,August 21  1929  New Orleans  St Michael  Barbados ,88 years 230 days,Cambridge University,,Right-hand bat,Legbreak,Father - ,
Kevin Griffith,January 17  1950  Warrington  Lancashire ,68 years 81 days,Worcestershire,,Right-hand bat,Right-arm offbreak,,
Mike Grenville Griffith,November 25  1943  Beaconsfield  Buckinghamshire ,74 years 134 days,Cambridge University ,,Right-hand bat,,Wicketkeeper,
Stewart Cathie Griffith,June 16  1914  Wandsworth  London ,,England ,,Right-hand bat,,Administrator,
Alan Griffiths,September 18  1957  Newcastle-under-Lyme  Staffordshire ,60 years 202 days,Minor Counties ,,Right-hand bat,,Wicketkeeper,
Alex Griffiths,September 6  1993  Bridgend ,24 years 214 days,Wales Minor Counties,,Right-hand bat,Right-arm medium,,
Anthony Creston Griffiths,January 14  1973  Heswall ,45 years 84 days,Devon,,Right-hand bat,,,
Adrian David Griffiths,November 27  1959  Carmarthen  Wales ,58 years 132 days,Wales Minor Counties,,Right-hand bat,Right-arm fast-medium,,
Algernon Sydney Griffiths,May 23  1847  Marylebone  London ,,Middlesex,,Right-hand bat,,Brother - ,
Brian James Griffiths,June 13  1949  Wellingborough  Northamptonshire ,68 years 299 days,Northamptonshire,,Right-hand bat,Right-arm medium,,
Colin Griffiths,December 9  1930  Upminster  Essex ,,Essex,,Right-hand bat,Right-arm medium,September 14  2004  Princes Risborough  Buckinghamshire (aged 73 years 280 days) ,
C Griffiths,date unknown ,,England Academy Women,,,,,
Christopher James Griffiths,November 20  1971  Bradford  Yorkshire ,46 years 139 days,Leicestershire Cricket Board,,Right-hand bat,Right-arm medium,,
Charlie Thomas Griffiths,May 2  1988  Worcester ,29 years 341 days,Herefordshire,,Right-hand bat,Slow left-arm orthodox,,
D Griffiths,date unknown ,,Gloucestershire 2nd XI,,,,,
David Andrew Griffiths,September 10  1985  Newport  Isle of Wight ,32 years 210 days,Hampshire ,,Left-hand bat,Right-arm fast,Sandown High School,
Edward Llewellyn Griffiths,March 17  1862  Winchcombe  Gloucestershire ,,Gloucestershire,,Right-hand bat,,April 20  1893  Bishop's Cleeve Grange  Cheltenham  Gloucestershire (aged 31 years 34 days) ,
Gordon Craven Griffiths,June 19  1905  King's Norton  Worcestershire ,,Worcestershire,,Right-hand bat,,Wicketkeeper,
Gavin Timothy Griffiths,November 19  1993  Ormskirk  Lancashire ,24 years 140 days,England Under-19s ,,Right-hand bat,Right-arm fast-medium,St Michael's Church of England High School  Chorley; St Mary's College  Crosby,
Herbert Tyrrell Griffiths,August 10  1853  Ryde  Isle of Wight ,,Marylebone Cricket Club,,Right-hand bat,,Brother - ,
John Thomas Griffiths,January 27  1863  Long Eaton  Derbyshire ,,Nottinghamshire,,,,birth registered as James Griffiths,
John Vesey Claude Griffiths,January 19  1931  Lee  London ,,Gloucestershire,,Left-hand bat,Slow left-arm orthodox,February 18  1982  Wedmore  Somerset (aged 51 years 30 days) ,
Lauren Patricia Griffiths,February 14  1987  Chester  Cheshire ,31 years 53 days,Cheshire Women ,Wicketkeeper,Right-hand bat,,Wicketkeeper,
Michael Jamie Griffiths,May 12  1987  Wrexham ,30 years 331 days,Wales Minor Counties,,Right-hand bat,Right-arm medium,,
Oliver Mark Griffiths,December 7  1985  Stafford ,32 years 122 days,Herefordshire,,Left-hand bat,Right-arm offbreak,,
Paul Griffiths,September 14  1975  Wolverhampton  Staffordshire ,42 years 206 days,Leicestershire,,Right-hand bat,Right-arm medium-fast,,
Peter David Griffiths,July 13  1961  Bulawayo  Rhodesia ,56 years 269 days,Cambridge University,,Right-hand bat,Slow left-arm orthodox,,
Paul John Griffiths,April 26  1979  Solihull  Warwickshire ,38 years 347 days,Warwickshire 2nd XI ,,Right-hand bat,Right-arm offbreak,,
Sam Griffiths,October 13  1990  Shrewsbury ,27 years 177 days,Shropshire,,Right-hand bat,Right-arm fast-medium,,
Steven Paul Griffiths,May 31  1973  Hereford ,44 years 312 days,Derbyshire,,Right-hand bat,,Wicketkeeper,
Shirley Spencer Griffiths,July 11  1930  Marley Vale  Christ Church  Barbados ,,Warwickshire,,Right-hand bat,Right-arm fast,2015 (aged 84 years) ,
Sean William Griffiths,May 16  1995  Neath ,22 years 327 days,Cardiff MCCU ,,Right-hand bat,Right-arm medium,,
William Hugh Griffiths,September 26  1923  Marylebone  London ,,Cambridge University ,,Right-hand bat,Right-arm fast-medium,Right Honourable Lord Justice Griffiths,
Zoe Griffiths,date unknown ,,Shropshire Women,,,,,
Jeremy Franklin Grigg,January 13  1972  Penzance  Cornwall ,46 years 85 days,Cornwall,,Right-hand bat,Right-arm medium,,
Colin Robert Griggs,September 28  1989  Leicester ,28 years 192 days,Bedfordshire,,Left-hand bat,Left-arm medium-fast,,
James Grigor,September 3  1910  Chapleton  Forres  Aberdeenshire ,,Durham,,Left-hand bat,Slow left-arm orthodox,January 30  1974  Maybank  Forres  Aberdeenshire (aged 63 years 149 days) ,
Alexander David Hugh Grimes,January 8  1965  Beirut  Lebanon ,53 years 90 days,Cambridge University,,Right-hand bat,Right-arm medium,,
Rebekah Louise Grimley,September 6  1995  Derby ,22 years 214 days,Derbyshire Women,,,,,
Arthur Grimsdell,March 23  1894  Watford  Hertfordshire ,,East of England,,Right-hand bat,,Wicketkeeper,
Charles Henry Grimshaw,May 12  1880  Calverley  Leeds  Yorkshire ,,Yorkshire,,Left-hand bat,Slow left-arm orthodox,September 25  1947  Calverley  Yorkshire (aged 67 years 136 days) ,
George Henry Grimshaw,January 26  1839  Audenshaw  Lancashire ,,Lancashire,,,,January 21  1898  Grafton  Herefordshire (aged 58 years 360 days) ,
Irwin Grimshaw,May 4  1857  Farsley  Leeds  Yorkshire ,,Yorkshire,,Right-hand bat,,January 18  1911  Farsley  Leeds  Yorkshire (aged 53 years 259 days) ,
James William Travis Grimshaw,February 17  1912  Darlington  Co Durham ,,Cambridge University ,,Right-hand bat,Slow left-arm orthodox,September 26  1944  Nijmegen  Arnhem  Holland (aged 32 years 222 days) ,
Norman Grimshaw,May 5  1910  Leeds  Yorkshire ,,Northamptonshire,,Right-hand bat,Right-arm slow,Q2 1979  Leeds  Yorkshire (aged 68 years) ,
Vernon Grimshaw,April 15  1916  Roundhay  Leeds  Yorkshire ,,Worcestershire,,Right-hand bat,Legbreak,June 21  1989  Clifton  Bedfordshire (aged 73 years 67 days) ,
Thomas Grimstead,date unknown ,,Surrey,,,,January 24  1884  Redbourn  Hertfordshire ,
Edward Harbottle Grimston,April 2  1812  Mayfair  London ,,Oxford University,,Right-hand bat,(unknown arm) medium (underarm),Brother - ,
Francis Sylvester Grimston,December 8  1822  Gorhambury  Hertfordshire ,,Cambridge University,,,,Brother - ,
George Sylvester Grimston,April 2  1905  Rawalpindi  Punjab  India ,,Southern Punjab ,,Right-hand bat,Right-arm medium-fast  Legbreak,September 18  1990  Brighton  Sussex (aged 85 years 169 days) ,
James Walter Grimston (Viscount Grimston),February 22  1809  Mayfair  London ,,Gentlemen ,,Right-hand bat,,Brother - ,
Robert Grimston,September 18  1816  Mayfair  London ,,Middlesex ,,Right-hand bat,,Brother - ,
Walter Edward Grimston,May 16  1844  Pebmarsh  Essex ,,Southgate,,Right-hand bat,,Uncle - ,
Alfred Stanley Grimwood,September 8  1905  Walthamstow  Essex ,,Essex,,Left-hand bat,Slow left-arm orthodox,July 2  1986  Chingford  Essex (aged 80 years 297 days) ,
Cameron James Grimwood,1998  Sunderland  Co Durham ,20 years,Northumberland,,Right-hand bat,Slow left-arm orthodox,,
Grinham,date unknown ,,Hampshire XI,,,,,
James Grinham,date unknown ,,Sussex,,,,December 20  1798  Godalming  Surrey ,
Trayton Golding Grinter,December 12  1885  Leytonstone  Essex ,,Essex,,Right-hand bat,Right-arm fast-medium,April 21  1966  Frinton-on-Sea  Essex (aged 80 years 130 days) ,
Frederick Henry Grisewood,April 11  1888  Daylesford  Worcestershire ,,Worcestershire,,Right-hand bat,,Radley College; Magdalen College  Oxford,
J Grist,date unknown ,,Harrow School,,,,,
Timothy Duncan Groenewald,January 10  1984  Pietermaritzburg ,34 years 88 days,Derbyshire ,,Right-hand bat,Right-arm fast-medium,Maritzburg College  Natal. University of South Africa,
Patrick James Groeshaber,date unknown ,,Gloucestershire 2nd XI,,,,,
Groom,date unknown ,,Norfolk,,,,,
Robert Groom,April 15  1816  Shoreditch  London ,,Surrey,,,,c. Jan to Mar 1891  Bethnal Green ,
Groombridge,date unknown ,,Hornchurch,,,,,
Jeremy Jonathan Groome,April 7  1955  Aldwick  Bognor Regis  Sussex ,63 years 1 days,Sussex,,Right-hand bat,Right-arm offbreak,,
Andrew Grose,date unknown ,,,,,,Umpire,
Daniel Charles Evans Grose,April 3  1903  South Stoneham  Hampshire ,,Army,,Right-hand bat,,Wicketkeeper,
Edward WC Gross,date unknown ,,Eton College,,,,,
Frederick Albert Gross,September 17  1902  South Stoneham  Hampshire ,,Hampshire ,,Right-hand bat,Legbreak googly,March 11  1975  Birmingham  Warwickshire (aged 72 years 175 days) ,
Robert Wellesley Grosvenor,January 25  1834 ,,Marylebone Cricket Club,,,,November 13  1918  Watford  Hertfordshire (aged 84 years 292 days) ,
Joseph Grout,August 1  1816  Puckeridge  Hertfordshire ,,Cambridge Town Club ,,,,October 11  1875  Forest Hill  London (aged 59 years 71 days) ,
Charles William Collard Grove,December 16  1912  Aston  Birmingham  Warwickshire ,,Warwickshire ,,Right-hand bat,Right-arm medium-fast,February 15  1982  Solihull  Warwickshire (aged 69 years 61 days) ,
Jamie Oliver Grove,July 3  1979  Bury St Edmunds  Suffolk ,38 years 279 days,Essex ,,Right-hand bat,Right-arm fast-medium,,
Lancelot Townley Grove,August 22  1905  Satra  India ,,Army,,,,February 9  1943  Newfoundland  Canada (aged 37 years 171 days) ,
Grover,date unknown ,,Surrey,,,,,
John Nelson Grover,October 21  1915  Hexham  Northumberland ,,Oxford University,,Right-hand bat,Right-arm medium,December 17  1990  Waytown  Dorset (aged 75 years 57 days) ,
JS Grover,date unknown ,,Marylebone Cricket Club,,,,,
George Jasper Groves,October 19  1868  Nottingham ,,Nottinghamshire,,Right-hand bat,,February 18  1941  Newmarket  Suffolk (aged 72 years 122 days) ,
Michael Godfrey Melvin Groves,January 14  1943  Taihape  Manawatu  New Zealand ,75 years 84 days,Oxford University ,,Right-hand bat,Right-arm fast-medium,,
Peter Richard Groves,June 30  1988  Bromley  Kent ,29 years 282 days,Loughborough UCCE,,Right-hand bat,Right-arm medium-fast,Hull Grammar,
Samuel John Groves,March 14  1989  Norwich  Norfolk ,29 years 25 days,Norfolk,,,,,
Frederick James Gruggen,1820  Chichester  Sussex ,,Cambridge University,,,,March 30  1872  Liverpool  Lancashire (aged 52 years) ,
George Graham Stewart Grundy,June 24  1859  Cheetham Hill  Manchester  Lancashire ,,Sussex,,Left-hand bat,Right-arm bowler,March 4  1945  Hunstanton  Norfolk (aged 85 years 253 days) ,
James Grundy,March 5  1824  New Radford  Nottingham ,,Nottinghamshire,,Right-hand bat,Right-arm fast (roundarm),Jem,
John Grundy,June 25  1859  Carrington  Nottingham ,,England,,Right-hand bat,,Wicketkeeper,
Jack Oliver Grundy,June 25  1994  Warwick ,23 years 287 days,Oxford MCCU ,,Right-hand bat,Left-arm medium-fast,Stratford-upon-Avon School,
Kiaran J Grundy,date unknown ,,Leeds/Bradford MCCU,,Right-hand bat,Right-arm medium,,
Rebecca Louise Grundy,July 12  1990  Solihull  Warwickshire ,27 years 270 days,England Academy Women ,,Left-hand bat,Slow left-arm orthodox,,
David Radclyffe Guard,May 19  1928  Romsey  Hampshire ,,Hampshire,,Right-hand bat,,December 12  1978  Hartfield  Sussex (aged 50 years 207 days) ,
Nicholas Richard Trail Gubbins,December 31  1993  Richmond  Surrey ,24 years 98 days,Leeds/Bradford MCCU ,,Left-hand bat,Legbreak,Radley College; Leeds University,
Heneage Finch,December 24  1824  London ,,Marylebone Cricket Club,,,,He succeeded as 6th Baron of Guernsey and 6th Earl of Aylesford in January 1859,
Callum Jake Guest,May 1995  Sussex ,22 years,Cambridge MCCU,,,,,
Christopher Shaun Guest,July 5  1984  Wolverhampton ,33 years 277 days,Worcestershire,,Right-hand bat,Right-arm medium-fast,,
IJ Guest,date unknown ,,Valley End,,,,,
Mark Peter Guest,December 4  1983  Gloucester ,34 years 125 days,Gloucestershire Cricket Board,,Right-hand bat,,Wicketkeeper,
Melville Richard John Guest,November 18  1943  Salisbury (now Harare)  Rhodesia ,74 years 141 days,Oxford University,,Right-hand bat,Right-arm medium,,
Frederick Gordon Guggisberg,July 20  1869  Toronto  Ontario  Canada ,,Marylebone Cricket Club,,,,April 21  1930  Bexhill-on-Sea  Sussex (aged 60 years 275 days) ,
Isa Tara Guha,May 21  1985  High Wycombe  Buckinghamshire ,32 years 322 days,England Women,,Right-hand bat,Right-arm fast-medium,,
John Dougal Guise,October 31  1872  Calcutta (now Kolkata)  Bengal ,,Gentlemen of India ,,,,Son - ,
John Lindsay Guise,November 29  1903  Calcutta (now Kolkata)  Bengal  India ,,Europeans (India) ,,Right-hand bat,Right-arm medium,Father - ,
James Louis Theodore Guise,August 26  1910  Calcutta (now Kolkata)  Bengal  India ,,Free Foresters,,Right-hand bat,Slow left-arm orthodox,Father - ,
Richard James Gulliver,November 20  1942  Bower Chalke  Wiltshire ,75 years 139 days,Minor Counties ,,Left-hand bat,Right-arm medium,,
Mark David Gumbley,August 8  1969  Solihull  West Midlands ,48 years 243 days,,,,,Umpire,
Sherissa Sundhia Alexandra Gumbs,August 27  1996  Slough  Buckinghamshire ,21 years 224 days,Berkshire Women,,Left-hand bat,Legbreak,Sister - ,
Shelvin Sameer Emanuel Gumbs,August 29  1991  Slough  Buckinghamshire ,26 years 222 days,Bedfordshire ,,Right-hand bat,,Sister - ,
Shenica Sonal Iscilma Gumbs,March 24  1993  Slough  Buckinghamshire ,25 years 15 days,Berkshire Women,,Right-hand bat,Right-arm medium,Sister - ,
Shanker Gunalan,November 1987  Newham  London ,30 years,Cambridge UCCE,,,,,
William Charles Gunary,August 5  1895  Dagenham  Essex ,,Essex,,Right-hand bat,Left-arm fast-medium,January 26  1969  Upminster  Essex (aged 73 years 174 days) ,
Joseph Pearkes Fox Gundry,July 29  1837  Bridport  Dorset ,,Oxford University,,,,November 11  1891  Bothenhampton  Dorset (aged 54 years 105 days) ,
Brian George Herbert Gunn,September 19  1921  Gravesend  Kent ,,Kent,,Right-hand bat,,September 3  2001  Cairns  Queensland  Australia (aged 79 years 349 days) ,
George Gunn,June 13  1879  Hucknall Torkard  Nottinghamshire ,,England ,,Right-hand bat,Right-arm bowler,Son - ,
George Vernon Gunn,July 21  1905  West Bridgford  Nottingham ,,Nottinghamshire,,Right-hand bat,Legbreak,Father - ,
Jennifer Louise Gunn,May 9  1986  Nottingham ,31 years 334 days,England Women ,Allrounder,Right-hand bat,Right-arm medium-fast,Trigger,
John Richmond Gunn,July 19  1876  Hucknall Torkard  Nottinghamshire ,,England ,,Left-hand bat,,August 21  1963  Basford  Nottinghamshire (aged 87 years 33 days) ,
Rachel Louisa Gunn,May 20  1995  Poole  Dorset ,22 years 323 days,Dorset Women,,,,,
Terry Gunn,September 27  1935  Barnsley  Yorkshire ,82 years 193 days,Sussex,,Right-hand bat,,Wicketkeeper,
Thomas William Gunn,July 10  1843  Croydon  Surrey ,,Surrey,,Right-hand bat,Right-arm slow (roundarm),May 4  1908  West Croydon  Surrey (aged 64 years 299 days) ,
William Gunn,December 4  1858  St Anne's  Nottingham ,,England ,,Right-hand bat,Right-arm slow  Right-arm slow (underarm),6 ft 2 in ,
John Gunnell,date unknown ,,Surrey,,,,,
W Gunnell,date unknown ,,England,,,,,
Charles Richards Gunner,January 7  1853  Bishops Waltham  Hampshire ,,Hampshire,,,,February 4  1934  Ridgemeade  Bishops Waltham  Hampshire (aged 81 years 28 days) ,
John Hugh Gunner,May 17  1884  Brook House  Bishops Waltham  Hampshire ,,Hampshire,,,,August 9  1918  Kemmel  Belgium (aged 34 years 84 days) ,
Neil Edward Lloyd Gunter,May 12  1981  Basingstoke  Hampshire ,36 years 331 days,Berkshire ,,Left-hand bat,Right-arm fast-medium,,
Catherine Guppy,date unknown ,,Berkshire Women,,,,,
Amit Gupta,May 29  1984  Delhi ,33 years 314 days,Cambridge MCCU,,Right-hand bat,Right-arm medium,Anglia Ruskin,
Aviral Gupta,date unknown ,,England,,,,Umpire,
Chinmay Madhukar Gupte,July 5  1972  Poona (now Pune)  Maharashtra  India ,45 years 277 days,Marylebone Cricket Club ,,Right-hand bat,Slow left-arm orthodox,,
Philip Gurdon,June 20  1800  Letton  Norfolk ,,Cambridge University ,,,,August 1  1874  Cranworth  Norfolk (aged 74 years 42 days) ,
William Gurdon,October 12  1804  Norwich  Norfolk ,,Cambridge University,,,,October 12  1884  Brantham Court  Suffolk (aged 80 years 0 days) ,
Paul John Gurnell,March 27  1979  Cambridge ,39 years 12 days,Cambridgeshire,,,,,
Edward Richmond Gurney,April 16  1868  Wriddenham  Kidderminster  Worcestershire ,,Gloucestershire,,,,June 17  1938  Hove  Sussex (aged 70 years 62 days) ,
Harry Frederick Gurney,October 25  1986  Nottingham ,31 years 165 days,England ,Bowler,Right-hand bat,Left-arm fast-medium,Brother - ,
Izzy Gurney,date unknown ,,Buckinghamshire Women,,,,,
John Henry Gurney,September 10  1991  Nottingham ,26 years 210 days,Leicestershire 2nd XI,,Right-hand bat,Right-arm medium-fast,Brother - ,
David Roberts Gurr,March 27  1956  Whitchurch  Buckinghamshire ,62 years 12 days,Oxford University ,,Right-hand bat,Right-arm fast-medium,,
Gurveer Singh,March 13  1992  Kabul  Afghanistan ,26 years 26 days,Bedfordshire ,,Left-hand bat,Slow left-arm orthodox,,
John Guthrie,date unknown ,,Cambridge University,,,,July 6  1865  Clifton  Bristol ,
Jonathan Mark Guthrie,September 9  1986  Derby ,31 years 211 days,Derbyshire 2nd XI ,,Right-hand bat,,Wicketkeeper,
James Shields Guthrie,December 14  1931  Kandy  Ceylon ,86 years 115 days,Cambridge University,,Right-hand bat,Right-arm offbreak,,
George Gilbert Gutteres,October 11  1859  Kensington  London ,,Hampshire ,,Right-hand bat,,March 2  1898  Algiers  Algeria (aged 38 years 142 days) ,
Frank Herbert Guttridge,April 12  1866  Nottingham ,,Nottinghamshire ,,Right-hand bat,Right-arm fast,June 13  1918  Nottingham (aged 52 years 62 days) ,
Joseph Guy,July 30  1813  Nottingham ,,Nottinghamshire,,Right-hand bat,,Wicketkeeper,
John Bernard Guy,May 16  1916  Ramsgate  Kent ,,Kent ,,Right-hand bat,Left-arm medium,February 7  1997  Birmingham  Warwickshire (aged 80 years 267 days) ,
Simon Mark Guy,November 17  1978  Rotherham  Yorkshire ,39 years 142 days,Yorkshire,,Right-hand bat,,Wickersley Comprehensive School,
Guyett,date unknown ,,Middlesex,,,,,
David Graham Pugsley Gwynne,December 8  1904  Swansea  Glamorgan  Wales ,,Glamorgan,,Right-hand bat,,December 11  1934  Swansea  Glamorgan  Wales (aged 30 years 3 days) ,
Liam Gwynne,July 9  1991  Worcester  England ,26 years 273 days,Herefordshire,,Left-hand bat,Right-arm offbreak,Kings School  Worcester; Durham University,
Molly Gwynne,date unknown ,,Staffordshire Women,,,,,
Matthew Robert Hooper,March 27  1984  Sidcup ,34 years 12 days,Cambridge MCCU,,Left-hand bat,Right-arm offbreak,Anglia Polytechnic University,
Alice Hill,date unknown ,,Gloucestershire Women,,,,,
Aftab Habib,February 7  1972  Reading  Berkshire ,46 years 60 days,England ,,Right-hand bat,Right-arm medium-fast,Taunton School,
M Habib,date unknown ,,Harrow School,,,,,
Edward John Hack,October 1  1913  Long Ashton  Somerset ,,Somerset,,Right-hand bat,,September 20  1987  Bath  Somerset (aged 73 years 354 days) ,
Peter John Hacker,July 16  1952  Lenton Abbey  Nottingham ,65 years 266 days,Cheshire ,,Right-hand bat,Left-arm fast-medium,,
Paul S Hacker,date unknown ,,Eastbourne CC,,,,,
William Stamford Hacker,December 8  1876  Chipping Sodbury  Gloucestershire ,,Glamorgan ,,Right-hand bat,Right-arm fast-medium,December 8  1925  Bristol (aged 49 years 0 days) ,
Nigel Paul Hackett,August 22  1962  Stowbridge  Norfolk ,55 years 229 days,Staffordshire,,Right-hand bat,Left-arm medium-fast,,
John Kenneth Hacking,March 21  1909  Kenilworth  Warwickshire ,,Warwickshire,,Right-hand bat,Right-arm medium,August 3  1999  Warwick (aged 90 years 135 days) ,
Muriel E Haddelsey,date unknown ,,England Women ,,,,Sister - ,
Margaret Joyce Haddelsey,1898 ,,England Women ,,,,Sister - ,
Hadden,date unknown ,,Gentlemen of Nottinghamshire ,,,,,
Sidney Hadden,August 26  1877  Hastings  Sussex ,,Essex,,,,Wicketkeeper,
Oliver Benedict Sabini Haddock,March 1  1990  Hammersmith ,28 years 38 days,Buckinghamshire,,Right-hand bat,,,
Conner Paul W Haddow,June 2000 ,17 years,Northamptonshire 2nd XI,,,,,
J V Haden,date unknown ,,Surrey,,,,,
George Hugh Hadfield,July 16  1880  Edmonton  Middlesex ,,Surrey,,Right-hand bat,Right-arm medium,November 30  1935  Lambeth  London (aged 55 years 137 days) ,
Nick G Hadfield,date unknown ,,Woodhouse Grange,,,,,
Anthony Wallace Gwynne Hadingham,March 1  1913  Mentone  France ,,Cambridge University ,,Right-hand bat,,July 14  1986  Southbroom  Natal  South Africa (aged 73 years 135 days) ,
Robert John Hadley,October 22  1951  Neath  Glamorgan  Wales ,66 years 168 days,Cambridge University ,,Right-hand bat,Left-arm fast-medium,,
Alexander Astell Hadow,June 1  1853  Regent's Park  London ,,Middlesex,,Right-hand bat,(unknown arm) medium (roundarm)  (unknown arm) medium (underarm),Brother - ,
Edward Maitland Hadow,March 13  1863  Sudbury Priory  Middlesex ,,I Zingari ,,,Right-arm fast,Brother - ,
Patrick Francis Hadow,January 24  1855  Regent's Park  London ,,Middlesex,,Right-hand bat,,Brother - ,
Walter Henry Hadow,September 25  1849  Regent's Park  London ,,Middlesex ,,Right-hand bat,Right-arm slow (roundarm),Father-in-law - ,
Marc Richard Hadwin,March 2  1973  Kendal  Westmorland ,45 years 37 days,Cumberland,,Right-hand bat,Legbreak,,
Abdul Hafeez,March 21  1977  Moseley  Birmingham  Warwickshire ,41 years 18 days,Shropshire ,,Right-hand bat,Right-arm medium,,
David Andrew Hagan,June 25  1966  Wide Open  Northumberland ,51 years 287 days,Oxford University,,Right-hand bat,Right-arm offbreak,,
Joe Oliver Hagan-Burt,March 28  1999  Plymouth  Devon ,19 years 11 days,Devon,,,,,
Thomas Aaron Hage,January 22  1996  Cheltenham ,22 years 76 days,Herefordshire,,Left-hand bat,Left-arm fast-medium,,
Daniel John Hagen,January 29  1984 ,34 years 69 days,Leeds/Bradford MCCU,,Left-hand bat,Right-arm offbreak,,
Stell Haggas,April 18  1856  Keighley  Yorkshire ,,Lancashire ,,Right-hand bat,,Wicketkeeper,
Walter Haggas,April 1  1881  Werneth  Oldham  Lancashire ,,Lancashire,,,,Wicketkeeper,
James Shaun D Haggaty,May 1994  Salisbury  Wiltshire ,23 years,Hampshire 2nd XI ,,,,,
Hagger,date unknown ,,Cambridge Town and County Club,,,,,
Calum John Haggett,October 30  1990  Taunton  Somerset ,27 years 160 days,England Under-19s ,,Left-hand bat,Right-arm medium,,
James Edward Haggett,April 16  1993  Bridgwater  Somerset ,24 years 357 days,Somerset 2nd XI ,,Left-hand bat,Right-arm medium-fast,Crispin School  Street; Bridgwater Sixth Form College,
Norman Louis Haggett,July 8  1926  Lee  London ,91 years 274 days,Combined Services,,Right-hand bat,Right-arm slow,,
Israel Haggis,January 23  1811  Cambridge ,,Cambridge Town Club,,,,1849  Cambridge (aged 37 years) ,
Stanley Thomas Hahn,December 9  1945 ,,Oxfordshire,,Right-hand bat,,Wicketkeeper,
Nigel Esmé Haig,December 12  1887  Kensington  London ,,England ,,Right-hand bat,Right-arm fast-medium,Uncle - ,
Charles Henry Haigh,September 26  1854  Rochdale  Lancashire ,,Lancashire,,Right-hand bat,,March 15  1915  Bollington  Cheshire (aged 60 years 170 days) ,
Schofield Haigh,March 19  1871  Berry Brow  Huddersfield  Yorkshire ,,England ,,Right-hand bat,Right-arm fast-medium,Umpire  Coach,
Henry Hailey,April 7  1851  Limehouse  London ,,Essex,,Right-hand bat,,September 24  1932  Southend-on-Sea  Essex (aged 81 years 170 days) ,
Robert John Hailey,July 25  1952  Gosforth  Newcastle upon Tyne  Northumberland ,65 years 257 days,Hertfordshire ,,Right-hand bat,Slow left-arm orthodox,,
Samuel Robert Hain,July 16  1995  Hong Kong ,22 years 266 days,Australia Under-19s ,,Right-hand bat,Right-arm offbreak,The Southport School  Gold Coast  Queensland,
Alfred Hubert Haines,August 27  1877  Long Sutton  Lincolnshire ,,Gloucestershire,,Right-hand bat,,Son - ,
CI Haines,date unknown ,,,,,,Umpire,
Claude Vincent Godby Haines,January 17  1906  Bristol ,,Glamorgan,,Right-hand bat,,Father - ,
G Haines,date unknown ,,,,,,Umpire,
John Haines,date unknown ,,Middlesex,,,,May 27  1894  St Pancras  London ,
Ross Anthony Haines,September 22  1989  Dunedin  Otago ,28 years 198 days,Oxford University,,Right-hand bat,Right-arm medium,Taieri College; University of Otago; St John's College,
Thomas Jacob Haines,October 28  1998  Crawley  West Sussex ,19 years 162 days,Sussex 2nd XI ,,Left-hand bat,Right-arm medium,Tanbridge House; Hurstpierpoint College,
George John Gordon Hake,August 24  1918  Sutton  Surrey ,99 years 227 days,Middlesex,,Right-hand bat,Right-arm fast-medium,Bromsgrove School,
Herbert Denys Hake,November 8  1894  Christchurch  Hampshire ,,Cambridge University ,,Right-hand bat,,Wicketkeeper,
Edward Hale,September 1  1764  Hambledon  Hampshire ,,,,,,November 16  1823  Hambledon  Hampshire (aged 59 years 76 days) ,
Alexandra Lauren Hale,January 9  1997  Stourbridge  Worcestershire ,21 years 89 days,Staffordshire Women,,,,,
Charles Hale,1810 ,,Cambridge University,,,,details unknown ,
David Andrew Hale,March 20  1966  Oxford ,52 years 19 days,Oxfordshire,,Right-hand bat,Right-arm fast-medium,,
Edward Hale,date unknown ,,Hampshire XI,,,,November 16  1823  Hambledon  Hampshire ,
Ivor Edward Hale,October 6  1922  Worcester ,,Gloucestershire ,,Right-hand bat,Right-arm offbreak,Royal Grammar School  Worcester,
James David Hale,April 21  1992  Aylesbury  Buckinghamshire ,25 years 352 days,Norfolk,,Left-hand bat,Slow left-arm orthodox,Hainford Primary School; Spixworth Middle School; Reepham HS  Wymondham College; Staffordshire Univ,
John Hinde Hale,September 16  1830  East Grinstead  Sussex ,,Sussex,,Right-hand bat,,July 11  1878  Notting Hill  Kensington  London (aged 47 years 298 days) ,
Percy William Hale,February 7  1874  Kensington  London ,,Middlesex,,,,January 8  1933  Headstone  Harrow  Middlesex (aged 58 years 336 days) ,
Samuel S Hale,1925  Worcester ,,,,,,Umpire,
Terrance Saville Hale,October 8  1936  Waterbeach  Cambridgeshire ,81 years 182 days,Cambridgeshire ,,Left-hand bat,,,
Thomas Wyatt Hale,April 21  1829 ,,Oxford University,,,,May 17  1899  Moorcroft  Hillingdon  Middlesex (aged 70 years 26 days) ,
W Hale,date unknown ,,Unicorns,,,,,
William David Charles Hale,January 29  1995  Sheffield ,23 years 69 days,Cumberland ,,Right-hand bat,Right-arm offbreak,Myerscough College,
Walter Henry Hale,March 6  1870  West Bromwich  Staffordshire ,,Gloucestershire ,,Right-hand bat,Right-arm slow,August 12  1956  Bishopston  Bristol (aged 86 years 159 days) ,
Warren Stormes Hale,July 22  1862  Bures  Suffolk ,,Middlesex,,,,February 5  1934  Highgate  Middlesex (aged 71 years 198 days) ,
Alexander Daniel Hales,January 3  1989  Hillingdon  Middlesex ,29 years 95 days,England ,Opening batsman,Right-hand bat,Right-arm medium,6 ft 5 in ,
John Hales,September 16  1833  Charmouth  Dorset ,,Cambridge University ,,Right-hand bat,Right-arm fast-medium (roundarm),January 25  1915  Bournemouth  Hampshire (aged 81 years 131 days) ,
Lloyd Archibald Hales,June 27  1921  Leicester ,,Leicestershire,,Right-hand bat,Right-arm medium  Right-arm offbreak,September 12  1984  Leicester (aged 63 years 77 days) ,
Richard Cox Hales,September 29  1817  Dinapore  India ,,Oxford University,,,,April 25  1906  Hove  Sussex (aged 88 years 208 days) ,
Trinity Hales,June 22  1999  Cambridge ,18 years 290 days,Cambridgeshire and Huntingdonshire Women,,,,,
Oliver Joseph Patrick Haley,March 15  1996  Solihull  Warwickshire ,22 years 24 days,Loughborough Marylebone Cricket Club University (England) ,,Right-hand bat,Right-arm offbreak,,
Alan J Halford,November 1  1934  Leicester ,,Norfolk,,,Right-arm fast-medium,September 25  1984  Leicester (aged 49 years 329 days) ,
John Halford,April 21  1846  Redmarley D'Abitot  Worcestershire ,,Gloucestershire,,Right-hand bat,,April 1  1901  Gloucester (aged 54 years 345 days) ,
David John Halfyard,April 3  1931  Winchmore Hill  Middlesex ,,Cornwall ,,Right-hand bat,Right-arm fast-medium  Right-arm medium,August 23  1996  Northam  Devon (aged 65 years 142 days) ,
Hall,date unknown ,,C Lennox's XI,,,,,
Hall,date unknown ,,,,,,Umpire,
Andrew Douglas Hall,February 21  1963  Carlisle  Cumberland ,55 years 46 days,Cumberland,,Right-hand bat,,,
Andrew James Hall,March 12  1973  Gorton  Manchester  Lancashire ,45 years 27 days,Cheshire,,Right-hand bat,Right-arm medium,Albert,
Bert Hall,date unknown ,,Derbyshire,,,,,
Brian Hall,September 16  1929  Morley  Yorkshire ,,Yorkshire,,Right-hand bat,Right-arm medium-fast,February 27  1989  Doncaster  Yorkshire (aged 59 years 164 days) ,
Brian Charles Hall,March 2  1934  Marylebone  London ,84 years 37 days,Worcestershire,,Right-hand bat,Right-arm medium,,
Charles Hall,October 16  1842  Islington  London ,,Middlesex,,Right-hand bat,Right-arm fast (roundarm),details unknown  London (aged 57 years) ,
Clifford Geoffrey Hall,January 19  1902  Breamore  Hampshire ,,Hampshire,,Right-hand bat,,July 9  1982  Breamore  Hampshire (aged 80 years 171 days) ,
Charles Henry Hall,April 5  1906  York ,,Yorkshire,,Right-hand bat,Right-arm medium-fast,December 11  1976  Upper Poppleton  Yorkshire (aged 70 years 250 days) ,
Charles John Hall,August 12  1848  Kingston-upon-Thames  Surrey ,,Surrey,,Right-hand bat,Right-arm fast (roundarm),November 18  1931  Heybridge  Essex (aged 83 years 98 days) ,
Christopher James Hall,November 28  1977  Bury  Lancashire ,40 years 131 days,Cheshire,,Right-hand bat,Right-arm offbreak,,
Charles John Hall,February 12  1988  Cheltenham  Gloucestershire ,30 years 55 days,Gloucestershire 2nd XI ,,Right-hand bat,Right-arm medium-fast,Cheltenham College,
Derek Hall,February 21  1932  Bolsover  Derbyshire ,,Derbyshire,,Right-hand bat,Right-arm fast-medium,March 13  1983  San Jose  California  United States of America (aged 51 years 20 days) ,
Danny Charles Richard Hall,November 3  1944  Penzance  Cornwall ,73 years 156 days,Berkshire,,Right-hand bat,,,
David William Hall,June 26  1927  Hartlepool  Co Durham ,,Durham,,Right-hand bat,Right-arm medium,April 6  1989  Hartlepool  Co Durham (aged 61 years 284 days) ,
Ernest Hall,April 29  1851  Newmarket  Suffolk ,,Hampshire,,Right-hand bat,,Wicketkeeper,
Egerton Hawkesley Hall,April 25  1861  Clifton  Bristol ,,Somerset,,,,February 8  1919  Axbridge  Somerset (aged 57 years 289 days) ,
Greg Hall,date unknown ,,Cumberland,,,,,
Graeme C Hall,date unknown ,,,,,,Umpire,
Geoffrey Harold Hall,June 1  1941  Colne  Lancashire ,,Somerset,,Right-hand bat,Right-arm fast,November 1  2009  North Devon (aged 68 years 153 days) ,
Gary J Hall,date unknown ,,Derbyshire 2nd XI ,,,Right-arm offbreak,,
Geoffrey Robert Stephen Hall,January 29  1957  Stoke-on-Trent  Staffordshire ,61 years 69 days,Staffordshire,,Right-hand bat,Right-arm offbreak,Father - ,
Henry Hall,1810  Sheffield  Yorkshire ,,Yorkshire,,,,December 1  1864  Nottingham (aged 54 years) ,
Henry George Hamlet Hall,December 24  1857  Bedminster  Somerset ,,Somerset,,,,February 13  1934  Southmead  Bristol (aged 76 years 51 days) ,
Harry Mark Hall,November 19  1970  Wokingham  Berkshire ,47 years 140 days,Berkshire,,Right-hand bat,Slow left-arm orthodox,,
Harold St Alban Hall,November 8  1875  Shirland  Derbyshire ,,Northamptonshire,,,,May 17  1915  Farnham  Surrey (aged 39 years 190 days) ,
sabel Hall,date unknown ,,Cambridgeshire and Huntingdonshire Women,,,,,
Ian William Hall,December 27  1939  Sutton Scarsdale  Derbyshire ,78 years 102 days,Derbyshire,,Right-hand bat,,Wicketkeeper,
J Hall,date unknown ,,Cambridge Town Club,,,,,
John Hall,November 11  1815  Nottingham ,,Yorkshire,,Right-hand bat,Right-arm slow (underarm),April 17  1888  South Retford  Nottinghamshire (aged 72 years 158 days) ,
John Bernard Hall,June 17  1903  Worksop  Nottinghamshire ,,Nottinghamshire,,Right-hand bat,Right-arm medium,May 27  1979  Retford  Nottinghamshire (aged 75 years 344 days) ,
John Edwin Hall,January 5  1950  Maseru  Basutoland ,68 years 93 days,Cambridge University,,Right-hand bat,,,
John Keith Hall,July 29  1934  West Wickham  Kent ,,Surrey ,,Right-hand bat,Right-arm fast-medium,Lancing College,
John Peter Hall,August 20  1874  Worksop  Nottinghamshire ,,Derbyshire,,Right-hand bat,Right-arm fast-medium,November 9  1925  Worksop  Nottinghamshire (aged 51 years 81 days) ,
Jonathan Roger Hall,September 3  1962  Hampstead  London ,55 years 217 days,Dorset,,Right-hand bat,Right-arm medium,,
Josiah Stanley Hall,January 1  1931  Stoke-on-Trent  Staffordshire ,87 years 97 days,Staffordshire,,Right-hand bat,Right-arm medium-fast,Son - ,
Jason Stuart Buchanan Hall,December 14  1983  Penzance  Cornwall ,34 years 115 days,Cardiff MCCU ,,Right-hand bat,Right-arm medium,,
James William Hall,March 30  1968  Chichester  Sussex ,50 years 9 days,Sussex,,Right-hand bat,Right-arm offbreak,,
Louis Hall,November 1  1852  Batley  Yorkshire ,,Yorkshire,,Right-hand bat,Right-arm slow (roundarm)  Right-arm slow (underarm),November 19  1915  Morecambe  Lancashire (aged 63 years 18 days) ,
Lyn Hall,date unknown ,,,,,,Umpire,
Michael Anthony Thor Hall,August 7  1970  Windsor  Berkshire ,47 years 244 days,Cambridge University,,Left-hand bat,Left-arm medium  Slow left-arm orthodox,,
Maurice James Hall,September 22  1849  Whatton Manor  Nottinghamshire ,,Gentlemen of the South,,,,July 24  1914  Middelburg  Cape Province  South Africa (aged 64 years 305 days) ,
Michael John Hall,May 29  1935  Worksop  Nottinghamshire ,82 years 314 days,Nottinghamshire,,Right-hand bat,,,
Matthew James Hall,October 30  1981  Chesterfield  Derbyshire ,36 years 160 days,Cardiff MCCU ,,Right-hand bat,Right-arm medium,,
Maximillian Palmer Hall,September 29  1975  Surrey ,42 years 191 days,Surrey Cricket Board,,,,,
Nigel Hall,date unknown ,,,,,,Umpire,
Nicholas J Hall,date unknown ,,,,,,Umpire,
Patrick Martin Hall,March 14  1894  Portsmouth  Hampshire ,,Hampshire ,,Right-hand bat,,August 5  1941  Fareham  Hampshire (aged 47 years 144 days) ,
R Hall,date unknown ,,,,,,Umpire,
Robert Henry Fosbroke Hall,November 1  1963  Andover  Hampshire ,54 years 158 days,Herefordshire,,Right-hand bat,,Wicketkeeper,
Richard Jonathon Hall,September 27  1978  Worcester ,39 years 193 days,Herefordshire,,Left-hand bat,Slow left-arm orthodox,,
Sharon Hall,date unknown ,,Lincolnshire Women,,,,,
Samuel John Wade Hall,December 6  1999  Croydon  Surrey ,18 years 123 days,Surrey 2nd XI,,Right-hand bat,,,
Thomas Auckland Hall,August 19  1930  Darlington  Co Durham ,,Derbyshire ,,Right-hand bat,Right-arm fast-medium,April 21  1984  Arlesey  Bedfordshire (aged 53 years 246 days) ,
Timothy John Hall,July 25  1944  Bristol ,73 years 257 days,Dorset,,Right-hand bat,Right-arm slow,,
Thomas Leonard Hall,June 14  1969  Wokingham  Berkshire ,48 years 298 days,Berkshire,,Right-hand bat,,,
W Hall,date unknown ,,Hampshire XI,,,,,
W Hall,date unknown ,,Cambridge Town Club,,,,,
Walter Hall,November 27  1861  Whitfield  Derbyshire ,,Derbyshire,,Right-hand bat,Right-arm medium,November 19  1924  Pitsmoor  Sheffield  Yorkshire (aged 62 years 358 days) ,
William Hall,April 7  1878  Bedworth  Warwickshire ,,Warwickshire,,Right-hand bat,Right-arm fast,details unknown ,
William Fletcher Hall,March 22  1853  Lindfield  Sussex ,,Sussex,,,,November 1  1911  East Grinstead  Sussex (aged 58 years 224 days) ,
Dave Hallack,January 22  1966  Bulawayo  Rhodesia ,52 years 76 days,Derbyshire Cricket Board,,Right-hand bat,Right-arm medium,,
Albert William Hallam,November 12  1869  East Leake  Nottinghamshire ,,Lancashire ,,Right-hand bat,Right-arm medium,July 24  1940  Loughborough  Leicestershire (aged 70 years 255 days) ,
Graeme Hallam,January 6  1973  Wallsend  Northumberland ,45 years 92 days,Northumberland,,Right-hand bat,Right-arm medium,,
Maurice Raymond Hallam,September 10  1931  Leicester ,,Leicestershire,,Right-hand bat,,January 1  2000  Leicester (aged 68 years 113 days) ,
Thomas Haydn Hallam,April 12  1881  Pilsley  Derbyshire ,,Derbyshire,,Right-hand bat,,November 24  1958  Christchurch  Canterbury  New Zealand (aged 77 years 226 days) ,
Jeremy Charles Hallett,October 18  1970  Yeovil  Somerset ,47 years 172 days,Combined Universities ,,Right-hand bat,Right-arm medium-fast,,
Harry Halliday,February 9  1920  Pudsey  Yorkshire ,,Yorkshire,,Right-hand bat,Right-arm offbreak,August 27  1967  Stanley  Wakefield  Yorkshire (aged 47 years 199 days) ,
John Halliday,date unknown ,,,,,,Umpire,
John Gordon Halliday,July 4  1915  Cockermouth  Cumberland ,,Oxford University,,Right-hand bat,Right-arm medium,December 3  1945  Rochefort  Pay du Dome  France (aged 30 years 152 days) ,
Peter James Halliday,March 21  1990  Bolton ,28 years 18 days,Cumberland,,Right-hand bat,,Wicketkeeper,
Rebecca Halliday,date unknown ,,Devon Women,,,,,
Simon John Halliday,July 13  1960  Haverfordwest  Pembroke  Wales ,57 years 269 days,Dorset ,,Right-hand bat,,,
Simon John Halliday,October 23  1958  Ipswich  Suffolk ,59 years 167 days,Suffolk,,Right-hand bat,,Wicketkeeper,
Thomas Maxwell Halliday,July 1  1904  Leyland  Lancashire ,,Lancashire,,Right-hand bat,,February 28  1977  Leyland  Lancashire (aged 72 years 242 days) ,
Charles Halliley,December 5  1852  Earlsheaton  Dewsbury  Yorkshire ,,Yorkshire,,Right-hand bat,,March 23  1929  Ravensthorpe  Yorkshire (aged 76 years 108 days) ,
David Halliwell,December 11  1948  Leyland  Lancashire ,69 years 118 days,Cumberland,,Left-hand bat,Right-arm fast-medium,,
Richard Bisset Halliwell,November 30  1842  Bloomsbury  London ,,Middlesex,,Right-hand bat,,Son - ,
Amy Halloran,December 13  1996  Lincolnshire ,21 years 116 days,Lincolnshire Women,,,,,
Charles Hallows,April 4  1895  Little Lever  Lancashire ,,England ,,Left-hand bat,Slow left-arm orthodox,November 10  1972  Bolton  Lancashire (aged 77 years 220 days) ,
James Hallows,November 14  1873  Little Lever  Lancashire ,,Lancashire,,Left-hand bat,Left-arm fast  Left-arm medium,May 20  1910  Farnworth  Lancashire (aged 36 years 187 days) ,
Norman Richard Halsall,October 9  1935  West Derby  Liverpool  Lancashire ,82 years 181 days,Cheshire,,Right-hand bat,Right-arm medium-fast,,
Thomas Edgar Halsey,November 28  1898  South Mimms  Hertfordshire ,,Cambridge University,,Right-hand bat,Right-arm fast,August 30  1970  Golden Parsonage  Gaddesden Row  Hemel Hempstead  Hertfordshire (aged 71 years 275 days) ,
Jennifer Louise Halstead,May 7  1987  Stockport  Cheshire ,30 years 336 days,England Development Squad Women ,Top-order batsman,Left-hand bat,Right-arm slow,,
William Halton,January 19  1837  Yarm  Durham ,,Yorkshire,,,,1895  Stockport (aged 57 years) ,
Christopher Bryan Hamblin,April 14  1952  Bletchingley  Surrey ,65 years 359 days,Oxford University,,Right-hand bat,Right-arm medium,,
James Rupert Christopher Hamblin,August 16  1978  Pembury  Kent ,39 years 235 days,Hampshire,,Right-hand bat,Right-arm medium,,
Montague Leslie Hambling,December 6  1893  Croydon  Surrey ,,Somerset,,Right-hand bat,Right-arm fast,August 22  1960  Stoke Bishop  Gloucestershire (aged 66 years 260 days) ,
Haseeb Hameed,January 17  1997  Bolton  Lancashire ,21 years 81 days,England ,,Right-hand bat,Legbreak,Bolton School,
Arnold Hamer,December 8  1916  Primrose Hill  Huddersfield  Yorkshire ,,Derbyshire ,,Right-hand bat,Right-arm offbreak,November 3  1993  Huddersfield  Yorkshire (aged 76 years 330 days) ,
Greg Elliott Hames,May 3  1980  Reading  Berkshire ,37 years 340 days,Buckinghamshire,,Right-hand bat,Right-arm medium,,
Neil Gregory Hames,December 17  1949  Hampstead  London ,68 years 112 days,Buckinghamshire,,Left-hand bat,Right-arm medium,,
Hamidullah Qadri,December 5  2000  Kandahar ,17 years 124 days,Derbyshire ,,,Right-arm offbreak,,
Andrew Caradoc Hamilton,September 23  1953  Ardingly  Sussex ,64 years 197 days,Oxford University,,Left-hand bat,Slow left-arm orthodox,,
Cyril Penn Hamilton,August 12  1909  Adelaide  South Australia  Australia ,,Army ,,Right-hand bat,Right-arm slow,February 10  1941  Keren  Eritrea (aged 31 years 182 days) ,
George Francis Hamilton (Lord Hamilton),December 17  1845  Brighton  Sussex ,,Marylebone Cricket Club,,Right-hand bat,Right-arm fast (underarm),Nephew - ,
Hamilton Anne Hamilton,May 28  1853  Simla  Punjab  India ,,Cambridge University,,Right-hand bat,Right-arm fast (roundarm),Wicketkeeper,
J Hamilton,date unknown ,,Hampshire 2nd XI,,,,,
Leonard Alison Hall Hamilton,December 23  1862  Mount Abu  Rajputana  India ,,Kent,,Right-hand bat,,March 14  1957  Umberleigh Hall  Devon (aged 94 years 81 days) ,
Olivia Hamilton,date unknown ,,Somerset Women,,,,,
Thomas Stuart I Hamilton,November 23  1992  Derby ,25 years 136 days,Derbyshire 2nd XI ,,Right-hand bat,Right-arm medium,Chellaston Academy  Derby,
William Drummond Hamilton,May 4  1859  Mellifont  Collon  Co Louth  Ireland ,,Oxford University,,Left-hand bat,,March 4  1914  Park Town  Oxford (aged 54 years 304 days) ,
Rory James Hamilton-Brown,September 3  1987  Wellington Hospital  London ,30 years 217 days,England Under-19s ,,Right-hand bat,Right-arm offbreak,Millfield School,
James Andrew Hammerton,April 5  1991  High Wycombe  Buckinghamshire ,27 years 3 days,Buckinghamshire ,,Right-hand bat,,,
Archie Richard Thomas Hammond,September 28  1993  Aylesbury ,24 years 192 days,Buckinghamshire,,Right-hand bat,,,
Charles James Hammond,September 6  1818  Storrington  Sussex ,,Sussex,,Right-hand bat,,July 20  1901  Rackham  Sussex (aged 82 years 317 days) ,
David James Hammond,March 24  1986  Harold Wood  Essex ,32 years 15 days,Essex 2nd XI,,Right-hand bat,,,
Ernest Hammond,July 29  1850  Storrington  Sussex ,,Sussex,,Right-hand bat,Right-arm slow (roundarm),July 31  1921  Storrington  Sussex (aged 71 years 2 days) ,
Herbert Edward Hammond,November 7  1907  Brighton  Sussex ,,Sussex,,Right-hand bat,Right-arm medium,June 16  1985  Brighton  Sussex (aged 77 years 221 days) ,
John Hammond,January 15  1769  Pulborough  Sussex ,,Kent ,,Left-hand bat,Right-arm slow (roundarm),Wicketkeeper,
Jeremy Hammond,date unknown ,,Eversley,,,,,
