Zaakir Husnain Khawaja,December 3  1994  Northampton ,23 years 126 days,Northamptonshire 2nd XI ,,Right-hand bat,,Northampton School for Boys; Moulton Sixth Form College  Northampton,
M Khoote,date unknown ,,Kent 2nd XI,,,,,
Feroze Isa Nazir Khushi,June 23  1999  Whipps Cross  Essex ,18 years 289 days,Essex 2nd XI ,,Right-hand bat,Right-arm slow,Kelmscott  Walthamstow,
George Herbert Kibble,October 9  1865  Greenwich  London ,,Kent,,,,January 4  1923  Camberwell  London (aged 57 years 87 days) ,
Matthew James Lewis Kidd,October 22  1992  Cambridge ,25 years 168 days,Devon ,,Right-hand bat,Right-arm fast-medium,,
Percy Marmaduke Kidd,February 13  1851  Greenwich  London ,,Kent,,Right-hand bat,Right-arm medium,Son - ,
Edward Arnold Kidman,October 9  1875  Edmonton  Middlesex ,,Cambridge University,,,,April 30  1917  Calcutta (now Kolkata)  Bengal  India (aged 41 years 203 days) ,
David Aaron Kidner,March 13  1982  Bristol ,36 years 26 days,Dorset,,Right-hand bat,Left-arm fast,,
Craig Kieswetter,November 28  1987  Johannesburg  Transvaal ,30 years 131 days,England ,Opening batsman,Right-hand bat,Right-arm offbreak,Millfield School  Bishops (Diocesan College),
Edward Richard Kilbee,January 20  1988  London ,30 years 78 days,Marylebone Cricket Club ,,Left-hand bat,,,
John Richard Kilbee,July 24  1947  Victoria  Hong Kong ,70 years 258 days,Oxford University,,Right-hand bat,Right-arm medium,,
Michael John Kilborn,September 20  1962  Gunnedah  New South Wales  Australia ,55 years 200 days,Combined Universities ,,Right-hand bat,Right-arm medium,,
Sam Kilburn,October 16  1868  Dalton Fold  Huddersfield  Yorkshire ,,Yorkshire,,Right-hand bat,,September 25  1940  Crosland Moor  Huddersfield  Yorkshire (aged 71 years 345 days) ,
RR Kilby,date unknown ,,,,,,Umpire,
A Kilkarni,date unknown ,,Kent 2nd XI,,,,,
Jonathan David Killeen,February 25  1992  Shotley Bridge  Co Durham ,26 years 42 days,Durham 2nd XI ,,Right-hand bat,Right-arm medium-fast,Father - ,
Neil Killeen,October 17  1975  Shotley Bridge  Co Durham ,42 years 173 days,Durham,,Right-hand bat,Right-arm medium-fast,Son - ,
Anthony Killick,1829 ,,Sussex,,,,December 8  1881  Uckfield  Sussex (aged 52 years) ,
Ernest Harry Killick,January 17  1875  Horsham  Sussex ,,Sussex,,Left-hand bat,Right-arm slow-medium,5 ft 6 in ,
Edgar Thomas Killick,May 9  1907  Fulham  London ,,England ,,Right-hand bat,,The Reverend Thomas Killick,
Harry Killick,July 13  1837  Crabtree  Horsham  Sussex ,,Sussex,,Left-hand bat,Right-arm medium (roundarm),Wicketkeeper,
William Killick,May 14  1855  Reigate  Surrey ,,Surrey,,Right-hand bat,,April 2  1938  Horley  Surrey (aged 82 years 323 days) ,
Harry John Killoran,August 18  1997  Chester  Cheshire ,20 years 233 days,Cheshire ,,Right-hand bat,Right-arm offbreak,Bishop's Blue Coat High School  Chester,
Norman Kilner,July 21  1895  Low Valley  Wombwell  Yorkshire ,,Warwickshire ,,Right-hand bat,Right-arm medium,Brother - ,
Roy Kilner,October 17  1890  Low Valley  Wombwell  Yorkshire ,,England ,,Left-hand bat,Slow left-arm orthodox,Brother - ,
Ralph Raymond Kimbell,June 12  1884  Boughton  Brixworth  Northamptonshire ,,Northamptonshire,,,,August 4  1964  Ledbury  Herefordshire (aged 80 years 53 days) ,
James Frederick Kimber,May 6  1999  Lincoln ,18 years 337 days,Lincolnshire,,Right-hand bat,Right-arm medium,Brother - ,
Louis Philip James Kimber,February 24  1997  Scunthorpe  Lincolnshire ,21 years 43 days,Lincolnshire ,,Right-hand bat,,Brother - ,
Simon Julian Spencer Kimber,October 6  1963  Ormskirk  Lancashire ,54 years 184 days,Natal ,,Right-hand bat,Right-arm medium-fast,,
Andrew James Kimberlin,October 13  1988  Stourbridge  Worcestershire ,29 years 177 days,Herefordshire ,,Right-hand bat,Right-arm fast-medium,King Charles I  Kidderminster; Hull University,
Arthur Edwards Kimish,July 5  1917  Southampton  Hampshire ,,Hampshire,,Right-hand bat,,Wicketkeeper,
Simon Edward Anthony Kimmins,May 26  1930  Belgravia  Westminster  London ,87 years 317 days,Kent,,Right-hand bat,Right-arm medium,,
Roger Charles MacDonald Kimpton,September 21  1916  Toorak  Melbourne  Victoria  Australia ,,Oxford University ,,Right-hand bat,,Brother - ,
Stephen MacDonald Kimpton,March 5  1914  Toorak  Melbourne  Victoria  Australia ,,Oxford University,,Left-hand bat,Right-arm slow,Brother - ,
Liam James Kinch,May 30  1991  Leicester ,26 years 313 days,Leicestershire 2nd XI,,Right-hand bat,Right-arm offbreak,,
Thomas Kinch,August 7  1884  Darlington  Co Durham ,,Durham,,,,June 26  1944  Swillington  Yorkshire (aged 59 years 324 days) ,
Frederick Louis Kindermann,May 1  1840  Liverpool  Lancashire ,,Gentlemen of the North,,,,July 5  1918  Aberfeldy  Perthshire  Scotland (aged 78 years 65 days) ,
A King,date unknown ,,Northamptonshire 2nd XI,,,,,
Adam E King,date unknown ,,Northamptonshire 2nd XI,,,,,
Adam James King,June 29  1983  Sudbury  Suffolk ,34 years 283 days,Suffolk,,Right-hand bat,Right-arm medium,Wicketkeeper,
Anthony Mountain King,October 8  1932  Laughton-en-le-Morthern  Sheffield  Yorkshire ,85 years 182 days,Yorkshire,,Right-hand bat,,,
Alex Robert King,September 21  1993  Nottingham ,24 years 199 days,Bedfordshire,,Right-hand bat,Right-arm offbreak,,
Benjamin Philip King,April 22  1915  Leeds  Yorkshire ,,Lancashire ,,Right-hand bat,,Wicketkeeper,
Charles William King,1832 ,,Oxford University,,,,August 8  1872  Northam  Northumberland (aged 40 years) ,
Daniel King,1783 ,,G Osbaldeston's XI,,,,details unknown ,
Douglas King,June 6  1989  Middlesex ,28 years 306 days,Buckinghamshire,,Right-hand bat,Right-arm fast,,
Daryl EJ King,date unknown ,,Surrey 2nd XI ,,,,,
Edwin King,1884 ,,Leicestershire,,Right-hand bat,,Wicketkeeper,
Edmund Hugh King,March 26  1906  Edgbaston  Birmingham  Warwickshire ,,Warwickshire,,Right-hand bat,Right-arm offbreak,November 25  1981  Cropthorne  Worcestershire (aged 75 years 244 days) ,
Edmund Poole King,January 21  1907  Avondale  Clifton  Bristol ,,Gloucestershire,,Right-hand bat,,September 11  1990  Wonham  Bampton  Devon (aged 83 years 233 days) ,
Frank King,April 6  1911  Lewisham  London ,,Cambridge University,,Right-hand bat,Right-arm fast-medium,November 1  1996  Sherborne  Dorset (aged 85 years 209 days) ,
Frederick King,November 12  1850  Harbledown  Kent ,,Kent,,,,June 16  1893  Hammersmith  London (aged 42 years 216 days) ,
George Lionel King,April 6  1857  Brighton  Sussex ,,Sussex,,Right-hand bat,,Wicketkeeper,
George William King,June 15  1822  London ,,Cambridge University ,,Left-hand bat,,December 22  1881  Hove  Sussex (aged 59 years 190 days) ,
Harry King,November 6  1881  Leicester ,,Leicestershire,,Right-hand bat,Right-arm medium,June 30  1947  South Knighton  Leicester (aged 65 years 236 days) ,
Henry Clark King,June 20  1857  Durham College  Co Durham ,,Marylebone Cricket Club,,Right-hand bat,Right-arm medium,July 23  1920  Hove  Sussex (aged 63 years 33 days) ,
Horace David King,February 10  1915  Brentford  Middlesex ,,Europeans (India) ,,Right-hand bat,,Wicketkeeper,
Ian Metcalfe King,November 10  1931  Leeds  Yorkshire ,86 years 149 days,Essex ,,Left-hand bat,Slow left-arm orthodox,,
James King,1855  Southampton  Hampshire ,,Hampshire ,,Left-hand bat,Left-arm fast,details unknown ,
James King,May 3  1869  Lutterworth  Leicestershire ,,Leicestershire,,Right-hand bat,,Brother - ,
John King,August 2  1845  Melbourn  Cambridge ,,Cambridge Town Club ,,,,details unknown ,
John Herbert King,April 16  1871  Lutterworth  Leicestershire ,,England ,,Left-hand bat,Left-arm medium,Brother - ,
Joseph Michael King,July 2  1992  Bath  Somerset ,25 years 280 days,Wiltshire,,Right-hand bat,Right-arm offbreak,,
James Morris Roy King,September 15  1942  Bristol ,75 years 205 days,Gloucestershire,,Right-hand bat,Right-arm medium  Legbreak,,
John Philip King,1797  Bungay  Suffolk ,,Suffolk,,,,October 4  1842  Bury St Edmunds  Suffolk (aged 45 years) ,
JV King,date unknown ,,Devon,,,,,
John William King,January 21  1908  Leicester ,,Leicestershire ,,Right-hand bat,,Father - ,
Kenneth Charles William King,December 4  1915  Beddington  Surrey ,,Surrey,,Left-hand bat,Slow left-arm orthodox,July 5  1997  Peterborough (aged 81 years 213 days) ,
Matthew John King,February 25  1994  Basingstoke  Hampshire ,24 years 42 days,Hampshire ,,Right-hand bat,Right-arm fast-medium,Fort Hill Community School  Basingstoke,
Matthew Martin King,August 12  1970  Southampton  Hampshire ,47 years 239 days,Bashley (Rydal) ,,Right-hand bat,Right-arm medium,Occasional wicketkeeper,
Michael William Edward King,January 5  1989  Colchester  Essex ,29 years 93 days,Herefordshire,,Right-hand bat,Right-arm offbreak,,
Percival King,December 9  1835  Stockwell  London ,,Surrey,,Right-hand bat,Right-arm fast (roundarm)  Right-arm slow (roundarm),Wicketkeeper,
P King,date unknown ,,,,,,Umpire,
Paul Daniel King,February 25  1979  Ipswich  Suffolk ,39 years 42 days,Suffolk,,Right-hand bat,Right-arm fast-medium,,
Robert David King,July 10  1978  Stoke-on-Trent ,39 years 272 days,Staffordshire,,Right-hand bat,Right-arm offbreak,,
Richard Eric King,January 3  1984  Hitchin  Hertfordshire ,34 years 95 days,Loughborough Marylebone Cricket Club University (England) ,,Right-hand bat,Left-arm medium-fast,,
Robert Jasper Stuart King,May 10  1909  Leigh-on-Sea  Essex ,,Essex,,Right-hand bat,Legbreak,Umpire,
Sidney King,1885  Rushden  Northamptonshire ,,Northamptonshire,,,,1972  Rushden  Northamptonshire (aged 87 years) ,
Sarah King,May 21  1981 ,36 years 322 days,Durham Women,,Right-hand bat,Right-arm medium,,
Simon James King,September 4  1987  Warlingham  Surrey ,30 years 216 days,Surrey ,,Right-hand bat,Right-arm offbreak,Warlingham Secondary School; John Fisher Sixth Form College,
Samuel Nicholson Kingdon,May 16  1805  Bridgerole  Devon ,,Cambridge University,,,,March 17  1872  Bridgerole  Devon (aged 66 years 306 days) ,
Brian Neil Kingham,December 13  1964  Stockport  Cheshire ,53 years 116 days,Cheshire,,Right-hand bat,,,
David Francis Kings,December 26  1975  Hereford ,42 years 103 days,Herefordshire,,Right-hand bat,Right-arm medium,,
Jake Benjamin Kings,March 15  1994 ,24 years 24 days,Loughborough Marylebone Cricket Club University (England),,,,,
Toby J Kingsbury,date unknown ,,Findon Cricket Club,,,,,
Arthur Fitzhardinge Kingscote,July 12  1841  Westminster  London ,,Marylebone Cricket Club,,,,February 5  1881  Fulham  London (aged 39 years 208 days) ,
Henry Bloomfield Kingscote,February 28  1843  Kingscote Park  Gloucestershire ,,Gloucestershire ,,Right-hand bat,,Wicketkeeper,
Henry Robert Kingscote,May 25  1802  Hinton  Hampshire ,,Hampshire ,,Right-hand bat,,Harrow School,
Robert Kennett Kingsford,December 23  1849  Sydenham Hill  London ,,Surrey,,Right-hand bat,,Wicketkeeper,
Raymond Kingshott,January 13  1957  Merriwa  Australia ,61 years 85 days,Norfolk,,Left-hand bat,Slow left-arm orthodox,,
Patrick Graham Toler Kingsley,May 26  1908  Calcutta (now Kolkata)  Bengal  India ,,Oxford University,,Right-hand bat,,August 24  1999  Yeovil  Somerset (aged 91 years 90 days) ,
Ben JE Kingsnorth,date unknown ,,Valley End,,,,Wicketkeeper,
Anthony Charles Kingston,July 28  1939  Northampton ,78 years 254 days,,,,,Scorer,
Frederick William Kingston,December 24  1855  Oundle  Northamptonshire ,,Cambridge University,,Right-hand bat,,Wicketkeeper,
Graham Charles Kingston,November 1  1950  Newport  Monmouthshire ,67 years 158 days,Glamorgan,,Right-hand bat,Right-arm medium,,
Hubert Ernest Kingston,August 15  1876  Northampton ,,Northamptonshire,,Right-hand bat,Legbreak,June 9  1955  Long Buckby  Northamptonshire (aged 78 years 298 days) ,
HP Kingston,date unknown ,,Northamptonshire 2nd XI,,,,,
James Phillips Kingston,July 8  1857  Hardingstone  Northamptonshire ,,Warwickshire,,Right-hand bat,Legbreak,March 14  1929  Italy (aged 71 years 249 days) ,
T Kingston,date unknown ,,Bedfordshire,,,,,
William Harold Kingston,August 12  1874  Northampton ,,Northamptonshire,,Right-hand bat,,February 17  1956  Northampton (aged 81 years 189 days) ,
Peter William Kinsgton-Davey,October 22  1940  Tiverton  Devon ,77 years 168 days,,,,,Umpire,
Anna Susan K Kingstone,March 10  1980  Reading  Berkshire ,38 years 29 days,Leicestershire Women,,,,,
James Howard Kingstone,February 10  1982  Reading  Berkshire ,36 years 57 days,Berkshire,,Right-hand bat,,Wicketkeeper,
William Miles Nairne Kington,September 24  1838  Clifton  Bristol ,,Gloucestershire,,Right-hand bat,,April 21  1898  Montreux  Switzerland (aged 59 years 209 days) ,
Charles John King-Turner,December 13  1904  Cirencester  Gloucestershire ,,Gloucestershire,,Right-hand bat,,April 4  1972  Cirencester  Gloucestershire (aged 67 years 113 days) ,
Roderick Calder Kinkead-Weekes,March 15  1951  East London  South Africa ,67 years 24 days,Middlesex ,,Right-hand bat,,Wicketkeeper,
Douglas James William Kinnaird,February 26  1788 ,,Middlesex ,,,,March 12  1830  Pall Mall  London (aged 42 years 14 days) ,
Septimus Paul Kinneir,May 13  1871  Pickwick  Corsham  Wiltshire ,,England ,,Left-hand bat,Right-arm medium,October 16  1928  Birmingham  Warwickshire (aged 57 years 156 days) ,
Kenneth Charles Kinnersley,March 13  1914  Apia  Upolu  Western Samoa ,,Somerset,,Right-hand bat,Right-arm slow-medium,June 30  1984  Clifton  Bristol (aged 70 years 109 days) ,
Christopher Richard Granville Kippax,May 3  1969  Leeds  Yorkshire ,48 years 340 days,Cumberland,,Right-hand bat,,,
Peter John Kippax,October 15  1940  Huddersfield  Yorkshire ,,Durham ,,Right-hand bat,Legbreak googly,January 17  2017 (aged 76 years 94 days) ,
Simon Alexander Jonathan Kippax,May 8  1964  Leeds  Yorkshire ,53 years 335 days,Cumberland,,Right-hand bat,Legbreak googly,,
David Kirby,January 18  1939  Darlington  Co Durham ,79 years 80 days,Cambridge University ,,Right-hand bat,Right-arm offbreak,,
Geoffrey Norman George Kirby,November 6  1923  Reading  Berkshire ,,Surrey,,Right-hand bat,,Wicketkeeper,
Henry Richard Kirby,March 19  1889  Patrixbourne  Kent ,,Sussex,,,,July 20  1976  Mayfield  Sussex (aged 87 years 123 days) ,
John Edward Weston Kirby,February 4  1936  Low Fell  Gateshead  Co Durham ,82 years 63 days,Oxford University,,Right-hand bat,Right-arm medium,,
Steven Paul Kirby,October 4  1977  Bury  Lancashire ,40 years 186 days,England Lions ,,Right-hand bat,Right-arm fast-medium,Elton High School  Bury College,
William Anthony Kirby,June 2  1981  Hull  Yorkshire ,36 years 310 days,Durham MCCU ,,Right-hand bat,Right-arm medium,,
Edwin Kirk,May 6  1866  Coventry  Warwickshire ,,Warwickshire,,Right-hand bat,,March 10  1957  Coventry  Warwickshire (aged 90 years 308 days) ,
Ernest Charles Kirk,March 21  1884  Clapham  London ,,Surrey,,Left-hand bat,Left-arm medium-fast,December 19  1932  Fulham  London (aged 48 years 273 days) ,
Gary Michael Kirk,April 10  1961  Colchester  Essex ,56 years 363 days,Suffolk,,Right-hand bat,Right-arm fast-medium,,
Lionel Kirk,November 1  1884  Sheffield  Yorkshire ,,Nottinghamshire,,Right-hand bat,,February 27  1953  Standard Hill  Nottingham (aged 68 years 118 days) ,
William Naylor Kirk,January 18  1866  Radford  Nottinghamshire ,,Nottinghamshire,,,,January 10  1904  Hyson Green  Nottingham (aged 37 years 357 days) ,
Percy James Kirkham,November 17  1899  Wolstanton  Staffordshire ,,Staffordshire,,Left-hand bat,Left-arm medium,December 14  1999  Seaton  Devon (aged 100 years 27 days) ,
Frederick Kirkman,July 13  1849  Croft  Lancashire ,,Cambridge University,,,(unknown arm) fast-medium,December 8  1879  Croft  Lancashire (aged 30 years 148 days) ,
Michael Kirkman,February 11  1942  Bodmin  Cornwall ,76 years 56 days,Cambridge University,,Right-hand bat,Legbreak,Dulwich College; St Catharine's College  Cambridge,
James Kirkpatrick,1807 ,,Gentlemen of Kent,,,,October 22  1882  St Leonards-On-Sea  Sussex (aged 75 years) ,
James Kirkpatrick,March 22  1841  Closeburn  Dumfries  Scotland ,,Gentlemen of the South,,Right-hand bat,Right-arm fast,November 10  1899  Forest Hill  London (aged 58 years 233 days) ,
Henry Raphael Kirkwood,October 12  1886  Hartley Wintney  Hampshire ,,Army,,,Legbreak,April 14  1954  Folkestone  Kent (aged 67 years 184 days) ,
Samuel Kirnon,December 25  1962  Fulwood  Preston  Lancashire ,55 years 104 days,Glamorgan,,Right-hand bat,Right-arm medium-fast,,
Adam Ross Kirtley,December 19  1990  Durham ,27 years 110 days,Durham 2nd XI,,Right-hand bat,Slow left-arm orthodox,,
David Kirtley,May 21  1977  Eastbourne  Sussex ,40 years 322 days,Wales Minor Counties,,Right-hand bat,Right-arm medium,,
David A Kirtley,date unknown ,,Eastbourne CC,,,,Brother - ,
Robert James Kirtley,January 10  1975  Eastbourne  Sussex ,43 years 88 days,England ,,Right-hand bat,Right-arm fast-medium,Brother - ,
Harold Osborne Kirton,January 4  1894  Paddington  London ,,Warwickshire,,Right-hand bat,Right-arm medium,May 9  1974  Holland-on-Sea  Essex (aged 80 years 125 days) ,
Edward Dominick Geoffrey Martin Kirwan,August 5  1814  Cheltenham  Gloucestershire ,,Cambridge University,,,,June 27  1890  Dover  Kent (aged 75 years 326 days) ,
George Kirwan,1830 ,,Sussex,,,,July 23  1899  Bedford (aged 69 years) ,
John Henry Kirwan,December 25  1816  Beaumaris  Anglesey  Wales ,,Cambridge Town Club ,,,Right-arm fast (roundarm),June 13  1899  St Johns  near Antony  Cornwall (aged 82 years 170 days) ,
Richard Kirwan,1830 ,,Gentlemen of England,,,,September 2  1872  Sidmouth  Devon (aged 42 years) ,
Scott James Kirwin,August 28  1988  Tameside  Manchester  Lancashire ,29 years 223 days,Cumberland ,,Left-hand bat,Left-arm medium,,
KR Kishun,date unknown ,,Durham 2nd XI,,,,,
Sidney Austyn Paul Kitcat,July 20  1868  Charlton  Tetbury  Gloucestershire ,,Gloucestershire,,Right-hand bat,Right-arm medium,June 17  1942  Esher  Surrey (aged 73 years 332 days) ,
Mervyn John Kitchen,August 1  1940  Nailsea  Somerset ,77 years 250 days,Somerset,,Left-hand bat,Right-arm medium,Umpire,
Frederick George Kitchener,July 2  1871  Hartley Row  Hampshire ,,Hampshire,,Right-hand bat,Right-arm fast-medium,May 25  1948  East Boldon  Co Durham (aged 76 years 328 days) ,
Ernest William Kitching,1851  Huddersfield  Yorkshire ,,Gentlemen of the North,,,,December 8  1902  Winson Green  Birmingham  Warwickshire (aged 51 years) ,
Amelia Kite,date unknown ,,Worcestershire Women,,,,,
David Lees Kitson,September 13  1925  Batley  Yorkshire ,,Somerset,,Right-hand bat,,May 17  2002  Ilminster  Somerset (aged 76 years 246 days) ,
Frederick Kitson,May 20  1893  Marylebone  London ,,Northamptonshire,,,Slow left-arm orthodox,January 25  1925  Northampton (aged 31 years 250 days) ,
James Kitson,October 27  1807  Leeds  Yorkshire ,,Marylebone Cricket Club,,,,June 30  1885  Rounday  Leeds  Yorkshire (aged 77 years 246 days) ,
John Francis Kitson,March 9  1818  Crediton  Devon ,,Oxford University,,,,July 29  1907  Torpoint  Cornwall (aged 89 years 142 days) ,
Michael William Kitson,November 9  1992  Huddersfield  Yorkshire ,25 years 150 days,Dorset,,Right-hand bat,Right-arm medium-fast,,
Suzanne Jane Kitson,1969  Cambridge ,49 years,East Anglia Women ,,,,Suzanne Clarke,
Ben Michael Kitt,January 18  1995  Plymouth ,23 years 80 days,Cornwall,,Right-hand bat,Right-arm medium-fast,,
Jennifer Anne Kitzinger,April 4  1979  Wycombe  Buckinghamshire ,39 years 4 days,Cheshire Women,,,,Husband - ,
R Kitzinger,date unknown ,,,,,,Umpire,
Rupert Charles Kitzinger,March 24  1979  Chertsey  Surrey ,39 years 15 days,Dorset ,,Right-hand bat,Right-arm medium-fast,Wife - ,
D Klein,date unknown ,,Hampshire 2nd XI,,,,,
Garon Reuben Kleinveldt,February 3  1991  Cape Town  Cape Province ,27 years 64 days,Hampshire 2nd XI,,Left-hand bat,Right-arm medium,Father - ,
Matthew Caleb Kleinveldt,August 10  1989  Southampton  Hampshire ,28 years 241 days,Cape Cobras ,,Left-hand bat,Right-arm offbreak,Father - ,
Willem Abraham Klopper,May 29  1985  Bloemfontein  Orange Free State ,32 years 314 days,Oxford MCCU ,,Right-hand bat,Right-arm offbreak,6 ft 2 in ,
Edward Michael Molineux Knapp,April 28  1848  Bath  Somerset ,,Gloucestershire,,Right-hand bat,Right-arm fast (roundarm),November 24  1903  Croydon  Surrey (aged 55 years 210 days) ,
John Walter Knapp,March 8  1841  Paddington  London ,,Middlesex,,,Right-arm fast,June 22  1881  St Leonards-on-Sea  Sussex (aged 40 years 106 days) ,
Terence Henry Knapp,May 14  1913  Reading  Berkshire ,,Army ,,,,February 25  1979  Reading  Berkshire (aged 65 years 287 days) ,
Joshua Philip Thomas Knappett,April 15  1985  Middlesex Hospital  London ,32 years 358 days,British Universities ,,Right-hand bat,,East Barnet School  Oxford University,
Nicola Knapton,date unknown ,,Lincolnshire Women,,,,,
Henry Edward Knatchbull,August 30  1808  Mersham Hatch  Kent ,,Cambridge University ,,Right-hand bat,,Wicketkeeper,
Cecil Marcus Knatchbull-Hugessen,November 27  1863  Chelsea  London ,,Cambridge University ,,Right-hand bat,,Wicketkeeper,
William Western Knatchbull-Hugessen,May 23  1837  Mersham Hatch  Kent ,,Kent,,,,September 6  1864  St Leonards-On-Sea  Sussex (aged 27 years 106 days) ,
Arthur Harry Kneller,April 28  1894  Kingsclere  Hampshire ,,Hampshire,,Right-hand bat,,Ardingly College,
George Alan Knew,March 5  1954  Leicester ,64 years 34 days,Leicestershire,,Right-hand bat,,,
George Frank Knew,October 13  1920  Wigston  Leicestershire ,,Leicestershire,,Right-hand bat,,February 17  1995  Leicester (aged 74 years 127 days) ,
James Keiran Knibbs,March 18  1983  Stockport  Cheshire ,35 years 21 days,Cheshire,,Right-hand bat,,Wicketkeeper,
Knight,date unknown ,,F Beauclerk's XI ,,,,,
AB Knight,date unknown ,,,,,,Umpire,
Albert Ernest Knight,October 8  1872  Leicester ,,England ,,Right-hand bat,,April 25  1946  Edmonton  Middlesex (aged 73 years 199 days) ,
Arthur Egerton Knight,September 7  1887  Godalming  Surrey ,,Hampshire,,,,March 10  1956  Milton  Hampshire (aged 68 years 185 days) ,
Brook John Knight,September 1808  Godmersham  Kent ,,Kent,,,,January 10  1878  Westminster  London (aged 69 years) ,
Barry Rolfe Knight,February 18  1938  Chesterfield  Derbyshire ,80 years 49 days,England ,,Right-hand bat,Right-arm fast-medium,Coach,
Christopher George Knight,December 1  1972  Taunton  Somerset ,45 years 128 days,Hampshire Cricket Board,,Right-hand bat,Right-arm medium,,
Colin Richard Knight,May 24  1956  Barrow-in-Furness  Lancashire ,61 years 319 days,Cumberland,,Right-hand bat,,Wicketkeeper,
David Charles Knight,December 3  1955  Newport  Monmouthshire  England ,62 years 126 days,Wales,,Right-hand bat,Right-arm medium,,
Donald John Knight,May 12  1894  Sutton  Surrey ,,England ,,Right-hand bat,,Coach,
Edward Knight,May 10  1794  Goodnestone  Kent ,,Hampshire ,,,,November 5  1879  Alton  Hampshire (aged 85 years 179 days) ,
Gary Knight,August 31  1993  Billinge  Wigan  Lancashire ,24 years 220 days,Glamorgan 2nd XI ,,Left-hand bat,,Wicketkeeper,
George Knight,March 28  1835  Petworth  Sussex ,,Sussex,,Right-hand bat,(unknown arm) slow (underarm),Wicketkeeper,
Gregory Knight,date unknown ,,Marylebone Cricket Club,,,,September 26  1898  Leamington Spa  Warwickshire ,
George Thomas Knight,November 22  1795  Goodnestone Park  Kent ,,Hampshire ,,Right-hand bat,Right-arm fast (roundarm),changed name from George Thomas Austen in November 1812,
Henry Knight,1796  Rowling  Kent ,,Sussex,,,,May 31  1843  Kent (aged 47 years) ,
Holly Alexandra Knight,July 11  1988  Fareham  Hampshire ,29 years 271 days,Hampshire Women ,,Right-hand bat,Right-arm medium,,
Heather Clare Knight,December 26  1990  Plymouth ,27 years 103 days,Diamonds ,Middle-order batsman,Right-hand bat,Right-arm offbreak,,
John Mark Knight,March 16  1958  Oundle  Northamptonshire ,60 years 23 days,Oxford University,,Right-hand bat,Right-arm fast-medium,,
Joseph William Knight,September 20  1896  Highworth  Wiltshire ,,Cambridge University,,,(unknown arm) fast-medium,March 3  1974  Childrey  Oxfordshire (aged 77 years 164 days) ,
Martin Joseph Knight,October 5  1984  Ashton-under-Lyne  Lancashire ,33 years 185 days,Cheshire,,,,,
Norman Spencer Knight,March 30  1914  Eltham  Kent ,104 years 9 days,Oxford University,,Left-hand bat,,Wicketkeeper,
Nicholas Verity Knight,November 28  1969  Watford  Hertfordshire ,48 years 131 days,England ,Opening batsman,Left-hand bat,Right-arm medium,Felsted School; Loughborough University,
Philip Henry Knight,August 25  1835  Chawton House  Alton  Hampshire ,,Cambridge University,,,,January 4  1882  Chawton House  Alton  Hampshire (aged 46 years 132 days) ,
Richard Knight,May 8  1892  South Molton  Devon ,,Cambridge University,,Right-hand bat,,January 9  1960  Kewstroke  Weston-super-Mare  Somerset (aged 67 years 246 days) ,
Ronald Knight,May 12  1913  Northampton ,,Northamptonshire,,Right-hand bat,Right-arm fast,October 1991  New Forest  Hampshire (aged 78 years) ,
Rebecca Knight,May 28  1996 ,21 years 315 days,Northumberland Women,,,,,
Roger David Verdon Knight,September 6  1946  Streatham  London ,71 years 214 days,Cambridge University ,,Left-hand bat,Right-arm medium,Dulwich College,
Robert Frank Knight,August 10  1879  Rushden  Northamptonshire ,,Northamptonshire,,Right-hand bat,Legbreak,January 9  1955  Kettering  Northamptonshire (aged 75 years 152 days) ,
Robert Lougher Knight,April 21  1858  St Bride's Major  Glamorgan  Wales ,,Oxford University,,Right-hand bat,Left-arm medium (roundarm),May 22  1938  Tythegston Court  Glamorgan  Wales (aged 80 years 31 days) ,
Thomas Craig Knight,June 28  1993  Sheffield  Yorkshire ,24 years 284 days,Derbyshire ,,Right-hand bat,Slow left-arm orthodox,,
Wiliam Wyndham Knight,December 5  1828  Chawton  Hampshire ,,Kent,,,,September 17  1918  Bilting  Kent (aged 89 years 286 days) ,
Charles Stuart Knightley,February 3  1972  Cheltenham  Gloucestershire ,46 years 64 days,Oxfordshire,,Left-hand bat,,,
William Knightley-Smith,August 1  1932  West Smithfield  London ,,Cambridge University ,,Left-hand bat,,Highgate School; Cambridge University,
TJ Knights,date unknown ,,Civil Service,,,,,
J Knill,date unknown ,,Left-Handed,,,,,
Alan Philip Eric Knott,April 9  1946  Belvedere  Kent ,71 years 364 days,England ,,Right-hand bat,Right-arm offbreak,Son - ,
Charles Harold Knott,March 20  1901  Tunbridge Wells  Kent ,,Kent ,,Right-hand bat,Legbreak,Coach,
Charles James Knott,November 26  1914  Southampton  Hampshire ,,Hampshire,,Right-hand bat,,February 27  2003  Southampton  Hampshire (aged 88 years 93 days) ,
Frederick Hammett Knott,October 30  1891  Tunbridge Wells  Kent ,,Kent ,,Right-hand bat,Legbreak googly,February 10  1972  Horsell Birch  Woking  Surrey (aged 80 years 103 days) ,
James Alan Knott,June 14  1975  Canterbury  Kent ,42 years 298 days,Bedfordshire ,,Right-hand bat,Right-arm medium,Father - ,
Knowles,date unknown ,,Earl of Winchilsea's XI,,,,,
Arthur Knowles,April 10  1858  Pendlebury  Manchester  Lancashire ,,Lancashire,,Right-hand bat,Right-arm medium,July 10  1929  Alvaston Hall  Cheshire (aged 71 years 91 days) ,
Bryan Knowles,date unknown ,,Lancashire 2nd XI ,Opening batsman,Right-hand bat,,Father - ,
Graham Andrew Knowles,August 29  1973  Rossendale  Lancashire ,44 years 222 days,Lancashire Cricket Board,,Right-hand bat,,Son - ,
Joseph Knowles,March 25  1910  Nottingham ,,Nottinghamshire,,Right-hand bat,Right-arm slow,September 13  1993  Nottingham (aged 83 years 172 days) ,
Richard Knowles,date unknown ,,Bashley (Rydal),,,,,
William Lancelot Knowles,November 27  1870  Twineham Grange  Henfield  Sussex ,,Kent ,,Right-hand bat,,December 1  1943  Ditchling  Sussex (aged 73 years 4 days) ,
Frank Pery Knox,January 23  1880  Clapham  London ,,Oxford University ,,Left-hand bat,Right-arm medium,February 1  1960  Hove  Sussex (aged 80 years 9 days) ,
Gerald Keith Knox,April 22  1937  North Shields  Northumberland ,80 years 351 days,Lancashire,,Right-hand bat,Right-arm medium,Newcastle Royal Grammar School,
Neville Alexander Knox,October 10  1884  Clapham  London ,,England ,,Right-hand bat,Right-arm fast,Brother-in-law - ,
Stuart Robert Knox,October 13  1975  Barrow-in-Furness ,42 years 177 days,Cumberland,,Right-hand bat,Right-arm offbreak,Brother - ,
Herbert John Knutton,June 14  1867  Coventry  Warwickshire ,,Warwickshire,,Right-hand bat,Right-arm fast,December 12  1946  Heaton  Bradford  Yorkshire (aged 79 years 181 days) ,
B Knyman,date unknown ,,Kent 2nd XI,,,,,
Benjamin Dumont Koe,1816  London ,,Cambridge University,,,,June 30  1842  Highgate  Middlesex (aged 26 years) ,
B Kohler-Cadmore,date unknown ,,Worcestershire 2nd XI,,,,,
Tom Kohler-Cadmore,August 19  1994  Chatham  Kent ,23 years 232 days,Quetta Gladiators ,,Right-hand bat,Right-arm offbreak,,
Myron Kok,December 7  1932  Houghton  Johannesburg  Transvaal  South Africa ,85 years 122 days,Cambridge University,,Right-hand bat,Right-arm medium,,
Oskar Magnus David Kolk,January 9  1997  Guildford  Surrey ,21 years 89 days,Leicestershire 2nd XI ,,Right-hand bat,Right-arm medium  Right-arm offbreak,,
Peter Hans Konig,October 16  1931  Vienna  Austria ,86 years 174 days,Leicestershire,,Right-hand bat,,Wicketkeeper,
Tom Harry Kopelman,September 25  1989  Newham  Essex ,28 years 195 days,Essex 2nd XI,,Right-hand bat,Right-arm medium-fast,,
Charles Jesse Kortright,January 9  1871  Furze Hall  Fryerning  Ingatestone  Essex ,,Essex,,Right-hand bat,Right-arm fast,December 12  1952  Brookstreet  South Weald  Essex (aged 81 years 338 days) ,
R Kotcamp,date unknown ,,Hertfordshire,,,,,
Ronald Kotkamp,April 15  1972  Dunedin  Otago  New Zealand ,45 years 358 days,Herefordshire ,,Right-hand bat,Right-arm fast-medium,,
Dean Kreischer,date unknown ,,Wales Minor Counties,,Right-hand bat,Slow left-arm orthodox,,
Brian Egbert Krikken,August 26  1946  Horwich  Lancashire ,71 years 225 days,Lancashire ,,Left-hand bat,,Wicketkeeper,
Karl Matthew Krikken,April 9  1969  Bolton  Lancashire ,48 years 364 days,Derbyshire ,,Right-hand bat,,Wicketkeeper,
Stephen William Kuhlmann,April 4  1946  Islington  London ,72 years 4 days,,,,,Umpire,
Abhishek Sanjay Kulkarni,August 3  1994  Harrow  Middlesex ,23 years 248 days,Hertfordshire ,,Right-hand bat,Right-arm medium,St Mary's School  Ascot; Queen Mary University,
DW Kulmann,date unknown ,,,,,,Umpire,
Karan Kumar,September 8  1992  Slough  Berkshire ,25 years 212 days,Berkshire ,,Right-hand bat,Right-arm medium,,
Pallav Kumar,July 13  1981  Patna  Bihar ,36 years 269 days,Cumberland ,,Right-hand bat,Right-arm medium-fast,,
Vikram Harsh Kumar,January 21  1981  Beckenham  Kent ,37 years 77 days,Cambridge MCCU ,,Right-hand bat,,Wicketkeeper,
M Kureshi,date unknown ,,,,,,Umpire,
Eben Everett Kurtz,November 12  1995  Camden  London ,22 years 147 days,Durham MCCU ,,Left-hand bat,Left-arm medium,,
FIN Kushi,date unknown ,,Essex 2nd XI,,,,,
Wayne Kylander,date unknown ,,Marylebone Cricket Club,,,,,
Roger Kynaston,November 5  1805  Marylebone  London ,,Marylebone Cricket Club ,,Right-hand bat,,June 21  1874  Marylebone  London (aged 68 years 228 days) ,
Tom C Lace,date unknown ,,Middlesex 2nd XI ,,,,,
Lacey,date unknown ,,,,,,Umpire,
Amy Olivia Lacey,July 14  1993  Derby ,24 years 268 days,Derbyshire Women,,,,,
Francis Eden Lacey,October 19  1859  Wareham  Dorset ,,Cambridge University ,,Right-hand bat,Right-arm slow (roundarm),Sherbourne; Gonville and Caius  Cambridge,
Joshua Lacey,date unknown ,,Derbyshire 2nd XI,,,,,
Simon James Lacey,March 9  1975  Nottingham ,43 years 30 days,Derbyshire,,Right-hand bat,Right-arm offbreak,,
Gilbert de Lacy Lacy,February 26  1834  Tring  Hertfordshire ,,Marylebone Cricket Club,,,,June 7  1898  Mount Frere  South Africa (aged 64 years 101 days) ,
David Geffrey Lacy-Scott,August 18  1920  Calcutta (now Kolkata)  Bengal  India ,97 years 233 days,Cambridge University ,,Right-hand bat,Right-arm fast-medium,,
Felix Calvert Ladbroke,1771  Idlicote  Warwickshire ,,Hampshire ,,,,March 1840  London (aged 69 years) ,
James Weller Ladbroke,1772  Idlicote  Warwickshire ,,Sussex,,,,March 23  1847  Petworth  Sussex (aged 75 years) ,
Benjamin Ian William Ladd-Gibbon,May 20  1994  Dorchester  Dorset ,23 years 323 days,Dorset ,,Right-hand bat,Right-arm medium,,
Laeeq Rehman,October 17  1983  Pakistan ,34 years 173 days,Shropshire,,Left-hand bat,Right-arm medium-fast,Brother - ,
Bev Lagden,date unknown ,,Dorset Women,,,,,
Godfrey Yeatman Lagden,1851  Sherborne  Dorset ,,Marylebone Cricket Club,,,,June 26  1934  Weybridge  Surrey (aged 83 years) ,
Reginald Bousfield Lagden,April 15  1893  Maseru  Basutoland ,,Cambridge University ,,Right-hand bat,Right-arm offbreak,October 20  1944  Karachi  India (aged 51 years 188 days) ,
Ronald Owen Lagden,November 21  1889  Maseru  Basutoland ,,Oxford University,,Right-hand bat,Right-arm fast,March 1  1915  St Eloi  Belgium (aged 25 years 100 days) ,
William James Laidlay,August 12  1846  Calcutta (now Kolkata)  Bengal  India ,,North of England,,,,October 25  1912  Freshwater  Isle of Wight (aged 66 years 74 days) ,
Matthew John Laidman,October 20  1992  Sutton  Surrey ,25 years 170 days,Surrey 2nd XI ,,Right-hand bat,,Wicketkeeper,
J Lailer,date unknown ,,Marylebone Cricket Club Young Cricketers,,,,,
David James Laitt,May 3  1931  Oxford ,,Minor Counties ,,Right-hand bat,Right-arm medium,June 27  1998  Croydon  Surrey (aged 67 years 55 days) ,
Brian Laity,October 20  1935  Penzance  Cornwall ,,Cornwall,,Right-hand bat,Right-arm offbreak,March 22  2007  Treliske Hospital  Truro (aged 71 years 153 days) ,
Graham Johnson Lake,April 13  1935  Croydon  Surrey ,82 years 360 days,Gloucestershire,,Right-hand bat,Right-arm fast-medium,,
Ronald Dewé Lake,May 9  1891  Westgate House  Bury St Edmunds  Suffolk ,,Northamptonshire,,Right-hand bat,,July 28  1950  Winkton  Hampshire (aged 59 years 80 days) ,
Chris Laker,date unknown ,,Lancashire 2nd XI,,,,,
CM Laker,date unknown ,,Leicestershire 2nd XI,,,,,
James Charles Laker,February 9  1922  Frizinghall  Bradford  Yorkshire ,,England ,,Right-hand bat,Right-arm offbreak,April 23  1986  Putney  London (aged 64 years 73 days) ,
Peter Guy Laker,December 5  1926  Hurstpierpoint  Sussex ,,Sussex,,Right-hand bat,Legbreak,March 7  2014  Lewes (aged 87 years 92 days) ,
Raveena Rajnikant Lakhtaria,October 26  1992  Edgware  Middlesex ,25 years 164 days,Middlesex Women ,,Right-hand bat,Right-arm offbreak,,
Keith Lakin,date unknown ,,England,,,,Umpire,
Elysse Yasmina Lally,June 8  1997  Stoke-on-Trent  Staffordshire ,20 years 304 days,Staffordshire Women,,,,,
Arthur Lamb,December 17  1868  Cheltenham  Gloucestershire ,,Gloucestershire,,,,July 26  1908  Cliftonville  Kent (aged 39 years 222 days) ,
Allan Joseph Lamb,June 20  1954  Langebaanweg  Cape Province  South Africa ,63 years 292 days,England ,,Right-hand bat,Right-arm medium,Wynberg Boys High School,
Bruce Lamb,August 25  1878  Andover  Hampshire ,,Hampshire,,Right-hand bat,,March 21  1932  Andover  Hampshire (aged 53 years 209 days) ,
Charles Stennett Lamb,September 16  1972  Macclesfield  Cheshire ,45 years 204 days,Cheshire,,Right-hand bat,Right-arm fast-medium,,
Daniel John Lamb,September 7  1995  Preston  Lancashire ,22 years 213 days,Cheshire ,,Right-hand bat,Right-arm medium,St Michael's High School  Chorley,
Emma Louise Lamb,December 16  1997  Preston  Lancashire ,20 years 113 days,Lancashire Women ,,Right-hand bat,Right-arm medium,,
George Charlton Lamb,December 31  1936  Newcastle upon Tyne  Northumberland ,,Durham,,Right-hand bat,,March 15  2013  Royal Marsden Hospital  Chelsea  Middlesex (aged 76 years 74 days) ,
Henry John Hey Lamb,May 3  1912  Warkton  Kettering  Northamptonshire ,,Northamptonshire,,Right-hand bat,,Wicketkeeper,
Matthew James Lamb,July 19  1996 ,21 years 263 days,Warwickshire ,,Right-hand bat,Right-arm medium,,
Nicholas John Lamb,November 9  1985  St Albans  Hertfordshire ,32 years 150 days,Durham MCCU ,,Right-hand bat,Right-arm medium-fast,Father - ,
Timothy Charles Zerrubabel Lamb,November 18  1976  Bolton  Lancashire ,41 years 141 days,Dorset,,Right-hand bat,,Wicketkeeper,
Timothy Michael Lamb,March 24  1953  Hartford  Cheshire ,65 years 15 days,Middlesex ,,Right-hand bat,Right-arm medium,Son - ,
Greg Andrew Lambert,January 4  1980  Stoke-on-Trent  Staffordshire ,38 years 94 days,Yorkshire ,,Right-hand bat,Right-arm medium,,
George Ernest Edward Lambert,May 11  1919  Paddington  London ,,Gloucestershire ,,Right-hand bat,Right-arm fast-medium,Father-in-law - ,
John Lambert,April 28  1772 ,,England,,,,September 14  1847  Weston House  Thames Ditton  Surrey (aged 75 years 139 days) ,
John Arthur Lambert,September 30  1817  France ,,Marylebone Cricket Club,,,,September 17  1887  Thames Ditton  Surrey (aged 69 years 352 days) ,
M Lambert,date unknown ,,Yorkshire,,,,,
Michael Francis Lambert,December 6  1987  Ormskirk  Lancashire ,30 years 123 days,Lancashire 2nd XI ,,Right-hand bat,Right-arm fast-medium,,
Peter Alan Lambert,April 13  1990  Great Yarmouth  Norfolk ,27 years 360 days,Norfolk,,Right-hand bat,Right-arm fast-medium,,
Reginald Everitt Lambert,September 25  1882  Telham Court  Sussex ,,Cambridge University ,,,Right-arm medium,January 23  1968  Shaftesbury  Dorset (aged 85 years 120 days) ,
Simon John  William Lambert,May 10  1993  York ,24 years 333 days,Leicestershire 2nd XI ,,Left-hand bat,Right-arm offbreak,,
Thomas Lambert,September 2  1825  Devonport  Devon ,,Marylebone Cricket Club,,,,March 28  1905  Canterbury  Kent (aged 79 years 207 days) ,
Thomas Luke Lambert,May 9  1981  Ascot  Berkshire ,36 years 334 days,Berkshire ,,Right-hand bat,Right-arm medium,,
William Lambert,April 19  1843  Hatfield  Hertfordshire ,,Middlesex,,Right-hand bat,Right-arm medium (roundarm),March 4  1927  St Fagan's  Cardiff  Glamorgan  Wales (aged 83 years 319 days) ,
William Lambert,1779  Burstow  Surrey ,,Hampshire ,,Right-hand bat,,April 19  1851  Nutfield  Surrey (aged 72 years) ,
Lamborn,date unknown ,,England ,,,,,
Thomas Alexander Lammonby,June 2  2000  Exeter  Devon ,17 years 310 days,Devon Under-14s ,Middle-order batsman,Left-hand bat,Left-arm medium-fast,,
Stuart Richard Lampitt,July 29  1966  Wolverhampton  Staffordshire ,51 years 253 days,Worcestershire,,Right-hand bat,Right-arm medium,,
Peter Martin Lamsdale,March 11  1971  Shifnal  Shropshire ,47 years 28 days,Berkshire,,Right-hand bat,Right-arm fast-medium,,
Charles Lanaway,March 16  1793  Henfield  Sussex ,,Sussex,,Right-hand bat, (underarm),February 6  1870  Brighton  Sussex (aged 76 years 327 days) ,
Oswald Philip Lancashire,December 10  1857  Newton Heath  Manchester  Lancashire ,,Cambridge University ,,Right-hand bat,,July 23  1934  Fielden Park  West Didsbury  Manchester  Lancashire (aged 76 years 225 days) ,
Walter Lancashire,October 28  1903  Hemsworth  Yorkshire ,,Hampshire,,Right-hand bat,Right-arm medium,June 7  1981  Dorchester  Dorset (aged 77 years 222 days) ,
Elena Lancaster,date unknown ,,Buckinghamshire Women,,,,,
Matthias William Lancaster,date unknown ,,Gentlemen of Kent,,,,December 3  1892  Oshkosh  Winnebago  United States of America ,
Roger Lancaster,February 4  1951  Biddulph  Staffordshire ,67 years 63 days,Staffordshire,,Right-hand bat,Right-arm fast-medium,,
Thomas Lancaster,February 11  1863  Dalton  Huddersfield  Yorkshire ,,Lancashire,,Left-hand bat,Slow left-arm orthodox,December 12  1935  Blackburn  Lancashire (aged 72 years 304 days) ,
William Whiteley Lancaster,February 4  1873  Scholes  Huddersfield  Yorkshire ,,Yorkshire,,Right-hand bat,Right-arm fast (roundarm),December 30  1938  Marsh  Huddersfield  Yorkshire (aged 65 years 329 days) ,
Thomas John Lancefield,October 8  1990  Epsom  Surrey ,27 years 182 days,Glamorgan ,,Left-hand bat,Left-arm medium,,
Robert John Lanchbury,February 11  1950  Evesham  Worcestershire ,68 years 56 days,Gloucestershire ,,Right-hand bat,,,
G Landa,date unknown ,,Worcestershire 2nd XI,,,,,
Brian Richard Lander,January 9  1942  Bishop Auckland  Co Durham ,76 years 89 days,Durham ,,Right-hand bat,Right-arm medium,,
Charles Whittington Landon,May 30  1850  Bromley  Kent ,,Lancashire ,,Right-hand bat,Right-arm medium (roundarm),March 5  1903  Ledston Hall  Yorkshire (aged 52 years 279 days) ,
Albert Frederick Lane,August 29  1885  Rowley Regis  Staffordshire ,,Warwickshire ,,Right-hand bat,Right-arm offbreak,January 29  1948  Upper Fulbrook  Warwickshire (aged 62 years 153 days) ,
Charlton George Lane,June 11  1836  Kennington  London ,,Oxford University ,,Right-hand bat,,November 2  1892  Little Gaddesden  Hertfordshire (aged 56 years 144 days) ,
Derek Mark Lane,October 7  1974  Wakefield  Yorkshire ,43 years 183 days,Bedfordshire ,,Right-hand bat,Right-arm fast-medium,,
George Lane,July 25  1852  Kimberley  Nottinghamshire ,,Nottinghamshire ,,Left-hand bat,Left-arm medium,July 31  1917  Haverford  Philadelphia  Pennsylvania  United States of Amieca (aged 65 years 6 days) ,
G Lane,date unknown ,,,,,,Umpire,
Henry Thomas Lane,May 17  1793  Marylebone  London ,,Gentlemen ,,,,February 15  1834  Middleton House  Sussex (aged 40 years 274 days) ,
Mark Geoffrey Lane,January 26  1968  Aldershot  Hampshire ,50 years 72 days,Berkshire ,,Right-hand bat,,Coach,
Natalie Jayne Lane,January 16  1985  Bexley  Kent ,33 years 82 days,England Development Squad Women ,,Right-hand bat,Right-arm medium,,
Richard Lane,January 2  1794  Langham  Essex ,,Marylebone Cricket Club,,,,January 26  1870  Hove  Sussex (aged 76 years 24 days) ,
Russell Paul Lane,November 23  1973  Hayes  Middlesex ,44 years 136 days,Buckinghamshire,,Left-hand bat,Right-arm medium,,
Sivell Lane,August 21  1881  Ledbury  Herefordshire ,,Gloucestershire,,,,February 10  1961  Toronto  Ontario  Canada (aged 79 years 173 days) ,
William Ward Claypon Lane,August 1  1845  Kennington  London ,,Cambridge University ,,Right-hand bat,Right-arm slow (roundarm),assumed the name William Ward Claypon Lane-Claypon in November 1875,
Edward James Lane-Fox,date unknown ,,Minor Counties ,,,,,
Jason Scott Laney,April 27  1973  Winchester  Hampshire ,44 years 346 days,Hampshire ,,Right-hand bat,Right-arm offbreak,,
Arthur Horace Lang,October 25  1890  Malabar Hill  Bombay (now Mumbai)  Maharashtra  India ,,Cambridge University ,,Right-hand bat,,Wicketkeeper,
CD Lang,date unknown ,,Kent 2nd XI,,,,,
George Lukis Lang,1837 ,,Gentlemen of England,,,,June 2  1898  Camberley  Surrey (aged 61 years) ,
J M Lang,date unknown ,,Worcestershire,,Left-hand bat,Slow left-arm orthodox,,
Robert Lang,April 6  1840  Jessore  India ,,Cambridge University,,,,March 23  1908  Woodham Walter  Essex (aged 67 years 352 days) ,
Thomas William Lang,June 22  1854  Selkirk  Scotland ,,Gloucestershire ,,Right-hand bat,Right-arm medium (roundarm),May 30  1902  Virginia Water  Surrey (aged 47 years 342 days) ,
George Richmond Langdale,March 11  1916  Thornaby-on-Tees  Yorkshire ,,Derbyshire ,,Left-hand bat,Right-arm offbreak,April 24  2002  Holbeck  Nottinghamshire (aged 86 years 44 days) ,
George Leopold Langdon,February 11  1818  Winchester  Hampshire ,,Sussex,,Left-hand bat,,January 2  1894  St Paul's Cray  Kent (aged 75 years 325 days) ,
Thomas Langdon,January 8  1879  Brighton  Sussex ,,Gloucestershire,,Right-hand bat,Slow left-arm orthodox,November 30  1944  Nuneaton  Warwickshire (aged 65 years 327 days) ,
Ian David Langdown,1968  Andover  Hampshire ,50 years,Andover,,,,,
Justin Langen,date unknown ,,Durham MCCU,,,,,
Langford,date unknown ,,Norfolk,,,,,
Brian Anthony Langford,December 17  1935  Birmingham  Warwickshire ,,Somerset,,Right-hand bat,Right-arm offbreak,February 12  2013  Taunton (aged 77 years 57 days) ,
Henry John Langford,November 26  1984  Hereford ,33 years 133 days,Gloucestershire 2nd XI ,,Left-hand bat,,,
N Langford,date unknown ,,Nottinghamshire 2nd XI,,,,,
Nicholas George Langford,April 23  1992  Sutton-in-Ashfield ,25 years 350 days,England Under-15s ,,Left-hand bat,Right-arm offbreak,,
William Thomas Langford,October 5  1875  Hythe  Southampton  Hampshire ,,Hampshire,,Right-hand bat,Right-arm fast-medium,February 20  1957  Ospringe  Faversham  Kent (aged 81 years 138 days) ,
Alfred Robert Maskall Langhorne,December 20  1845  Victoria  Australia ,,Marylebone Cricket Club,,,,June 4  1930  Watford  Hertfordshire (aged 84 years 166 days) ,
Colin Kendall Langley,July 11  1888  Narborough House  Leicestershire ,,Warwickshire,,Right-hand bat,Right-arm fast-medium,June 26  1948  Hatton  Warwick (aged 59 years 351 days) ,
Henry Fitzroy James Langley,December 8  1846  Westminster  London ,,I Zingari,,,,November 20  1884  Buenos Aires  Argentina (aged 37 years 348 days) ,
John Douglas Algernon Langley,April 25  1918  Northwood  Middlesex ,,Cambridge University ,,Right-hand bat,,April 27  1996  Westminster  London (aged 78 years 2 days) ,
William Michael Langmead,September 17  1991  Chichester ,26 years 203 days,Cambridge MCCU ,,Right-hand bat,Right-arm offbreak,,
James Langridge,July 10  1906  Chailey  Sussex ,,England ,,Left-hand bat,Slow left-arm orthodox,Brother - ,
John George Langridge,February 10  1910  Chailey  Sussex ,,Sussex,,Right-hand bat,Right-arm medium,Brother - ,
Richard James Langridge,April 13  1939  Brighton  Sussex ,,Sussex,,Left-hand bat,Right-arm offbreak,January 3  2005  Sussex (aged 65 years 265 days) ,
William Henry Langridge,November 24  1870  Hambledon  Hampshire ,,Hambledon XII,,,,January 11  1954  Fareham  Hampshire (aged 83 years 48 days) ,
Anne Langston,date unknown ,,Leicestershire Women,,,,,
Bethany Alicia Langston,September 6  1992  Harold Wood  Essex ,25 years 214 days,England Academy Women ,Bowler,Right-hand bat,Right-arm medium,,
Charles Langton,July 11  1823  Liverpool  Lancashire ,,Lancashire,,,,November 18  1900  Aigburth  Liverpool  Lancashire (aged 77 years 130 days) ,
Colin Langton,date unknown ,,,,,,Umpire,
Samuel Thomas Langton,January 24  1886  Parkgate  Rotherham  Yorkshire ,,Derbyshire,,Right-hand bat,,July 10  1918  Bentley  Doncaster  Yorkshire (aged 32 years 167 days) ,
James Howard Langworth,April 24  1973  Newport  Monmouthshire ,44 years 349 days,Wales Minor Counties,,Right-hand bat,Right-arm medium,Wicketkeeper,
Kevin M Lanigan,November 24  1951 ,66 years 135 days,,,,,Uncle - ,
Stuart Josef Lansdowne,December 28  1984  Leicester ,33 years 101 days,Sussex 2nd XI,,Right-hand bat,Right-arm medium,,
Arthur William Edwards Lapham,1879 ,,Essex,,,,February 9  1964  Portsmouth  Hampshire (aged 85 years) ,
William Lapworth,May 7  1842  Coventry  Warwickshire ,,,,,,Umpire,
Aaron William Laraman,January 10  1979  Enfield  Middlesex ,39 years 88 days,Hertfordshire ,,Right-hand bat,Right-arm fast-medium,,
Jack P Laraman,June 10  1996 ,21 years 302 days,Kent 2nd XI ,,Left-hand bat,Slow left-arm orthodox,,
R Large,date unknown ,,Northamptonshire Cricket Board,,,,,
William Trevor Larkham,November 10  1929  Kidderminster  Worcestershire ,,Worcestershire,,Right-hand bat,Legbreak,April 3  2004  Kidderminster  Worcestershire (aged 74 years 145 days) ,
JC Larkin,date unknown ,,Somerset 2nd XI,,,,,
John Gordon Larking,November 4  1921  Loose  Maidstone  Kent ,,Kent,,Right-hand bat,,April 7  1998  Aylesbury  Buckinghamshire (aged 76 years 154 days) ,
Wayne Larkins,November 22  1953  Roxton  Bedfordshire ,64 years 137 days,England ,,Right-hand bat,Right-arm medium,Bushmead  Eaton Socon  Huntingdon,
John David Frederick Larter,April 24  1940  Inverness  Scotland ,77 years 349 days,England ,,Right-hand bat,Right-arm fast-medium,,
Simon John Larter,December 11  1968  Oakham ,49 years 118 days,Cambridgeshire,,,,,
Harold Larwood,November 14  1904  Nuncargate  Nottinghamshire ,,England ,,Right-hand bat,Right-arm fast,July 22  1995  Randwick  Sydney  New South Wales  Australia (aged 90 years 250 days) ,
William Saunders Sebright Lascelles,October 29  1798  Harewood  Yorkshire ,,EH Budd's XI,,,,July 2  1851  Kensington  London (aged 52 years 246 days) ,
Albert Edward Lashbrooke,November 30  1883  West Ham  Essex ,,Essex,,,(unknown arm) fast-medium,October 2  1963  West Hulme  Oldham  Lancashire (aged 79 years 306 days) ,
Chris Last,date unknown ,,Eversley,,,,,
John Richard Latchford,June 16  1909  Delph  Yorkshire ,,Lancashire,,Right-hand bat,Right-arm medium,April 30  1980  Omagh  Co Tyrone  Ireland (aged 70 years 319 days) ,
Amritt Harrichand Latchman,July 26  1943  Kingston  Jamaica ,74 years 256 days,Middlesex ,,Right-hand bat,Legbreak googly,,
Geoffrey Chitty Latham,March 15  1887  Shanghai  China ,,Oxford University,,Right-hand bat,,September 23  1980  Waverley Abbey House  Farnham  Surrey (aged 93 years 192 days) ,
Hubert Joseph Latham,September 13  1932  Winson Green  Birmingham  Warwickshire ,,Warwickshire,,Right-hand bat,Right-arm fast,May 22  2017 (aged 84 years 251 days) ,
James Mitchell Latham,June 22  1993 ,24 years 290 days,Hertfordshire,,Right-hand bat,Right-arm offbreak,,
James Patrick Thomas Latham,October 8  1975  Hexham  Northumberland ,42 years 182 days,Cambridgeshire,,Right-hand bat,Right-arm medium,,
Michael Edward Latham,January 14  1939  Birmingham  Warwickshire ,79 years 84 days,Northumberland ,,Right-hand bat,Right-arm fast-medium,,
Percy Holland Latham,February 3  1873  Llandudno  Caernarvonshire  Wales ,,Cambridge University ,,Right-hand bat,Right-arm slow,June 22  1922  Haileybury School  Hertfordshire (aged 49 years 139 days) ,
Roger Done Latham,January 1  1900  Chelsea  London ,,Marylebone Cricket Club,,,,November 24  1971  Onchan  Isle of Man (aged 71 years 327 days) ,
Thomas Latham,June 22  1847  St Pancras  London ,,Cambridge University,,Right-hand bat,,January 13  1926  West Folkestone  Kent (aged 78 years 205 days) ,
Mark Nicholas Lathwell,December 26  1971  Bletchley  Buckinghamshire ,46 years 103 days,England ,,Right-hand bat,Right-arm medium,Braunton Comprehensive,
Kevin John Latouf,September 7  1985  Pretoria  South Africa ,32 years 213 days,England Under-19s ,,Right-hand bat,Right-arm medium,Millfield School; Barton Peveril Sixth Form College,
Stewart Vernon Laudat,February 25  1971  Oxford ,47 years 42 days,Oxfordshire,,Right-hand bat,Right-arm medium,,
Peter Laughlin,date unknown ,,,,,,Umpire,
Nigel Ewan Felix Laughton,October 12  1965  Aldershot  Hampshire ,52 years 178 days,Oxford University,,Right-hand bat,Right-arm offbreak,,
Simon Allen Launder,December 2  1978  Swansea  Glamorgan  Wales ,39 years 127 days,Wales Minor Counties,,Right-hand bat,Right-arm medium,,
Hannah Laurence,date unknown ,,,,,,,
Ian Paul Laurence,1966  Lancashire ,52 years,,,,,Umpire,
William Francis Joseph Lautour,August 21  1812  Marylebone  London ,,Marylebone Cricket Club,,,,changed name to William Francis Joseph Lautour Young,
George Lavelle,March 24  2000 ,18 years 15 days,Lancashire 2nd XI,,Left-hand bat,,,
Danielle Lavender,date unknown ,,Suffolk Women,,,,,
Alan Braden Lavers,September 6  1912  Melbourne  Victoria  Australia ,,Essex,,Right-hand bat,Right-arm offbreak,October 25  1995  Aberdeen  Scotland (aged 83 years 49 days) ,
George Lavis,August 17  1908  Sebastopol  Monmouth ,,Glamorgan,,Right-hand bat,Right-arm medium-fast,July 29  1956  Pontypool  Monmouthshire (aged 47 years 347 days) ,
Stephen Edward Lavis,July 29  1966  Plymouth  Devon ,51 years 253 days,,,,,Umpire,
Alfred Law,December 16  1862  Birmingham  Warwickshire ,,Warwickshire,,Right-hand bat,,May 19  1919  Handsworth  Birmingham  Warwickshire (aged 56 years 154 days) ,
Alexander Patrick Law,January 14  1832  Northrepps  Norfolk ,,Oxford University,,Right-hand bat,Right-arm medium (roundarm),October 30  1895  Kew  Richmond  Surrey (aged 63 years 289 days) ,
Danny Richard Law,July 15  1975  Lambeth  London ,42 years 267 days,Durham ,,Right-hand bat,Right-arm fast-medium,,
FJ Law,date unknown ,,,,,,Umpire,
George Law,April 17  1846  Rochdale  Lancashire ,,Essex ,,Right-hand bat,Right-arm fast-medium (roundarm),Brother - ,
John Alexander Gordon Charles Law,March 25  1923  Bangalore  India ,95 years 14 days,Europeans (India) ,,Right-hand bat,,Wicketkeeper,
Oliver Jack Law,June 30  1991  Andover  Hampshire ,26 years 282 days,Cheshire,,Right-hand bat,Legbreak,,
William Law,April 9  1851  Rochdale  Lancashire ,,Oxford University ,,Right-hand bat,Right-arm fast,Brother - ,
Wayne Lincoln Law,September 4  1978  Swansea  Glamorgan  Wales ,39 years 216 days,Glamorgan,,Right-hand bat,Right-arm offbreak,,
FW Lawday,date unknown ,,,,,,Umpire,
Benjamin James Lawes,April 5  1982  Weymouth  Devon ,36 years 3 days,Cardiff MCCU ,,Right-hand bat,,,
Beilby Lawley,May 12  1849  Westminster  London ,,I Zingari,,,,succeeded to the title 3rd Lord Wenlock in 1880,
Jeremy Lloyd Lawlor,November 4  1995  Cardiff ,22 years 155 days,Cardiff MCCU ,,Right-hand bat,Right-arm offbreak,Father - ,
Peter John Lawlor,May 8  1960  Gowerton  Glamorgan  Wales ,57 years 335 days,Glamorgan,,Right-hand bat,Right-arm offbreak,Son - ,
Alice Lawman,date unknown ,,Hertfordshire Women,,,,,
