Max Trueman,date unknown ,,Dorset,,,,,
Thomas Trueman,date unknown ,,Nottinghamshire,,,,March 7  1802  Nottingham ,
S Trull,date unknown ,,,,,,Umpire,
Thomas Archibald Truman,December 29  1880  Newton Abbot  Devon ,,Gloucestershire,,,,September 14  1918  No 1 Canadian Casualty Clearing Station  near Etrun  France (aged 37 years 259 days) ,
Frederick Hugh Geoffrey Trumble,October 9  1893  Brading  Isle of Wight ,,Royal Navy,,Right-hand bat,,May 10  1918  at sea on board HMS Warwick (aged 24 years 213 days) ,
Gerald Trump,date unknown ,,Devon,,,,,
Harvey Russell John Trump,October 11  1968  Taunton  Somerset ,49 years 179 days,Herefordshire ,,Right-hand bat,Right-arm offbreak,,
John Richard Truswell,January 14  1841  Farnsfield  Nottinghamshire ,,Nottinghamshire,,Right-hand bat,Right-arm slow (roundarm),August 6  1892  Farnsfield  Nottinghamshire (aged 51 years 205 days) ,
Ashish Trusz,date unknown ,,Leicestershire 2nd XI,,,,,
Richard Tryon,August 31  1837  Bulwick Park  Oundle  Northamptonshire ,,Marylebone Cricket Club,,,,December 12  1905  Marylebone  London (aged 68 years 103 days) ,
Henry Tubb,June 16  1851  Bicester  Oxfordshire ,,Marylebone Cricket Club,,Right-hand bat,Right-arm medium (roundarm),Son-in-law - ,
Sampson Tubb,October 11  1840  Broughton  Hampshire ,,Hampshire,,Right-hand bat,Left-arm fast (roundarm),registered at death as Samson Tubb,
George Hustler Tuck,April 28  1843  Norwich  Norfolk ,,Cambridge University,,Right-hand bat,,Wicketkeeper,
Gerald Seymour Tuck,May 5  1902  Hartley Wintney  Hampshire ,,Royal Navy,,Right-hand bat,,July 27  1984  Chichester  Sussex (aged 82 years 83 days) ,
James Jeffry Tuck,June 3  1853  Ringwood  Hampshire ,,Hampshire,,Right-hand bat,Right-arm medium (roundarm),January 20  1918  Devizes  Wiltshire (aged 64 years 231 days) ,
Thomas Ridout Tuck,1812  Witton  Norfolk ,,Marylebone Cricket Club,,,,March 7  1885  Epping  Essex (aged 73 years) ,
ER Tucker,date unknown ,,Hertfordshire,,,,,
Joseph Peter Tucker,September 14  1979  Bath  Somerset ,38 years 206 days,Somerset,,Right-hand bat,Right-arm medium-fast,,
M Tucker,date unknown ,,,,,,Umpire,
MT Tucker,date unknown ,,Marylebone Cricket Club Young Cricketers,,,,,
Thomas Heyward Tucker,February 9  1796  Drewsteington  Devon ,,Cambridge University,,,,details unknown ,
Kyle Daniel Tudge,March 19  1987  Newport  Wales ,31 years 20 days,Glamorgan ,,Right-hand bat,Slow left-arm orthodox,,
Alex Jeremy Tudor,October 23  1977  Kensington  London ,40 years 167 days,England ,,Right-hand bat,Right-arm fast,St Mark's C of E  Fulham,
Claud Lechmere St John Tudor,December 27  1888  Willingdon  Sussex ,,Sussex,,Right-hand bat,,August 3  1977  Halton  Oxford (aged 88 years 219 days) ,
Roland Grimston Tudor,December 4  1890  Willingdon  Sussex ,,Cambridge University ,,,,October 11  1973  Lewes  Sussex (aged 82 years 311 days) ,
Richard Thornhill Tudor,September 27  1948  Shrewsbury  Shropshire ,69 years 193 days,Warwickshire,,Right-hand bat,Right-arm medium,,
Hervey Robert Charles Tudway,September 23  1888  Westminster  London ,,Somerset,,,,November 18  1914  Boulogne  France (aged 26 years 56 days) ,
Frank Noel Tuff,November 26  1889  Rochester  Kent ,,Oxford University,,Right-hand bat,Right-arm medium-fast,November 5  1915  Imtarfa  Malta (aged 25 years 344 days) ,
Lauren Tuffrey,date unknown ,,Derbyshire Women,,,,,
Carleton Fowell Tufnell,February 20  1856  Northfleet  Kent ,,Kent,,Right-hand bat,Right-arm medium (roundarm)  Right-arm slow (roundarm),May 26  1940  Chelsea  London (aged 84 years 96 days) ,
CW Tufnell,date unknown ,,Eton College,,,,,
Neville Charsley Tufnell,June 13  1887  Simla  Punjab  India ,,England ,,Right-hand bat,Right-arm slow,Wicketkeeper,
Philip Clive Roderick Tufnell,April 29  1966  Barnet  Hertfordshire ,51 years 344 days,England ,,Right-hand bat,Slow left-arm orthodox,Highgate School; Southgate School,
Henry James Tufton,January 2  1775 ,,Surrey,,,,Brother - ,
John Tufton,November 23  1773  Hothfield  Kent ,,Marylebone Cricket Club,,,,Brother - ,
John Sackville Richard Tufton,November 8  1873  Hothfield Place  Ashford  Kent ,,Kent,,Right-hand bat,,succeeded to the title 2nd Lord Hothfield in 1926,
Ian James Peter Tufts,December 14  1972  Norwich  Norfolk ,45 years 115 days,Norfolk,,Right-hand bat,,,
Charles Molesworth Tuke,May 23  1857  Chiswick  Middlesex ,,Middlesex,,Right-hand bat,Right-arm fast,St Paul's; St George's Hospital,
Georgia Tulip,date unknown ,,Somerset Women,,,,,
Derek Thomas Tulk,April 21  1934  Southampton  Hampshire ,83 years 352 days,Hampshire,,Right-hand bat,Right-arm medium,,
Brett James Tully,May 8  1984  Ampdale  New South Wales  Australia ,33 years 335 days,Oxford University,,Right-hand bat,Right-arm medium,,
M Tully,date unknown ,,Cheshire,,,,,
Alexander Robert Tunnadine,February 15  1985  Plymouth ,33 years 52 days,Cornwall,,Right-hand bat,,,
Colin John Tunnicliffe,August 11  1951  Derby ,66 years 240 days,Derbyshire,,Right-hand bat,Left-arm fast-medium,,
Howard Trevor Tunnicliffe,March 4  1950  Derby ,68 years 35 days,Nottinghamshire,,Right-hand bat,Right-arm medium,,
John Tunnicliffe,August 26  1866  Low Town  Pudsey  Yorkshire ,,Yorkshire,,Right-hand bat,Right-arm slow,Wicketkeeper,
Dominic Liam Naughton Tuohey,September 28  1979  Exeter  Devon ,38 years 192 days,Buckinghamshire,,Left-hand bat,Left-arm slow,,
Alfred George Tuppin,December 17  1911  Brighton  Sussex ,,Sussex,,Right-hand bat,Right-arm medium,July 20  2003  Haywards Heath  Sussex (aged 91 years 215 days) ,
Neil Richard Keith Turk,April 28  1983  Cuckfield  Sussex ,34 years 345 days,Sussex ,,Right-hand bat,Right-arm medium,Sackville Community College  East Gristead. Exeter University.,
Patrick William Turk,July 10  1985  Hammersmith  London ,32 years 272 days,Wiltshire,,Right-hand bat,Legbreak,,
Darren Turl,date unknown ,,,,,,Umpire,
Herbert Turland,August 29  1894  Stapleford  Nottinghamshire ,,Derbyshire ,,Right-hand bat,Left-arm medium,May 23  1973  Illogan North  Redruth  Cornwall (aged 78 years 267 days) ,
Turnbull,date unknown ,,Surrey XI,,,,,
Bertrand Turnbull,April 19  1887  Cardiff  Glamorgan  Wales ,,Gloucestershire,,Right-hand bat,,Wicketkeeper,
Charles Lane Turnbull,February 25  1851  Kingsholm  Gloucester ,,Gloucestershire,,,,March 24  1920  Swindon  Wiltshire (aged 69 years 28 days) ,
Jonathan Richard Turnbull,November 13  1962  Northwood  Middlesex ,55 years 146 days,Oxford University,,Right-hand bat,Right-arm medium,,
Keith Burn Turnbull,September 17  1947  Chester-le-Street  Co Durham ,70 years 203 days,Durham,,Right-hand bat,,,
Maurice Joseph Lawson Turnbull,March 16  1906  Cardiff  Glamorgan  Wales ,,England ,,Right-hand bat,Right-arm offbreak,August 5  1944  near Montchamp  France (aged 38 years 142 days) ,
Peter Thomas Turnbull,May 20  1989  Pontypridd  Wales ,28 years 323 days,Cambridge MCCU ,,Right-hand bat,Right-arm medium-fast,Blessed William Howard RC School; Anglia Ruskin University,
Rivers Montagu Turnbull,January 6  1855  Bullundshuhr  North West Provinces  India ,,Sussex,,Right-hand bat,Right-arm slow (roundarm),February 24  1927  Westminster  London (aged 72 years 49 days) ,
TLG Turnbull,date unknown ,,Harrow School,,,,,
Richard Turnell,June 25  1977  Saverwake  Marlborough  Wiltshire ,40 years 287 days,Wiltshire,,Right-hand bat,Right-arm medium-fast,,
Alban Turner,September 2  1885  Darton  Barnsley  Yorkshire ,,Yorkshire,,Right-hand bat,,August 29  1951  Goldthorpe  Yorkshire (aged 65 years 361 days) ,
Allen Turner,October 24  1891  Heath  Derbyshire ,,Derbyshire,,Right-hand bat,Right-arm fast-medium,January 7  1961  Holmewood  Derbyshire (aged 69 years 75 days) ,
AC Turner,date unknown ,,Essex 2nd XI,,,,,
Arthur Jervois Turner,June 10  1878  Mussoorie (now Musuri)  United Provinces  India ,,Army ,,Right-hand bat,Right-arm medium (underarm),Brother - ,
Brian Turner,July 25  1938  Sheffield  Yorkshire ,79 years 257 days,Yorkshire,,Left-hand bat,Right-arm medium,,
BJ Turner,date unknown ,,,,,,Umpire,
Charles Turner,March 11  1862  Gringley  Retford  Nottinghamshire ,,Gloucestershire,,,,May 20  1926  Thatcham House  Berkshire (aged 64 years 70 days) ,
Cyril Turner,January 11  1902  Wombwell  Yorkshire ,,Yorkshire,,Left-hand bat,Right-arm medium,November 19  1968  Wath-on-Dearne  Yorkshire (aged 66 years 313 days) ,
Calum Kirby Turner,September 14  1996  Manchester  Lancashire ,21 years 206 days,Lancashire 2nd XI ,,Left-hand bat,Legbreak,Urmston Grammar School,
David John Turner,September 22  1992  Norwich  Norfolk ,25 years 198 days,Norfolk,,Right-hand bat,,Cromer High School; Paston College; University of East Anglia,
Doris Mildred Turner,March 3  1908  Weobley  Herefordshire ,,East Women ,,,,Doris Coysh,
David Roy Turner,February 5  1949  Corsham  Wiltshire ,69 years 62 days,Hampshire ,,Left-hand bat,Right-arm medium,,
Erica Turner,date unknown ,,Northamptonshire Women,,,,,
Francis Gordon Turner,March 1  1890  Kensington  London ,,Hampshire,,Right-hand bat,Legbreak,November 21  1979  Deal  Kent (aged 89 years 265 days) ,
Frederick Harding Turner,May 29  1888  Sefton Park  Liverpool  Lancashire ,,Oxford University,,,,January 10  1915  near Kemmel  Belgium (aged 26 years 226 days) ,
Francis Irving Turner,September 3  1894  Barnsley  Yorkshire ,,Yorkshire,,Right-hand bat,Right-arm medium,October 18  1954  Killearn  Stirlingshire  Scotland (aged 60 years 45 days) ,
Francis Michael Turner,August 8  1934  Leicester ,,Leicestershire,,Right-hand bat,Legbreak googly,July 21  2015 (aged 80 years 347 days) ,
Glen Raymond Turner,May 27  1968  Welwyn Garden City  Hertfordshire ,49 years 316 days,Hertfordshire,,Right-hand bat,Right-arm medium,,
HC Turner,date unknown ,,,,,,Umpire,
Henry William Turner,July 27  1986  Chertsey  Surrey ,31 years 255 days,Dorset ,,Right-hand bat,Right-arm medium-fast,,
Ian Turner,date unknown ,,England,,,,Umpire,
Ian John Turner,July 18  1968  Denmead  Hampshire ,49 years 264 days,Hampshire,,Right-hand bat,Slow left-arm orthodox,,
Judith Turner,March 2  1983  High Wycombe  Buckinghamshire ,35 years 37 days,Berkshire Women ,,Right-hand bat,Legbreak,,
Jamie Turner,date unknown ,,Herefordshire,,,,,
James Turner,July 23  1865  Teversal  Nottinghamshire ,,Nottinghamshire,,,Right-arm medium,January 30  1945  Sutton-in-Ashfield  Nottinghamshire (aged 79 years 191 days) ,
John Turner,November 1  1854  Northampton ,,Marylebone Cricket Club,,Right-hand bat,,October 22  1912  Bexhill-on-Sea  Sussex (aged 57 years 356 days) ,
John Turner,date unknown ,,Oxford University,,,,July 30  1858  Southampton  Hampshire ,
John Alfred Turner,April 10  1863  Leicester ,,Cambridge University,,Right-hand bat,Right-arm fast,July 23  1924  Roehampton Priory  London (aged 61 years 104 days) ,
John Bowman Turner,July 6  1816  Clapham  London ,,Cambridge University,,,,February 7  1892  Norwich  Norfolk (aged 75 years 216 days) ,
John Bernard Turner,January 2  1949  Princes Risborough  Buckinghamshire ,,Buckinghamshire ,,Right-hand bat,Slow left-arm orthodox,September 13  2012  Calne  Wiltshire (aged 63 years 255 days) ,
James William Cecil Turner,October 2  1886  Bromley  Kent ,,Worcestershire,,Right-hand bat,,November 29  1968  Girton  Cambridge (aged 82 years 58 days) ,
Karl Turner,November 29  1987  Dryburn  Durham ,30 years 130 days,Cumberland ,,Left-hand bat,Right-arm medium-fast,,
K Turner,date unknown ,,,,,,Umpire,
Karl Ian Borne Turner,March 14  1980  Birmingham ,38 years 25 days,Cornwall,,Left-hand bat,,Wicketkeeper,
Lennox James Turner,October 24  1863  Croydon  Surrey ,,Marylebone Cricket Club,,,,December 2  1914  South Croydon  Surrey (aged 51 years 39 days) ,
Montague Turner,September 21  1843  Acton  Middlesex ,,Middlesex,,Right-hand bat,,Wicketkeeper,
Matthew Turner,date unknown ,,,,,,Umpire,
Mark Andrew Turner,May 13  1969  Blackpool  Lancashire ,48 years 330 days,Huntingdonshire,,Right-hand bat,Right-arm fast-medium,,
Marcus John Turner,September 24  1981  Newcastle upon Tyne  Northumberland ,36 years 196 days,Northumberland,,,,,
Matthew John Turner,February 9  1973  Bridgnorth  Shropshire ,45 years 58 days,Shropshire,,Right-hand bat,,,
Mark Leif Turner,October 23  1984  Sunderland ,33 years 167 days,Derbyshire ,,Right-hand bat,Right-arm medium-fast,Thornhill Comprehensive School,
Murray Stewart Turner,January 27  1964  Shaftesbury  Dorset ,54 years 71 days,Somerset,,Right-hand bat,Right-arm fast-medium,,
Nigel Frederick Turner,August 8  1914  Paddington  London ,,Middlesex,,Right-hand bat,Right-arm fast-medium,Eton,
Noel Vernon Cyril Turner,May 12  1887  Langley Mill  Derbyshire ,,Nottinghamshire,,Right-hand bat,,Brother - ,
PD Turner,date unknown ,,,,,,Umpire,
Paul Scott Turner,August 21  1970  Ashton-under-Lyne  Lancashire ,47 years 230 days,Cheshire,,Right-hand bat,Right-arm offbreak,,
Ronald Turner,June 19  1885  Gillingham  Kent ,,Gloucestershire,,,,August 15  1915  Suvla Bay  Gallipoli Peninsula  Turkey (aged 30 years 57 days) ,
Robert Turner,date unknown ,,Marylebone Cricket Club ,,,,,
Richard Ernest Turner,May 4  1886  Mitcham  Surrey ,,Worcestershire,,Right-hand bat,Right-arm medium,March 16  1967  Hastings  Sussex (aged 80 years 316 days) ,
Robert Frewen Turner,July 15  1885  Leicester ,,Leicestershire,,Right-hand bat,,February 15  1959  Darlington  Co Durham (aged 73 years 215 days) ,
Robert Harrison Tom Turner,October 26  1888  Langley Mill  Derbyshire ,,Nottinghamshire,,Right-hand bat,,Brother - ,
Robert Julian Turner,November 25  1967  Malvern  Worcestershire ,50 years 134 days,Cambridge University ,,Right-hand bat,,Wicketkeeper,
Richard Vinson Turner,April 6  1932  Torquay  Devon ,86 years 2 days,Cambridge University,,Right-hand bat,,,
Stuart Turner,July 18  1943  Chester  Cheshire ,74 years 264 days,Cambridgeshire ,,Right-hand bat,Right-arm medium-fast,,
Simon Jonathan Turner,April 28  1960  Cuckfield  Sussex ,57 years 345 days,Somerset,,Left-hand bat,,Wicketkeeper,
T Turner,date unknown ,,Somerset 2nd XI,,,,,
W Turner,date unknown ,,Marylebone Cricket Club,,,,,
W Turner,date unknown ,,,,,,Umpire,
W Turner,date unknown ,,Marylebone Cricket Club ,,,,,
Walter Martin FitzHerbert Turner,April 4  1881  Meerut  Uttar Pradesh  India ,,Essex ,,Right-hand bat,Right-arm medium,Brother - ,
Thomas Turney,1800  Westerham  Kent ,,Kent,,,,April 3  1887  Westerham  Kent (aged 87 years) ,
KD Turnham,date unknown ,,,,,,Umpire,
Edward Turnour (Viscount Turnour),August 15  1837  Shillinglee Park  Petworth  Sussex ,,Sussex,,Right-hand bat,Right-arm fast (roundarm),succeeded as 5th Earl of Winterton in 1879,
Michael Turns,November 14  1990  Sunderland  Co Durham ,27 years 145 days,Durham 2nd XI ,,Right-hand bat,Right-arm medium,,
James Ross Turpin,March 18  1997  Fowey  Cornwall ,21 years 21 days,Cornwall Under-13s ,,Right-hand bat,Right-arm medium,Truro School; King's College  Taunton,
Richard Charles Turpin,May 5  1967  Solihull  Warwickshire ,50 years 338 days,Devon,,Right-hand bat,,Wicketkeeper,
Percy Wakeford Turrall,June 16  1883  Brentwood  Essex ,,Essex,,Right-hand bat,,May 17  1941  Chelmsford  Essex (aged 57 years 335 days) ,
Simon John Turrill,May 25  1962  Nottingham ,55 years 318 days,Dorset,,Right-hand bat,Right-arm slow,,
Andrew Tutt,February 21  1968  Bermondsey  London ,50 years 46 days,Kent ,,Right-hand bat,Right-arm medium,,
Timothy Andrew Tweats,April 18  1974  Stoke-on-Trent  Staffordshire ,43 years 355 days,Derbyshire ,,Right-hand bat,Right-arm medium,,
Paul Michael Tweddle,April 20  1988  Devises  Wiltshire ,29 years 353 days,Dorset,,Right-hand bat,,Wicketkeeper,
Thomas Edward Tweed,December 11  1904  Colombo  Ceylon ,,Cambridge University,,Right-hand bat,Right-arm medium,March 23  1973  Colombo  Sri Lanka (aged 68 years 102 days) ,
A Tweedy,date unknown ,,Culford School Headmaster's XI,,,,,
Simon Alexis Twigg,October 8  1977  Wakefield  Yorkshire ,40 years 182 days,Cumberland,,Right-hand bat,,,
Benjamin Steven Twine,date unknown ,,Sussex 2nd XI,,,,,
Thomas Geoffrey Twiney,January 9  1983  Manchester  Lancashire ,35 years 89 days,Cheshire,,Left-hand bat,Right-arm medium-fast,,
Richard Haynes Twining,November 3  1889  St Pancras  London ,,Middlesex ,,Right-hand bat,,Eton College; Oxford University,
Quinton William Francis Twiss,March 13  1835  Westminster  London ,,Gentlemen of England,,,,August 7  1900  Westminster  London (aged 65 years 147 days) ,
Thomas James Twistleton,September 28  1770  Broughton  Oxfordshire ,,Marylebone Cricket Club,,,,October 15  1824  Colombo  Sri Lanka (aged 54 years 17 days) ,
Peter Henry Twizell,June 18  1959  Rothbury  Northumberland ,58 years 294 days,Gloucestershire ,,Right-hand bat,Right-arm fast-medium,,
Benjamin Jake Twohig,April 13  1998  Dewsbury  Yorkshire ,19 years 360 days,England Under-19s ,,Right-hand bat,Slow left-arm orthodox,,
Richard Paul Twose,January 10  1963  Torquay  Devon ,55 years 88 days,Devon,,Left-hand bat,,Uncle - ,
Frederick Twynham,1806 ,,Hampshire,,,,January 6  1868  Portswood  Hampshire (aged 62 years) ,
John Tye,July 10  1848  Bulwell  Nottinghamshire ,,Derbyshire ,,Right-hand bat,Right-arm fast (roundarm),November 19  1905  Rastrick  Yorkshire (aged 57 years 132 days) ,
James Richard Tylden,April 26  1889  Milstead Manor  Kent ,,Kent,,Left-hand bat,,February 24  1949  Whitechapel  London (aged 59 years 304 days) ,
George Ernest Tyldesley,February 5  1889  Roe Green  Worsley  Lancashire ,,England ,,Right-hand bat,,Brother - ,
Harry Tyldesley,May 30  1893  Ashton-in-Makerfield  Lancashire ,,Lancashire,,Right-hand bat,Right-arm slow,August 30  1935  Sandylands  Morecambe  Lancashire (aged 42 years 92 days) ,
James Darbyshire Tyldesley,August 10  1889  Ashton-in-Makerfield  Lancashire ,,Lancashire,,Right-hand bat,Right-arm fast,birth registered as James Derbyshire Tyldesley,
John Thomas Tyldesley,November 22  1873  Roe Green  Worsley  Lancashire ,,England ,,Right-hand bat,,Brother - ,
Richard Knowles Tyldesley,March 11  1897  Westhoughton  Lancashire ,,England ,,Right-hand bat,Legbreak,September 17  1943  Over Hulton  Bolton  Lancashire (aged 46 years 190 days) ,
William Knowles Tyldesley,August 12  1887  Aspull  Wigan  Lancashire ,,Lancashire,,Left-hand bat,Left-arm medium-fast,April 26  1918  Kemmel  Belgium (aged 30 years 257 days) ,
Edward Ferdinando Sutton Tylecote,June 23  1849  Marston Moretaine  Bedfordshire ,,England ,,Right-hand bat,,Brother - ,
Henry Grey Tylecote,July 24  1853  Marston Moretaine  Bedfordshire ,,Oxford University,,Right-hand bat,Right-arm medium (roundarm),Brother - ,
Arthur Wellesley Tyler,June 18  1907  Charlton  London ,,Army,,Right-hand bat,,Wicketkeeper,
Bernard Tyler,April 29  1902  Ridlington  Rutland ,,Leicestershire ,,Right-hand bat,Right-arm fast,November 10  1987  Bath  Somerset (aged 85 years 195 days) ,
Cyril Tyler,January 26  1911  Ossett  Yorkshire ,,Gloucestershire,,Right-hand bat,Right-arm medium  Right-arm offbreak  Legbreak,January 25  1996  Reading  Berkshire (aged 84 years 364 days) ,
Charles Herbert Tyler,September 13  1887  Northampton ,,Northamptonshire,,Right-hand bat,,May 17  1942  Stanley Park  Blackpool  Lancashire (aged 54 years 246 days) ,
Edwin James Tyler,October 13  1864  Kidderminster  Worcestershire ,,England ,,Left-hand bat,Slow left-arm orthodox,January 25  1917  North Town  Taunton  Somerset (aged 52 years 104 days) ,
Graham Tyler,date unknown ,,Liphook &amp; Ripsley,,,,,
Ryan Tyler,November 1989 ,28 years,The Bunburys,,Right-hand bat,Right-arm medium,,
Lee Tyrell,date unknown ,,Worcestershire 2nd XI,,,,,
LHI Tyrrell,date unknown ,,Worcestershire 2nd XI,,,,,
Thomas William Tyrwhitt-Drake,November 5  1926  Paddington  London ,,Cambridge University,,Right-hand bat,,Haileybury College,
Tyson,date unknown ,,Marylebone Cricket Club,,,,,
Cecil Thomas Tyson,January 24  1889  Brompton-by-Sawdon  Scarborough  Yorkshire ,,Glamorgan ,,Left-hand bat,Left-arm medium,April 3  1940  Leeds  Yorkshire (aged 51 years 70 days) ,
DJ Tyson,date unknown ,,,,,,Umpire,
Frank Holmes Tyson,June 6  1930  Farnworth  Lancashire ,,England ,,Right-hand bat,Right-arm fast,Coach  Commentator,
G Tyson,date unknown ,,,,,,Umpire,
Rebecca Tyson,date unknown ,,Hertfordshire Women,,,,,
WHM Tyson,date unknown ,,,,,,Umpire,
Charles Amherst Daniel Tyssen,December 11  1856  Sandgate  Kent ,,Gentlemen of England,,,,December 26  1940  Sandgate  Folkestone  Kent (aged 84 years 15 days) ,
John Melbourne Tythcott,December 26  1945  Norwich  Norfolk ,72 years 103 days,,,,,Umpire,
George Ubsdell,April 4  1845  Southampton  Hampshire ,,Hampshire,,Right-hand bat,Right-arm medium,Wicketkeeper,
Geoffrey Francis Uvedale Udal,February 23  1908  Holborn  London ,,Leicestershire ,,Right-hand bat,Right-arm fast,Grandfather - ,
John Symonds Udal,November 10  1848  West Bromwich  Staffordshire ,,Fiji ,,Right-hand bat,Right-arm bowler,Son - ,
Nicholas Robin Udal,October 16  1883  Richmond-upon-Thames  Surrey ,,Oxford University,,Right-hand bat,Right-arm fast,Father - ,
Shaun David Udal,March 18  1969  Cove  Farnborough  Hampshire ,49 years 21 days,England ,,Right-hand bat,Right-arm offbreak,Grandfather - ,
N Udara,date unknown ,,Up Country Combined Schools,,,,,
James Uddin,January 17  1983  Scunthorpe  Lincolnshire ,35 years 81 days,Appleby Frodingham ,,Right-hand bat,Left-arm fast-medium,Father - ,
Rehan Udwadia,date unknown ,,Lancashire 2nd XI,,,,,
Derek Gilbert Ufton,May 31  1928  Crayford  Kent ,89 years 312 days,Kent,,Left-hand bat,,Wicketkeeper,
Fayez Ughradar,January 5  1993 ,25 years 93 days,Lancashire 2nd XI ,,Left-hand bat,,,
H ul Haq,date unknown ,,Marylebone Cricket Club Young Cricketers,,,,,
Zain Ul-Hassan,date unknown ,,Worcestershire 2nd XI,,,,,
Silena Aktar Ullah,June 30  1989  Enfield  Middlesex ,28 years 282 days,Northumberland Women,,,,,
Charles Edward Ullathorne,April 11  1845  Hull  Yorkshire ,,Yorkshire,,Right-hand bat,Right-arm fast (roundarm),May 4  1904  Cheetham Hill  Manchester  Lancashire (aged 59 years 23 days) ,
George Ulyett,October 21  1851  Crabtree  Pitsmoor  Sheffield  Yorkshire ,,England ,,Right-hand bat,Right-arm fast (roundarm),June 18  1898  Pitsmoor  Sheffield  Yorkshire (aged 46 years 240 days) ,
Umaad Sultan,February 1990  Newham  London ,28 years,Cambridge MCCU,,,,,
Andrew Stuart Umpleby,October 31  1980  Scunthorpe  Lincolnshire ,37 years 159 days,Berkshire ,,Right-hand bat,Right-arm fast-medium,,
Lucy Jane Uncles,April 14  1992  Reading  Berkshire ,25 years 359 days,Rubies ,,Right-hand bat,Right-arm medium,,
George Underdown,May 12  1859  Petersfield  Hampshire ,,Hampshire,,,,May 29  1895  Petersfield  Hampshire (aged 36 years 17 days) ,
Richard Darren Underdown,December 10  1985  Salisbury ,32 years 119 days,Wiltshire,,Left-hand bat,,,
Sam JD Underdown,date unknown ,,Somerset 2nd XI ,,,,,
Thomas George Underhill,June 4  1994  Redditch  Worcestershire ,23 years 308 days,Worcestershire 2nd XI ,,Left-hand bat,Right-arm medium-fast,Redditch Middle School; Kingsley College  Redditch; Redditch College,
Arthur Joseph Underwood,September 21  1927  Wiseton  Nottinghamshire ,,Nottinghamshire,,Right-hand bat,Left-arm medium,June 29  2016  Worksop  Nottinghamshire (aged 88 years 282 days) ,
Derek Leslie Underwood,June 8  1945  Bromley  Kent ,72 years 304 days,England ,Bowler,Right-hand bat,Slow left-arm orthodox,Deadly,
William Underwood,February 26  1852  Ruddington  Nottinghamshire ,,Nottinghamshire,,Right-hand bat,Right-arm slow,May 9  1914  Blackcliffe Farm  Bradmore  Nottinghamshire (aged 62 years 72 days) ,
John Unstead,February 9  1790  Waldron  Sussex ,,Kent,,,,October 1872  Waldron  Sussex (aged 82 years) ,
D Unsworth,date unknown ,,Durham University,,,,,
James Unsworth,March 4  1844  Everton  Liverpool  Lancashire ,,Lancashire,,Right-hand bat,Right-arm fast (roundarm),January 1  1893  Warrington  Lancashire (aged 48 years 303 days) ,
Philip Nigel Unsworth,July 7  1963  Wigan  Lancashire ,54 years 275 days,Lancashire Cricket Board,,Right-hand bat,Left-arm medium  Slow left-arm orthodox,,
Bethany Jane Unwin,April 28  1997  Mansfield  Nottinghamshire ,20 years 345 days,Nottinghamshire Women,,,,,
Ernest James Unwin,September 18  1912  Birdbrook  Essex ,,Essex,,Right-hand bat,Right-arm fast-medium,November 23  2003  Perth  Scotland (aged 91 years 66 days) ,
Frederick St George Unwin,April 23  1911  Baythorne Hall  Halstead  Essex ,,Essex,,Right-hand bat,Right-arm medium,October 4  1990  Braintree  Essex (aged 79 years 164 days) ,
Amit Madhusoodhan Upadhyay,September 29  1978  Bombay  India ,39 years 191 days,Bangalore University ,,Right-hand bat,Right-arm offbreak,,
Arthur Percy Upton,June 13  1777 ,,Marylebone Cricket Club,,,,January 22  1855  Brighton  Sussex (aged 77 years 223 days) ,
Mark Upton,June 30  1950  Poole  Dorset ,67 years 282 days,Sussex,,Right-hand bat,Slow left-arm orthodox,,
May Upton,date unknown ,,Sussex,,,,,
William Upton,June 14  1804 ,,Nottinghamshire,,,,c. Jul to Sep 1867  Bingham ,
Terry John Urben,May 22  1968  Shoreham-by-Sea  West Sussex ,49 years 321 days,,,,,Umpire,
Peter Urmston,December 4  1901  Whitefield  Manchester  Lancashire ,,Cheshire,,Right-hand bat,Right-arm medium-fast,July 15  2003  Rhyl  Denbighshire  Wales (aged 101 years 223 days) ,
John Rankin Urquhart,May 29  1921  Chelmsford  Essex ,,Cambridge University,,Right-hand bat,Right-arm medium-fast,June 16  2003  Melbourne  Victoria  Australia (aged 82 years 18 days) ,
Benjamin Che Usher,February 3  1970  Wycliffe  Co Durham ,48 years 64 days,Combined Universities ,,Right-hand bat,Right-arm medium,Grandfather - ,
John Usher,February 26  1859  Templemore  Co Tipperary  Ireland ,,Yorkshire,,Left-hand bat,Slow left-arm orthodox,August 8  1905  Haslingden  Lancashire (aged 46 years 163 days) ,
Usman Arif,December 3  1988  London ,29 years 126 days,Buckinghamshire ,,Right-hand bat,Right-arm fast-medium,,
Usman Awan,date unknown ,,Warwickshire 2nd XI,,,,,
Usman Muzaffar,November 14  1988  Jhelum  Punjab  Pakistan ,29 years 145 days,Leicestershire 2nd XI ,,Right-hand bat,Right-arm offbreak,Nottingham Bluecoat School,
William Usmar,October 14  1813  West Malling  Kent ,,Kent,,,,May 12  1879  West Malling  Kent (aged 65 years 210 days) ,
Richard Peter Hugh Utley,February 11  1906  Havant  Hampshire ,,Hampshire,,Right-hand bat,Right-arm fast,August 28  1968  Ampleforth  Yorkshire (aged 62 years 199 days) ,
Lukman Vahaluwala,December 19  1975  Baroda  Gujarat ,42 years 110 days,Cumberland,,Right-hand bat,Right-arm medium-fast,,
Francois William Vainker,August 23  1988  Tooting  London ,29 years 228 days,Marylebone Cricket Club Young Cricketers ,,Right-hand bat,Slow left-arm orthodox,,
Sachin Vaja,September 10  1984  Ilford  Essex ,33 years 210 days,Essex 2nd XI,,Right-hand bat,Right-arm offbreak,,
Janak Ashok Valand,June 26  1994  Leicester ,23 years 286 days,Gloucestershire 2nd XI ,,Right-hand bat,Right-arm offbreak,Rushey Mead School; Loughborough University,
Bryan Herbert Valentine,January 17  1908  Blackheath  Kent ,,England ,,Right-hand bat,Right-arm medium,Repton School,
Carol Valentine,date unknown ,,England Women ,,,,Date unknown ,
James Valiant,July 17  1884  Wavertree  Liverpool  Lancashire ,,Essex,,,,October 28  1917  Gaza  Palestine (aged 33 years 103 days) ,
John Vallance,date unknown ,,Brighton,,,,,
Philip Vallance,1803  Brighton  Sussex ,,Sussex,,,,October 3  1897  Storrington  Sussex (aged 94 years) ,
P Vallance,date unknown ,,Brighton,,,,,
D van Blerk,date unknown ,,Somerset 2nd XI,,,,,
George Vance,1814  Paignton  Devon ,,Oxford University,,,,March 5  1839  Hampstead  Middlesex (aged 25 years) ,
Samuel John van Daesdonk,February 20  1991  Burton-on-Trent  Staffordshire ,27 years 47 days,Derbyshire 2nd XI,,Left-hand bat,Slow left-arm orthodox,,
Freddie Oliver Edward van den Bergh,June 14  1992  Bickley  Kent ,25 years 298 days,Durham MCCU ,,Right-hand bat,Slow left-arm orthodox,,
Philip Breda Vanderbyl,November 11  1867  Kensington  London ,,Marylebone Cricket Club,,,,March 20  1930  Cairo  Egypt (aged 62 years 129 days) ,
Charles Graham van der Gucht,January 14  1980  Hammersmith  London ,38 years 84 days,British Universities ,,Left-hand bat,Slow left-arm orthodox,,
Paul Ian van der Gucht,November 2  1911  Manor Croft  Manor Hills  Worksop  Nottinghamshire ,,Bengal ,,Right-hand bat,,Wicketkeeper,
Richard Saunders Van Der Knaap,April 20  1947  Transvaal  South Africa ,70 years 353 days,Berkshire,,Right-hand bat,Right-arm medium,,
William A van der Maat,date unknown ,,Northamptonshire 2nd XI ,,,,,
Cille van der Merwe,date unknown ,,Andover,,,,,
George Augustus Hunter Vanderspar,1858 ,,Marylebone Cricket Club,,Right-hand bat, (underarm)  Right-arm fast-medium,May 23  1940  Dean Park  Bournemouth  Hampshire (aged 82 years) ,
William Gordon Rufus Vanderspar,October 6  1991  Camden  London ,26 years 184 days,Eton College ,,Right-hand bat,Right-arm fast,Eton College,
Vane,date unknown ,,F Beauclerk's XI,,,,,
Jack van Geloven,January 4  1934  Guiseley  Leeds  Yorkshire ,,Leicestershire ,,Right-hand bat,Right-arm medium,Umpire,
Alan Terence Van-Lint,July 3  1969  Newbury Park  Essex ,48 years 279 days,England Amateurs ,,Right-hand bat,Right-arm medium,,
Denis William Arthur Vann,November 21  1916  Northampton ,,Northamptonshire,,Right-hand bat,,January 20  1961  Kettering  Northamptonshire (aged 44 years 60 days) ,
Timothy van Noort,February 25  1974  Port Elizabeth  Cape Province  South Africa ,44 years 42 days,Sussex 2nd XI ,,Right-hand bat,Right-arm medium,,
Anthony John van Ryneveld,November 17  1925  Plumstead  Cape Town  Cape Province  South Africa ,92 years 142 days,Oxford University,,Right-hand bat,Right-arm fast-medium,Uncle - ,
Casimir Cartwright van Straubenzee,November 11  1867  Kingston  Ontario  Canada ,,Marylebone Cricket Club,,,,March 28  1956  Lansdown  Bath  Somerset (aged 88 years 138 days) ,
Henry Hamilton van Straubenzee,March 7  1914  Parktown  Johannesburg  Transvaal  South Africa ,,Essex,,Right-hand bat,Slow left-arm orthodox,April 12  2002 (aged 88 years 36 days) ,
MS van Vuuren,date unknown ,,Marylebone Cricket Club Young Cricketers,,,,,
Claire Elizabeth Varcoe,August 28  1996  Plymouth  Devon ,21 years 223 days,Devon Women,,,,,
David William Varey,October 15  1961  Darlington  Co Durham ,56 years 175 days,Cambridge University ,,Right-hand bat,,,
Jonathan Guy Varey,October 15  1961  Darlington  Co Durham ,56 years 175 days,Oxford University,,Right-hand bat,Right-arm medium,,
Brannon Raymond Varley,August 15  1988  Durban  Natal ,29 years 236 days,Wiltshire ,,Right-hand bat,Right-arm medium,,
P Varley,date unknown ,,North of England,,,,,
Ronald Neil Robertson Vartan,January 19  1962  Woolwich  London ,56 years 79 days,Hertfordshire,,Right-hand bat,,,
Percy Walter Vasey,July 29  1883  Highbury  Islington  London ,,Somerset,,Right-hand bat,Right-arm slow,September 11  1952  Upton Hellions  Crediton  Devon (aged 69 years 44 days) ,
Gilbert Claude Vassall,April 5  1876  Hardington Mandeville  Somerset ,,Somerset,,,Right-arm fast,September 19  1941  Park Town  Oxford (aged 65 years 167 days) ,
George Charles Vassila,August 21  1857  Kew  Richmond  Surrey ,,Middlesex,,Right-hand bat,Right-arm fast,death registered as George Charles Vassilas,
Michael Paul Vaughan,October 29  1974  Salford  Manchester ,43 years 161 days,England ,,Right-hand bat,Right-arm offbreak,Silverdale Comprehensive  Sheffield,
Richard Thomas Vaughan,May 28  1908  Mazatlàn  Mexico ,,Cambridge University,,Right-hand bat,,Repton School,
Hugh Wyndham Vaughan-Thomas,May 13  1910  Swansea  Glamorgan  Wales ,,Glamorgan,,Right-hand bat,,October 20  1986  Framfield  Sussex (aged 76 years 160 days) ,
Patrick Vaulkhard,September 15  1911  Nottingham ,,Derbyshire ,,Right-hand bat,Legbreak,Wicketkeeper,
Geoffrey William Vavasour,September 5  1914  Queenstown  Co Cork  Ireland ,,Combined Services,,Right-hand bat,,Sir Geoffrey Vavasour,
Bethany Grace Veal,September 26  1998  Newcastle upon Tyne  Northumberland ,19 years 194 days,Northumberland Women,,,,,
Charles Lewis Veal,August 29  1876  Bridgend  Glamorgan  Wales ,,Marylebone Cricket Club,,,,Repton School,
Richard Aubery Veck,1756  New Alresford  Hampshire ,,Hampshire XI ,,,,November 13  1823  Bishops Waltham  Hampshire (aged 67 years) ,
Henry George John Veitch,September 26  1833  Sopley  Christchurch  Hampshire ,,Oxford University,,,,May 30  1903  Sanquhar  Dumfries  Scotland (aged 69 years 246 days) ,
Thomas Kelcey Veitch,September 8  1845  Durham ,,,,,,Umpire,
Kishen Shailesh Velani,September 2  1994  Newham  London ,23 years 218 days,England Under-19s ,,Right-hand bat,Right-arm medium,Brentwood School,
Rowland George Venables,January 18  1846  Truro  Cornwall ,,Oxford University,,Right-hand bat,Left-arm medium (roundarm),March 9  1920  Oakhurst  Oswestry  Shropshire (aged 74 years 51 days) ,
Richard Stephen Venes,March 12  1885  Battersea  London ,,Northamptonshire,,Right-hand bat,Legbreak googly,June 10  1959  Northampton (aged 74 years 90 days) ,
Horace Venn,July 4  1892  Coventry  Warwickshire ,,Warwickshire,,Right-hand bat,,November 23  1953  Keresley  Coventry  Warwickshire (aged 61 years 142 days) ,
Venner,date unknown ,,East Kent,,,,,
Nicholas Vere-Hodge,October 31  1912  Woodford Green  Essex ,,Essex,,Right-hand bat,,Wicketkeeper,
Harry William Verelst,July 2  1846  Claughton  Birkenhead  Cheshire ,,Yorkshire,,Right-hand bat,,April 5  1918  Aston Hall  Aston-cum-Aughton  Yorkshire (aged 71 years 277 days) ,
Thomas Mathew Verghese,July 9  1963  Mulanthurthy  India ,54 years 273 days,Cambridge University,,Right-hand bat,Right-arm medium,,
Hedley Verity,May 18  1905  Headingley  Leeds  Yorkshire ,,England ,,Right-hand bat,Slow left-arm orthodox,July 31  1943  Caserta  Italy (aged 38 years 74 days) ,
Stuart Anthony Verity,November 11  1948  Bradford  Yorkshire ,69 years 148 days,Oxford University,,Right-hand bat,Right-arm medium,,
Christopher RG Vernon,date unknown ,,Kent 2nd XI ,,,,,
Daniel Connor Vernon,August 15  1991  Leicester ,26 years 236 days,Bedfordshire ,,Right-hand bat,Slow left-arm orthodox,Burbridge Junior School  John Cleveland College  North Warwickshire &amp; Hinckley College,
George Frederick Vernon,June 20  1856  Marylebone  London ,,England ,,Right-hand bat,(unknown arm) slow (underarm),Rugby,
John Michael Vernon,July 27  1922  Port Said  Egypt ,,Combined Services,,Right-hand bat,Right-arm medium,November 1994  Portsmouth  Hampshire (aged 72 years) ,
Martin Jeffery Vernon,July 4  1951  Marylebone  London ,66 years 278 days,Gloucestershire ,,Right-hand bat,Right-arm fast-medium,,
Rebecca Vernon,date unknown ,,Durham Women,,,,,
Alan Otto Charles Verrinder,July 28  1955  Henley-on-Thames  Oxfordshire ,62 years 254 days,Kent ,,Right-hand bat,Right-arm fast-medium,,
Louise Kate Verroken-Jones,September 13  1992  Camden  Middlesex ,25 years 207 days,Buckinghamshire Women,,,,,
Samuel Brook Vesty,November 26  1981  Roundhills  Leicestershire ,36 years 133 days,Leicestershire 2nd XI ,,Right-hand bat,,Wicketkeeper,
George Alfred Turner Vials,March 18  1887  Northampton ,,Northamptonshire,,Right-hand bat,,April 26  1974  Northampton (aged 87 years 39 days) ,
Hannah Louise Vickers,July 30  1998 ,19 years 252 days,Suffolk Women,,,,,
Anthony Vickery,August 26  1925  Taunton  Somerset ,92 years 225 days,Somerset,,Right-hand bat,,,
Charlie B Vickery,June 4  1995  Yeovil  Somerset ,22 years 308 days,Somerset 2nd XI ,,Right-hand bat,Right-arm offbreak,Millfield School,
Ryan Vickery,date unknown ,,Essex 2nd XI,,,,,
John Lionel Symonds Vidler,March 30  1890  Rye  Sussex ,,Oxford University ,,Right-hand bat,Right-arm medium,Repton School,
Frank Henry Vigar,July 14  1917  Bruton  Somerset ,,Essex,,Right-hand bat,Legbreak,Coach,
Herbert Evelyn Vigar,November 29  1883  Redhill  Surrey ,,Surrey,,Right-hand bat,,Wicketkeeper,
JE Vigar,date unknown ,,Marylebone Cricket Club,,,,,
Viger,date unknown ,,Surrey,,,,,
Godfrey Thomas Vigne,September 1  1801  London ,,Hampshire,,,,July 12  1863  Woodford  Essex (aged 61 years 314 days) ,
Henry Goldsmith Vigne,1817  London ,,Marylebone Cricket Club,,,,changed name to Henry Goldsmith,
Thomas Vigne,1771 ,,Hampshire ,,,,Wicketkeeper,
Eileen R Vigor,1935  Bermondsey  London ,83 years,England Women ,,,,Eileen Rump,
J Vijay,date unknown ,,Leicestershire 2nd XI,,,,,
Jan Neil Viljoen,July 4  1962  Wepener  Orange Free State  South Africa ,55 years 278 days,Cambridge University,,Right-hand bat,Right-arm slow-medium,,
Mady Kate Villiers,October 1998  Havering  Essex ,19 years,Essex Women,,,,,
Charlotte Norah Villiers-Smith,June 27  1995  Ealing  Middlesex ,22 years 285 days,Buckinghamshire Women,,,,,
John Vince,December 31  1849  Hackbridge  Surrey ,,Surrey,,Right-hand bat,Right-arm fast,May 5  1886  Beddington Corner  Croydon  Surrey (aged 36 years 125 days) ,
James Michael Vince,March 14  1991  Cuckfield  Sussex ,27 years 25 days,England ,Batsman,Right-hand bat,Right-arm medium,,
Vincent,date unknown ,,Gentlemen of England ,,,,,
Douglas Ronald Vincent,September 2  1954  Glasgow  Lanarkshire  Scotland ,63 years 218 days,Cambridgeshire,,Right-hand bat,,,
Emmanuel Vincent,October 2  1798  Sheffield  Yorkshire ,,Nottinghamshire ,,,,July 7  1860  Sheffield  Yorkshire (aged 61 years 279 days) ,
Harold Graham Vincent,November 13  1891  Harlesden  Middlesex ,,Cambridge University,,Right-hand bat,,November 5  1981  Tonbridge  Kent (aged 89 years 357 days) ,
J Vincent,date unknown ,,Sheffield,,,,,
Wayne Vincent,September 12  1975  Truro  Cornwall ,42 years 208 days,Cornwall,,Right-hand bat,,,
John Herbert Vincett,May 24  1883  Hastings  Sussex ,,Surrey ,,Right-hand bat,Right-arm medium,December 28  1953  Lambeth  London (aged 70 years 218 days) ,
Joseph Vine,May 15  1875  Willingdon  Sussex ,,England ,,Right-hand bat,Legbreak,Coach,
Stan A Vines,date unknown ,,,,,,Umpire,
Christine Viney,date unknown ,,Cambridgeshire and Huntingdonshire Women,,,,,
W Vining,date unknown ,,,,,,Umpire,
Luke James Vinter,January 13  1988  Chichester  Sussex ,30 years 85 days,Sussex ,,Right-hand bat,Right-arm fast-medium,,
Guramar Singh Virdi,July 19  1998  Chiswick  Middlesex ,19 years 263 days,England Under-19s ,,Right-hand bat,Right-arm offbreak,,
Roy Thomas Virgin,August 26  1939  Taunton  Somerset ,78 years 225 days,Northamptonshire ,,Right-hand bat,Legbreak,Wicketkeeper,
C Vivian,date unknown ,,Marylebone Cricket Club,,,,,
Walter Oswald Vizard,November 16  1861  Bellary  India ,,Gloucestershire,,Right-hand bat,,Wicketkeeper,
William Voce,August 8  1909  Annesley Woodhouse  Nottinghamshire ,,England ,,Right-hand bat,Left-arm fast-medium,June 6  1984  Lenton  Nottinghamshire (aged 74 years 303 days) ,
Charlotte Sarah Voden,July 13  1992  Watford  Hertfordshire ,25 years 269 days,Buckinghamshire Women,,,,,
Joe Harry Voke,July 31  1998  Newport  Gwent  Wales ,19 years 251 days,Wales Minor Counties,,Right-hand bat,Right-arm medium,,
T Voke,date unknown ,,Wales Minor Counties,,,,,
R Von Dormelen,date unknown ,,Northern Territory,,,,,
Adolph Christian Ernest von Ernsthausen,October 17  1880  Belsize Park  Hampstead  London ,,Oxford University ,,Right-hand bat,Right-arm fast,changed name to Adolph Christian Ernest Howeson in 1914,
Benjamin Michael Vonwiller,March 16  1974  Sydney  New South Wales  Australia ,44 years 23 days,Oxford University,,Right-hand bat,Right-arm medium-fast,,
Ralph Voss,March 30  1860  Croydon  Surrey ,,Surrey,,Right-hand bat,,November 16  1900  Croydon  Surrey (aged 40 years 231 days) ,
Richard Zahn Hartwig Voss,November 10  1880  Dunham  Altrincham  Cheshire ,,London County ,,Right-hand bat,,September 3  1948  Flixton  Lancashire (aged 67 years 298 days) ,
Stirling Cooksley Voules,January 4  1843  Middle Chinnock  Somerset ,,Oxford University,,Right-hand bat,Right-arm fast (roundarm),May 6  1923  Maida Hill  London (aged 80 years 122 days) ,
Roger Charles Vowles,April 5  1932  Grimsby  Lincolnshire ,86 years 3 days,Nottinghamshire,,Right-hand bat,Right-arm medium,,
Edmund Waller Vyse,February 20  1831  Luton  Bedfordshire ,,Surrey,,Right-hand bat,,April 11  1890  Westgate-on-Sea  Kent (aged 59 years 50 days) ,
B Vyvyan,date unknown ,,,,,,Umpire,
B Vyvyan,date unknown ,,,,,,Umpire,
Alexandra Went,date unknown ,,Essex Women,,,,,
A West,date unknown ,,Derbyshire 2nd XI,,,,,
Roy Henry Wacey,August 11  1937  Bishop's Stortford  Hertfordshire ,80 years 240 days,Hertfordshire,,Left-hand bat,Right-arm medium,,
Abraham Waddington,February 4  1893  Clayton  Thornton  Yorkshire ,,England ,,Right-hand bat,Left-arm fast-medium,Abram Waddington,
John Ernest Walter Waddington,May 22  1910  Woodford Green  Essex ,,Essex,,Right-hand bat,,April 8  1995  Godstone  Surrey (aged 84 years 321 days) ,
Bernard Broughton Waddy,July 3  1911  Parramatta  Sydney  New South Wales  Australia ,,Oxford University,,Right-hand bat,Right-arm medium,August 7  1981  Winchester  Hampshire (aged 70 years 35 days) ,
Percival Stacy Waddy,January 8  1875  Carcoa  New South Wales  Australia ,,Oxford University,,Right-hand bat,Right-arm medium,February 8  1937  St Pancras  London (aged 62 years 31 days) ,
David Neil Wade,September 27  1983  Chichester  Sussex ,34 years 193 days,Gloucestershire 2nd XI,,Right-hand bat,Right-arm fast-medium,Bishop Luffa Church of England School  Chichester  Sussex; Havant College  Hampshire,
Gareth Wade,January 11  1991 ,27 years 87 days,Northamptonshire ,,Right-hand bat,Right-arm medium-fast,,
James Robert Wade,May 7  1981  Bedford ,36 years 336 days,Bedfordshire ,,Right-hand bat,,,
Robert Harold Wade,December 12  1968  Epsom  Surrey ,49 years 117 days,Wiltshire,,Right-hand bat,Right-arm medium,,
Saul Wade,February 8  1858  Farsley  Leeds  Yorkshire ,,Yorkshire,,Right-hand bat,Right-arm offbreak,November 5  1931  Oldham  Lancashire (aged 73 years 270 days) ,
Thomas Henry Wade,November 24  1910  Maldon  Essex ,,Essex,,Left-hand bat,Right-arm offbreak,Wicketkeeper,
William John Wade,January 31  1999  Salisbury  Wiltshire ,19 years 67 days,Wiltshire,,Right-hand bat,Right-arm offbreak,,
Alan Nigel Charles Wadey,September 12  1950  Billingshurst  Sussex ,67 years 208 days,Sussex,,Right-hand bat,Right-arm medium,,
Ella Wadey,date unknown ,,Sussex Women,,Right-hand bat,Right-arm medium,,
Bradley Lewis Wadlan,December 14  1988  Bridgend  Glamorgan ,29 years 115 days,Cardiff MCCU ,,Left-hand bat,Slow left-arm orthodox,,
Ernest Wadsworth,September 30  1850  Manchester  Lancashire ,,Lancashire,,Right-hand bat,Right-arm fast (roundarm),January 7  1918  Hale  Bowdon  Cheshire (aged 67 years 99 days) ,
William Wadsworth,October 9  1823  Baildon  Yorkshire ,,Nottinghamshire ,,,,June 13  1891  Bradford  Yorkshire (aged 67 years 247 days) ,
Jack Gordon Wagener,January 20  1905  Upperton  Eastbourne  Sussex ,,Cambridge University ,,Left-hand bat,Slow left-arm orthodox,June 18  1986  Eastbourne  Sussex (aged 81 years 149 days) ,
Graham Grant Wagg,April 28  1983  Rugby  Warwickshire ,34 years 345 days,Derbyshire ,,Right-hand bat,Left-arm medium,Aslawn School  Rugby,
Mark Anant Wagh,October 20  1976  Birmingham  Warwickshire ,41 years 170 days,Mashonaland A ,,Right-hand bat,Right-arm offbreak,King Edward's School  Birmingham. Oxford University,
MH Wagh,date unknown ,,Warwickshire 2nd XI,,,,,
Alexander Charles Waghorn,January 9  1995  Wandsworth  Middlesex ,23 years 89 days,Cambridge MCCU,,,,RGS Guildford  Pembroke  Cambridge,
Leslie Arthur Waghorn,July 29  1906  Robertsbridge  Sussex ,,Sussex,,Left-hand bat,Slow left-arm orthodox,August 22  1979  Robertsbridge  Sussex (aged 73 years 24 days) ,
Hugh Wagstaff,October 15  1895  Romford  Essex ,,Essex,,,Right-arm medium,March 2  1970  Hornchurch  Essex (aged 74 years 138 days) ,
Michael Christopher Wagstaffe,September 26  1945  Kohat  India ,72 years 194 days,Devon ,,Left-hand bat,Slow left-arm orthodox,,
James Charles Wainman,January 25  1993  Harrogate  Yorkshire ,25 years 73 days,Yorkshire ,,Right-hand bat,Left-arm medium,,
David John Wainwright,March 21  1985  Pontefract  Yorkshire ,33 years 18 days,Derbyshire ,,Left-hand bat,Slow left-arm orthodox,Hemsworth High School  Loughborough University,
Edward Wainwright,April 8  1865  Tinsley  Sheffield  Yorkshire ,,England ,,Right-hand bat,Right-arm slow,Brother - ,
Jacqueline Anne Wainwright,May 28  1947  Hemel Hempstead  Hertfordshire ,70 years 315 days,East Anglia Women ,,,,,
Thomas Dodsworth Wainwright,November 12  1940  Bombay (now Mumbai)  Maharashtra  India ,77 years 147 days,LC Steven's XI,,Right-hand bat,,,
Walker Wainwright,January 21  1882  Rotherham  Yorkshire ,,Yorkshire,,Left-hand bat,Slow left-arm orthodox,Brother - ,
Owen John Wait,August 2  1926  Dulwich  London ,,Cambridge University ,,Right-hand bat,Right-arm fast-medium,April 26  1981  Bromley  Kent (aged 54 years 267 days) ,
A Waite,date unknown ,,Leicestershire 2nd XI,,,,,
Anthony Charles Waite,May 29  1943  Pinner  Middlesex ,74 years 314 days,Buckinghamshire ,,Right-hand bat,Right-arm fast-medium,,
C Waite,date unknown ,,Warwickshire 2nd XI,,,,,
D Waite,date unknown ,,Bristol University,,,,,
Matthew James Waite,December 24  1995  Leeds  Yorkshire ,22 years 105 days,Yorkshire ,,Right-hand bat,Right-arm fast-medium,,
Richard Parkinson Waite,June 11  1980  Stockton-on-Tees  Co Durham ,37 years 301 days,Cumberland ,,Right-hand bat,Right-arm offbreak,,
Bernard Wake,May 4  1820  Sheffield  Yorkshire ,,Nottinghamshire ,,,,April 30  1891  Sheffield  Yorkshire (aged 70 years 361 days) ,
Cameron John Wake,June 28  1985  Kettering  Northamptonshire ,32 years 284 days,Bedfordshire ,,Right-hand bat,Right-arm medium-fast,Father - ,
John Robert Wake,February 13  1953  Hexham  Northumberland ,65 years 54 days,Bedfordshire,,Right-hand bat,Right-arm offbreak,Son - ,
Neil David Wake,date unknown  Newcastle upon Tyne  Northumberland ,,Northumberland,,Right-hand bat,Right-arm medium,,
William Robert Wake,May 21  1852  Sheffield  Yorkshire ,,Yorkshire,,Right-hand bat,Right-arm slow,March 14  1896  Norwood  Sheffield  Yorkshire (aged 43 years 298 days) ,
Christopher Francis Wakefield,October 11  1991  Hammersmith  Middlesex ,26 years 179 days,Great Britain Combined University Team ,,Right-hand bat,,Wicketkeeper,
Mark Wakefield,November 17  1968  Rochdale  Lancashire ,49 years 142 days,Derbyshire,,Right-hand bat,Slow left-arm orthodox,,
Percy Harold Wakefield,September 3  1888  Pill  Somerset ,,Worcestershire,,Right-hand bat,Right-arm medium,December 20  1973  Worcester (aged 85 years 108 days) ,
William Henry Wakefield,May 28  1870  Sedgwick  Cumberland ,,Lord Hawke's XI ,,,,August 7  1922  Chesham  Buckinghamshire (aged 52 years 71 days) ,
Robert Wakeford,date unknown ,,Sussex Cricket Board ,,Right-hand bat,Right-arm medium,,
Captain Henry Blythe Thornhill Wakelam,May 8  1893 ,,,,,,Marlborough; Pembroke College  Cambridge,
Edwin Wakelin,October 18  1880  Cowley St John  Oxford ,,Worcestershire,,Right-hand bat,,August 13  1925  St Giles  Oxford (aged 44 years 299 days) ,
Jake Berry Wakelin,September 1998  Chelmsford  Essex ,19 years,Suffolk,,,,,
Emily Jane Wakeling,March 5  1990  Salisbury  Wiltshire ,28 years 34 days,Wiltshire Women,,,,,
John Alan Wakeling,January 8  1979  Nottingham ,39 years 90 days,Nottinghamshire Cricket Board,,Left-hand bat,,Wicketkeeper,
Alex George Wakely,November 3  1988  London ,29 years 156 days,Bedfordshire ,,Right-hand bat,Right-arm medium-fast,Bedford School,
Hannah Kathleen L Wakeman,October 21  1994  Stanmore  Middlesex ,23 years 169 days,Middlesex Women,,Left-hand bat,Left-arm medium,,
Thilan N Walallawita,date unknown ,,Middlesex 2nd XI,,,,,
Sean Richard Walbridge,June 17  1969  Weymouth  Dorset ,48 years 295 days,Dorset,,Right-hand bat,Slow left-arm orthodox,,
Frederick Ingram Walden,March 1  1888  Wellingborough  Northamptonshire ,,Northamptonshire,,Right-hand bat,Right-arm slow,Umpire,
David John Hume Walder,May 7  1978  Newcastle upon Tyne  Northumberland ,39 years 336 days,Northumberland,,Right-hand bat,Right-arm medium,,
Frederic Alexander Waldock,March 16  1898  Colombo  Ceylon ,,Ceylon ,,Left-hand bat,Slow left-arm orthodox,July 4  1959  Galmington  Taunton  Somerset (aged 61 years 110 days) ,
Harold Francis Waldock,May 17  1899  Colombo  Ceylon ,,HK Foster's XI,,,,September 4  1923  Colombo  Ceylon (aged 24 years 110 days) ,
Alan Noel Edwin Waldron,December 23  1920  Southsea  Hampshire ,,Hampshire,,Right-hand bat,Right-arm fast-medium,September 2  1999  Richmond  Surrey (aged 78 years 253 days) ,
Collete Wale,date unknown ,,Leicestershire Women,,,,,
Peter John Wales,October 30  1928  Hove  Sussex ,89 years 160 days,Sussex,,Right-hand bat,Right-arm medium,,
Jonathan Edwin Peter Walford,January 24  1982  Hornchurch  Essex ,36 years 74 days,Bedfordshire,,Left-hand bat,Right-arm medium,,
John Erskine Scott Walford,August 14  1899  Hanbury Mount  Worcestershire ,,Worcestershire,,Right-hand bat,Right-arm fast-medium,August 22  1961  Ravenscourt Park  Hammersmith  London (aged 62 years 8 days) ,
James Hart Walford,February 28  1838  Dallinghoo  Suffolk ,,Cambridge University,,,,August 16  1915  Wandsworth  London (aged 77 years 169 days) ,
Michael Moore Walford,November 27  1915  Norton-on-Tees  Co Durham ,,Oxford University ,,Right-hand bat,Slow left-arm orthodox,Rugby School; Oxford University,
George Godfrey Walkden,March 10  1883  Derby ,,Derbyshire,,,,May 16  1923  Derby (aged 40 years 67 days) ,
Walker,date unknown ,,Kent,,,,,
Walker,date unknown ,,East Kent,,,,,
Alan Walker,July 7  1962  Emley  Yorkshire ,55 years 275 days,Durham ,,Left-hand bat,Right-arm fast-medium,,
Alfred Walker,September 8  1827  Southgate  Middlesex ,,Cambridge University ,,Right-hand bat,Right-arm fast (underarm),Brother - ,
Ashley Walker,June 22  1844  Bowling  Bradford  Yorkshire ,,Cambridge University ,,Right-hand bat,Right-arm slow (roundarm),May 26  1927  Harrold  Bedfordshire (aged 82 years 338 days) ,
Alex Brian Walker,August 26  1991  Milton Keynes ,26 years 225 days,Bedfordshire,,Right-hand bat,,,
Arthur Henry Walker,June 30  1833  Southgate  Middlesex ,,Middlesex,,Right-hand bat,Right-arm bowler (roundarm),Uncle - ,
Andrew John Walker,March 26  1980  Dewsbury  Yorkshire ,38 years 13 days,Leeds/Bradford MCCU,,Left-hand bat,Left-arm medium,,
Andrew John Walker,October 29  1971  Bradford  Yorkshire ,46 years 161 days,Yorkshire Cricket Board,,Right-hand bat,Right-arm offbreak,,
Alexia Laurette Walker,November 26  1982  St Leonards-on-Sea  Sussex ,35 years 133 days,England Women,,Right-hand bat,Right-arm fast-medium,Father - ,
Bethany Walker,January 14  1997 ,21 years 84 days,Durham Women,,,,,
Ben James Walker,January 19  1989  Southampton  Hampshire ,29 years 79 days,Wiltshire,,Left-hand bat,Right-arm fast-medium,,
Clifford Walker,June 27  1919  Golcar  Huddersfield  Yorkshire ,,Hampshire ,,Right-hand bat,Right-arm medium,December 3  1992  Lindley  Huddersfield  Yorkshire (aged 73 years 159 days) ,
