Vuyisile Kobus Ngqolo,April 27  1982  Hanover ,35 years 346 days,Kei,,Right-hand bat,Right-arm medium,,
Andrew Ngubane,date unknown ,,,,,,Umpire,
Bafana Ngubeni,January 1  1998  Kwa tema ,20 years 97 days,Easterns Under-15s,,Right-hand bat,Right-arm fast,Siboleni Secondary,
Brian Ngugi,January 31  2000 ,18 years 67 days,Mpumalanga Under-17s,,Right-hand bat,Left-arm medium-fast,Ermelo Christian,
Sethu Ngume,February 2  1997 ,21 years 65 days,Kei Women,,Right-hand bat,Right-arm medium,,
Mauritius Valentine Ngupita,December 13  2000 ,17 years 116 days,Namibia Under-15s,,Right-hand bat,Right-arm offbreak,,
Sibongokuhle Nguta,April 21  1997 ,20 years 352 days,Border Under-15s,,Right-hand bat,Right-arm fast,Hudson Park,
Axola Ngwana,May 31  1998  KWTown ,19 years 312 days,Border Under-15s ,,Right-hand bat,Right-arm fast,Hudson Park High,
Iviwe Ngwana,October 3  1998 ,19 years 187 days,Border Under-17s,,Right-hand bat,Right-arm offbreak,,
Bhekinkosi Ngwenya,September 22  1980  Johannesburg  Gauteng ,37 years 198 days,,,,,Umpire,
Kagiso Ngwenya,May 4  2002  Pretoria ,15 years 339 days,Northerns Under-13s,,Right-hand bat,Right-arm fast,Mamelodi,
Thomas Ngwenya,June 20  1994  Duiwelskloof ,23 years 292 days,Limpopo Under-19s,,Right-hand bat,Right-arm offbreak,Merensky,
T Ngwenya,date unknown ,,Mpumalanga Women,,,,,
Gerald Mlungisi Ngwenyana,June 15  1995  Nelspruit ,22 years 297 days,North West Under-19s,,Right-hand bat,Slow left-arm orthodox,,
L Ngwetsi,date unknown ,,Mpumalanga Women,,,,,
M Ngwevela,date unknown ,,,,,,Umpire,
Siyanda Ngxangane,date unknown ,,Western Province Under-17s,,,,,
Nkosinathi Ngxoni,February 24  2001  Cape Town ,17 years 43 days,Boland Under-17s,,Right-hand bat,,Western Cape Sport School,
Tulani Ngxoweni,date unknown ,,South Africa Under-19s,,,,,
Cheslin Eric Marcus Nhlapo,March 7  1987 ,31 years 32 days,KwaZulu-Natal Inland,,Right-hand bat,,,
Nhlanhla Nhlapo,June 30  1990 ,27 years 282 days,Easterns Under-19s,,Right-hand bat,,,
Smangaliso Nhlebela,June 2  1994 ,23 years 310 days,KwaZulu-Natal ,,Right-hand bat,Slow left-arm orthodox,Glenwood High,
Collan Mervyn Nicholas,October 22  1928  East London  Cape Province ,89 years 168 days,Border,,Right-hand bat,Right-arm medium,,
David Llewellyn Nicholas,November 8  1888  Kimberley  Cape Province ,,Eastern Province,,,,January 14  1970 (aged 81 years 67 days) ,
H Nicholas,date unknown ,,Orange Free State,,,,,
Marvin Nicholas,June 12  1991  Worcester ,26 years 300 days,Boland Under-19s,,Right-hand bat,Right-arm offbreak,,
S Nicholls,date unknown ,,Griqualand West,,,,,
C Nicholson,date unknown ,,Natal (SACB),,,,,
Christopher Robert Nicholson,February 5  1945  Berea  Durban  Natal ,73 years 62 days,South African Universities,,Left-hand bat,Right-arm offbreak,Brother - ,
Denis Gerard Nicholson,December 16  1951  Cape Town  Cape Province ,66 years 113 days,Griqualand West,,,,Father - ,
Frank Nicholson,September 17  1909  Millom  Cumberland  England ,,South Africa ,,Right-hand bat,,Wicketkeeper,
Frederick Nicholson,April 8  1880  Hoo  Kent  England ,,Orange Free State,,,,September 21  1966  Tweespruit  Orange Free State (aged 86 years 166 days) ,
Peter Shaw Nicholson,November 23  1921  Dehra Dun  India ,96 years 136 days,Western Province,,,,Son - ,
Ravenor Michael Nicholson,October 6  1943  Berea  Durban  Natal ,74 years 184 days,Natal,,Right-hand bat,Right-arm medium,Brother - ,
Aaron Nickel,May 31  1923  Johannesburg  Transvaal ,,Transvaal,,Right-hand bat,Right-arm medium,Nephew - ,
David John Dalry Nicol,December 11  1887  Grahamstown  Cape Province ,,Natal,,,,Wicketkeeper,
John Fairless William Nicolson,July 19  1899  Durban  Natal ,,South Africa ,,Left-hand bat,Right-arm bowler,death registered as John Fairless William Nicholson,
Shawn Nicolson,July 2  1972  Virginia  Orange Free State ,45 years 280 days,North West ,,Right-hand bat,Right-arm offbreak,,
Celeste Niehalis,date unknown ,,Gauteng Women,,,,,
C Niehaus,date unknown ,,Gauteng Women,,,,,
Jacques Niemand,November 6  1965  Worcester  Cape Province ,52 years 153 days,Western Transvaal,,Right-hand bat,Legbreak,,
Jason Niemand,November 30  1998  East london ,19 years 129 days,Border Under-15s,Allrounder,Right-hand bat,Right-arm offbreak,Lilyfontein High,
Tim Niemand,August 22  1996  East London ,21 years 229 days,Border Under-19s,,Right-hand bat,Right-arm offbreak,,
Walter Emanuel Niemeyer,July 30  1877  Boshof  Orange Free State ,,Transvaal,,,Right-arm medium,November 27  1936  Pretoria  Transvaal (aged 59 years 120 days) ,
Michael Philip Nienaber,October 31  1980  Port Elizabeth  Cape Province ,37 years 159 days,Eastern Province,,Right-hand bat,Right-arm medium-fast,,
Richard Michael Nienaber,September 30  1977  East London  Cape Province ,40 years 190 days,Natal,,Right-hand bat,Legbreak,,
Donovan Graham Nieuwenhuizen,date unknown ,,,,,,Umpire,
Divan Nieuwenhuizen,March 29  1997 ,21 years 10 days,Northern Cape Under-19s,,Right-hand bat,,,
Gladwin Nieuwenhuizen,May 20  1998  De Aar ,19 years 323 days,Griqualand West Under-17s,,Right-hand bat,Right-arm medium,,
George Nieuweveldt,January 10  1969  George ,49 years 88 days,,,,,Umpire,
Andre Barend Nieuwoudt,December 5  1946  Johannesburg  Transvaal ,71 years 124 days,Western Province,,Right-hand bat,Right-arm fast-medium,,
Griffin Nathan Nieuwoudt,May 22  1987  Sasolburg  Free State ,30 years 321 days,Free State ,,Left-hand bat,Slow left-arm chinaman,,
Hermias Hendrick Nieuwoudts,October 13  1992  Upington ,25 years 177 days,Griqualand West Under-19s,,Right-hand bat,Right-arm medium,,
Christo Niewoudt,date unknown ,,Limpopo,Middle-order batsman,Right-hand bat,Legbreak,,
Gerrit Karl Nieuwoudt,March 8  1988  Cape Town  Cape Province ,30 years 31 days,Boland,,Right-hand bat,Right-arm fast-medium,,
Riaan Niewoudt,May 8  1976  Cradock  Cape Province ,41 years 335 days,North West,,Right-hand bat,Right-arm medium,,
Desmond Wienand Niland,November 8  1912  Fort Beaufort  Cape Province ,,Border ,,Right-hand bat,Right-arm medium,January 15  1978  Fort Beaufort  Cape Province (aged 65 years 68 days) ,
Kyle Nipper,November 25  1987  Pietermaritzburg ,30 years 134 days,Dolphins ,,Left-hand bat,Slow left-arm orthodox,,
J Nirgnen,date unknown ,,KwaZulu-Natal Inland Women,,,,,
A Njani,date unknown ,,Kei Women,,,,,
N Njani,date unknown ,,Kei Women,,,,,
P Njokweni,date unknown ,,South Africa African XI,,,,,
Mpilo Buqa Njoloza,December 20  1988  East London ,29 years 109 days,Eastern Province ,,Right-hand bat,Left-arm medium-fast,,
Njabulo Nkabinde,date unknown ,,Mpumalanga Under-19s Women,,,,,
Slindokuhle Nkabinde,August 11  1998  Durban ,19 years 240 days,KwaZulu-Natal Under-15s,,Right-hand bat,Right-arm fast,Kearsney College,
Lebogang Rachel Nkadimeng,December 3  1996  Soshanguve ,21 years 126 days,Northerns Women,,Right-hand bat,Right-arm offbreak,,
Karbo Nkambule,January 9  1997 ,21 years 89 days,Mpumalanga Under-15s,,Right-hand bat,Right-arm offbreak,,
Lutho Nkanjeni,February 23  1998 ,20 years 44 days,Eastern Province Under-17s,,Right-hand bat,Right-arm fast,,
Luvuyo Nkese,May 6  1997 ,20 years 337 days,Northerns Under-15s,,Right-hand bat,Right-arm medium-fast,,
P Nkhabane,date unknown ,,Limpopo Women,,,,,
Mondi Nkita,date unknown ,,KwaZulu-Natal Inland,,,,,
Albert Nkomo,January 28  1980  Cape Town  Cape Province ,38 years 70 days,Western Province,,Right-hand bat,Right-arm medium-fast,,
Mbulelo Nkomo,August 7  1986  Cape Town ,31 years 244 days,Western Province,,Right-hand bat,Legbreak,,
Sviwe Nkonzombi,August 31  2003 ,14 years 220 days,Western Province Under-13s,,Right-hand bat,Right-arm offbreak,,
Katleo Nkopane,October 14  2002  Stellenbosch ,15 years 176 days,Boland Under-13s,,Left-hand bat,Right-arm offbreak,AF Louw Primary,
N Nkopane,date unknown ,,Boland Women,,,,,
Siyabulela Nkosana,date unknown ,,South Africa Under-19s,,,,,
G Nkosi,date unknown ,,Easterns Women,,,,,
Jabulani Nkosi,May 3  2003 ,14 years 340 days,Northerns Under-13s,,Right-hand bat,,Atteridgeville,
Mandla Nkosi,February 9  1976 ,42 years 58 days,,,,,Umpire,
Mpendulo Nkosi,May 21  1996 ,21 years 322 days,Mpumalanga Under-19s,,Right-hand bat,Right-arm medium,Hoerksool Rob Ferreira,
Nhlanhla Nkosi,October 8  1993  Whiteriver ,24 years 182 days,Mpumalanga Under-19s,,Right-hand bat,Right-arm medium-fast,Lowveld High School,
N Nkosi,date unknown ,,Northerns Women,,,,,
Pius Eyethu Nkosi,date unknown ,,,,,,Umpire,
Sean Nkosi,July 12  2001  Schoemansdal ,16 years 270 days,Mpumalanga Under-15s,,Right-hand bat,Right-arm medium,Penryn College,
Stuart Sipho Nkosi,November 20  1984  Witbank ,33 years 139 days,Mpumalanga,,Right-hand bat,Right-arm medium-fast,,
T Nkosi,date unknown ,,Northerns Women,,,,,
Aphiwe Nkosimbini,date unknown ,,,,,,Umpire,
Mesilane Nkosinati,June 13  1999 ,18 years 299 days,Boland Under-17s,,Left-hand bat,Right-arm offbreak,,
Zane Nkosi,April 11  2001 ,16 years 362 days,Limpopo Under-15s,,Right-hand bat,Right-arm medium,Nkowankowa Hub,
Francis Gradwell Nkuna,April 3  1986  Mamelodi  Pretoria ,32 years 5 days,Easterns Under-19s ,,Right-hand bat,Right-arm fast-medium,Frankie,
J Nkuna,date unknown ,,Northerns,,,,,
N Nkuna,date unknown ,,Limpopo Women,,,,,
B Nkupa,date unknown ,,Kei Women,,,,,
Mpho Nkwana,date unknown ,,Mpumalanga Women,,,,,
Mputhi Nkwana,date unknown ,,Mpumalanga Women,,,,Wicketkeeper,
Enoch Thabiso Nkwe,February 8  1983  Soweto  Johannesburg ,35 years 59 days,Gauteng ,,Right-hand bat,Right-arm medium,,
Tshegofatso Frans Nkwe,date unknown ,,Gauteng Under-19s,,Right-hand bat,Right-arm medium-fast,,
Kagiso Jackson Nnawe,June 7  1990  Pretoria  Transvaal ,27 years 305 days,Northerns Under-19s,,Right-hand bat,,,
Ntabyozuko Nobebe,December 18  1982  Port Elizabeth  Cape Province ,35 years 111 days,South Western Districts,,Right-hand bat,Right-arm fast-medium,Vululumzi Senior Secondary School PE,
Arthur Reginald Noble,April 5  1917  Port Elizabeth  Cape Province ,101 years 3 days,Eastern Province,,,,,
Robert Arthur Noble,March 4  1951  Port Elizabeth  Cape Province ,67 years 35 days,,,,,Umpire,
Malcolm John Nofal,September 18  1991  Johannesburg  Gauteng ,26 years 202 days,Gauteng ,,Left-hand bat,Slow left-arm orthodox,,
Enoch Nogabe,January 31  1981  Bloemfontein  Orange Free State ,37 years 67 days,Free State,,Right-hand bat,Right-arm bowler,,
Olebogeng Nokana,April 7  1995 ,23 years 1 days,North West Under-17s,,Right-hand bat,Right-arm medium,HTS Potchefstroom,
Babalo Nokele,October 15  2002 ,15 years 175 days,Border Under-13s,,Right-hand bat,Right-arm fast,Dale Junior,
Jacobus Everhardus Nolte,December 16  1965  Klerksdorp  Transvaal ,52 years 113 days,Western Province,,Right-hand bat,Right-arm fast-medium,,
Nomaan Mulla,July 3  1998 ,19 years 279 days,Mpumalanga Under-17s,,Right-hand bat,Right-arm offbreak,,
Faheem Nomani,August 23  2000 ,17 years 228 days,Mpumalanga Under-13s,,Right-hand bat,Right-arm offbreak,Nelspruit Primary,
Idris Nomani,date unknown ,,,,,,Umpire,
Kamogelo Nombewu,date unknown ,,Easterns Under-19s Women,,,,,
A Nomovalo,date unknown ,,KwaZulu-Natal Inland Women,,,,,
Lutho Nomoyi,January 21  1998  King Williams Town ,20 years 77 days,Eastern Province Under-15s ,,Right-hand bat,Right-arm offbreak,Kingswood College,
Bless Noncedo,date unknown ,,Kei Women,,,,,
S Nondlwana,date unknown ,,Eastern Province Women,,,,,
B Nonganga,date unknown ,,South Africa African XI,,,,,
T Nonkhululeko,date unknown ,,Gauteng Women,,,,,
Siphelele Nontanda,January 6  1995  Cape Town  Cape Province ,23 years 92 days,Western Province Under-19s,,Right-hand bat,Left-arm medium,,
Dumisani Nontshinga,December 11  1989  Fort Beaufort  Cape Province ,28 years 118 days,Border Under-19s,,Right-hand bat,Left-arm fast,LIndani Senior Secondary School,
S Nontshinga,date unknown ,,South Africa African XI,,,,,
Sonny-Boy Unathi Nontshinga,May 7  1983  Fort Beaufort ,34 years 336 days,Kei,,Right-hand bat,Right-arm offbreak,,
Enkosi Nonyukela,September 29  1993 ,24 years 191 days,Border Under-19s,,Right-hand bat,Legbreak,,
Eugene Patrick Noonan,November 6  1919  Kroonstad  Orange Free State ,,Orange Free State,,,,Wicketkeeper,
Nazeem Noor,April 11  2000 ,17 years 362 days,Western Province Under-13s,,Right-hand bat,Legbreak,Wynberg Boys Junior,
Y Noorbhai,date unknown ,,Transvaal (SACB),,,,,
Richard Watts Norden,January 4  1879  Cape Town  Cape Province ,,Transvaal,,,Slow left-arm orthodox,February 20  1952  Johannesburg  Transvaal (aged 73 years 47 days) ,
Connor Norman,May 7  2004  Kimberley ,13 years 336 days,Griqualand West Under-13s,,Right-hand bat,Right-arm medium,Staats Primary,
David Norman,November 7  1964  Cape Town  Cape Province ,53 years 152 days,Natal ,,Right-hand bat,Right-arm fast-medium,,
Adrian Norris,March 5  1968  Germiston  Transvaal ,50 years 34 days,Eastern Transvaal,,Right-hand bat,Right-arm offbreak,,
Craig Reginald Norris,September 11  1963  Johannesburg  Transvaal ,54 years 209 days,Eastern Transvaal ,,Left-hand bat,Left-arm medium  Slow left-arm orthodox,,
Matthew Jonathan Norris,December 18  1992  Cape Town ,25 years 111 days,Cardiff MCCU ,,Left-hand bat,Slow left-arm orthodox,,
Andrew Michael Northcote,April 12  1983  Cape Town ,34 years 361 days,Italy ,Top-order batsman,Right-hand bat,Right-arm offbreak,Brother - ,
Nicholas Michael Northcote,January 5  1981  Cape Town  Cape Province ,37 years 93 days,Italy ,,Right-hand bat,,Brother - ,
Michael Nortier,February 20  1972  Welkom  Orange Free State ,46 years 47 days,Western Transvaal,,Right-hand bat,,Wicketkeeper,
Anrich Nortje,November 16  1993 ,24 years 143 days,Eastern Province ,,Right-hand bat,Right-arm fast,,
Arthur James Norton,February 9  1934  Germiston  Transvaal  South Africa ,84 years 58 days,,,,,Umpire,
Arthur William Monkhouse Norton,July 4  1877  Grahamstown  Cape Province ,,Border,,,,Brother - ,
Eric Bertram Norton,December 5  1919  Grahamstown  Cape Province ,,South Africa ,,Right-hand bat,,Uncle - ,
Kei Norton,September 2  2003  Stellenbosch ,14 years 218 days,Boland Under-13s,,Right-hand bat,Right-arm medium,Rhenish Primary,
Norman Ogilvie Norton,May 11  1881  Grahamstown  Cape Colony ,,South Africa ,,Right-hand bat,Right-arm medium,Brother - ,
Raymond Gordon Norton,June 29  1952  Durban  Natal ,65 years 283 days,Orange Free State,,Right-hand bat,Right-arm fast,,
William Norton,August 31  2000 ,17 years 220 days,KwaZulu-Natal Inland Under-13s,,Right-hand bat,(unknown arm) fast,Cowan House,
Mark Norton-Amor,December 29  1957  Krugersdorp  Transvaal ,60 years 100 days,,,,,Umpire,
James Norval,June 1  1997 ,20 years 311 days,St Andrew's College,,,,,
David Owen Nosworthy,December 25  1967  Johannesburg  Transvaal ,50 years 104 days,Border ,,Right-hand bat,Right-arm medium  Right-arm offbreak,Coach,
Hlumelo Notoko,date unknown ,,Border Under-19s,,,,,
Mbali Noukwana,date unknown ,,South Western Districts Women,,,,,
Arthur Dudley Nourse,November 12  1910  Durban  Natal ,,South Africa ,,Right-hand bat,Right-arm bowler,Father - ,
Arthur William Nourse,January 25  1879  South Norwood  Surrey  England ,,South Africa ,,Left-hand bat,Left-arm medium,Son - ,
Chdwin November,May 3  1998  Paarl ,19 years 340 days,Griqualand West Under-19s,,Right-hand bat,Right-arm medium,Northern Cape High,
Sean Andrew Nowak,January 6  1987  Pretoria  Transvaal ,31 years 92 days,Northerns,,Right-hand bat,Right-arm fast,,
Unako Nowela,June 3  2003 ,14 years 309 days,KwaZulu-Natal Inland Under-13s,,Right-hand bat,,Pelham,
Mtabozuko Nqam,July 11  1995  Port Elizabeth ,22 years 271 days,Eastern Province Under-17s,,Left-hand bat,Legbreak,Douglas Mbopha,
Thembela Nqcobo,date unknown ,,Kei Women,,,,,
C Nqgobe,date unknown ,,Northern Cape Women,,,,,
Sinovuyo Nqoba,February 2  1993  Port Elizabeth  Cape Province ,25 years 65 days,Border,,Right-hand bat,Right-arm medium-fast,,
Maphelo Jerry Nqolo,July 23  1991  Alice ,26 years 259 days,Border ,,Right-hand bat,Right-arm medium,Dale College,
Lerato Nqoyi,July 28  2002  Kroonstad ,15 years 254 days,Free State Under-13s,,Right-hand bat,Right-arm offbreak,Moepeng,
Andrew Nqubane,September 2  1985 ,32 years 218 days,,,,,Umpire,
B Nquobe,date unknown ,,Griqualand West Women,,,,,
Aphiwe Nqwani,February 13  2001  Free State ,17 years 54 days,Free State Under-15s,,Right-hand bat,Right-arm medium,Batho,
Solomzi Sinesipho Nicholas Nqweni,October 20  1993  Port Elizabeth  Cape Province ,24 years 170 days,Eastern Province ,,Right-hand bat,Right-arm fast-medium,,
Lifa Ntanzi,August 13  2001 ,16 years 238 days,KwaZulu-Natal Under-15s,,Right-hand bat,Right-arm fast,Glenwood,
Nthako Nteke,date unknown ,,Free State,,,,,
Edmund Mthutuzeli Ntikinca,February 25  1937 ,,South Africa African XI,,Right-hand bat,Right-arm offbreak,June 1  2014 (aged 77 years 96 days) ,
H Ntikinca,date unknown ,,South Africa African XI,,,,,
Thabang Ntilane,July 30  1998  Pietermaritzburg ,19 years 252 days,KwaZulu-Natal Inland Under-15s,,Right-hand bat,Right-arm medium,Bhekizizwe,
Makhaya Ntini,July 6  1977  Mdingi  nr King William's Town  Cape Province ,40 years 276 days,South Africa ,,Right-hand bat,Right-arm fast,George,
Thando Ntini,July 7  2000 ,17 years 275 days,Border Under-13s ,Bowler,Left-hand bat,Right-arm fast,Selborne Primary,
Nxumalo Ntlakanipho,March 28  2000 ,18 years 11 days,Easterns Under-15s,,Right-hand bat,Right-arm fast,,
Sindile Ntledi,September 2  2004  East London ,13 years 218 days,Boland Under-13s,,Right-hand bat,Right-arm offbreak,St.Vincent RC Primary,
Calvin Ntombela,August 2  1997 ,20 years 249 days,Easterns Under-15s,,Right-hand bat,Left-arm medium,Hans Moore High School,
N Ntombela,date unknown ,,Gauteng Women,,,,,
Zodwa Ntombela,January 27  1997  Kagiso  Gauteng ,21 years 71 days,Gauteng Women,,Left-hand bat,Left-arm medium,,
N Ntomsizodwa,date unknown ,,Gauteng Women,,,,,
Abongile Ntondini,April 16  1996 ,21 years 357 days,Border Under-17s,,Left-hand bat,,Hudson Park High,
Lelethu Ntontela,September 15  1980  East London  Cape Province ,37 years 205 days,Western Province B,,Right-hand bat,Right-arm fast-medium,,
Anita Ntoyabo,date unknown ,,Kei Women,,,,,
Raisibe Ntozakhe,November 29  1996  Johannesburg  Transvaal ,21 years 130 days,Gauteng Women ,Bowler,Right-hand bat,Right-arm offbreak,,
Mampe Ntsane,June 24  1996 ,21 years 288 days,Free State Women,,Right-hand bat,Right-arm medium,,
Luvo Ntsekwa,January 19  2000 ,18 years 79 days,Border Under-13s,,Right-hand bat,Right-arm fast,Hudson Park Primary,
Mzwamadoda Ntsekwa,January 3  1985  King William's Town ,33 years 95 days,Kei,,Right-hand bat,Right-arm medium,,
Bongani Ntshebe,September 24  1971  King William's Town ,46 years 196 days,,,,,Umpire,
Mihlali Ntshona,November 25  2002 ,15 years 134 days,Eastern Province Under-13s,,Right-hand bat,Right-arm medium,Lorraine Primary,
Siyamthanda Ntshona,August 31  1990  Port Elizabeth  Cape Province ,27 years 220 days,Eastern Province ,,Right-hand bat,Right-arm fast,Gelvandale High School,
Sinebhongo Ntshona,March 9  1995  Bloemfontein ,23 years 30 days,Free State Under-19s ,,Right-hand bat,Right-arm offbreak,,
Nkosi Ntshuntsha,January 16  2001 ,17 years 82 days,KwaZulu-Natal Inland Under-15s,,Right-hand bat,Left-arm medium,,
Zwelo Ntsimbini,July 29  1992  Tembisa  Gauteng ,25 years 253 days,Easterns Under-19s,,Right-hand bat,,Mr Muscle,
Nkosi Ntsuntsha,January 16  2001 ,17 years 82 days,KwaZulu-Natal Inland Under-15s,,Right-hand bat,Left-arm fast,Maritzburg College,
Duma Ntuli,May 28  1965  Mamlodi ,52 years 315 days,,,,,,
K Ntuli,date unknown ,,,,,,Umpire,
Tshepo Ntuli,November 15  1995 ,22 years 144 days,Eagles ,,Right-hand bat,Right-arm offbreak,Technical High,
Richard Ntumka,May 3  1996 ,21 years 340 days,Griqualand West Under-17s,,Right-hand bat,Right-arm offbreak,Emang-Mmogo High,
Sinovuyo Ntuntwana,February 2  1993  Alice  Cape Province ,25 years 65 days,Border ,,Right-hand bat,Right-arm fast,Dalubuhle High School  Alice,
James Joseph Anthony Numan,August 22  1935  Marico  Transvaal ,82 years 229 days,Orange Free State,,,Right-arm medium-fast,,
Kalin Nundlall,date unknown ,,KwaZulu-Natal Inland Under-19s,,,,,
Eiulf Peter Nupen,January 1  1902  near Alesund  Norway ,,South Africa ,,Right-hand bat,Right-arm fast-medium,January 29  1977  Johannesburg  Transvaal (aged 75 years 28 days) ,
Norman Robert Prang Nupen,October 14  1922  Johannesburg  Transvaal ,95 years 176 days,Transvaal,,,,,
Shane Nurse,January 27  1959  Johannesburg  Transvaal ,,,,,,Umpire,
Dillan Nuys,October 11  1997 ,20 years 179 days,South Western Districts Under-15s,,Right-hand bat,Right-arm fast,Langenhoven Gymnasium,
Nhlakanipho Nxumalo,date unknown ,,Easterns Under-17s,,,,,
L Nxute,date unknown ,,Kei Women,,,,,
Onke Nyaku,September 26  1994 ,23 years 194 days,Border Under-19s ,,Right-hand bat,Right-arm medium-fast,,
Marshall Nyangano,September 27  1984  Chivhu  Mashonaland East Province  Zimbabwe ,33 years 193 days,,,,,Umpire,
B Nyatsambo,date unknown ,,,,,,Umpire,
Ephraim Phumzile Nyawo,April 4  1983  Springs  Transvaal ,35 years 4 days,Easterns,,Right-hand bat,Right-arm medium-fast,,
Siyambonga Nyawose,October 31  2001  Cape Town ,16 years 159 days,Western Province Under-15s,,Right-hand bat,Right-arm offbreak,Newlands Cricket High School,
Siyathemba Nyembo,February 23  1994  Nigel ,24 years 44 days,Easterns Under-19s,,Right-hand bat,Right-arm medium,,
Athenkosi Nyengane,December 18  1997 ,20 years 111 days,Western Province Under-15s,,Right-hand bat,Right-arm medium-fast,Rondebosch Boys High School,
Akhona Nyiki,June 2  1992  Fort Beaufort ,25 years 310 days,Border Women ,,Right-hand bat,Right-arm offbreak,,
Carl Nyman,September 16  1989  Paarl ,28 years 204 days,Boland Under-19s,,Left-hand bat,Legbreak,,
Sinovuyo Nyoka,July 8  1990  King William's Town  Cape Province ,27 years 274 days,Border Under-19s,,Left-hand bat,,Wicketkeeper,
Thabang Percy Nyokong,May 6  1998  Botshabelo ,19 years 337 days,Free State Under-15s,,Right-hand bat,Slow left-arm orthodox,HTS Louis Botha,
Cyprian Siphiwo Nyulu,July 22  1976  Cape Town ,41 years 260 days,Western Province,,Left-hand bat,Slow left-arm orthodox,,
Yolando Nzdungu,date unknown ,,Kei Women,,,,,
Xolani Nzima,April 25  1988  Donnoter ,29 years 348 days,Easterns,,Right-hand bat,Right-arm medium,,
Mthobisi Nzimande,May 29  1990 ,27 years 314 days,KwaZulu-Natal Inland Under-19s,,Right-hand bat,Right-arm fast,,
Jason Peter Oakes,April 7  1995  Westville ,23 years 1 days,KwaZulu-Natal Under-19s ,,Right-hand bat,,Westville Boys High School,
Ernest Oakley,date unknown ,,Eastern Province,,,,,
Frederick Oats,December 3  1921  Kimberley  Cape Province ,96 years 126 days,Griqualand West,,,,,
Peter G Oberg,September 2  1921  Fulham  London  England ,96 years 218 days,Griqualand West,,Right-hand bat,,,
Cornelius Christiaan Oberholzer,May 30  2002  Pretoria ,15 years 313 days,Northerns Under-13s,,Right-hand bat,Legbreak,Garsfontein,
Daniel Rudolf Oberholzer,April 27  1998 ,19 years 346 days,Griqualand West,,,,,
Franco Oberholzer,November 21  1999  Tzaneen ,18 years 138 days,Limpopo Under-17s,,Right-hand bat,,Ben Voerster,
Jan Wilhelmus Oberholzer,January 20  1995 ,23 years 78 days,South Western Districts Under-19s,,Right-hand bat,,,
SJ Oberholzer,May 19  2000 ,17 years 324 days,Northern Cape Under-15s,,Right-hand bat,,,
Shay Patrick O'Brian,July 20  1963  Springs  Transvaal ,54 years 262 days,,,,,Umpire,
Patrick Terence O'Brien,March 17  1955  Uitenhage  Cape Province ,63 years 22 days,,,,,Umpire,
Shay Patrick O'Brien,July 20  1963  Springs  Transvaal ,54 years 262 days,,,,,Umpire,
Arthur Edward Ochse,March 11  1870  Graaff-Reinet  Cape Colony ,,South Africa ,,Right-hand bat,,April 11  1918  France (aged 48 years 31 days) ,
Arthur Lennox Ochse,October 11  1899  Graaff-Reinet  Cape Province ,,South Africa ,,Right-hand bat,Right-arm fast,Oosh,
Tammy O'Connel,December 17  1980  Cape Town  Cape Province ,37 years 112 days,Western Province Women,,Right-hand bat,Left-arm medium,,
Brian O'Connell,date unknown ,,Western Province (SACB),,,,,
Andrew George O'Connor,September 20  1947  Johannesburg  Transvaal ,70 years 200 days,,,,,Umpire,
Sean Patrick O'Connor,January 21  1977  Johannesburg  Transvaal ,41 years 77 days,Easterns,,Right-hand bat,Right-arm medium,,
W O'Connor,date unknown ,,Eastern Province (SACB),,,,,
Jonathan Recardo October,September 21  1974  Mossel Bay ,43 years 199 days,South Western Districts,,Right-hand bat,Right-arm medium,,
André Odendaal,May 4  1954  Queenstown  Cape Province ,63 years 339 days,Boland ,,Right-hand bat,Right-arm offbreak,,
D Odendaal,date unknown ,,Eastern Transvaal Country Districts,,,,,
Diwan Odendaal,June 25  1996 ,21 years 287 days,Northerns Under-17s,,Right-hand bat,Right-arm offbreak,Afrikaans High,
Dirk Cornelius Odendaal,April 17  1977  Bloemfontein  Orange Free State ,40 years 356 days,,,Right-hand bat,Right-arm medium,,
Heinrich Odendaal,August 27  1996 ,21 years 224 days,Boland Under-17s,,Right-hand bat,,Paul Roos Gymnasium,
John Anthony O'Donoghue,September 17  1960  Port Elizabeth  Cape Province ,57 years 203 days,Natal,,Right-hand bat,Legbreak,,
Bart Oerlamans,March 23  2001 ,17 years 16 days,Limpopo Under-15s,,Left-hand bat,Right-arm offbreak,Pietersburg High,
Arthur N Oertel,March 10  1947  Bloemfontein  Orange Free State ,71 years 29 days,Orange Free State,,Right-hand bat,Right-arm offbreak,,
Francis Thomas O'Flaherty,March 6  1878  Durban  Natal ,,Natal,,,,August 19  1940  Durban  Natal (aged 62 years 166 days) ,
Terence Hugh O'Flaherty,June 2  1879  Durban  Natal ,,Natal,,,,March 7  1958  Durban  Natal (aged 78 years 278 days) ,
John Derek Ogilvie,July 14  1958  Stutterheim  Cape Province ,59 years 268 days,Border ,,Right-hand bat,Right-arm fast-medium,,
John Murray O'Grady,January 7  1925  Port Elizabeth  Cape Province ,93 years 91 days,Western Province,,,,,
Sean Okhuysen,date unknown ,,,,,,Umpire,
G Okkers,date unknown ,,Transvaal (SACB),,,,,
R Oktober,date unknown ,,North West Women,,,,,
A Olawale,date unknown ,,,,,,Umpire,
Greg Oldfield,February 10  1995 ,23 years 57 days,KwaZulu-Natal ,,Right-hand bat,Right-arm offbreak,,
Sidney O'Linn,May 5  1927  Oudtshoorn  Cape Province ,,South Africa ,,Left-hand bat,,Wicketkeeper,
Yamkela Oliphant,April 2  1996  Middledrift ,22 years 6 days,Border Under-17s ,,Left-hand bat,,Dale College,
Dalin Oliver,January 20  1989  Cape Town  Cape Province ,29 years 78 days,Western Province Under-19s,,Left-hand bat,,,
Dean Craig Oliver,January 17  1996  Cape Town ,22 years 81 days,Westville Boys High School,,Right-hand bat,Right-arm fast,,
Gareth Richard Oliver,April 13  1992  Johannesburg  Transvaal ,25 years 360 days,Gauteng Under-19s,,Left-hand bat,Slow left-arm orthodox,,
Gregory Robert Oliver,July 17  1995  Cape Town  Cape Province ,22 years 265 days,Western Cape Invitation XI ,,Right-hand bat,Right-arm medium,,
Henry Oliver,January 12  1999  Namibia ,19 years 86 days,Namibia Under-15s,,Right-hand bat,Right-arm medium,Walvis Private,
Andre Olivier,May 13  1985  Johannesburg  Transvaal ,32 years 330 days,South Western Districts,,Right-hand bat,Right-arm offbreak,Langenhoven Gymnasium  Oudtshoorn,
A Olivier,date unknown ,,,,,,Umpire,
Aiden William Olivier,October 21  1984  Stellenbosch  Cape Province ,33 years 169 days,Boland,,Left-hand bat,Right-arm offbreak,,
Brendon Olivier,March 2  1995 ,23 years 37 days,South Western Districts Under-17s,,Right-hand bat,Right-arm offbreak,Langenhoven Gymnasium,
Curt Olivier,February 26  1996 ,22 years 41 days,Boland Under-17s,,Right-hand bat,Right-arm medium,Cloetesville S.S.,
D Olivier,date unknown ,,Orange Free State,,,,,
Duanne Olivier,May 9  1992  Groblersdal ,25 years 334 days,South Africa ,Bowler,Right-hand bat,Right-arm fast-medium,,
E Olivier,date unknown ,,North West Women,,,,,
Hanco Olivier,October 17  1995  Klerksdorp ,22 years 173 days,Free State ,,Right-hand bat,Right-arm offbreak,Grey College Free State; North West University,
Juan Dee Olivier,April 19  2002  Bloemfontein ,15 years 354 days,Free State Under-13s,,Right-hand bat,Right-arm offbreak,Grey College,
Jacques Stadler Olivier,June 26  1963  Welkom  Orange Free State ,54 years 286 days,North West ,,Right-hand bat,,,
Kurt Olivier,date unknown ,,Western Cape Invitation XI,,,,,
Kelvin Olivier,January 25  2001  Free State ,17 years 73 days,Free State Under-15s,,Left-hand bat,Slow left-arm orthodox,Goudveld,
Linda Olivier,April 17  1965  Orange Free State ,52 years 356 days,South Africa Women ,,Right-hand bat,Right-arm medium,,
Mario Olivier,April 16  1979  Port Elizabeth ,38 years 357 days,KwaZulu-Natal Inland,Opening batsman,Left-hand bat,Right-arm slow,,
Mario Wickus Olivier,November 3  1982  Pretoria ,35 years 156 days,Boland ,,Right-hand bat,Right-arm fast-medium,,
P Olivier,date unknown ,,,,,,Umpire,
Reinders Olivier,March 16  1999 ,19 years 23 days,South Western Districts Under-13s,,Right-hand bat,Right-arm medium,Voorentoe Primary School,
Sydney Arthur Olver,date unknown ,,Griqualand West,,,,,
Ahmed Mahomed Omar,May 7  1977  Johannesburg  Transvaal ,40 years 336 days,Gauteng ,,Right-hand bat,,Wicketkeeper,
F Omar,date unknown ,,Transvaal (SACB),,,,,
I Omar,date unknown ,,Transvaal (SACB),,,,,
R Omar,date unknown ,,Natal (SACB),,,,,
Yacoob Omar,August 7  1948  Durban  Natal ,69 years 244 days,Natal,,Right-hand bat,Right-arm medium,,
Z Omar,date unknown ,,Natal (SACB),,,,,
Duniel John O'Neill,April 29  1982  Bloemfontein ,35 years 344 days,Free State,,Left-hand bat,Right-arm offbreak,Son - ,
Ian Daniel John O'Neill,April 29  1984  Bloemfontein  Orange Free State ,33 years 344 days,Free State,Opening batsman,Left-hand bat,Right-arm offbreak,Father - ,
Justin Lee Ontong,January 4  1980  Paarl  Cape Province ,38 years 94 days,South Africa ,,Right-hand bat,Right-arm offbreak,,
Rodney Craig Ontong,September 9  1955  Johannesburg  Transvaal ,62 years 211 days,Border ,,Right-hand bat,Right-arm fast-medium  Right-arm offbreak,,
Barry Oosthizen,date unknown ,,,,,,Umpire,
Frederik Albertus Oosthuizen,February 15  1936  Pretoria  Transvaal ,82 years 52 days,Northerns,,Right-hand bat,Slow left-arm orthodox,,
Gerhard Oosthuizen,date unknown ,,Rowlin Cricket Academy,,,,,
Gerhardus Jozephus Oosthuizen,November 3  1997 ,20 years 156 days,Hoer Volkskool,,Right-hand bat,,,
Johan Oosthuizen,date unknown ,,Nelspruit High School,,Right-hand bat,Right-arm medium,,
Jared Oosthuizen,February 1  2001 ,17 years 66 days,KwaZulu-Natal Under-15s,,Right-hand bat,Right-arm medium,Westville,
Marius Oosthuizen,October 21  1979  Empangeni  Nalat ,38 years 169 days,Easterns,,Right-hand bat,Right-arm fast-medium,,
Marnus Oosthuizen,date unknown ,,Nelspruit High School,,Right-hand bat,,,
Roelof Oosthuizen,1894  Steynsburg  Cape Province ,,Border,,Left-hand bat,,Selbourne College,
Riaan Carel Oosthuizen,May 3  1972  Cape Town  Cape Province ,45 years 340 days,Boland ,,Right-hand bat,,Wicketkeeper,
Salmon Nicolaas Oosthuizen,May 16  1994  Alberton ,23 years 327 days,Easterns Under-19s,,Right-hand bat,Right-arm fast,,
Coen Oosthuysen,January 12  1998 ,20 years 86 days,Grey College,Allrounder,Right-hand bat,Right-arm offbreak,,
Etienne Oosthuyzen,December 23  1957  Pretoria  Transvaal ,60 years 106 days,Northerns,,Right-hand bat,Right-arm offbreak,Uncle - ,
Martin Johan Oosthuyzen,November 22  1980  Vanderbijlpark  Transvaal ,37 years 137 days,Gauteng,,Right-hand bat,Right-arm medium-fast,,
J Op,date unknown ,,Eastern Province Women,,,,,
John Christian Openshaw,December 16  1957  Bulawayo  Rhodesia ,60 years 113 days,Northern Transvaal Country Districts XI,,Right-hand bat,Right-arm medium,,
Chris Opperman,April 2  1998 ,20 years 6 days,Easterns Under-17s,,Right-hand bat,Legbreak,,
Keenan Opperman,August 24  2000 ,17 years 227 days,Western Province Under-15s,,Right-hand bat,Right-arm fast,,
Lionel Charles Wilson Oram,February 17  1911  Durban  Natal ,107 years 50 days,Eastern Province,,,,,
AV Orchard,date unknown ,,,,,,Umpire,
Eric Albert Orchard,June 16  1925  Pietermaritzberg  Natal ,,Natal,,Left-hand bat,,Brother - ,
Justin Orchard,January 3  1976  Durban  Natal ,42 years 95 days,Free State,,Left-hand bat,Right-arm fast-medium,Grandfather - ,
Kenneth Rodger Orchard,January 17  1922  Pinetown  Natal ,,Natal,,Right-hand bat,Right-arm offbreak,Brother - ,
Ethan O'Reilly,December 27  1985  Port Elizabeth  Cape Province ,32 years 102 days,Gauteng ,,Right-hand bat,Right-arm fast,Smengle,
John Philip Keay Ormsby,August 5  1951  Johannesburg  Transvaal ,66 years 246 days,Northerns,,Right-hand bat,,Wicketkeeper,
Gareth Orr,date unknown ,,Maritzburg College,,Right-hand bat,Right-arm offbreak,,
Vassilli Luka Orros,January 24  1994  Welkom ,24 years 74 days,Free State Under-19s ,,Right-hand bat,Legbreak,,
L J Ortlepp,date unknown ,,Orange Free State,,,,,
Graeme Ortlieb,March 23  1970  Windhoek  South-West Africa ,48 years 16 days,Border,,Right-hand bat,,,
Bradley Michael Osborne,January 18  1962  Durban  Natal ,56 years 80 days,Border ,,Right-hand bat,Right-arm medium  Right-arm offbreak,,
Kevin Osborne,February 18  1999  Pretoria ,19 years 49 days,Centurion Hoerskool,,Right-hand bat,,Centurion Hoerskool,
Shaun Osborne,June 3  1994 ,23 years 309 days,Eastern Province Under-19s ,,Left-hand bat,Right-arm offbreak,,
F Osman,date unknown ,,,,,,Umpire,
Mikaeel Osman,October 23  2002  Witbank ,15 years 167 days,Mpumalanga Under-13s,,Right-hand bat,Right-arm offbreak,Cambridge Academy,
JR Oss,date unknown ,,Griqualand West Under-17s,,,,,
Luyanda Oss,May 13  2003  Kimberley ,14 years 330 days,Griqualand West Under-13s,,Right-hand bat,Right-arm medium,Kimberley Junior Primary,
Johan Eskil Patrick Ostrom,August 19  1956  Johannesburg  Transvaal ,61 years 232 days,,,,,Umpire,
Wendall Osuala,March 20  2003 ,15 years 19 days,North West Under-13s,,Right-hand bat,Right-arm medium,Schweizer Reneke,
Liam O'Sullivan,May 7  2001 ,16 years 336 days,South Western Districts Under-13s,,Right-hand bat,Legbreak,Plettenbergbay Primary,
Johannes Marthinus Otto,September 4  1980  Pretoria  Transvaal ,37 years 216 days,Gauteng,,Right-hand bat,Right-arm medium,,
Neil Oudejans,January 3  1997  George ,21 years 95 days,South Western Districts Under-17s,,Right-hand bat,Right-arm medium-fast,,
Gary Outram,February 13  1976  Johannesburg  Transvaal ,42 years 54 days,North West,,Right-hand bat,,,
Byron Ovenstone,February 22  1989  Pietermaritzburg  Natal ,29 years 45 days,KwaZulu-Natal Inland Under-19s,,Left-hand bat,Slow left-arm orthodox,,
Douglas MacPherson Ovenstone,July 31  1921  Sea Point  Cape Town  Cape Province ,,South Africa ,,Right-hand bat,,Wicketkeeper,
Timothy C Overton,May 6  1944  Stellenbosch  Cape Province ,73 years 337 days,Border,,Right-hand bat,Right-arm medium,,
Brendon Owen,September 23  1996 ,21 years 197 days,Eastern Province Under-17s,,Right-hand bat,Right-arm medium,St Andrews,
J Owen,date unknown ,,Gauteng Women,,,,,
Harold Geoffrey Owen-Smith,February 18  1909  Rondebosch  Cape Town  Cape Province ,,South Africa ,,Right-hand bat,Legbreak,Dr Harold Owen-Smith  Tuppy,
Hereward Athelstone Oxenham,No Details Known ,,Transvaal,,,,,
Tiisetso Phadi,date unknown ,,Gauteng Under-19s,,,,,
Prenay Kewelprasad,date unknown ,,KwaZulu-Natal Inland Under-19s,,,,,
Phumzile Majaja,November 29  1990  Mdantsane ,27 years 130 days,Border,,Right-hand bat,Legbreak,Nyameko High School,
Trevor John Packer,January 23  1964  Estcourt  Natal ,54 years 75 days,Natal,,Right-hand bat,Right-arm fast-medium,,
Kevershan Padayachee,December 19  1986  Pietermaritzburg  Natal ,31 years 110 days,KwaZulu-Natal Inland,Middle-order batsman,Right-hand bat,Right-arm medium-fast,,
Hubert Eric Pagden,December 7  1897  Port Elizabeth  Cape Province ,,Eastern Province,,,,February 15  1981  Port Elizabeth  Cape Province (aged 83 years 70 days) ,
Nicholas David Pagden,February 10  1956 ,62 years 57 days,Western Province,,Right-hand bat,Right-arm medium,,
Edward Howard Reinhardt Page,March 9  1932  Cape Town  Cape Province ,,Northerns,,,Left-arm bowler,May 20  1965  Pretoria  Transvaal (aged 33 years 72 days) ,
Edward Searle Page,March 9  1889  Port Elizabeth  Cape Province ,,,,,,Umpire,
Hugh Ashton Page,July 3  1962  Salisbury (now Harare)  Rhodesia ,55 years 279 days,Essex ,,Left-hand bat,Right-arm fast-medium,King Edward VII,
Albert Ingraham Paine,January 12  1874  India ,,Western Province,,,,June 29  1949  Bledington  Kingham  Oxfordshire  England (aged 75 years 168 days) ,
Shaeil Palad,June 17  1999 ,18 years 295 days,Mpumalanga Under-13s,,Right-hand bat,Right-arm fast,St Thomas,
Allahudien Paleker,January 1  1978  Cape Town  Cape Province ,40 years 97 days,Northerns ,,Right-hand bat,Right-arm offbreak,Father - ,
JC Paleker,date unknown ,,,,,,Son - ,
Riaz Paleker,February 25  2000 ,18 years 42 days,Western Province Under-13s,,Right-hand bat,Right-arm medium,Wynberg Boys Junior,
Steven John Palframan,May 12  1970  East London  Cape Province ,47 years 331 days,South Africa ,Wicketkeeper batsman,Right-hand bat,Right-arm offbreak,Wicketkeeper,
Archibald William Palm,June 8  1901  Rondebosch  Cape Town  Cape Province ,,South Africa ,,Right-hand bat,,August 17  1966  Somerset West  Cape Province (aged 65 years 70 days) ,
James Frederick Crookes Palmer,August 20  1937  Broken Hill  Northern Rhodesia ,80 years 231 days,Natal,,Right-hand bat,Legbreak,,
Lesego Palo,September 24  2000 ,17 years 196 days,Free State Under-13s,,Left-hand bat,Left-arm medium,Brandwag  Odendallsrus,
Heinrich Mark Junior Pamplin,April 16  1995  East London ,22 years 357 days,Border Under-17s,,Right-hand bat,Legbreak,,
Rasvir Panday,November 27  1997 ,20 years 132 days,Easterns Under-15s,,Right-hand bat,Right-arm medium,Benoni High School,
Tavish Panday,June 4  1995 ,22 years 308 days,Easterns Under-17s,,Right-hand bat,Legbreak,Benoni High,
Yanda Pangabantu,April 8  1981  King William's Town ,37 years 0 days,Border,,Right-hand bat,Right-arm fast-medium,,
Hassan Pangarker,August 31  1968  Elsies River  Cape Town  Cape Province ,49 years 220 days,Western Province,,Left-hand bat,,,
Armand Pansegrouw,June 18  1997  Pietersburg ,20 years 294 days,Limpopo Under-17s,,Right-hand bat,Legbreak,,
Chanore Panther,date unknown ,,KwaZulu-Natal Women,,,,,
Christiaan Frederick Beyers Papenfus,December 10  1915  Barberton  Transvaal ,,Orange Free State,,,,November 18  1941  Gazola  Libya (aged 25 years 343 days) ,
Michael Papenfus,April 1  2002  Pretoria ,16 years 7 days,South Western Districts Under-13s,,Right-hand bat,Right-arm fast,Glenwood House,
Richard Papenfus,April 28  1998 ,19 years 345 days,South Western Districts Under-15s,,Left-hand bat,Right-arm medium-fast,Glenwood House School,
Neo Papetta,February 27  1999  Port Elizabeth ,19 years 40 days,Eastern Province Under-17s,,Right-hand bat,Right-arm medium-fast,Muir College,
Darren Papier,July 10  1995 ,22 years 272 days,Boland Under-17s,,Right-hand bat,Right-arm medium,Paarl Boys High,
Yusuf Parak,September 14  1995  Durban ,22 years 206 days,St Stithians College,,Right-hand bat,Slow left-arm orthodox,St Stithians College,
D Parbhoo,date unknown ,,Transvaal (SACB),,,,,
Gareth Park,January 9  1996 ,22 years 89 days,Mpumalanga Under-17s,,Right-hand bat,,Uplands,
Michael Park,October 23  1957  Salisbury (now Harare)  Rhodesia ,60 years 167 days,Transvaal,,,Right-arm fast-medium,,
Andre Charles Parker,May 20  1951  Port Elizabeth  Cape Province ,66 years 323 days,Western Province,,Right-hand bat,Right-arm offbreak,,
Alan Lionel Parker,April 8  1932  Cape Town  Cape Province ,86 years 0 days,Northerns ,,Right-hand bat,Right-arm fast-medium,,
Craig Parker,January 16  1992  Boksburg ,26 years 82 days,Easterns Under-19s,,Right-hand bat,Right-arm medium-fast,Parks,
David Charles Parker,August 8  1951  Cape Town  Cape Province ,66 years 243 days,Western Province,,Right-hand bat,,,
Gerald Clarkson Parker,July 2  1907  Rhodesia ,,Northerns ,,,,details unknown ,
George Macdonald Parker,May 27  1899  Cape Town  Cape Province ,,South Africa,,Right-hand bat,Right-arm fast,May 1  1969  Thredbo  New South Wales  Australia (aged 69 years 339 days) ,
Gary Michael Parker-Nance,March 14  1961  Port Elizabeth  Cape Province ,57 years 25 days,Eastern Province,,Right-hand bat,Right-arm medium,,
Durant Clifford Parkin,February 20  1873  Port Elizabeth  Cape Province ,,South Africa ,,Right-hand bat,Right-arm medium,Brother - ,
Durant Herbert Clifford Parkin,February 10  1910  Grahamstown  Cape Province ,108 years 57 days,Transvaal,,,,Father - ,
Leonard Parkin,November 25  1860  Port Elizabeth  Cape Province ,,Eastern Province,,,,Brother - ,
Sydney Charles Parkyns,No Details Known ,,Transvaal,,Right-hand bat,Left-arm bowler,,
Tristan Parnell,January 5  2001 ,17 years 93 days,Mpumalanga Under-15s,,Right-hand bat,Right-arm offbreak,,
Wayne Dillon Parnell,July 30  1989  Port Elizabeth  Cape Province ,28 years 252 days,South Africa ,Bowler,Left-hand bat,Left-arm medium-fast,Grey High School,
G Parry,date unknown ,,,,,,Umpire,
G Parry,date unknown ,,,,,,Umpire,
George Parry,December 12  1908  Liverpool  Lancashire ,,,,,,Umpire,
Wilfred John Parry,August 17  1910  Durban  Natal ,,Rhodesia ,,Right-hand bat,,July 23  1942  Ruweisat Ridge  El Alamein  Egypt (aged 31 years 340 days) ,
Thomas Henry Parrymore,March 1  1962  Johannesburg  Transvaal ,56 years 38 days,Transvaal,,Right-hand bat,Right-arm fast-medium,,
Ashwin Parshotum,date unknown ,,Eastern Province Invitation XI,,,,,
A S Parsons,date unknown ,,Orange Free State,,,,,
Bryce Parsons,February 13  2001  Benoni ,17 years 54 days,Gauteng Under-15s,,Left-hand bat,Slow left-arm orthodox,King Edward VII School,
EB Parsons,date unknown ,,,,,,Umpire,
Edward Graham Parsons,April 10  1907  Durban  Natal ,,Natal,,,,July 23  1977  Durban  Natal (aged 70 years 104 days) ,
Michael Graham Parsons,July 8  1938  Durban  Natal ,79 years 274 days,Natal,,Right-hand bat,Legbreak,,
N Parsons,date unknown ,,,,,,Umpire,
Nigel John Parsons,September 10  1968  Durban  Natal ,49 years 210 days,Natal,,Right-hand bat,,,
Evan Partridge,May 16  1987  Boksburg ,30 years 327 days,Easterns,,Right-hand bat,Right-arm fast-medium,,
Joseph Titus Partridge,December 9  1932  Bulawayo  Rhodesia ,,Rhodesia ,,Right-hand bat,Right-arm fast-medium,June 6  1988  Harare  Zimbabwe (aged 55 years 180 days) ,
A Paruk,date unknown ,,Natal (SACB),,,,,
I Paruk,date unknown ,,Natal (SACB),,,,,
Zakariya Paruk,April 29  1998  Durban ,19 years 344 days,KwaZulu-Natal Under-15s,,Right-hand bat,Right-arm medium,Clifton,
Denis Sheldon Pascal,May 22  1949  Tongaat  Natal ,68 years 321 days,Natal,,Right-hand bat,,,
Edward Lake Paske,April 17  1890 ,,Orange Free State,,,,details unknown ,
Antony Graham Passmore,March 18  1958  Cape Town  Cape Province ,60 years 21 days,Western Province,,Right-hand bat,Right-arm medium,,
Michael John Patchitt,February 8  1962  Johannesburg  Transvaal ,56 years 59 days,Natal,,Right-hand bat,Left-arm fast-medium,,
Asad Patel,December 17  1996 ,21 years 112 days,Limpopo Under-17s,,Left-hand bat,,HS Merensky,
B Patel,date unknown ,,Transvaal (SACB),,,,,
Dhaval Patel,March 12  1989  Johannesburg  Transvaal ,29 years 27 days,Gauteng,,Right-hand bat,Right-arm medium,,
F Patel,date unknown ,,Transvaal (SACB),,,,,
Imtiaz Patel,1965 ,53 years,,,,,University of the Witwatersand; University of Cape Towm Business School; Harvard Business School,
Kirtal Patel,March 26  1996  Durban ,22 years 13 days,Westville Boys High School,,Right-hand bat,Right-arm medium,Westville Boys High School,
M Patel,date unknown ,,Natal (SACB),,,,Wicketkeeper,
Mohamed Farouk Patel,December 19  1950  Johannesburg  Transvaal ,67 years 110 days,Transvaal,,Right-hand bat,Legbreak,,
RA Patel,date unknown ,,,,,,Umpire,
S Patel,date unknown ,,Transvaal (SACB),,,,,
Sahil Patel,November 10  1997 ,20 years 149 days,Limpopo Under-15s,,Right-hand bat,Legbreak,,
Yusuf Patel,May 11  1998  White River ,19 years 332 days,Mpumalanga Under-15s,,Right-hand bat,Right-arm fast,Uplands,
Zain Patel,September 30  1985  Durban ,32 years 190 days,KwaZulu-Natal,,Right-hand bat,Legbreak,,
Colin McDougall Paterson,December 8  1871  Pietermaritzberg  Natal ,,Natal,,,,April 30  1933  Gardens  Cape Town (aged 61 years 143 days) ,
Dane Paterson,April 4  1989  Cape Town  Cape Province ,29 years 4 days,South Africa ,Bowler,Right-hand bat,Right-arm fast,,
John Greenshields Paterson,November 21  1891  Hankey  Cape Province ,,Eastern Province,,,,May 31  1952  Port Elizabeth  Cape Province (aged 60 years 192 days) ,
