Bernard John Bourke,August 31  1890  Natal ,,Orange Free State,,,,details unknown ,
Arno Bouwer,October 9  1996 ,21 years 181 days,South Western Districts Under-17s,,Right-hand bat,,Outeniqua High,
Graeme Bouwer,February 20  2000 ,18 years 47 days,Mpumalanga Under-13s,,Right-hand bat,Right-arm medium,Laerskool Bergland,
Graeme Peter Bouwer,March 27  1970  Vereeniging  Transvaal ,48 years 12 days,Western Transvaal,,Right-hand bat,Left-arm fast-medium,,
Jacques Bouwer,January 19  1999 ,19 years 79 days,North West Under-17s,,Right-hand bat,Right-arm medium,,
Ruben Bouwer,January 26  1994 ,24 years 72 days,Grey College,,Right-hand bat,Right-arm offbreak,,
Ruben Leon Bouwer,January 26  1994  Bloemfontein ,24 years 72 days,Free State Under-19s,,Right-hand bat,Right-arm offbreak,,
Stanton Bouwer,July 23  1996 ,21 years 259 days,Griqualand West Under-17s,,Left-hand bat,Left-arm medium,Colesburg High,
Michael Hamilton Bowditch,August 30  1945  Sea Point  Cape Town  Cape Province ,72 years 221 days,Western Province,,Right-hand bat,Right-arm medium,,
Dudley Akeroyd Bowen,September 26  1903  East London  Cape Province ,,Border,,,,Wicketkeeper,
HR Bowen,date unknown ,,,,,,Umpire,
Raymond George Akeroyd Bowen,June 16  1906  East London  Cape Province ,,Border,,,,May 29  1968  East London  Cape Province (aged 61 years 348 days) ,
John Joshua Bowers,date unknown ,,Western Cape Invitation XI,,,,,
Chad Jayson Bowes,October 19  1992 ,25 years 171 days,Canterbury ,,Right-hand bat,Right-arm medium,,
A Bowles,date unknown ,,,,,,Umpire,
S Bowles,date unknown ,,,,,,Umpire,
Harold Dudley Bowley,March 15  1909  Estcourt  Natal ,109 years 24 days,Border,,Right-hand bat,,,
Richard John Bowley,March 21  1948  Wankie  Rhodesia ,70 years 18 days,Western Province,,Right-hand bat,Right-arm fast-medium,,
Luke Bowman,October 7  1997 ,20 years 183 days,Westville Boys High School,,Right-hand bat,Right-arm medium,Westville Boys High School,
Mark Anthony Wordley Bowman,July 22  1965  Durban  Natal ,52 years 260 days,Natal ,,Left-hand bat,Right-arm offbreak,,
Clint Sebastian Bowyer,October 23  1984  Kokstad  KwaZulu-Natal ,33 years 167 days,KwaZulu-Natal Inland ,Opening batsman,Left-hand bat,Right-arm offbreak,Bodjie,
David Boyd,January 25  1942  Sunderland  Co Durham  England ,76 years 73 days,,,,,Umpire,
David Boyd,January 25  1942  Sunderland  Co Durham  England ,76 years 73 days,,,,,Umpire,
George Wroughton Boyes,September 9  1910  Maseru  Basutoland ,,Natal,,Right-hand bat,,May 19  1986  Pietermaritzburg  Natal (aged 75 years 252 days) ,
Harry Edward Boyes,March 17  1908  Maseru  Basutoland ,,Natal,,,,June 21  1979  Pietermaritzburg  Natal (aged 71 years 96 days) ,
Michael Braans,September 9  1996 ,21 years 211 days,Kingswood College,,Left-hand bat,Right-arm offbreak,Kingswood College,
N Brache,date unknown ,,Western Province (SACB),,,,,
Basil Beresford Bradfield,July 17  1922  Grahamstown  Cape Province ,95 years 265 days,Eastern Province,,Left-hand bat,,Wicketkeeper,
Carl Bradfield,date unknown ,,Warriors Cubs,,,,,
Carl Crispin Bradfield,January 18  1975  Grahamstown  Cape Province ,43 years 80 days,Eastern Province ,,Left-hand bat,Right-arm medium,,
Andre Bradford,June 26  2000 ,17 years 286 days,KwaZulu-Natal Inland Under-13s,,Right-hand bat,,Scottsville Primary,
L G Bradshaw,date unknown ,,Border,,,,,
Richard Anthony Bradshaw,January 11  1950  Salisbury (now Harare)  Rhodesia ,68 years 87 days,South African Universities,,Right-hand bat,Right-arm medium,,
Douglas McKenzie Brain,date unknown ,,Transvaal,,,,February 14  1954  Paul Roux  Orange Free State ,
Gregory Bramwell,July 11  1967  Fish Hoek  Cape Province ,50 years 271 days,Western Province,,Right-hand bat,Right-arm offbreak,,
Derek Brand,May 29  1975  Bellville  Cape Province ,42 years 314 days,Cape Cobras ,,Right-hand bat,Right-arm medium,Tygerberg High,
Rikus Brand,November 25  2000 ,17 years 134 days,Boland Under-13s,Wicketkeeper,Right-hand bat,Right-arm medium,Caledon Primary School,
Dale Brander,January 21  1994 ,24 years 77 days,Western Province Under-19s,,Left-hand bat,,,
Austin Rene Brandt,March 24  2001 ,17 years 15 days,Border Under-15s,,Left-hand bat,,Selborne College,
P Branken,date unknown ,,,,,,Umpire,
John Edward Brann,January 20  1892  Port Elizabeth  Cape Province ,,Eastern Province,,,,Brother - ,
William Henry Brann,April 4  1899  Port Elizabeth  Cape Province ,,South Africa ,,Right-hand bat,,Brother - ,
Keano Brass,November 21  2002 ,15 years 138 days,Eastern Province Under-13s,,Right-hand bat,Legbreak,Westering Primary,
Andy Brawders,August 4  2000  Dublib ,17 years 247 days,Glenwood High School,,Right-hand bat,,Glenwood High School,
Cyril Breakey,March 20  1912  Salisbury (now Harare)  Rhodesia ,,Transvaal,,,,January 10  1989  Johannesburg  Transvaal (aged 76 years 296 days) ,
James Cyril Breakey,December 31  1950  Johannesburg  Transvaal ,67 years 98 days,Transvaal,,Right-hand bat,,Wicketkeeper,
Mark Shane Bredell,September 12  1972  Port Elizabeth  Cape Province ,45 years 208 days,Boland,,Right-hand bat,Right-arm medium,,
Jean Milne Bredenkamp,January 12  1993 ,25 years 86 days,Boland ,Batsman,Right-hand bat,Right-arm medium-fast,,
Leroi Luke Bredenkamp,October 19  1990 ,27 years 171 days,North West ,,Right-hand bat,Left-arm medium-fast,,
Minoreen Bredenkamp,March 3  1994 ,24 years 36 days,South Western Districts Women,,Left-hand bat,Right-arm medium,,
Niel Bredenkamp,July 22  1987  Potchesfstroom ,30 years 260 days,North West ,,Right-hand bat,Right-arm offbreak,,
Reynhardt Bredenkamp,January 8  2003 ,15 years 90 days,North West Under-13s,,Right-hand bat,Right-arm medium,Laerskool Brits,
Josh Breed,March 20  1999 ,19 years 19 days,Wynberg Boys' High School,,Right-hand bat,Legbreak,,
R A Breeds,date unknown ,,Natal Country Districts,,,,,
A Breedt,date unknown ,,Mpumalanga Women,,,,,
Matthew Paul Breetzke,November 3  1998 ,19 years 156 days,Eastern Province ,Batsman,Right-hand bat,,Grey High School,
W S Bremner,date unknown ,,Border,,,,,
Brendan Callis,November 18  2000  Free State ,17 years 141 days,Free State Under-17s,,Right-hand bat,Right-arm medium-fast,Grey College,
Reinardt Brenner,December 7  1999  Pretoria ,18 years 122 days,Centurion Hoerskool,,Right-hand bat,,Centurion Hoerskool,
Christopher Brent,December 3  1965  East London  Cape Province ,52 years 126 days,Border,,Right-hand bat,,,
Guy Brett,October 27  2003  Pretoria ,14 years 163 days,Northerns Under-13s,,Right-hand bat,Right-arm medium,Midstream College,
Brett Luck,date unknown ,,Rowlin Cricket Academy,,,,,
Dewald Brevis,April 29  2003  Johannesburg ,14 years 344 days,Northerns Under-13s,,Right-hand bat,Legbreak,Hennopspark,
David John Brickett,December 9  1950  Port Elizabeth  Cape Province ,67 years 120 days,Eastern Province,,Right-hand bat,Right-arm medium,,
Gary Arthur Bricknell,August 13  1954  Cape Town  Cape Province ,,Western Province,,Right-hand bat,Slow left-arm orthodox,March 25  1977  Keetmanshoop  South-West Africa (aged 22 years 224 days) ,
Kevin James Bridgens,December 21  1961  Cape Town  Cape Province ,56 years 108 days,Boland ,,Right-hand bat,Right-arm medium,Wicketkeeper,
Henry L Bridger,date unknown ,,Eastern Province,,,,,
Kyle Bridger,May 20  2003  Polokwane ,14 years 323 days,Limpopo Under-13s,,Right-hand bat,Legbreak,Pietersburg Laerskool,
William Briekwa,July 3  1997  Upington ,20 years 279 days,Griqualand West Under-17s,,Right-hand bat,Right-arm medium,,
P Brill,date unknown ,,Border Country Districts,,,,,
Justin Derick,April 22  1998  Benoni ,19 years 351 days,Easterns Under-15s,,Right-hand bat,,Hans Moore,
Mechiel Matthys Brink,June 10  1975  Barberton  Transvaal ,42 years 302 days,Boland,,Right-hand bat,,Wicketkeeper,
Sybrand Brink,February 14  2003 ,15 years 53 days,Northern Cape Under-13s,,Right-hand bat,Right-arm medium,Kathu Primary,
Willie Brink,February 28  1984  Welkom  Free State ,34 years 39 days,Free State,,Right-hand bat,Right-arm medium-fast,,
John Gerard Brussel Brinkhaus,July 30  1920  Kenhardt  Cape Province ,,Griqualand West ,,Right-hand bat,Right-arm fast-medium,July 21  1978  Cape Town  Cape Province (aged 57 years 356 days) ,
Arthur Wellesley Briscoe,February 6  1911  Johannesburg  Transvaal ,,South Africa ,,Right-hand bat,,April 22  1941  near Dessie  Ethiopia (aged 30 years 75 days) ,
Stanley Wilfred Brissenden,April 10  1909  Germiston  Transvaal ,,Transvaal,,,Right-arm fast,November 19  1960  Johannesburg  Transvaal (aged 51 years 223 days) ,
John William Bristow,July 19  1952  Ladysmith  Natal ,65 years 263 days,Griqualand West ,,Left-hand bat,Right-arm medium,,
Keith Leslie Bristow,July 1  1955  Estcourt  Natal ,62 years 281 days,Orange Free State,,Left-hand bat,,Wicketkeeper,
Cri-zelda Brits,November 20  1983  Rustenburg  Transvaal ,34 years 139 days,Africa Women XI ,,Right-hand bat,Right-arm medium-fast,Gris,
Charl Brits,July 22  1998  Namibia ,19 years 260 days,Namibia Under-15s,,Right-hand bat,Right-arm offbreak,Windhoek Gym,
David Brits,April 27  1997 ,20 years 346 days,Border Under-15s,,Right-hand bat,Right-arm fast,Selborne College,
Gerhardus Barend Brits,July 10  1926  East London  Cape Province ,,Border,,Right-hand bat,Left-arm medium,1.93 m ,
L Brits,date unknown ,,Mpumalanga Women,,,,,
Maghiel Brits,May 26  1995  Krugersdorp ,22 years 317 days,Griqualand West Under-19s,,Left-hand bat,Right-arm medium,Wicketkeeper,
Tazmin Brits,January 8  1991  Klerksdorp  North West Province ,27 years 90 days,North West Women ,,Right-hand bat,,Wicketkeeper,
Tgaardt Brits,April 18  1995  Rustenburg ,22 years 355 days,North West Under-19s,,Right-hand bat,Right-arm fast,Rustenburg High School,
Alfred Henry Britton,February 21  1867 ,,Eastern Province,,,,September 23  1904 (aged 37 years 215 days) ,
Charles Edward Britton,August 23  1865 ,,Eastern Province,,,,Wicketkeeper,
Christopher Britz,December 1  1998  Benoni ,19 years 128 days,Northerns Under-17s,,Right-hand bat,,,
Willem Britz,July 5  1998 ,19 years 277 days,Menlopark High School,,,,,
Z Britz,date unknown ,,,,,,Umpire,
Dennis Arthur Broad,October 19  1956  Johannesburg  Transvaal ,61 years 171 days,Eastern Province,,Left-hand bat,Right-arm medium,,
Justin Broad,June 30  2000 ,17 years 282 days,Western Province Under-15s,,Right-hand bat,Right-arm medium,,
Walter Blyth Brockett,July 27  1935  Johannesburg  Transvaal ,,Transvaal,,,Right-arm fast,August 13  2009  Olivedale Clinic  Gauteng (aged 74 years 17 days) ,
Clint Harold Brockman,January 26  1993  Paarl  Western Cape ,25 years 72 days,Boland Under-11s ,,Left-hand bat,Right-arm medium-fast,Brockies,
Walter Charles Brockway,March 7  1907  Blandford  Dorset  England ,,Eastern Province,,Left-hand bat,Slow left-arm orthodox,June 15  1985  Harare  Zimbabwe (aged 78 years 100 days) ,
Branden Brodell,June 23  1998 ,19 years 289 days,Mpumalanga Under-15s,,Left-hand bat,Slow left-arm orthodox,,
James Bruce Brodie,March 19  1937  Graaff-Reinet  Cape Province ,81 years 20 days,Cambridge University ,,Right-hand bat,Right-arm fast-medium,,
Harry Dudley Bromfield,June 26  1932  Mossel Bay  Cape Province ,85 years 286 days,South Africa ,,Right-hand bat,Right-arm offbreak,,
Charles George Bromham,February 29  1916  Hlobane  Natal ,,North Eastern Transvaal ,,,,Wicketkeeper,
Yolandie Bronkhorst,January 5  1985  Spings ,33 years 93 days,Northerns Women,,Right-hand bat,Right-arm medium-fast,,
Jayden Calvin Broodryk,July 26  1995  Randburg ,22 years 256 days,Gauteng Under-19s,,Right-hand bat,Right-arm medium-fast,,
E N Brooke,date unknown ,,Natal,,,,October 11  1902 ,
Aidan Mark Brooker,September 10  1995  Kimberley ,22 years 210 days,Griqualand West Under-19s ,,Right-hand bat,Right-arm medium-fast,,
Finley Clint Brooker,December 26  1972  Kimberley  Cape Province ,45 years 103 days,Griqualand West ,,Right-hand bat,Right-arm medium,,
Jason Brooker,January 16  1977  Kimberley  Cape Province ,41 years 82 days,Glamorgan 2nd XI ,,Right-hand bat,Right-arm medium-fast,Occasional wicketkeeper,
Stephen Brookes,September 12  1956  Netherton  Dudley  Worcestershire  England ,61 years 208 days,Eastern Province,,Left-hand bat,Left-arm medium,,
Robert Brooks,August 13  1952  Port Elizabeth  Cape Province ,65 years 238 days,,,,,Umpire,
Tristan Brooks,January 3  2001  Kimberley ,17 years 95 days,Gauteng Under-15s,,Right-hand bat,Right-arm fast,St Stithians College,
Gerard Louis Brophy,November 26  1975  Welkom  Orange Free State ,42 years 133 days,Ireland ,,Right-hand bat,Right-arm medium,Christian Brothers College  Boksburg,
Tom Broster,date unknown ,,Border,,,,Wicketkeeper,
Edward Malam Brothers,February 1  1907  Johannesburg  Transvaal ,,Transvaal,,,,January 13  1980  Johannesburg  Transvaal (aged 72 years 346 days) ,
Eric James Brotherton,May 7  1938  Ventersburg  Orange Free State ,79 years 336 days,Eastern Province ,,Right-hand bat,Right-arm medium,,
Shaun Walter Broughton,May 1  1976  Durban  Natal ,,Natal,,Right-hand bat,,May 1  1996  Durban  Natal (aged 20 years 0 days) ,
Nigel Grant Brouwers,September 4  1976  Port Elizabeth  Cape Province ,41 years 216 days,Eastern Province ,,Left-hand bat,Slow left-arm orthodox,,
Clewin Brown,April 21  2000 ,17 years 352 days,Eastern Province Under-15s,,Right-hand bat,Right-arm offbreak,Daniel Pienaar,
Duncan Loudon Brown,June 23  1979  Durban  Natal ,38 years 289 days,Dolphins ,,Right-hand bat,,Wicketkeeper,
Darryl Lewis Brown,March 25  1983  East London ,35 years 14 days,Border ,,Right-hand bat,Right-arm medium-fast,,
Duncan Lloyd Wynne Brown,February 18  1972  Grahamstown  Cape Province ,46 years 49 days,Eastern Province,,Left-hand bat,,,
Daniel Maclaren Brown,February 24  1908  Port Elizabeth  Cape Province ,,Eastern Province,,,,March 20  1972  Port Elizabeth  Cape Province (aged 64 years 25 days) ,
Graham Robert Brown,April 5  1936  East London  Cape Province ,82 years 3 days,,,,,Umpire,
H Brown,date unknown ,,Border,,,,,
H Brown,date unknown ,,Orange Free State,,,,,
Harry Brown,February 11  1956  Bloemfontein  Orange Free State ,62 years 56 days,Griqualand West,,Right-hand bat,Right-arm medium,Son - ,
Joshua Harvey Brown,August 9  2000 ,17 years 242 days,KwaZulu-Natal Under-13s,,Right-hand bat,Right-arm fast,Clifton Prep,
K Brown,date unknown ,,Border Country Districts,,,,,
Kenneth Trevor Brown,June 9  1967  Queenstown  Cape Province ,50 years 303 days,Border ,,Left-hand bat,Left-arm medium,,
Lyndon Brown,March 11  1983  Pietermaritzburg  Natal ,35 years 28 days,KwaZulu-Natal Inland,Top-order batsman,Left-hand bat,Right-arm medium-fast,Father - ,
Lloyd James Brown,January 1  1995 ,23 years 97 days,Eastern Province ,,Right-hand bat,,,
Lennox Sydney Brown,November 24  1910  Randfontein  Transvaal ,,Rhodesia ,,Right-hand bat,Right-arm fast-medium  Legbreak googly,September 1  1983  Durban  Natal (aged 72 years 281 days) ,
Murray Welsh Brown,September 16  1966  Grahamstown  Cape Province ,51 years 204 days,,,,,Umpire,
Patrick Brown,date unknown ,,Eastern Province Invitation XI,,,,,
Robert Andrew Brown,August 21  1957  King William's Town  Cape Province ,60 years 230 days,Boland,,Right-hand bat,Right-arm medium,,
Roger Anthony Brown,October 1  1967  Zomba  Malawi ,50 years 189 days,Northerns ,,Right-hand bat,,Wicketkeeper,
Sidney Brown,February 18  1913  Pietermaritzberg  Natal ,105 years 49 days,Orange Free State,,,,Wicketkeeper,
Servaas van Niekerk Brown,1882  Namaqualand  Cape Province ,,Western Province,,,,June 9  1939  Cape Town  Cape Province (aged 57 years) ,
Trevor Charles George Brown,August 21  1933  Cathcart  Cape Province ,,Border,,Right-hand bat,Slow left-arm orthodox,November 3  2014  Cathcart  Cape Province (aged 81 years 74 days) ,
Trevor Revely Brown,March 25  1940  Cape Town  Cape Province ,78 years 14 days,Eastern Province ,,Right-hand bat,,Wicketkeeper,
Dylan Browne,July 26  1992  Empangeni ,25 years 256 days,KwaZulu-Natal Under-19s,,Left-hand bat,Right-arm medium,Wicketkeeper,
J Brownlee,date unknown ,,Western Province Cricket Club,,,,,
J Bruce,date unknown ,,Western Province,,,,,
James Bruce,August 13  1998  East london ,19 years 238 days,Border Under-15s ,,Left-hand bat,Legbreak googly,Selborne College,
Philip Paul Bruce,August 17  1971  Durban  Natal ,46 years 234 days,Eastern Province,,Right-hand bat,Right-arm fast-medium,,
Stephen Daniel Bruce,January 11  1954  Nkana  Northern Rhodesia ,,Orange Free State ,,Right-hand bat,Right-arm offbreak,Wicketkeeper,
Antonio Bruiners,date unknown ,,South Western Districts Under-13s,,,,,
Jean Bruiners,February 27  2000 ,18 years 40 days,South Western Districts Under-13s,,Left-hand bat,(unknown arm) fast,Van Reede Primary,
Graham Bruining,date unknown ,,Pretoria University,,,,,
E Brummer,date unknown ,,,,,,Umpire,
Willem Adriaan Brummer,January 19  1961  Pretoria  Transvaal ,57 years 79 days,Northern Transvaal Country Districts XI ,,Right-hand bat,Right-arm medium,,
Ian John Brune,October 29  1949  Mufulira  Northern Rhodesia ,,Orange Free State,,Right-hand bat,Right-arm offbreak,July 20  2014  Durban (aged 64 years 264 days) ,
Johannes Otto Herman Brune,December 12  1889  Modder River  Cape Province ,,Griqualand West,,,,September 6  1962  Strand  Cape Province (aged 72 years 268 days) ,
Waldemar Ernst Brune,November 28  1925  Kimberley  Cape Province ,,Griqualand West,,Right-hand bat,,June 4  1983  Pinetown  Natal (aged 57 years 188 days) ,
Cameron Roy Brunner,August 11  1999  Johannesburg ,18 years 240 days,Gauteng Under-17s ,,Left-hand bat,Left-arm medium-fast,,
W Brunton,date unknown ,,Natal,,,,,
Derek Russell Bruorton,November 5  1928  Grahamstown  Cape Province ,89 years 154 days,Transvaal,,Right-hand bat,Left-arm bowler,,
Dirk Hendrik Bruwer,January 6  1995  Pretoria  Transvaal ,23 years 92 days,Free State ,,Left-hand bat,Right-arm offbreak,AHS,
Gideon M Bruwer,April 21  1995 ,22 years 352 days,Griqualand West Under-19s ,Allrounder,Left-hand bat,,,
JD Bruwer,March 28  2002  Krugersdorp ,16 years 11 days,North West Under-13s,,Right-hand bat,Right-arm fast,Laerskool Stellaland,
Mathys Bruwer,March 26  1993 ,25 years 13 days,University of Free State,,Right-hand bat,Right-arm offbreak,,
André Bruyns,September 19  1946  Pietermaritzberg  Natal ,71 years 201 days,Natal ,,Right-hand bat,,Nephew - ,
Mark Lloyd Bruyns,November 8  1973  Pietermaritzberg  Natal ,44 years 151 days,Border ,,Right-hand bat,Right-arm medium,Uncle - ,
James Douglas Campbell Bryant,February 4  1976  Durban  Natal ,42 years 63 days,Derbyshire ,,Right-hand bat,,,
Thomas Winston Bryant,March 2  1933  Durban  Natal ,,Northerns,,Right-hand bat,Right-arm medium,December 21  2012  Durban (aged 79 years 294 days) ,
Clement Charles Bryce,August 19  1883  King William's Town  Cape Province ,,Border,,,,June 26  1951  King William's Town  Cape Province (aged 67 years 311 days) ,
Rudi Edwin Bryson,July 25  1968  Springs  Transvaal ,49 years 257 days,South Africa ,,Right-hand bat,Right-arm fast-medium,,
Hendri Erhard Bubb,June 7  1999  Bloemfontein ,18 years 305 days,Free State Under-13s,,Right-hand bat,,Jordania Primary School,
Brandon Wade Buckley,March 5  1983  Johannesburg  Transvaal ,35 years 34 days,Gauteng,,Left-hand bat,Left-arm bowler,,
Douglas Henry Buckley,April 4  1918  Kimberley  Cape Province ,100 years 4 days,Griqualand West,,,,,
Grant Buckley,February 2  1989  East London  Cape Province ,29 years 65 days,Border Under-19s,,Right-hand bat,,Wicketkeeper,
John Buckley,July 14  1956  East London  Cape Province ,61 years 268 days,Border,,Left-hand bat,Right-arm medium,,
Mbulelo Budaza,September 6  1993  Grahamstown  eastern cape ,24 years 214 days,Border ,,Right-hand bat,Left-arm fast,,
Charles Budd,date unknown  Tokyo ,,Boland Under-15s,,Right-hand bat,Right-arm offbreak,Somerset College,
H Buddenbrock,date unknown ,,South Western Districts,,,,,
Kyle Biddulph,April 24  1997 ,20 years 349 days,Eastern Province Under-19s,,Right-hand bat,Right-arm medium,,
Neville R Budge,February 7  1944  Cape Town  Cape Province ,74 years 60 days,Western Province,,Left-hand bat,Slow left-arm orthodox,,
Edward Albert Budgen,December 9  1884  Heidelberg  Transvaal ,,Griqualand West ,,,Right-arm medium,October 6  1962  Port Elizabeth  Cape Province (aged 77 years 301 days) ,
John Budgen,date unknown ,,Natal,,,,,
Helashia Buewenga,date unknown ,,Limpopo Women,,,,,
Olebogeng Buffel,June 4  2000 ,17 years 308 days,Northerns Under-15s,,Right-hand bat,Right-arm offbreak,,
Junaid Buffkins,April 6  1990  Cape Town  Cape Province ,28 years 2 days,Western Province Under-19s,,Right-hand bat,Legbreak,,
Cloete Buitenbach,date unknown ,,Waterkloof High School,,Right-hand bat,Right-arm medium,,
Carel Cloete Buitendag,May 18  1993  Tzaneen  Limpopo ,24 years 325 days,Northerns Academy ,,Right-hand bat,Right-arm medium,Waterkloof High School,
Thandisizwe Andrew Bula,January 7  1981  Whittlesea  Cape Province ,37 years 91 days,Easterns ,,Right-hand bat,,Wicketkeeper,
H Bulbring,date unknown ,,,,,,Umpire,
Steffen Louis Bulbring,August 12  1969  Port Elizabeth  Cape Province ,48 years 239 days,Western Province,,Right-hand bat,Right-arm offbreak,,
Abdul Samed Bulbulia,February 22  1933  Johannesburg  Transvaal ,,Transvaal (SACB),,,,July 10  2015  Johannesburg  Gauteng (aged 82 years 138 days) ,
Yusuf Bulbulia,June 30  1989  Rustenberg ,28 years 282 days,North West,,Left-hand bat,Right-arm offbreak,,
Kenneth Edward Bull,August 29  1908  Johannesburg  Transvaal ,,Transvaal,,,,details unknown ,
David Keith Clarence Bunn,April 9  1992  Pretoria  Transvaal ,25 years 364 days,Northerns ,,Left-hand bat,Slow left-arm orthodox,,
Graham Stuart Bunyard,October 17  1939  Port Elizabeth  Cape Province ,78 years 173 days,Rhodesia ,,Right-hand bat,Right-arm fast,,
Anna Adriana Burger,August 25  1967  Cape Town  Cape Province ,50 years 226 days,Northern Transvaal Women ,,Right-hand bat,,,
B Burger,date unknown ,,,,,,Umpire,
Cornelius Andries Johannes Burger,August 20  1982  Nelspruit ,35 years 231 days,Easterns,,Right-hand bat,Right-arm medium,,
Christopher George de Villiers Burger,July 12  1935  Randfontein  Transvaal ,,South Africa ,,Right-hand bat,Right-arm medium,June 5  2014  Howick  KwaZulu-Natal (aged 78 years 328 days) ,
Darren Burger,July 22  1991  Kimberley  Cape Province ,26 years 260 days,Griqualand West Under-19s,,Right-hand bat,Legbreak,,
Gustav Burger,November 14  1987  Kimberley  Cape Province ,30 years 145 days,Griqualand West ,,Right-hand bat,Legbreak,,
Jaco Burger,August 16  1968  Cape Town  Cape Province ,49 years 235 days,Boland ,,Right-hand bat,,Wicketkeeper,
Burger Juan,January 12  2001  Somerset West ,17 years 86 days,Boland Under-15s,,Right-hand bat,Right-arm offbreak,Paarl Boys High,
Jacobus Ernst Burger,May 3  1967  Germiston  Transvaal ,50 years 340 days,Eastern Transvaal,,Right-hand bat,Right-arm fast-medium,,
K Burger,date unknown ,,,,,,Umpire,
Nandre Burger,date unknown ,,Gauteng,,,,,
Rasmus Pieter Burger,January 7  1995  Cape Town  Cape Province ,23 years 91 days,Boland Under-17s,,Right-hand bat,Left-arm medium-fast,Paarl Gymnasium,
Shane Burger,August 31  1982  Johannesburg  Transvaal ,35 years 220 days,Gauteng ,,Right-hand bat,Right-arm fast-medium,,
Z Burger,date unknown ,,North West Women,,,,,
E Burgess,date unknown ,,Eastern Province,,,,,
W L Burgess,date unknown ,,Eastern Province,,,,,
R Burgins,date unknown ,,Eastern Province (SACB),,,,,
Sydney Frank Burke,March 11  1934  Pretoria  Transvaal ,84 years 28 days,South Africa ,,Right-hand bat,Right-arm medium-fast,,
Michael John Burkett,June 30  1950  Port Elizabeth  Cape Province ,67 years 282 days,Eastern Province,,Left-hand bat,Right-arm medium,,
J L Burleigh,date unknown ,,Griqualand West,,,,Wicketkeeper,
L Burman,date unknown ,,,,,,Umpire,
Ivan August Burmeister,October 27  1918  Flagstaff  Cape Province (now Transkei) ,99 years 163 days,Western Province,,Left-hand bat,,,
A Burnard,date unknown ,,Border,,,,,
TV Burnard,date unknown ,,,,,,Umpire,
Roger Burne,date unknown ,,,,,,Umpire,
Anthony Werge Burnett,August 5  1923  Humansdorp  Cape Province ,,Northerns,,Right-hand bat,Right-arm medium,January 5  1991  Pretoria  Transvaal (aged 67 years 153 days) ,
Colin Richard Burnill,January 15  1942  Durban  Natal ,76 years 83 days,Natal,,Right-hand bat,Right-arm offbreak,,
A Burns,date unknown ,,Western Province (SACB),,,,,
Owen John Burns,June 28  1911  East London  Cape Province ,,Border,,,,June 16  1964  East London  Cape Province (aged 52 years 354 days) ,
Ernest Albert Burrill,1874  Durban  Natal ,,Natal,,,,1959  Doonside  Natal (aged 85 years) ,
Brian Winston Burrow,February 8  1940  Kimberley  Cape Province ,78 years 59 days,Griqualand West,,Right-hand bat,Right-arm medium,,
Kenneth Burrow,September 21  1949  Pretoria  Transvaal ,68 years 199 days,Northerns,,Right-hand bat,,,
Thomas Bursey,April 1  2000 ,18 years 7 days,Border Under-15s,,Right-hand bat,Right-arm medium,Selborne College,
Michelle Daleen Burt,August 4  1994  Pretoria  Transvaal ,23 years 247 days,Northerns Women,,Right-hand bat,Slow left-arm orthodox,,
Ronald John Edmund Burt,April 25  1910  Cape Town  Cape Province ,,Western Province,,,,May 31  1985  Wynberg  Cape Town  Cape Province (aged 75 years 36 days) ,
J C Burton,date unknown ,,Natal,,,,,
J H Burton,date unknown ,,Griqualand West,,,,,
Michael St John Whitehead Burton,February 14  1944  Bulawayo  Rhodesia ,74 years 53 days,Eastern Province ,,Right-hand bat,Right-arm offbreak,,
Rowan Hilton Buskin,May 15  1965  Johannesburg  Transvaal ,52 years 328 days,Northerns,,Right-hand bat,,,
Ivan Desmond Busse,July 18  1914  King William's Town  Cape Province ,,Border,,Right-hand bat,,January 16  2011  Beacon Bay  East London (aged 96 years 182 days) ,
Edmund Peter Bussell,August 9  1928  Kimberley  Cape Province ,,Transvaal,,,Right-arm medium-fast,June 10  1988  Krugersdorp  Transvaal (aged 59 years 306 days) ,
B Buthelezi,date unknown ,,KwaZulu-Natal Inland Women,,,,,
Mzikhona Buthelezi,November 4  1999 ,18 years 155 days,Gauteng Under-17s,,Right-hand bat,Right-arm medium,,
Siyanda Buthelezi,January 4  1996  Pietermaritzburg ,22 years 94 days,KwaZulu-Natal Inland Under-19s,,Right-hand bat,,Wicketkeeper,
T Buthelezi,date unknown ,,Easterns Women,,,,,
Xolani Buthelezi,June 5  1996 ,21 years 307 days,Mpumalanga Under-17s,,Right-hand bat,Legbreak,Malekutu,
Benjamin Castor Hicks Butler,April 1  1935  Middelburg  Transvaal ,83 years 7 days,Transvaal ,,Right-hand bat,,,
G Butler,date unknown ,,Natal Country Districts,,,,,
V Butler,date unknown ,,Western Province,,,,,
D Butlion,date unknown ,,Eastern Province,,,,,
Andrew Roger Brian Butters,April 15  1965  Port Elizabeth  Cape Province ,52 years 358 days,Eastern Province,,Right-hand bat,Right-arm fast-medium,,
F Buttner,date unknown ,,Orange Free State,,,,,
Ati Buwati,February 5  2000  Free State ,18 years 62 days,Free State Under-17s,,Right-hand bat,Left-arm medium-fast,Hentie Cilliers,
Amir Sohil Bux,July 16  1995 ,22 years 266 days,Limpopo Under-19s,,Right-hand bat,,,
Jon Buxton-Forman,November 15  1974  Pietermaritzberg  Natal ,43 years 144 days,Gauteng ,,Right-hand bat,Right-arm medium-fast,Wicketkeeper,
Arno Buys,February 19  1999 ,19 years 48 days,Mpumalanga Under-13s,,Right-hand bat,Right-arm medium,Laerskool Goedehoop,
Isaac Daniel Buys,February 4  1895  Somerset East  Cape Colony ,,South Africa ,,Right-hand bat,Left-arm fast-medium,Dead ,
Jaco Buys,January 8  1993  Kimberly ,25 years 90 days,Griqualand West Under-19s ,,Right-hand bat,Right-arm medium,,
Rudolph Buys,date unknown ,,Cobras Cubs,,,,,
Duncan Marquard Buyskes,September 17  1912  Calvinia  Cape Province ,,Eastern Province,,,,October 31  1994 (aged 82 years 44 days) ,
Archibald Dougan Buzzard,1879  Westminster  London  England ,,Orange Free State,,,Left-arm bowler,November 1945 (aged 66 years) ,
John Anstruther Byng,September 15  1877  Portsmouth  Hampshire ,,Transvaal,,,,Brother - ,
Charles Robert Hamilton Byron,April 10  1910  King William's Town  Cape Province ,,Border,,Right-hand bat,,March 6  1952  King William's Town  Cape Province (aged 41 years 331 days) ,
Busang Sithole,date unknown ,,Easterns Under-17s,,Right-hand bat,Right-arm offbreak,Tembisa High,
J Carstens,date unknown ,,,,,,Umpire,
T Chilcott,date unknown ,,,,,,Umpire,
M Combrink,date unknown ,,,,,,Umpire,
Andrew Cadle,September 11  1864  Uitenhage  Cape Province ,,Eastern Province,,,,December 18  1938  Port Elizabeth  Cape Province (aged 74 years 98 days) ,
Barbara Cairncross,date unknown ,,South Africa Women ,,,,,
E Cajee,date unknown ,,Transvaal (SACB),,,,,
R Cajee,date unknown ,,Transvaal (SACB),,,,,
Mkhululi Calana,January 19  1993  Cape Town  Cape Province ,25 years 79 days,Border ,,Left-hand bat,Right-arm medium-fast,,
AE Caldecott,date unknown ,,,,,,Umpire,
Justin Caldecott,January 28  1999 ,19 years 70 days,KwaZulu-Natal Inland Under-13s,,Right-hand bat,Right-arm offbreak,Treverton Preparatory,
Victor Herbert Caldecott,September 10  1890  Vredefort  Transvaal ,,Orange Free State,,,,November 6  1967  Pretoria  Transvaal (aged 77 years 57 days) ,
Eric Clifford Caldecourt,May 5  1933  London ,84 years 338 days,,,,,Umpire,
Dwaine Calder,January 30  1992 ,26 years 68 days,Free State Under-19s ,,Right-hand bat,Legbreak,Grey College (Bloemfontein),
Everhard Lancelot Calder,June 1  1930  Bloemfontein  Orange Free State ,,Orange Free State,,Right-hand bat,Right-arm medium,April 30  1997  Cape Town  Cape Province (aged 66 years 333 days) ,
Tyron Calitz,date unknown ,,,,,,,
David John Callaghan,February 1  1965  Queenstown  Cape Province ,53 years 66 days,South Africa ,,Right-hand bat,Right-arm medium,Cousin - ,
Sean Callaghan,February 4  1999 ,19 years 63 days,Eastern Province Under-13s,,Right-hand bat,Right-arm offbreak,Grey Junior School,
Brandon Callis,April 11  2000 ,17 years 362 days,Free State Under-13s,,Right-hand bat,Right-arm medium,Grey High School,
Sikhokele Emmanuel Camagu,February 9  1992  King William's Town  Eastern Cape ,26 years 58 days,Western Province ,,Right-hand bat,Right-arm fast,,
David Patrick Cameron,March 17  1950  Voortrekkerhoogte  Pretoria ,68 years 22 days,Rhodesia ,,Right-hand bat,Right-arm fast-medium,,
Horace Brakenridge Cameron,July 5  1905  Port Elizabeth  Cape Province ,,South Africa ,,Right-hand bat,,Wicketkeeper,
Richard Cameron,June 17  1986  Johannesburg  Transvaal ,31 years 295 days,Gauteng ,,Right-hand bat,Right-arm bowler,,
James Cameron-Dow,May 18  1990  Cape Town  Cape Province ,27 years 325 days,Western Province Under-19s,,Right-hand bat,Slow left-arm orthodox,,
C A Campbell,date unknown ,,Eastern Province,,,,,
D Campbell,date unknown ,,Griqualand West,,,,,
Dale Lyle Campbell,January 17  1988  Cape Town ,30 years 81 days,Boland ,,Right-hand bat,,Wicketkeeper,
Henry Howie Campbell,September 30  1906  Johannesburg  Transvaal ,,Transvaal,,,,September 5  1987  Durban  Natal (aged 80 years 340 days) ,
Jared Campbell,March 24  2000 ,18 years 15 days,KwaZulu-Natal Inland Under-13s,,Right-hand bat,(unknown arm) fast,Cordwalles,
Thomas Campbell,February 9  1882  Edinburgh  Midlothian  Scotland ,,South Africa ,,Right-hand bat,,Wicketkeeper,
Collin Campher,April 6  1995  Johannesburg ,23 years 2 days,St Stithians College,,Right-hand bat,Right-arm offbreak,St Stithians College,
Curtis Campher,April 20  1999 ,18 years 353 days,Gauteng Under-13s ,,Right-hand bat,Right-arm medium,St Peters,
Jacques Campher,May 17  1995 ,22 years 326 days,South Western Districts Under-17s,,Right-hand bat,Right-arm medium,Aurial College,
Jaco Pieter Campher,September 11  1985 ,32 years 209 days,North West,,Right-hand bat,Left-arm bowler,,
Frederick Stratford Campling,1908  Basford  Nottinghamshire  England ,,Orange Free State,,,,January 1945  Burma (aged 37 years) ,
A Candler,date unknown ,,KwaZulu-Natal Inland Women,,,,,
Wade Canham,May 3  1996 ,21 years 340 days,KwaZulu-Natal Under-17s,,Right-hand bat,Right-arm offbreak,DHS,
Ryan Clement Cavanagh Canning,February 22  1984  Cape Town ,34 years 45 days,Boland ,,Right-hand bat,,Wicketkeeper,
Cherri Cannon,April 15  1982  Evander ,35 years 358 days,KwaZulu-Natal Inland Women,,Right-hand bat,Right-arm medium,,
Raymond Canny,March 1  1953  Witbank  Transvaal ,65 years 38 days,Griqualand West,,Right-hand bat,Right-arm fast-medium,,
J J Canton,date unknown ,,Natal Country Districts,,,,,
Blayde Capell,June 3  1997  Pietermaritzburg ,20 years 309 days,KwaZulu-Natal,Wicketkeeper,Left-hand bat,,Wicketkeeper,
Robin Leonard Capell,September 30  1934  Port Elizabeth  Cape Province ,,Eastern Province,,Right-hand bat,Right-arm fast-medium,April 12  2014  Summerstrand  Port Elizabeth  Eastern Cape (aged 79 years 194 days) ,
RJ Capstick,date unknown ,,,,,,Umpire,
Clive Timothy Cardinal,January 19  1951  Durban  Natal  South Africa ,67 years 79 days,,,,,,
M Cardus,date unknown ,,,,,,Umpire,
D Carelse,date unknown ,,Transvaal (SACB),,,,,
Tyrece Carelse,May 11  2001 ,16 years 332 days,South Western Districts Under-13s,,Left-hand bat,Right-arm medium,De Villiers Primary,
Winston Franklin Carelse,August 24  1945  Cape Town  Cape Province ,72 years 227 days,South Africa,,Right-hand bat,Right-arm medium,,
Alistair McDougall Carlisle,April 16  1944  Salisbury (now Harare)  Rhodesia ,73 years 357 days,Transvaal,,Right-hand bat,,Son - ,
Dean Carlisle,April 20  1996 ,21 years 353 days,Mpumalanga Under-19s,,Right-hand bat,,Uplands College,
Tyron Carlitz,March 19  2001  Witbank ,17 years 20 days,Mpumalanga Under-15s,,Right-hand bat,,Cambridge,
Bevan Carlse,March 5  1998  White River ,20 years 34 days,Mpumalanga Under-15s,,Right-hand bat,Right-arm fast,Uplands,
William Carlsson,1890  Cape Town  Cape Province ,,Western Province,,,,July 14  1916  Delville Wood  France (aged 26 years) ,
Peter Rudolph Carlstein,October 28  1938  Klerksdorp  Transvaal ,79 years 162 days,Rhodesia ,,Right-hand bat,Legbreak,,
Cade Carmichael,August 3  2002 ,15 years 248 days,KwaZulu-Natal Under-13s,,Right-hand bat,Right-arm medium,Highbury,
Harold William Carolin,April 10  1881  Alicedale  Cape Province ,,Western Province,,Right-hand bat,Right-arm fast-medium,March 15  1967  Rondebosch  Cape Town  Cape Province (aged 85 years 339 days) ,
Bradley Michael Carolus,February 13  1993  George ,25 years 54 days,South Western Districts Under-19s,Wicketkeeper,Left-hand bat,,,
Denver Carolus,May 31  1983  Bellville ,34 years 312 days,Cape Cobras ,,Right-hand bat,Legbreak,,
Deon Dean Carolus,July 10  1978  Port Elizabeth ,39 years 272 days,Eastern Province ,,Right-hand bat,Right-arm medium,,
M Carolus,date unknown ,,,,,,Umpire,
Francis William Carpenter,November 28  1854  Port Elizabeth  Cape Province ,,Eastern Province,,,,details unknown ,
Gerald Robinson Carpenter,November 12  1865  Port Elizabeth  Cape Province ,,Eastern Province,,,,November 6  1939  Johannesburg  Transvaal (aged 73 years 359 days) ,
Barry Clive Carr,May 6  1942  Durban  Natal ,75 years 337 days,Natal,,Right-hand bat,,,
Debbie Carr,August 23  1977 ,40 years 228 days,Free State Women ,,,Right-arm fast,,
Graham Carr,July 28  2000  Free State ,17 years 254 days,Free State Under-17s,,Right-hand bat,Right-arm medium-fast,Grey College,
Raees Carr,September 16  2001  Cape Town ,16 years 204 days,Western Province Under-15s,,Left-hand bat,Legbreak,Wynberg Boys High,
Ronald Bernard Carr,January 12  1938  Johannesburg  Transvaal ,80 years 86 days,Essex ,,Right-hand bat,Legbreak googly,,
Shaun Robert Carr,July 4  1965  Kimberley  Cape Province ,52 years 278 days,Griqualand West,,Right-hand bat,Right-arm offbreak,,
Clifford James Carroll,date unknown ,,Griqualand West,,,Left-arm bowler,,
Kevin Richard Carroll,September 1  1993 ,24 years 219 days,Nelson Mandela Metropolitan University,Top-order batsman,Right-hand bat,Slow left-arm orthodox,Grey High School,
Andre John Carse,January 26  1994 ,24 years 72 days,Grey High School,,,,Uncle - ,
Brydon Alexander Carse,July 31  1995  Port Elizabeth  Cape Province ,22 years 251 days,Durham ,,Right-hand bat,Right-arm fast,Father - ,
Anselm Carstelyn,April 19  1994  Grahamstown ,23 years 354 days,Eastern Province Under-19s,,Right-hand bat,Legbreak,Ansie,
J Carstens,date unknown ,,Western Province,,,,,
Nathan Carstens,July 8  1999 ,18 years 274 days,Mpumalanga Under-13s,,Right-hand bat,,Laerskool Goedehoop,
Phillip Carstens,November 11  1997 ,20 years 148 days,Boland Under-15s,Wicketkeeper,Right-hand bat,,Somerset College,
Claude Pagdett Carter,April 23  1881  Durban  Natal ,,South Africa ,,Right-hand bat,Slow left-arm orthodox,Claude Paget Carter,
D Carter,date unknown ,,Eastern Province (SACB),,,,,
David Arthur Carter,February 2  1875 ,,Army (South Africa),,,,details unknown ,
Edward Arthur Carter,November 29  1924  Cape Town  Cape Province ,93 years 130 days,,,,,Umpire,
Neil Miller Carter,January 29  1975  Cape Town  Cape Province ,43 years 69 days,Scotland ,Allrounder,Left-hand bat,Left-arm medium-fast,6 ft 2 in ,
Shannon Carter,date unknown ,,,,,,,
Harry Bryan Ling Cartwright,June 15  1931  Kimberley  Cape Province ,86 years 297 days,Griqualand West,,,,,
Neville Ling Cartwright,September 2  1922  Kimberley  Cape Province ,,Griqualand West,,,,Wicketkeeper,
Ryan Ashley Cartwright,January 25  1992  Durban  Natal ,26 years 73 days,Northerns ,,Left-hand bat,Right-arm fast,,
Colin Maitin Casalis,February 5  1965  Nelspruit  Transvaal ,53 years 62 days,Natal ,,Left-hand bat,Right-arm offbreak,,
Junaid Cassiem,October 3  1993  Wellington ,24 years 187 days,Boland ,,Right-hand bat,,Wicketkeeper,
R Cassim,date unknown ,,Transvaal (SACB),,,,,
Herbert Hayton Castens,November 23  1864  Pearston  Cape Province ,,Eastern Province ,,,,Rugby School; Oxford University,
Jaco Castle,date unknown ,,Western Province,,,,,
A Castles,date unknown ,,North West Women,,,,,
Robert Cater,March 14  1995 ,23 years 25 days,Northerns Under-17s,,Right-hand bat,Right-arm offbreak,Menlopark,
Brian John Leslie Catt,April 17  1951  London  England ,66 years 356 days,,,,,Umpire,
Robert Hector Catterall,July 10  1900  Port Elizabeth  Cape Province ,,Rhodesia ,,Right-hand bat,Right-arm medium,January 3  1961  Kempton Park  Transvaal (aged 60 years 177 days) ,
William Joseph Catton,1865  London  England ,,Eastern Province,,,,April 14  1939  Uitenhage  Cape Province (aged 74 years) ,
Frank Caulfield,August 17  1893  Cape Town  Cape Province ,,Orange Free State,,,,May 22  1936  Bloemfontein  Orange Free State (aged 42 years 279 days) ,
Armandio Cavaleiro,October 9  2001  Free State ,16 years 181 days,Free State Under-15s,,Right-hand bat,Right-arm offbreak,Grey College,
A Cavaliero,date unknown ,,Free State Under-17s,,,,,
Frederick Peter Cawdry,January 4  1943  Johannesburg  Transvaal ,75 years 94 days,Northerns,,Right-hand bat,Right-arm fast-medium,,
Carey Hobson Cawood,December 30  1918  Graaff-Reinet  Cape Province ,99 years 99 days,Eastern Province ,,Right-hand bat,,Wicketkeeper,
John Christopher Cawood,June 15  1950  Cape Town  Cape Province ,67 years 297 days,Western Province,,Right-hand bat,Right-arm fast,,
William Arthur Cawood,January 29  1907  Mount Stewart  Cape Province ,,Eastern Province,,,,July 4  1976  Storms River Bridge  Cape Province (aged 69 years 157 days) ,
Charles Edward Cawse,October 16  1908  Cape Town  Cape Province ,,Transvaal,,,Right-arm medium-fast,June 26  1966  Johannesburg  Transvaal (aged 57 years 253 days) ,
O Ceba,date unknown ,,Kei Women,,,,,
Lelethu Cekiso,March 22  1999  Grahamstown ,19 years 17 days,Eastern Province Under-17s,,Right-hand bat,Right-arm medium-fast,Greame College,
Hlumelo Cekizani,date unknown ,,University of Johannesburg,,Right-hand bat,Right-arm medium,Gray PE,
Ayanda Cele,September 9  2003 ,14 years 211 days,KwaZulu-Natal Inland Under-13s,,Right-hand bat,Left-arm medium,Cordwalles,
Banele Cele,February 2  2003  Durban ,15 years 65 days,KwaZulu-Natal Under-13s,,Right-hand bat,,Glenwood Prep,
Khalipha Ayanda Cele,March 19  1993  Port Shepstone ,25 years 20 days,Dolphins Academy ,,Right-hand bat,Right-arm offbreak,,
M Cele,date unknown ,,KwaZulu-Natal Inland Under-19s,,,,Wicketkeeper,
Okuhle Cele,July 9  1997 ,20 years 273 days,KwaZulu-Natal Under-15s,,Right-hand bat,Right-arm fast,Glenwood High,
Zamo Cele,January 24  1992 ,26 years 74 days,KwaZulu-Natal Inland Under-19s,,Right-hand bat,,Wicketkeeper,
Grant Celliers,December 13  1978  Ermelo  Mpumalanga ,39 years 116 days,Cambridge MCCU ,,Right-hand bat,Right-arm medium,,
Clayton Ceronio,August 22  1990  Kempton Park ,27 years 229 days,Easterns Under-19s ,,Right-hand bat,Right-arm medium-fast,,
C Ceronio,date unknown ,,Pretoria University,,,,,
Mvula Chabalala,January 25  2003  Kroonstad ,15 years 73 days,Free State Under-13s,,Right-hand bat,Slow left-arm orthodox,St Dominics,
Lenuel Challens,April 18  1998  Klerksdorp ,19 years 355 days,North West Under-15s,,Right-hand bat,Right-arm offbreak,ST. Conrads,
Daryn Peter Chalmers,June 20  1990  Somerset West  Cape Province ,27 years 292 days,Boland Under-19s,,Right-hand bat,Right-arm medium,,
Robert Arthur Chalmers,October 2  1945  Benoni  Transvaal ,,Northerns,,Right-hand bat,,Wicketkeeper,
Walter Rochfort Chalmers,July 28  1934  East London  Cape Province ,,Border ,,Left-hand bat,Slow left-arm orthodox,Dale College  King William's Town,
Boeta Chamberlain,February 22  1999 ,19 years 45 days,Paarl Boys High School ,,Right-hand bat,,Brackenfell PS,
Henry Chamberlain,February 22  1999  Paarl ,19 years 45 days,Boland Under-17s,,Right-hand bat,Right-arm medium-fast,Paarl Boys High School,
Thomas William Chambers,November 20  1931  Cape Town  Cape Province ,86 years 139 days,Eastern Province,,Left-hand bat,,,
Mudiwa Chanakira,July 17  2000 ,17 years 265 days,Gauteng Under-15s,,Right-hand bat,Right-arm offbreak,,
Jason Chandler,December 1  1995 ,22 years 128 days,Mpumalanga Under-17s ,,Left-hand bat,Left-arm medium,Penryn College,
Geetarth Jyotish Changmai,May 5  2002  Mogwase ,15 years 338 days,North West Under-13s,,Right-hand bat,Right-arm medium,Zinniaville Primary,
Mudiwah-Jonah Chankira,date unknown ,,Gauteng Under-13s,,Right-hand bat,Right-arm offbreak,Crawford Lonehill,
Dustin Chaplin,October 3  1990 ,27 years 187 days,KwaZulu-Natal Inland Under-19s,,Right-hand bat,Right-arm fast,,
Chapman,date unknown ,,Northern Rhodesia,,,,,
A Chapman,date unknown ,,Griqualand West,,,,,
Horace William Chapman,June 30  1890  Durban  Natal ,,South Africa ,,Right-hand bat,Legbreak googly,December 1  1941  Morningside  Durban  Natal (aged 51 years 154 days) ,
J Chapman,date unknown ,,Griqualand West,,,,,
Peter Douglas Malcolm Chapman,August 27  1922  Beira  Mozambique ,,Transvaal,,Right-hand bat,,February 15  2010  Johannesburg (aged 87 years 172 days) ,
Richard Douglas Chapman,March 8  1918  East London  Cape Province ,100 years 31 days,Border,,Left-hand bat,Right-arm medium,,
Charles Stanley Chappell,December 16  1895  Kimberley  Cape Province ,,Transvaal,,Left-hand bat,,Wicketkeeper,
Angelo Jarryd Charles,March 1  1994  Port Elizabeth ,,Eastern Province Under-19s,,Right-hand bat,Right-arm medium-fast,Brother - ,
Vernal Ralph Charles,July 20  1985  Port Elizabeth  Eastern Province ,,Eastern Province,,Right-hand bat,,Brother - ,
Joseph Peat Charlton,September 14  1916  West Boldon  Co Durham  England ,101 years 206 days,Griqualand West,,,,Wicketkeeper,
M Charlton,date unknown ,,Pretoria High School Old Boys,,,,,
Morris Charnas,October 17  1930  Johannesburg  Transvaal ,,Transvaal ,,Right-hand bat,Slow left-arm orthodox,April 14  1991  Glenmore  Durban  Natal (aged 60 years 179 days) ,
Vernon Charslund,date unknown ,,North West Under-17s,,,,,
Andrew Charters,date unknown ,,Maritzburg College,,Right-hand bat,Right-arm medium,,
Robin Centlivres Chase,October 25  1924  Colenso  Natal ,93 years 165 days,Griqualand West,,Right-hand bat,Right-arm offbreak,,
Saurab Chatterjee,December 15  1972  Calcutta (now Kolkata)  Bengal ,45 years 114 days,Gauteng ,Middle-order batsman,Right-hand bat,Right-arm fast-medium,Umpire,
Saurab Chatterjee,date unknown ,,,,,,Umpire,
Elton Valentine Chatterton,February 27  1942  Benoni  Transvaal ,76 years 40 days,Transvaal,,Right-hand bat,,Wicketkeeper,
Dineo Checha,date unknown ,,Free State Women,,,,,
Barry Anthony Stewart Chedburn,October 24  1967  Cape Town  Cape Province ,50 years 166 days,Boland,,Right-hand bat,Right-arm fast-medium,,
Robin Cheesman,July 9  1988  Pietermaritzburg ,29 years 273 days,KwaZulu-Natal Inland,Opening batsman,Right-hand bat,,,
John Erskine Cheetham,May 26  1920  Mowbray  Cape Town  Cape Province ,,South Africa ,,Right-hand bat,Legbreak,August 21  1980  Parktown  Johannesburg  Transvaal (aged 60 years 87 days) ,
John Richard Cheetham,August 23  1947  Cape Town  Cape Province ,70 years 228 days,Transvaal ,,Left-hand bat,,,
Robert Spencer Cheetham,July 24  1949  Cape Town  Cape Province ,68 years 258 days,Natal ,,Left-hand bat,Slow left-arm orthodox,,
Richard William Spencer Cheetham,January 25  1915  Mowbray  Cape Town  Cape Province ,,Northerns,,Right-hand bat,Right-arm medium-fast,May 1  1995  Umhlanga Rocks  Natal (aged 80 years 96 days) ,
S B Cheetham,date unknown ,,Natal,,,,1905 ,
Jesse Mark Chellan,October 28  1964  Durban  Natal ,53 years 162 days,Natal,,Right-hand bat,Right-arm medium,,
D Cheoha,date unknown ,,Free State Women,,,,,
Varun Cherian,October 27  1999 ,18 years 163 days,Limpopo Under-13s,,Right-hand bat,Right-arm medium,PEMPS,
Frederick William Cheshire,September 24  1901  Queenstown  Cape Province ,,Border,,Right-hand bat,,October 12  1956  East London  Cape Province (aged 55 years 18 days) ,
Ralph Staniford Cheshire,September 11  1893  Queenstown  Cape Province ,,Border,,Right-hand bat,Right-arm fast-medium,June 13  1975  East London  Cape Province (aged 81 years 275 days) ,
Owen Murray Trevor Chesterfield,May 20  1935  Palmerston North  Manawatu ,,,,,,Umpire  Journalist  Author,
Joshua Chesworth,December 2  2000 ,17 years 127 days,KwaZulu-Natal Inland Under-13s,,Left-hand bat,Left-arm medium,Pelham,
A Chetty,date unknown ,,Natal (SACB),,,,,
Ariq Chetty,April 5  2001 ,17 years 3 days,KwaZulu-Natal Under-13s,,Right-hand bat,Right-arm medium,Glenwood Prep,
Cody Chetty,June 28  1991  Durban  Natal ,26 years 284 days,Dolphins ,,Right-hand bat,Right-arm offbreak,,
Kimeshin Chetty,January 9  1988  Durban  Natal ,30 years 89 days,Dolphins ,,Right-hand bat,Right-arm fast-medium,,
Meshan Chetty,November 16  1984  Port Elizabeth ,33 years 143 days,,,,,,
Praveshen Chetty,August 20  1985  Durban ,32 years 231 days,Easterns,,Right-hand bat,Right-arm medium,,
Trisha Chetty,June 26  1988  Durban  Natal ,29 years 286 days,Africa Women XI ,Wicketkeeper batsman,Right-hand bat,,Wicketkeeper,
Grahame Anton Chevalier,March 9  1937  Cape Town  Cape Province ,,South Africa ,,Right-hand bat,Slow left-arm orthodox,November 14  2017 (aged 80 years 250 days) ,
