A H Mohamed Fahim,November 28  1997  Haputale ,20 years 131 days,S.Thomas' College Bandarawela,,Right-hand bat,Right-arm medium-fast,S. Thomas' College Bandarawela,
 J M Fahim,May 17  1997  Kinniya ,20 years 326 days,Trinco-Batti Combined Schools,,Left-hand bat,Left-arm medium-fast,,
S Fahim,date unknown ,,St. Thomas College,,,,,
Dennis Fairweather,date unknown ,,Ceylon,,,,,
Gnei Sherina Faizer,March 31  1992  Colombo ,26 years 8 days,Palink School of Cricket,,Right-hand bat,Left-arm bowler,,
Mohamed Ailum Mohamed Faizer,September 2  1982  Galle ,35 years 218 days,Singha Sports Club ,,Right-hand bat,Legbreak,,
Mohamed Farook Mohamed Faraz,May 5  1975  Kandy ,42 years 338 days,Moors Sports Club,,Right-hand bat,Right-arm medium-fast,,
Mohamed Farook Ahamed Farhath,October 6  1979  Matara ,38 years 184 days,Matara Sports Club ,,Right-hand bat,Legbreak,,
Mohamed Safraz Farook,May 24  1981  Colombo ,36 years 319 days,Antonians Sports Club ,Allrounder,Right-hand bat,Right-arm medium-fast,,
Mohamed Riaz Farouk,September 17  1971  Colombo ,46 years 203 days,Burgher Recreation Club ,,Right-hand bat,Right-arm fast-medium,,
Shihabdeen Mohamed Faumi,May 6  1966  Matara ,51 years 337 days,Galle Cricket Club ,,Right-hand bat,Right-arm medium,Referee,
Denver Anthony Faux,May 18  1983  Colombo ,34 years 325 days,Nondescripts Cricket Club ,Opening batsman,Right-hand bat,,St. Peter's College  Colombo,
MSN Fawzi,date unknown ,,Business Management School,,,,,
LM Fayazdeen,October 16  1994  Oddamabadi ,23 years 174 days,Trinco-Batti Combined Schools,,Right-hand bat,Right-arm fast-medium,,
Abdul Gapoor Mohomed Fazil,July 26  1989  Eraur ,28 years 256 days,Saracens Sports Club,,,,Central College  Batticaloa,
Alane Carl Felsinger,July 10  1937  Boralla ,80 years 272 days,,,Right-hand bat,,Umpire,
Herbert Clemen Felsinger,June 4  1934  Borella ,83 years 308 days,,,Right-hand bat,Right-arm fast-medium,Umpire,
Dennis Ferdinands,date unknown ,,Ceylon,,,,,
G Ferdinanz,date unknown ,,Antonians Sports Club,,,,,
Guruge Sudesh Umayanga Fernando,March 31  1987  Panadura ,31 years 8 days,Panadura Sports Club,Allrounder,Left-hand bat,Slow left-arm orthodox,Sri Sumangala College  Panadura,
Samith Dushantha Fernando,November 30  1984  Aluthgama ,33 years 129 days,Saracens Sports Club,Batsman,Right-hand bat,,Extra cover,
Asela Fernando,July 12  1970  Moratuwa ,47 years 270 days,Old Cambrians Sports Club ,,,,,
A Fernando,date unknown ,,St. Thomas College,,,,,
Austin Fernando,date unknown ,,,,,,Umpire,
BH Asiru Fernando,September 26  1996  Kanthale ,21 years 194 days,,,Right-hand bat,Right-arm slow-medium,,
Avishka Fernando,date unknown ,,,,,,,
Ayesh Asanjay Fernando,November 26  1982  Colombo ,35 years 133 days,St. Thomas College,,Right-hand bat,Right-arm fast-medium,,
Andrahalage Danusha Indunil Fernando,December 14  1982  Panadura ,35 years 115 days,Panadura Sports Club,,Right-hand bat,Right-arm offbreak,,
Asitha Madusanka Fernando,July 31  1997  Katuneriya ,20 years 251 days,Chilaw Marians Cricket Club ,Bowler,Right-hand bat,Right-arm medium-fast,St. Sebastian's College  Katuneriya,
Aththachchi Nuwan Pradeep Roshan Fernando,October 19  1986  Negombo ,31 years 171 days,Sri Lanka ,Bowler,Right-hand bat,Right-arm fast-medium,Vidhyaloka Maha Vidyalaya  Katana,
Avishka Sandaruwan Fernando,September 2  1997  Colombo ,20 years 218 days,,,,,St Joseph's College  Colombo,
Abagahage Suranga Niresh Fernando,February 8  1983  Colombo ,35 years 59 days,Sebastianites Cricket and Athletic Club ,,Left-hand bat,Right-arm offbreak,Coach,
Binura Fernando,July 12  1995  Colombo ,22 years 270 days,Sri Lanka ,Bowler,Right-hand bat,Left-arm medium-fast,DS Senanayake College  Colombo,
Bandula Fernando,May 12  1964 ,53 years 331 days,Moratuwa Sports Club ,,Left-hand bat,,,
Thewarasige Talash Bobby Fernando,May 25  1975  Moratuwa ,42 years 318 days,Moratuwa Sports Club,,Right-hand bat,Right-arm medium,,
Baminahannadige Anuththara Madawa Fernando,April 3  1995  Kalubowila ,23 years 5 days,,,,,Madawa Fernando,
Balagamage Chandana Roshan Fernando,November 28  1970  Colombo ,47 years 131 days,,,,,Radoluwa Maha Vidyalaya,
Battagodage Danushka Sumanjan Fernando,June 18  1982  Colombo ,35 years 294 days,St. Sebastians College,,Right-hand bat,Right-arm medium,,
Bamina Hannadige Amith Lakshitha Fernando,April 12  1987  Panadura ,30 years 361 days,Police Sports Club,,Right-hand bat,Right-arm offbreak,,
Biyagamage Manoj Prasanna Deshapriya Fernando,February 15  1981  Colombo ,37 years 52 days,Burgher Recreation Club ,Batsman,Right-hand bat,Right-arm medium-fast,Isipathana College  Colombo,
Bogahawattage Nirmal Danushka Fernando,September 2  1984  Colombo ,33 years 218 days,Panadura Sports Club,,Left-hand bat,Slow left-arm orthodox,,
Bodiyabaduge Oshada Piyumal Fernando,April 15  1992  Colombo ,25 years 358 days,Colts Cricket Club ,Batsman,Right-hand bat,Legbreak,St. Sebastian College  Moratuwa,
Busabaduge Sanjeewa Pradeep Fernando,October 17  1974  Colombo ,43 years 173 days,Kalutara Town Club,,Right-hand bat,Right-arm medium-fast,Kalutara Vidyalaya,
C Fernando,date unknown ,,Sebastianites Cricket and Athletic Club,,,,,
C Fernando,date unknown ,,Royal College,,,,,
C Fernando,date unknown ,,Kurunegala,,,,,
Caminda Fernando,date unknown ,,Sebastianites Cricket and Athletic Club,,Right-hand bat,,,
Chaminda Fernando,November 17  1970  Panadura ,47 years 142 days,Panadura Sports Club,,Right-hand bat,Right-arm offbreak,,
Chandana Fernando,date unknown ,,Antonians Sports Club,,,,,
Colombage Geethal Malinda Fernando,April 2  1997  Chilaw ,21 years 6 days,Sri Lanka Under-19s,,Right-hand bat,Right-arm fast-medium,St. Benadict's College  Colombo,
Chaminda Nishantha Fernando,October 31  1969  Colombo ,48 years 159 days,Sinhalese Sports Club,,Right-hand bat,Left-arm medium-fast,,
Congenige Randhi Dilhara Fernando,July 19  1979  Colombo ,38 years 263 days,Sri Lanka ,Bowler,Right-hand bat,Right-arm fast-medium,,
Chackrawarthige Ruchira Jayamal Fernando,May 13  1983  Colombo ,34 years 330 days,Ragama Cricket Club ,,Right-hand bat,Right-arm fast-medium,,
Charith Sylvester Fernando,December 30  1982  Badulla ,35 years 99 days,Basnahira South ,Wicketkeeper batsman,Left-hand bat,Right-arm offbreak,De Mazenod College  Kandana,
Conganige Sumal Chiranthana Fernando,October 25  1983  Wattala ,34 years 165 days,De Mazenod College,,Right-hand bat,Right-arm offbreak,,
D Fernando,date unknown ,,Sebastianites Cricket and Athletic Club,,,,,
Dinesh Fernando,date unknown ,,Nondescripts Cricket Club,,Right-hand bat,,,
Dunusha Fernando,date unknown ,,Schools Invitation XI,,,,,
Dilanka Maduranga P Gunawardena Fernando,October 14  1997  Colombo ,20 years 176 days,,,Right-hand bat,Right-arm medium-fast,Prince of Wales College  Moratuwa,
Dimantha Fernando,date unknown ,,,,,,,
Dinusha Dilruk Fernando,December 25  1990  Negombo ,27 years 104 days,Moors Sports Club,,Right-hand bat,Right-arm fast-medium,Isipathana College  Colombo,
Dhanushka Nadun Fernando,January 11  1979  Colombo ,39 years 87 days,Commercial Bank,,Right-hand bat,Right-arm fast-medium,,
Edirippulige Felician Mahinda Upul Fernando,June 8  1973  Ragama ,44 years 304 days,Antonians Sports Club ,Wicketkeeper batsman,Right-hand bat,Right-arm medium,St. Anthony's College  Wattala,
Edward Ranjit Fernando,February 22  1944  Colombo ,74 years 45 days,Ceylon ,,Right-hand bat,,Wicketkeeper,
Ellekutige Rufus Nemesion Susil Fernando,December 19  1955  Colombo ,62 years 110 days,Sri Lanka ,,Right-hand bat,,,
Premlal Fernando,date unknown ,,,,,,Umpire,
Fredrick Christopher Jerome Fernando,September 12  1979  Colombo ,38 years 208 days,Sri Lanka,,Left-hand bat,,Wicketkeeper,
Fabian Vivian Fernando,June 10  1995  Colombo ,22 years 302 days,Chilaw Marians Cricket Club,,Right-hand bat,Right-arm medium,St. Joseph's College  Colombo,
G Fernando,date unknown ,,Colts Cricket Club,,,,,
Gajath Fernando,September 13  1967  Colombo ,50 years 207 days,Sebastianites Cricket and Athletic Club,,Right-hand bat,,Wicketkeeper,
Gihan Arjuna Fernando,October 28  1980  Kandy ,37 years 162 days,Sebastianites Cricket and Athletic Club,,Left-hand bat,Right-arm medium-fast,,
Gadiyawasam Albrethulage Dinraj Hrarian Marian Fernando,May 16  1980  Colombo ,37 years 327 days,Burgher Recreation Club ,,Right-hand bat,Legbreak,,
Galage Chaminda Lakruwan Fernando,April 3  1980  Colombo ,38 years 5 days,Lankan Cricket Club ,Batsman,Right-hand bat,Right-arm offbreak,Moratuwa Maha Vidyalaya,
Guruge Charith Madushanka Fernando,August 18  1992  Panadura ,25 years 233 days,Moratuwa Sports Club ,,Left-hand bat,Right-arm medium-fast,St. Sebastians College  Moratuwa,
Guruge Laxsaka Osanka Fernando,July 7  1992  Panadura ,25 years 275 days,,Wicketkeeper,Right-hand bat,,Holy Cross College,
Gayani Surangika Fernando,June 28  1974  Dehiwala ,43 years 284 days,Colombo Young Women Cricket Club,,Left-hand bat,Right-arm fast-medium,,
Geekiyanage Shashika Chinthaka Fernando,January 20  1980  Kandy ,38 years 78 days,Kandy Cricket Club,,Right-hand bat,Right-arm medium,Wicketkeeper,
Geekiyanage Trevon Roshanth Fernando,November 28  1991  Chilaw ,26 years 131 days,Chilaw Marians Cricket Club,,Left-hand bat,Right-arm fast-medium,,
Harshika Fernando,date unknown ,,,,,,,
Hannadige Ashan Surantha Fernando,October 18  1982  Moratuwa ,35 years 172 days,,,Right-hand bat,Right-arm offbreak,St. Sebastian College  Motatuwa,
HAT Fernando,date unknown ,,St. Thomas College,,,,,
Hewadewage Buddika Dananjaya Fernando,February 13  1983  Moratuwa ,35 years 54 days,Prince of Wales College,Bowler,Right-hand bat,Right-arm offbreak,Prince of Wales College  Moratuwa,
Hettiyadura Gihan Shammika Prasanga Fernando,September 12  1980  Ragama ,37 years 208 days,Ragama Cricket Club ,,Right-hand bat,Right-arm offbreak,,
Hevana Hannedige Ashen Thushaka Fernando,July 9  1991  Moratuwa ,26 years 273 days,,,Right-hand bat,Legbreak,St. Thomas' College  Mt.Lavinia,
H Irwin Fernando,1929  Moratuwa ,,Ceylon,,Left-hand bat,,1974  Sri Lanka (aged 45 years) ,
Herbert I K Fernando,January 4  1933 ,85 years 94 days,Ceylon,,,,Wicketkeeper,
Horanage Manjula Prabath Fernando,September 17  1978  Moratuwa ,39 years 203 days,Moors Sports Club ,,Right-hand bat,Right-arm medium,,
HUD Fernando,date unknown ,,,,,,,
Imal Fernando,date unknown ,,St. Benedict's College,,,,,
Induruwage Asantha Chetana Fernando,January 28  1985  Borella ,33 years 70 days,Colts Cricket Club,,Right-hand bat,Right-arm medium,,
Iguruwaththage Kalidu Dilruk Fernando,date unknown ,,Chilaw Marians Cricket Club,,,,,
J E Mervyn Fernando,November 20  1906  Ceylon ,,Ceylon,,Right-hand bat,,March 29  1997  Melbourne  Victoria  Australia (aged 90 years 129 days) ,
Jude Nilantha Fernando,October 13  1980  Chilaw ,37 years 177 days,Chilaw Marians Cricket Club,,Right-hand bat,Right-arm fast-medium,,
K Fernando,date unknown ,,Ceylon,,,,,
Kasun Fernando,date unknown ,,Bloomfield Cricket and Athletic Club,,Left-hand bat,Slow left-arm orthodox,,
Kandana Arachchige Dinusha Manoj Fernando,August 10  1979  Panadura ,38 years 241 days,Sri Lanka ,,Right-hand bat,Right-arm fast-medium,Dinu,
Koruwage Chamley Fernando,October 23  1959  Colombo ,58 years 167 days,,,Right-hand bat,Right-arm medium,Sri Sumangala College,
Kaluhanadige Chinthaka Devinda Fernando,August 28  1975  Colombo ,42 years 223 days,Moratu Vidyalaya ,,Right-hand bat,Right-arm fast-medium,,
Koralagamage Gayan Dinusha Fernando,December 27  1985  Colombo ,32 years 102 days,Lankan Cricket Club ,Allrounder,Right-hand bat,Right-arm medium-fast,Panghananda Vidyalaya  Raddoluwa,
Korala Gamage Gayan Dinusha Fernando,December 27  1985  Colombo ,32 years 102 days,,,Right-hand bat,Right-arm fast-medium,,
Kandage Hasantha Ruwan Kumara Fernando,October 14  1979  Panadura ,38 years 176 days,Sri Lanka ,Allrounder,Right-hand bat,Right-arm medium-fast,Prince of Wales College  Moratuwa,
Kehelbaddarage Isuru Udakara Fernando,July 22  1984  Ragama ,33 years 260 days,Wesley College,,Right-hand bat,,Wicketkeeper,
Kariya Karawanage Suranga Sewindika Fernando,September 5  1981  Colombo ,36 years 215 days,St. Sebastians College,,Right-hand bat,Right-arm medium,,
Koruwage Lahiru Kasun Fernando,August 11  1982  Colombo ,35 years 240 days,Panadura Sports Club ,,Right-hand bat,,Wicketkeeper,
Kaluhennedige Lucky Rogers Fernando,September 13  1970  Moratuwa ,47 years 207 days,Moratuwa Sports Club ,,Right-hand bat,,Wicketkeeper,
Kurukulasuriya Mevan Joseph Patrick Fernando,March 16  1981  Negombo ,37 years 23 days,Seeduwa Raddoluwa Cricket Club ,Batsman,Right-hand bat,Slow left-arm orthodox,Maris Stella College  Negombo,
Kaludura Nadisha Chathuranga Fernando,February 18  1983  Colombo ,35 years 49 days,Bloomfield Cricket and Athletic Club ,,Right-hand bat,Right-arm offbreak,,
Kottasinghakkarage Nishan Madushka Fernando,September 10  1999  Moratuwa ,18 years 210 days,Moratu Vidyalaya ,,Right-hand bat,,Moratu Vidyalaya,
Kiriwellage Nuwan Sanahasa Fernando,June 27  1978  Marawila ,39 years 285 days,Chilaw Marians Cricket Club ,,Right-hand bat,Right-arm offbreak,,
Katchchakaduge Piyumini Shalika Fernando,October 3  1992  Ragama ,25 years 187 days,Lanka Women's Cricket Club,,Right-hand bat,Right-arm slow,,
Kodimarakkalage Rangika Sajeewani Fernando,December 6  1988  Kalubowila ,29 years 123 days,Colts Cricket Club Women ,,Right-hand bat,Right-arm offbreak,,
Kumaragewattage Suresh Kumar Fernando,August 31  1982  Panadura ,35 years 220 days,St. Benedict's College,,Right-hand bat,Right-arm medium,,
Kurukulasooriya Saumya Menaka Fernando,March 25  1983  Colombo ,35 years 14 days,St. Peters College,,Right-hand bat,Legbreak,,
Kulasuriyage Sajith Varuna Fernando,October 4  1991  Colombo ,26 years 186 days,Saracens Sports Club,Opening batsman,Left-hand bat,Slow left-arm orthodox,St. Benadics College,
Kandanaarachchige Trevin Anselem Fernando,August 31  1988  Panadura ,29 years 220 days,,,Right-hand bat,Right-arm medium-fast,,
Kumarage Wattage Chaturanga Malshan Fernando,September 30  1981  Colombo ,36 years 190 days,St. Sebastians College,,Right-hand bat,Slow left-arm chinaman,,
Lionel Fernando,date unknown ,,Ceylon,,,,,
L Fernando,date unknown ,,,,,,Umpire,
Lantra Jayantha Fernando,August 20  1956  Colombo ,,Moratuwa Sports Club ,,Right-hand bat,Right-arm medium-fast,June 23  2014  Moratuwa (aged 57 years 307 days) ,
Lukkuwaduge Janka Priyanath Fernando,June 18  1964  Moratuwa ,53 years 294 days,,,Right-hand bat,Legbreak googly,Prince of Wales College  Moratuwa,
Lakmal Laleendra Fernando,December 5  1980  Colombo ,37 years 124 days,Bloomfield Cricket and Athletic Club ,,Right-hand bat,Right-arm medium-fast,,
Leon Manil Pius Fernando,April 9  1983  Colombo ,34 years 364 days,Maris Stella College,,Right-hand bat,Slow left-arm orthodox,,
Liyanage Ranga Malinda Fernando,August 2  1977  Negombo ,40 years 249 days,Negambo Cricket Club,,Right-hand bat,Right-arm fast-medium,,
Lanka Haluge Samantha Fernando,March 27  1984  Chilaw ,34 years 12 days,Chilaw Marians Cricket Club,,Left-hand bat,Right-arm medium,5 ft 9 in ,
Miraj Fernando,September 17  1965 ,52 years 203 days,Panadura Sports Club,,,,,
M Fernando,date unknown ,,St. Thomas College,,,,,
Mark Allan Fernando,date unknown ,,Antonians Sports Club,,Left-hand bat,Right-arm medium,,
Merennage Akshu Prihan Fernando,March 11  1991  Panadura ,27 years 28 days,Colts Cricket Club ,,Right-hand bat,Right-arm offbreak,St.Peter's College,
Mihidukulasooriya Anthony Rukshan Shehan Fernando,May 15  1995  Wennappuwa ,22 years 328 days,Chilaw Marians Cricket Club ,Wicketkeeper batsman,Left-hand bat,,Joseph Vas College  Vennappuwa,
Muthuthanthri Basthiyange Milindu Pramesh Kumudusiri Fernando,November 7  1986  Panadura ,31 years 152 days,Moratuwa Sports Club,Bowler,Right-hand bat,Legbreak,Moratuwa Maha Vidyalaya,
M Charles Fernando,date unknown ,,,,,,,
Muthuthanthirige Charles Asanka  Fernando,March 31  1987  Kegalle ,31 years 8 days,,,Right-hand bat,Right-arm medium-fast,,
Muthuthantrelage Chandana Kushantha Fernando,January 29  1983  Anuradhapura ,35 years 69 days,Tamil Union Cricket and Athletic Club,,Right-hand bat,Right-arm fast-medium,,
Mahawaduge Charinda Roshan Fernando,November 3  1977  Colombo ,40 years 156 days,Antonians Sports Club ,,Right-hand bat,Right-arm offbreak,,
Mutunama Gonnege Damian Clode Kithsiri Fernando,February 18  1982  Marawila ,36 years 49 days,Italy ,,Right-hand bat,Right-arm fast-medium,,
Muthunama Gonnage Prabhath Channa Fernando,June 11  1988  Chilaw ,29 years 301 days,Negambo Cricket Club,,Right-hand bat,,Maris Stella College  Negombo,
MHM Fernando,date unknown ,,Panadura Sports Club,Allrounder,Right-hand bat,Right-arm medium,Coach,
Manthri Hewage Romesh Mahinda Fernando,September 29  1977  Colombo ,40 years 191 days,Colombo Cricket Club ,,Right-hand bat,Right-arm medium,,
Maddumage Indika Amitha Kirthi Fernando,April 18  1976  Colombo ,41 years 355 days,Panadura Sports Club,,Left-hand bat,Right-arm offbreak,,
Mahen J B Fernando,date unknown ,,Antonians Sports Club ,,,,,
Madhappuliarchchige Jude Dilip Kumar Fernando,May 13  1982  Colombo ,35 years 330 days,St. Sebastians College,,Right-hand bat,Slow left-arm orthodox,,
Malmalabaduge Kasun Dilshantha Fernando,May 30  1991  Colombo ,26 years 313 days,Moratuwa Sports Club,Batsman,Left-hand bat,Right-arm offbreak,St. Sebastian's College  Moratuwa,
Maddumage Lilan Anuruddha Fernando,July 27  1989  Ratnapura ,28 years 255 days,Seeduwa Raddoluwa Cricket Club ,,Right-hand bat,Right-arm fast-medium,,
Mandadige Lahiru Sanjaya Madushan Parakrama Fernando,January 11  1994  Panadura ,24 years 87 days,Bloomfield Cricket and Athletic Club,,Right-hand bat,Legbreak,,
Muthuthantige Madushan Sanjeewa Fernando,August 17  1983  Colombo ,34 years 234 days,Sebastianites Cricket and Athletic Club,,Right-hand bat,,Wicketkeeper,
Manoja Nishani Fernando,December 23  1981  Colombo ,36 years 106 days,Moratuwa Sports Club Women,,Left-hand bat,Slow left-arm orthodox,,
Muthuthanthirige Nuwanidu Keshawa Fernando,October 13  1999  Colombo ,18 years 177 days,Panadura Sports Club,,Right-hand bat,Right-arm offbreak,St. Sebastian College  Moratuwa,
Manamsatambiralalage Nirmal Shanaka Fernando,July 24  1995  Kaluthara ,22 years 258 days,Sri Lanka Army,,Right-hand bat,Left-arm bowler,Hollycross College  Kaluthara,
Muthuthanthrige Pubudu Hasanka Fernando,August 14  1991  Panadura ,26 years 237 days,Moratuwa Sports Club,Batsman,Right-hand bat,Right-arm medium-fast,Royal College  Panadura,
Mandadege Rasika Fernando,January 25  1984  Panadura ,34 years 73 days,Panadura Sports Club,,Right-hand bat,Legbreak,,
Meritas Randeepa Fernando,February 2  1997  Marawila ,21 years 65 days,St. Sebastians College Katuneriya,,Right-hand bat,Left-arm medium-fast,St. Sebastians College  Katuneriya,
Marlon Sylvester Denholm Fernando,December 31  1976  Colombo ,41 years 98 days,United Arab Emirates ,,,,,
Moratuwage Sanjaya Devapriya Fernando,December 25  1988  Colombo ,29 years 104 days,Chilaw Marians Cricket Club ,,Right-hand bat,Right-arm offbreak,,
Magage Sampath Kaushal Fernando,October 15  1982  Colombo ,35 years 175 days,Panadura Sports Club,,Right-hand bat,,Wicketkeeper,
Mututhanthrge Saman Nishantha Fernando,May 18  1985  Colombo ,32 years 325 days,Colts Cricket Club ,,Right-hand bat,Right-arm offbreak,,
Maddumage Sujith Sriyantha Fernando,November 22  1978  Panadura ,39 years 137 days,Panadura Sports Club,,Left-hand bat,Right-arm medium,,
Muthuthatrige Tharindu Dhananjaya Fernando,June 14  1984  Panadura ,33 years 298 days,Nondescripts Cricket Club ,,Left-hand bat,Left-arm fast-medium,,
Mandadige Tharanga Priyadharshana Fernando,November 20  1981  Panadura ,36 years 139 days,Moors Sports Club ,Allrounder,Right-hand bat,Right-arm offbreak,St. John's College  Panadura,
Maddumage Tharindu Thushan Fernando,October 9  1989  Panadura ,28 years 181 days,Colts Cricket Club ,,Left-hand bat,Right-arm offbreak,Wicketkeeper,
Muthuthanthrige Vishwa Thilina Fernando,September 18  1991  Colombo ,26 years 202 days,Sri Lanka ,Bowler,Right-hand bat,Left-arm medium-fast,St. Sebastians College  Moratuwa,
Nilaksha Brian Fernando,June 3  1992  Panadura ,25 years 309 days,St. Thomas College,,Right-hand bat,Right-arm fast-medium,St.Thomas' College  Mt. Lavinia,
N Fernando,date unknown ,,Kandy Youth Cricket Club,,,,,
Nishantha Fernando,February 8  1970 ,48 years 59 days,Moratuwa Sports Club,,,Right-arm bowler,,
Navod Fernando,date unknown ,,,Wicketkeeper,Right-hand bat,,S. Thomas' College  Mt. Lavinia,
Nilmini Herosha Fernando,November 29  1973  Nattandiya ,44 years 130 days,Slimline Sport Club,,Right-hand bat,Right-arm medium,,
Nirodha Lakshan Fernando,February 12  1996  Marawila ,22 years 55 days,St. Sebastians College Katuneriya,,Left-hand bat,Right-arm medium,St. Sebastians College Katuneriya,
Nigel Prince Fernando,March 20  1972  Colombo ,46 years 19 days,Moors Sports Club,,Left-hand bat,,Wicketkeeper,
NV Fernando,date unknown ,,Sri Lanka Young Cricketers,,,,Wicketkeeper,
Ostin Fernando,date unknown ,,,,,,Umpire,
Prageeth Fernando,date unknown ,,St. Benedict's College,,,,,
Prasad Fernando,date unknown ,,Antonians Sports Club,,,,,
Prasanna Fernando,January 10  1961  Moratuwa ,57 years 88 days,Moratuwa Sports Club,,Right-hand bat,Right-arm offbreak,,
Payagalage Charith Mihiran Fernando,October 7  1987  Colombo ,30 years 183 days,Moratuwa Sports Club ,Bowler,Right-hand bat,Right-arm medium-fast,St. Sebastians College  Moratuwa,
Pallidora Hewage Muditha Gayan Fernando,September 9  1980  Dehiwala ,37 years 211 days,Burgher Recreation Club ,Wicketkeeper batsman,Right-hand bat,,Isipathana College  Colombo,
Peirisge Rasun Buddika Fernando,July 11  1982  Negombo ,35 years 271 days,Maris Stella College,,Right-hand bat,Right-arm medium-fast,,
Poratotage Kamal Ranjan Prasad Fernando,March 7  1979  Negombo ,39 years 32 days,Antonians Sports Club ,,Right-hand bat,Right-arm offbreak,,
Palliya Madinage Sumith Marlon Fernando,February 12  1988  Colombo ,,Sri Lanka Air Force Sports Club,Wicketkeeper batsman,Right-hand bat,,Prince of Wales College  Moratuwa,
Palamandadige Nayana Priyanjana Fernando,October 14  1988  Panadura ,29 years 176 days,Moratuwa Sports Club ,Batsman,Right-hand bat,Legbreak,Prince of Wales College  Moratuwa,
Pasanna Pradeep Kumara,June 3  1982  Maradana ,35 years 309 days,De Mazenod College,,Right-hand bat,Right-arm fast-medium,,
Palamandadige Pradeep Vishantha Fernando,date unknown ,,,,,,Umpire,
Palamandadige Pradeep Vishantha Fernando,date unknown ,,,,,,Umpire,
Palamandadige Pradeep Vishantha Fernando,date unknown ,,,,,,Umpire,
Pattage Rangana Thushara Fernando,September 16  1977  Colombo ,40 years 204 days,Police Sports Club,,Left-hand bat,Right-arm medium,Wicketkeeper,
Priyanka Shenal Fernando,November 16  1981  Colombo ,36 years 143 days,St. Peters College,,Right-hand bat,Right-arm bowler,,
Porathotage Sheshan Udara Fernando,November 13  1999  Marawila ,18 years 146 days,Chilaw Marians Cricket Club,,Right-hand bat,Right-arm medium-fast,,
Palamandadige Thilak Surendrasiri Fernando,March 28  1967  Panadura ,51 years 11 days,Saracens ,,Right-hand bat,Right-arm offbreak,,
Payagala Waduge Lahiru Ruchira Fernando,May 25  1986  Colombo ,31 years 318 days,Sebastianites Cricket and Athletic Club,,Right-hand bat,Right-arm fast-medium,,
Roshani Fernando,July 22  1994  Kuliyapitiya ,23 years 260 days,Kurunegala Youth Cricket Club Women,,Right-hand bat,,,
Ravindu Fernando,November 3  1999 ,18 years 156 days,Maris Stella College,,,,Maris Stella College  Negombo,
Warnakula Suriya Kuranage Anton Roshen Fernando,February 4  1997  Vennappuwa ,21 years 63 days,Nondescripts Cricket Club,,Right-hand bat,Right-arm medium-fast,St. Joseph's Vaz College  Vennappuwa,
Randeva Fernando,date unknown ,,Moratuwa Sports Club,,Right-hand bat,Right-arm offbreak,,
Robert Fernando,1913  Ceylon ,,Ceylon,,,,1965  Ceylon (aged 52 years) ,
Rahal Avishka Fernando,October 2  1997  Colombo ,20 years 188 days,,,Right-hand bat,Right-arm offbreak,Ananda College  Colombo,
Roshan Krishmantha Fernando,April 21  1997  Marawila ,20 years 352 days,St. Sebastians College Katuneriya,,Right-hand bat,Slow left-arm orthodox,St. Sebastians College Katuneriya,
RL Fernando,date unknown ,,,,,,Umpire,
Radhive Malintha Fernando,July 12  1983  Colombo ,34 years 270 days,Sinhalese Sports Club,,Right-hand bat,Legbreak,,
Roshan Priyashantha Jayasinghe Fernando,September 30  1982  Ragama ,35 years 190 days,De Mazenod College,,Right-hand bat,Right-arm medium,,
Sajan Fernando,date unknown ,,,,Right-hand bat,Right-arm medium,,
Palamandadige Shasheen Wishmaal Fernando,January 1  1994  Wellawatte ,24 years 97 days,Panadura Sports Club,,Left-hand bat,Right-arm offbreak,St.Peter's College  Colombo,
S Fernando,date unknown ,,NIB Management,,,,,
Galwarige Saminda Maduranga Fernando,June 8  1996  Moratuwa ,21 years 304 days,Ragama Cricket Club,Wicketkeeper,Right-hand bat,Right-arm offbreak,Moratu Vidyalaya,
Sanath Fernando,June 29  1969  Moratuwa ,48 years 283 days,Old Cambrians Sports Club ,,Right-hand bat,Right-arm bowler,,
Sarath Fernando,1945  Ceylon ,,Sri Lanka,,,,August 13  1990  Sri Lanka (aged 45 years) ,
Sujith Fernando,date unknown ,,Panadura Sports Club,,Left-hand bat,Right-arm medium,,
Sunil Fernando,1945  Ceylon ,73 years,Ceylon,,,,,
Suresh Fernando,April 30  1964  Negombo ,53 years 343 days,Sri Lanka Air Force Sports Club,,Right-hand bat,Right-arm offbreak,,
Susil Fernando,date unknown ,,Colts Cricket Club,,,,,
Muthuthanthrige Sathira Tivanka Fernando,August 11  1984  Colombo ,33 years 240 days,Burgher Recreation Club ,,Right-hand bat,Right-arm medium,,
Sachin Fernando,date unknown ,,,,,,,
Shiran Anurudha Fernando,May 4  1993  Colombo ,24 years 339 days,Colts Cricket Club,,Right-hand bat,Right-arm medium-fast,,
Samarasinghe Arachchige Laknath Jayalath Fernando,December 22  1977  Colombo ,40 years 107 days,Sebastianites Cricket and Athletic Club,,Right-hand bat,Right-arm offbreak,Laknath,
Sampathwaduge Anuk Nimantha Jude Fernando,August 1  1995  Colombo ,22 years 250 days,Bloomfield Cricket and Athletic Club ,Allrounder,Left-hand bat,Left-arm medium-fast,St.Sebastian’s College  Moratuwa,
Sayakkarage Anjula Prasanjith Fernando,February 1  1997  Badulla ,21 years 66 days,Badulla &amp; Monaragala Combine Schools,,Right-hand bat,Right-arm offbreak,Royal College,
Sudthehewage Champika Uditha Kumara Fernando,January 11  1980  Meegoda ,38 years 87 days,Antonians Sports Club,,Left-hand bat,Right-arm medium,,
Sham Eran Chathuranga Fernando,January 20  1987  Kandana ,31 years 78 days,Ragama Cricket Club ,Wicketkeeper batsman,Right-hand bat,,De Mazenod College  Kandana,
Sellaperumage Earl Dilip Ruwan Fernando,March 10  1977  Kalutara ,41 years 29 days,Panadura Sports Club ,,Left-hand bat,Legbreak,Umpire  Coach,
Sugandika Gimhani Fernando,August 4  1997  Chilaw ,20 years 247 days,Shakthi Ladies,,Right-hand bat,Right-arm medium,Camel BMV,
Sehan Hans Fernando,December 4  1986  Colombo ,31 years 125 days,Sinhalese Sports Club ,Batsman,Right-hand bat,Right-arm medium,St. Peter's College  Colombo,
Shalith Himalsha Fernando,August 23  1999  Colombo ,18 years 228 days,St. Anthony's College (Watthala),,Right-hand bat,,St.Anthony'College  Wattala,
Shehan Ian Fernando,April 14  1993  Dambadeniya ,24 years 359 days,Colts Cricket Club ,,Right-hand bat,Right-arm offbreak,St. Peter's College  Colombo,
Sajith Ian Fernando,September 27  1972  Kandy ,45 years 193 days,Central Province ,Allrounder,Left-hand bat,Right-arm offbreak,St. Anthony's College  Kandy,
Sumudu Ishari Fernando,February 8  1982  Colombo ,36 years 59 days,Palink School of Cricket,,Right-hand bat,Right-arm bowler,,
Sirikkattuduwage Inoshi Priyadharshani Fernando,March 23  1987  Colombo ,31 years 16 days,Basnahira Province Women ,,Right-hand bat,Right-arm offbreak,,
S K Kusal Danushka Fernando,November 8  1998  Kalutara ,19 years 151 days,Kalutara Vidyalaya,,Right-hand bat,Right-arm offbreak,Kalutara Vidyalaya,
SL Fernando,date unknown ,,,,,,,
Sampathwaduge Lahiru Sithpriya Fernando,May 27  1988  Negombo ,29 years 316 days,Sebastianites Cricket and Athletic Club ,,Right-hand bat,Legbreak,,
Sigappulige Nuwan Darshana Fernando,July 7  1986  Kalubowila ,31 years 275 days,Police Sports Club,,Left-hand bat,Right-arm medium-fast,,
Suriyaarachchige Nirmada Hansini Fernando,June 7  1991  Panadura ,26 years 305 days,Moratuwa Sports Club Women,,Right-hand bat,Right-arm medium-fast,,
Sheron Yomal Fernando,December 28  1996  Marawila ,21 years 101 days,St. Sebastians College Katuneriya,,Left-hand bat,Slow left-arm orthodox,St. Sebastians College Katuneriya,
Travis Fernando,date unknown ,,Antonians Sports Club,,,,,
Thudellage Charitha Buddhika Fernando,August 22  1980  Panadura ,37 years 229 days,Sri Lanka ,Allrounder,Right-hand bat,Right-arm fast-medium,St. John's College  Panadura,
Thewarathanthrige Chamika Sansaka Fernando,April 21  1995  Colombo ,22 years 352 days,Panadura Sports Club,,Left-hand bat,Right-arm offbreak,Wadduwa Central College  Prince of Wells College  Moratuwa,
T J Fernando,date unknown ,,Kalutara Physical Culture Club,,,,,
Thewarathantrige Lalithamana Fernando,December 27  1962 ,55 years 102 days,Sri Lanka ,,Right-hand bat,Right-arm medium,,
Thotahewaralalage Lahiru Dinesh Fernando,January 3  1989  Panadura ,29 years 95 days,,,Right-hand bat,Right-arm medium,St. Sebastian College  Moratuwa,
Tharindu P Fernando,date unknown ,,Kalutara Town Club,,,,,
Tothebevage Romesh Rukantha Fernando,November 19  1991  Kaluthara ,26 years 140 days,,,Right-hand bat,Right-arm medium-fast,Holy Cross College,
Umesh Ghotabaya Fernando,September 23  1992  Colombo ,25 years 197 days,St. Thomas College,,Right-hand bat,Right-arm offbreak,St.Thomas' College  Mt.Lavinia,
Upekha Ashantha Fernando,December 17  1979  Colombo ,38 years 112 days,Sinhalese Sports Club,,Right-hand bat,Right-arm bowler,,
Ungi Handadilage Dinesh Fernando,May 19  1988  Panadura ,29 years 324 days,Moratuwa Sports Club,,Right-hand bat,Right-arm bowler,,
Uswatta Liyanage Dilum Manjula Fernado,December 28  1980  Moratuwa ,37 years 101 days,Sri Lanka Air Force Sports Club,,Left-hand bat,Right-arm medium,,
Uswatta Liyanage Kalum Deshapriya Fernando,May 28  1979  Dehiwala ,38 years 315 days,Nondescripts Cricket Club ,Batsman  Batsman,Right-hand bat  Right-hand bat,Right-arm medium-fast  Right-arm medium-fast,Prince of Wales College  Moratuwa,
Ungamandadige Nisal Kumudusiri Fernando,March 10  1970  Colombo ,48 years 29 days,Sri Lanka ,,Right-hand bat,,Wicketkeeper,
Ungamandadige Savinda Milan Fernando,August 27  1988  Colombo ,29 years 224 days,Sinhalese Sports Club,Bowler,Left-hand bat,Slow left-arm orthodox,St. Thomas' College  Mt.Lavinia,
V Fernando,date unknown ,,AP Institute of Information Technology,,,,,
Virosh Anthony Fernando,March 2  1982  Colombo ,36 years 37 days,St. Benedict's College,,Left-hand bat,Right-arm fast-medium,,
Vinod Ashen Fernando,October 8  1994  Sri Jayawardenepura ,23 years 182 days,St. Sebastians College Katuneriya,,Left-hand bat,Right-arm medium-fast,St. Sebastians College Katuneriya,
Vijayapurage Charith Chathuranga Fernando,July 15  1988  Colombo ,29 years 267 days,Saracens Sports Club,,Right-hand bat,Right-arm medium,,
Vasantha Kumar Fernando,September 26  1965 ,52 years 194 days,Sri Lanka Under-19s,,Right-hand bat,Left-arm fast-medium,,
Waruna Fernando,date unknown ,,St. Benedict's College,,,,,
Wasanthalal Fernando,August 31  1961  Colombo ,56 years 220 days,Moors Sports Club,,Left-hand bat,,Wicketkeeper,
Wirantha Fernando,February 6  1959 ,,Colts Cricket Club ,,Right-hand bat,,April 17  2000 (aged 41 years 71 days) ,
Wickramasuriya Amila Fernando,August 31  1982  Wennappuwa ,35 years 220 days,Chilaw Marians Cricket Club,,Right-hand bat,Legbreak,,
WAPD Fernando,date unknown ,,,,,,,
Warnakula Arachchige Pemlal Fernando,December 27  1957  Moratuwa ,60 years 102 days,Colts Cricket Club ,,Right-hand bat,Legbreak,Prince of Wales College  Moratuwa,
Weerahannadige Anoj Tharanga Fernado,November 14  1983  Moratuwa ,34 years 145 days,Singha Sports Club,Opening batsman,Right-hand bat,Right-arm medium-fast,Anoj Tharanga,
Warnakulasooriya Berney Verney Rangika Fernando,March 30  1981  Colombo ,37 years 9 days,Colts Cricket Club Women ,,Right-hand bat,Right-arm offbreak,,
Wedige Bimsara Yasalal Fernando,November 13  1969  Panadura ,48 years 146 days,Sri Lanka Navy Sports Club,,Right-hand bat,Right-arm fast-medium,,
Waduge Chathuranga Devapriya Fernando,October 22  1991  Panadura ,26 years 168 days,Panadura Sports Club,,Right-hand bat,Right-arm medium-fast,St.Anthonie's College  Panadura,
Wannakawatiawadune Hiruka Dilani Fernando,September 30  1976  Moratuwa ,41 years 190 days,Colts Cricket Club Women ,,Left-hand bat,Slow left-arm orthodox,Sister - ,
Welisarage Harsha Lahiru Denuwan Fernando,February 26  1989  Beruwala ,29 years 41 days,Bloomfield Cricket and Athletic Club ,,Right-hand bat,Right-arm fast-medium,,
Warsha Hnaduge Namal Jayalath Fernando,January 14  1979  Panadura ,39 years 84 days,Antonians Sports Club ,,Right-hand bat,Right-arm medium,,
Weerahandige Inol Avishka Fernando,April 5  1998  Wadduwa ,20 years 3 days,Sri Lanka ,,Right-hand bat,Right-arm medium-fast,St. Sebastian's College  Moratuwa,
Weerahannadige Ishara Kanishka Fernando,April 27  1990  Colombo ,27 years 346 days,Moratuwa Sports Club,,Left-hand bat,,,
Warnakula Jayasuriya Gunawardene Sellapperumage Sumudu Isari Fernando,February 8  1981  Colombo ,37 years 59 days,Palink Sports Club ,Allrounder,Right-hand bat,Right-arm medium,Sumudu Isari Fernando,
Weerahannadige Janaka Malinda Fernando,May 31  1983  Moratuwa ,34 years 312 days,St. Sebastians College,,Left-hand bat,Right-arm offbreak,,
Weerawarne Kurukulasuriya Busabadhuge Kasun Geethange Fernando,January 31  1984  Kalutara ,34 years 67 days,Kaluthara Maha Vidyalaya,,Right-hand bat,Slow left-arm orthodox,,
Warnakulasooriya Kavindu Irosh Fernando,May 27  1999  Marawila ,18 years 316 days,Chilaw Marians Cricket Club,,Left-hand bat,,St. Sebastians College  Katuneriya,
Weerahannadige Lasith Priyamal Fernando,April 8  1983  Colombo ,35 years 0 days,Nondescripts Cricket Club ,Batsman,Right-hand bat,Right-arm offbreak,St. Sebastians College  Moratuwa,
Waduge Malintha Sri Fernando,December 8  1990  Colombo ,27 years 121 days,Wesley College,,Right-hand bat,Right-arm offbreak,,
Welisarage Nilanka Amal Fernando,March 8  1985  Colombo ,33 years 31 days,Colts Cricket Club,,Left-hand bat,Legbreak,,
Weerahannadige Niroshan Lakmal Fernando,November 28  1987  Colombo ,30 years 131 days,Moratuwa Sports Club ,Wicketkeeper batsman,Right-hand bat,,St. Sebastians College  Moratuwa,
Weerahannedige Malray Nuwan Fernando,November 19  1981  Kurunegala ,36 years 140 days,Wesley College,,Left-hand bat,,,
Weerakandabaduge Nuwan Udara Fernando,July 28  1985  Colombo ,32 years 254 days,Seeduwa Raddoluwa Cricket Club,,Left-hand bat,Right-arm offbreak,,
Warnakulasuriya Praveen Suresh Fernando,December 10  1994  Negombo ,23 years 119 days,Badureliya Sports Club ,,Left-hand bat,Right-arm offbreak,St.Peter's College  Negombo,
Wesley Rasika Fernando,December 3  1977  Colombo ,40 years 126 days,Moors Sports Club ,Wicketkeeper batsman,Right-hand bat,Right-arm offbreak,Prince of Wales College  Moratuwa,
Warnakulasuriya Roshen Chanura Fernando,March 28  1992  Negombo ,26 years 11 days,,,Right-hand bat,Right-arm medium,Joseph's Vas College  Chilaw,
Warnakolasooriya Rose Priyanka Fernando,July 28  1979  Wennappuwa ,38 years 254 days,Kurunegala Youth Cricket Club Women ,,Right-hand bat,Right-arm offbreak,Sister - ,
Weerahannadige Sohan Harshana Fernando,January 22  1980  Panadura ,38 years 76 days,Sebastianites Cricket and Athletic Club,,Right-hand bat,Right-arm fast-medium,,
Waduge Sadeep Priyamal Fernando,July 31  1989  Panadura ,28 years 251 days,Sebastianites Cricket and Athletic Club,,Right-hand bat,Right-arm medium-fast,,
Waduge Suranga Thushara Fernando,September 18  1982  Panadura ,35 years 202 days,Moratuwa Sports Club ,,Right-hand bat,Legbreak,,
Weerahannadige Vimukthi Kaushal Fernando,September 20  1991  Panadura ,26 years 200 days,,,Right-hand bat,Right-arm medium-fast,Sri Sumangala College,
WWA Fernando,date unknown ,,,,,,,
Wannakuwatte Waduge Anjula Imantha Fernando,July 5  1992 ,25 years 277 days,St. Thomas College,Batsman,Right-hand bat,,,
Warnakulasuriya Weerakoon Arachchige Asantha Lakmalka Fernando,September 25  1978  Marawila ,39 years 195 days,Chilaw Marians Cricket Club,,Right-hand bat,Right-arm medium,,
Wannakuwatta Waduge Chamesh Sanka Fernando,March 1  1989  Colombo ,29 years 38 days,Moratuwa Sports Club ,Allrounder,Right-hand bat,Right-arm offbreak,Prince of Wales College  Moratuwa,
Wennakuwatta Waduge Rangiksha Lakshan Fernando,February 13  1982  Colombo ,36 years 54 days,Ananda College ,,Left-hand bat,Legbreak,,
Wannakuwatta Waduge Suresh Tharaka Fernando,June 7  1986  Kalutara ,31 years 305 days,Sri Lanka Army Sports Club,,Right-hand bat,Right-arm offbreak,Holy Cross College  Kalutara,
Yohan Shanaka Fernando,August 29  1988  Colombo ,29 years 222 days,Nondescripts Cricket Club ,,Right-hand bat,,,
Jency Fernandopulle,October 5  1981  Negombo ,36 years 185 days,Colts Cricket Club Women,,Right-hand bat,Right-arm offbreak,,
Jehan Anthony Fernandopulle,October 5  1999  Colombo ,18 years 185 days,,,Right-hand bat,Right-arm offbreak,St Joseph's College  Colombo,
Shanik Priyadarshani Fernandopulle,November 17  1984  Dankotuwa ,33 years 142 days,Vimukthi Cricket Club,,Right-hand bat,,,
Mohomed Feshal,April 7  1989  Kandy ,29 years 1 days,Sri Lanka Under-19s,,Right-hand bat,Right-arm offbreak,St. Sylvester's College  Kandy,
SPJ Flemin,June 9  1998  Jaffna ,19 years 303 days,,,Right-hand bat,Right-arm offbreak,St John's College  Jaffna,
Sebamalaipillai Jeni Flemin,June 9  1998  Jaffna ,19 years 303 days,,,Left-hand bat,,St. John's College  Jaffna,
Chamal Fonseka,July 20  1990 ,27 years 262 days,St. Thomas College,,Left-hand bat,Slow left-arm orthodox,,
Dinal James Fonseka,date unknown ,,Royal Institute of Colombo,,,,,
Hewa Fonsekage Mohan Fonseka,June 5  1987  Panadura ,30 years 307 days,Panadura Sports Club,,Left-hand bat,Right-arm offbreak,Sri Sumangala College  Panadura,
Hewa Fonsekage Madhawa Sakuranga Fonseka,March 2  1993  Panadura ,25 years 37 days,Panadura Sports Club,,Left-hand bat,Right-arm offbreak,Sri Sumangala College  Panadura,
Hasantha Lahiru Fonseka,April 22  1982  Colombo ,35 years 351 days,St. Anthony's College,,Right-hand bat,Right-arm fast-medium,,
Hewafonsekage Saman Surendra Fonseka,July 8  1969  Kalutara ,48 years 274 days,Galle Cricket Club ,,Right-hand bat,Right-arm offbreak,Referee,
KAD Fonseka,date unknown ,,NIB Management,,,,,
Kaluthara Wedage Ashen Dimantha Fonseka,October 22  1992  Colombo ,25 years 168 days,Saracens Sports Club,,Right-hand bat,Right-arm offbreak,Wesley College  Colombo,
Nishal Fonseka,date unknown ,,St. Benedict's College,,,,,
PL Prabath Fonseka,December 9  1981  Colombo ,36 years 120 days,Sinhalese Sports Club,,Right-hand bat,Right-arm medium-fast,,
Piramanasinghe Shantha Roshan Fonseka,September 28  1975  Negombo ,42 years 192 days,Antonians Sports Club ,,Left-hand bat,Left-arm fast-medium,,
R Fonseka,date unknown ,,Colts Cricket Club,,,,,
Shiranka Fonseka,October 1  1974  Colombo ,43 years 189 days,Sebastianites Cricket and Athletic Club,,,Right-arm medium,,
Shewon Priyesha Fonseka,July 9  1998  Colombo ,19 years 273 days,,Wicketkeeper,Right-hand bat,,St Joseph's College  Colombo,
Wanniachachige Gayan Dimuth Fonseka,July 11  1984  Colombo ,33 years 271 days,Sri Lanka Air Force Sports Club,Bowler,Right-hand bat,Right-arm medium,President's College  Maharagama,
Widanalage Mohan Buddhika Fonseka,June 26  1982  Colombo ,35 years 286 days,Ananda College,,Right-hand bat,,,
Mohamed Adhil Fouz,March 22  1981  Galle ,37 years 17 days,Colombo Cricket Club,,Left-hand bat,Right-arm medium-fast,,
Kandiah Thirugnansampandapillai Francis,October 15  1939  Kegalle ,,Railway Sports Club,,Right-hand bat,Right-arm medium,Umpire,
Winaya Gamage Chaminda Suresh Jude Francis,July 12  1979  Colombo ,38 years 270 days,Moratuwa Sports Club ,,Right-hand bat,Slow left-arm orthodox,,
Nisal Aparna Francisco,July 1  1997  Colombo ,20 years 281 days,Ananda College ,,Left-hand bat,Legbreak,Ananda College  Colombo,
F Franklington,September 16  1996  Jaffna ,21 years 204 days,,,Right-hand bat,Right-arm medium-fast,St Patrick's College  Jaffna,
Leo Kane Fransisco,October 31  1994  Kurunegala ,23 years 159 days,Kurunegala Youth Cricket Club,Wicketkeeper batsman,Left-hand bat,,Maliyadeva College  Kurunegala,
Norton Fredrick,November 14  1937  Wattala ,,Ceylon ,,Right-hand bat,Right-arm fast-medium,Referee,
Mohamed Abdal Hassain Fuard,December 6  1936  Ceylon ,,Ceylon,,Right-hand bat,Right-arm offbreak,July 28  2012  Colombo (aged 75 years 235 days) ,
Warnakulasuriya Weerakoon Arachchige Kalyana Rathnapriya Fernando,February 18  1989  Chilaw ,29 years 49 days,Police Sports Club,,Right-hand bat,Slow left-arm orthodox,Embilipitiya Maha Vidyalaya,
Dilan Gangoda,date unknown ,,,,,,,
Arulanantham Ghanamirthan,September 20  1996  Jaffna ,21 years 200 days,Jaffna Combine Schools,,Right-hand bat,Legbreak,St.John's College,
S Gajalakshan,December 20  1998 ,19 years 109 days,Up Country Combined Schools,,Right-hand bat,Right-arm offbreak,,
Malintha Krishantha Gajanayake,October 5  1980  Colombo ,37 years 185 days,Basnahira North ,Allrounder,Right-hand bat,Right-arm offbreak,D. S. Senanayake College  Colombo,
Tharanga Isuri Gajanayake,March 21  1984  Colombo ,34 years 18 days,Colts Cricket Club Women ,,Left-hand bat,Right-arm bowler,,
Kaushalya Pramod Gajasinghe,November 19  1991  Galle ,26 years 140 days,Galle Cricket Club ,Allrounder,Left-hand bat,Right-arm offbreak,Mahinda College  Galle,
Jeewan Gajaweera,date unknown ,,Burgher Recreation Club,,Right-hand bat,,Wicketkeeper,
Sajeewani Inoka Galagedara,July 17  1977  Colombo ,40 years 265 days,Colombo Young Women Cricket Club ,,Right-hand bat,Right-arm fast-medium,,
Ekanayake Mudiyanselage Indika Galagoda,July 29  1974  Kandy ,43 years 253 days,Bloomfield Cricket and Athletic Club ,,Right-hand bat,,Wicketkeeper,
J M G L Wenuka  Galahitiyawa,November 13  1996  Kandy ,21 years 146 days,Dharmaraja College,,Left-hand bat,Legbreak,Dharmaraja College  Kandy,
NC Galappathi,date unknown ,,AP Institute of Information Technology,,,,,
Chaminda Ruwan Prasad Galappathy,January 30  1978  Galle ,40 years 68 days,Galle Cricket Club ,,Left-hand bat,Right-arm offbreak,,
Rohan Chaminda Galappathy,August 14  1974  Panadura ,43 years 237 days,Panadura Sports Club ,,Right-hand bat,,,
Sahan Nadeera Galappathy,October 26  1982  Colombo ,35 years 164 days,Lankan Cricket Club ,,Left-hand bat,Legbreak,,
W Galappathy,date unknown ,,Southern Province,,,,,
Anuruddha Gallage,March 24  1982  Colombo ,36 years 15 days,St. Peters College,,Right-hand bat,Right-arm bowler,,
C Wimal Gallage,December 11  1974  Hikgurakgoda ,43 years 118 days,,,,,Central College Minneriya,
Harshani Gallage,October 15  1979  Modara ,38 years 175 days,Colts Cricket Club Women ,,Right-hand bat,Legbreak,Central College  Katuduwa,
Gallage Indeera Madhubhashana,April 30  1994  Galle ,23 years 343 days,Galle Cricket Club,,Left-hand bat,Right-arm medium,Mahinda College  Galle,
Indika Sanjeewa Gallage,November 22  1975  Panadura ,42 years 137 days,Sri Lanka ,,Right-hand bat,Right-arm fast-medium,,
JH Gallage,date unknown ,,SAI Technology &amp; Medicine,,,,,
Saminda Gallage,January 3  1984  Colombo ,34 years 95 days,Nondescripts Cricket Club ,Allrounder,Right-hand bat,Right-arm offbreak,St. Peter's College  Colombo,
Sagara Sisira Kumara Gallage,December 10  1964  Kurunegala ,53 years 119 days,Saracens ,,Right-hand bat,Right-arm fast-medium,Umpire,
Sachendra Gamaadikari,July 5  1997 ,20 years 277 days,Maris Stella College,,,,Maris Stella College  Negombo,
Jithar Malinga Gamaaracchi,September 18  1982  Colombo ,35 years 202 days,Nalanda College,,Left-hand bat,Right-arm fast-medium,,
Nisala Tharaka Gamage,April 20  1991  Galle ,26 years 353 days,Ragama Cricket Club ,,Right-hand bat,Right-arm medium-fast,Mahinda College  Galle,
Hannagala Gamage Anjan,January 9  1960  Colombo ,58 years 89 days,Matara Sports Club,,Right-hand bat,Right-arm offbreak,Umpire,
Avishka Gamage,date unknown ,,Royal Institute of Colombo,,,,,
Chaminda Gamage,February 4  1987  Colombo ,31 years 63 days,Chilaw Marians Cricket Club,,Left-hand bat,Right-arm offbreak,President College  Rajagiriya,
Hewawasam Gamage Dharshana Nayanakantha,March 2  1979  Colombo ,39 years 37 days,Sri Lanka ,Bowler,Right-hand bat,Right-arm medium-fast,Prince of Wales College  Moratuwa,
Danushka Udara Kalum Thirana Gamage,September 23  1977  Kandy ,40 years 197 days,East-West Information,,Right-hand bat,Right-arm medium,,
H N Thirana Gamage,date unknown ,,Kandy Youth Cricket Club,,,,,
Janak Champika Gamage,April 17  1964  Matara ,53 years 356 days,Sri Lanka ,Bowler,Right-hand bat,Right-arm fast-medium,Coach,
Kavishka Lakshan Gamage,January 9  2001  Colombo ,17 years 89 days,,,,,St Joseph's College  Colombo,
Kanake Liyana Randil Gamage,February 7  1983  Ratnapura ,35 years 60 days,Kandy Cricket Club,,Left-hand bat,Right-arm medium,,
Kananke Liyana Suranga Gamage,February 19  1980  Colombo ,38 years 48 days,Bloomfield Cricket and Athletic Club ,,Right-hand bat,Legbreak,,
Maheesha Gamage,date unknown ,,Ampara Combine Schools,,,,,
Malaka Gamage,date unknown ,,,,,,,
Nipuna Gamage,December 21  1995  Sri Jayawardenapura ,22 years 108 days,ICBT Campus (Sri Lanka) ,,Left-hand bat,Right-arm offbreak,S. Thomas' College  Mt. Lavinia,
Palatuwa Gamage Thanushka Ruchiranga Bandara Gamage,February 6  1991  Matale ,27 years 61 days,S.Thomas' College Matale,,Right-hand bat,Right-arm fast-medium,,
Panagamuwa Lahiru Sampath Gamage,April 5  1988  Maradana ,30 years 3 days,Sri Lanka ,Bowler,Right-hand bat,Right-arm fast-medium,Naya,
Rasmika Dilshan Madwala Gamage,date unknown ,,Sri Lanka Under-19s,,,,,
SM Gamage,date unknown ,,,,,,Umpire,
SN Gamage,date unknown ,,SAI Technology &amp; Medicine,,,,,
Tyron Prabath Gamage,March 14  1979  Colombo ,39 years 25 days,Bloomfield Cricket and Athletic Club ,Bowler,Right-hand bat,Right-arm fast-medium,Sri Dharmaloka College  Kelaniya,
YGNL Gamage,date unknown ,,Kotelawala Defence University,,,,,
TSK Gamiath,date unknown ,,SLI Information Technology,,,,,
Tarindu Gamlath,date unknown ,,,,,,Dharmapala College,
Pubudu Ganegama,date unknown ,,Sri Lanka Under-19s,,,,,
Withanaarchchige Chamara Akalanka Ganegama,March 29  1981  Colombo ,37 years 10 days,Sri Lanka ,Allrounder,Right-hand bat,Right-arm fast-medium,Ananda College  Colombo,
Nalanda Ganegoda,December 14  1994  Badulla ,23 years 115 days,,,,,,
P K Ganegoda,date unknown ,,Moratuwa Sports Club,,Right-hand bat,Slow left-arm orthodox,,
M Ganesh,date unknown ,,Colombo Cricket Club,,,,,
E Ganeswaran,April 1  1997 ,21 years 7 days,Mannar-Vavuniya Combined Schools,,Right-hand bat,,Wicketkeeper,
Dilan Chathuraga Gangoda,September 29  1989  Kandy ,28 years 191 days,Chilaw Marians Cricket Club ,,Right-hand bat,,Trinity College  Kandy,
Weeratunga Mudiyanselage Muhandiram Walawwe Eranga Vishvanath Gangoda,August 22  1986  Kandy ,31 years 229 days,Kurunegala Youth Cricket Club ,,Right-hand bat,Right-arm offbreak,,
Gangodawila Appuhamilage Sanjaya Kumara Gangodawila,June 20  1984  Colombo ,33 years 292 days,Bloomfield Cricket and Athletic Club ,Allrounder,Left-hand bat,Right-arm medium-fast,Nalanda College  Colombo,
Kalum Kanchana Kumara Gangodawila,September 14  1979  Avissawella ,38 years 206 days,Bloomfield Cricket and Athletic Club ,,Right-hand bat,Right-arm fast-medium,,
Dulmini Shashika Gankanda,November 16  1983  Colombo ,34 years 143 days,Moratuwa Sports Club Women,,Right-hand bat,,Presbyterian Girls School  Dehiwala,
Yapa Mudiyanselage Gannile Aluthwalauwe Manjula Bandara Gannile,November 21  1981  Kandy ,36 years 138 days,Prince of Wales College,,Right-hand bat,Left-arm medium,,
Chester Timothy Eldred Garth,January 25  1983  Colombo ,35 years 73 days,St. Benedict's College,,Right-hand bat,Right-arm offbreak,,
Garumanna Devage Anushka Arjuna Garumanna,February 2  1982  Colombo ,36 years 65 days,St. Peters College,,Right-hand bat,Right-arm offbreak,,
Vajira Gaspe,date unknown ,,,,,,Umpire,
Dulip Gayan,date unknown ,,,,,,,
KWC Gayan,date unknown ,,SLI Information Technology,,,,,
Suneth Gayan,December 2  1983  Panadura ,34 years 127 days,Panadura Sports Club,,Left-hand bat,Right-arm fast-medium,,
Mahawattage Dinukshi Gayani,March 23  1987  Bandarawela ,31 years 16 days,Southern Ladies Cricket Club,,Left-hand bat,Right-arm offbreak,Bandarawela Convent,
Mayakaduwa Gamaralalage Rushan Gayantha Wijethilake,February 10  1988  Colombo ,30 years 57 days,Police Sports Club,,Right-hand bat,Right-arm offbreak,,
Hettiarachchige Anoj Gayashan,November 14  1990  Maradana ,27 years 145 days,Burgher Recreation Club ,,Right-hand bat,Right-arm offbreak,St. Sebastians College  Moratuwa,
Supun Gayashan,date unknown ,,De Mazenod College,,,,,
M Gazali,date unknown ,,Kandy Cricket Club,,,,,
S Geethanjana,date unknown ,,SAI Technology &amp; Medicine,,,,,
Mohamed Hilmy Ghaffoor,November 25  1967  Kandy ,50 years 134 days,Moors Sports Club,,Right-hand bat,Right-arm fast-medium,,
Naweed Ghany,August 9  1989  Colombo ,28 years 242 days,Leeds/Bradford MCCU ,,Right-hand bat,Right-arm medium,,
Mohamed Isham Ghouse,March 24  1990  Colombo ,28 years 15 days,Moors Sports Club,Batsman,Right-hand bat,Right-arm offbreak,Zahira College  Colombo,
Robin Gibson,date unknown ,,Ceylon,,Right-hand bat,,Wicketkeeper,
Kanishka Gimhan,September 24  1996  Colombo ,21 years 196 days,,,Right-hand bat,Slow left-arm orthodox,Mahanama College  Colombo,
Sithara Gimhan Liyanage  ,February 1  1996  Galle ,22 years 66 days,,Wicketkeeper,Left-hand bat,,Richmond College  Galle,
Dinuka Gimhana,January 4  1998 ,20 years 94 days,,,Right-hand bat,Right-arm medium-fast,Ananda College  Colombo,
Ishanka Ginige,date unknown ,,,,,,Dharmashoka College,
Prasanna Ginige,date unknown ,,,,,,Umpire,
Sarath Ginige,date unknown ,,Singha Sports Club,,,,,
Gnanatheepann Gnanapragasam,November 18  1985  Badulla ,32 years 141 days,Colts Cricket Club,,Right-hand bat,Legbreak,Passara Tamil MV,
S Gobinath,July 5  1997 ,20 years 277 days,Badulla &amp; Monaragala Combine Schools,,Right-hand bat,Right-arm offbreak,,
S Gobinath,July 5  1997 ,20 years 277 days,Up Country Combined Schools,,Right-hand bat,Right-arm offbreak,,
Hewa Boruppage Don Anoj Asiri Godapitiya,September 8  1985  Colombo ,32 years 212 days,Colts Cricket Club,,Right-hand bat,Right-arm offbreak,5 ft 10 in ,
Bamunu Mudiyanselage Nuwan Sameera Godavita,October 18  1988  Kurunegala ,29 years 172 days,Kurunegala Youth Cricket Club,,Right-hand bat,,Maliyadewa College,
Beruwalage Dushantha Prasad Gomas,October 14  1982  Colombo ,35 years 176 days,Lumbini Maha Vidyalaya,,Right-hand bat,Slow left-arm orthodox,,
Pattiyage Diluka Kaushal Gomes,December 5  1982  Colombo ,35 years 124 days,President's College,,Right-hand bat,Right-arm medium-fast,,
Greame Jude Gomez,March 6  1992  Oman ,26 years 33 days,Royal Institute,,Right-hand bat,Legbreak,,
Don Rukshan Goonasekara,May 7  1980  Colombo ,37 years 336 days,Commercial Bank,,Right-hand bat,Right-arm medium-fast,,
Yohan Goonasekera,November 8  1957  Colombo ,60 years 151 days,Sri Lanka,,Left-hand bat,Left-arm medium  Slow left-arm orthodox,,
Gamini Goonasena,December 14  1953  Colombo ,64 years 115 days,Colts Cricket Club,,,Slow left-arm orthodox,,
G Goonasena,date unknown ,,Old Cambrians Sports Club,,,,,
Hettiarachige Mahes Goonatilleke,August 16  1952  Kegalle ,65 years 235 days,Sri Lanka,,Right-hand bat,,Wicketkeeper,
Alexander H Gooneratne,date unknown ,,Ceylon,,,Legbreak googly,,
Gerry J D Gooneratne,November 5  1917  Colombo ,,Ceylon,,Left-hand bat,Left-arm bowler,September 24  2003  Colombo (aged 85 years 323 days) ,
Madurugodaarchchige Don Dayananda Nelson Gooneratne,October 28  1934  Ratnapura ,83 years 162 days,Bloomfield Cricket and Athletic Club ,,Right-hand bat,Right-arm offbreak  Legbreak,Umpire,
Mervyn O Gooneratne,April 2  1915  Ceylon ,,Ceylon,,,Legbreak googly,1975  Sri Lanka (aged 59 years) ,
Gamini Goonesena,February 16  1931  Colombo ,,Ceylon ,,Right-hand bat,Legbreak googly,August 1  2011  Canberra  Australia (aged 80 years 166 days) ,
Chamath Kavinda Goonesinghe,March 26  1993  Galle ,25 years 13 days,Badureliya Sports Club,,Right-hand bat,Slow left-arm orthodox,Dharmashoka College  Ambalangoda,
JO Grace,date unknown ,,North-East Combined Ladies,,,,,
SD Gralje,date unknown ,,,,,,Umpire,
Nanayakkara Wickramasekara Palliyaguruge Roshan Gunarathna,July 3  1983  Matara ,34 years 279 days,,Bowler,Right-hand bat,Right-arm medium-fast,Central College  Piliyandala,
Angoda Liyanage Piyankara Jayadeva Gunaratne,January 5  1983  Colombo ,35 years 93 days,Lumbini Maha Vidyalaya,,Left-hand bat,Left-arm fast-medium,,
