Mital Kalpesh Patel,February 19  1992  Piscataway  New Jersey ,26 years 48 days,United States of America ,,Left-hand bat,Right-arm medium,Brother - ,
Sushilkumar Suhas Nadkarni,May 31  1976  Pune  Maharashtra  India ,41 years 312 days,United States of America ,Allrounder,Left-hand bat,Right-arm offbreak,,
S Nagesh,1932 ,86 years,United States of America,,,,,
Prashanth Nair,May 7  1993  Ernakulam  Kerala  India ,24 years 336 days,United States of America ,,Right-hand bat,Right-arm offbreak  Slow left-arm orthodox,,
Najam Ul-Saqib Iqbal,August 10  1988  Lahore ,29 years 241 days,Central East Region,,Left-hand bat,Right-arm offbreak,,
Kumar Nandalal,March 12  1984  Georgetown  Guyana ,34 years 27 days,United States of America,,Left-hand bat,Slow left-arm orthodox,,
Amir Abbas Nanjee,November 9  1978  Mumbai  India ,39 years 150 days,United States of America,,Left-hand bat,Right-arm medium,,
Rudy Narine,date unknown ,,United States of America,,,,,
Naseer Islam,September 23  1972  Pakistan ,45 years 197 days,United States of America,,Right-hand bat,Right-arm medium-fast,,
Naseer Jamali,September 10  1989  Kabul  Afghanistan ,28 years 210 days,United States of America ,,Right-hand bat,Left-arm fast-medium,,
Nasir Javed,June 21  1966  Lahore  Punjab ,51 years 291 days,United States of America ,,Right-hand bat,Legbreak googly,,
Dunae Oswald Nathaniel,February 21  1987  St Croix  United States Virgin Islands ,31 years 46 days,United States of America Under-19s,,Right-hand bat,Right-arm fast,Flangoose,
Nathan Kind,date unknown ,,United States of America Under-19s,,,,,
Nauman Mustafa,August 26  1974  Karachi  Pakistan ,43 years 225 days,United States of America,,Right-hand bat,,Wicketkeeper,
Wayne Nembhard,date unknown ,,,,,,Umpire,
Wayne Anthony Nembhard,November 20  1967  Spaldings  Clarendon  Jamaica ,50 years 139 days,,,,,Umpire,
V Nesfield,date unknown ,,,,,,Umpire,
Charles Allerton Newhall,March 3  1847  Philadelphia  Pennsylvania ,,American Born ,,Right-hand bat,Right-arm fast,Nephew - ,
Daniel Smith Newhall,April 7  1849 ,,American Born ,,,,Nephew - ,
George Morgan Newhall,June 22  1845  Philadelphia  Pennsylvania ,,American Born ,,,,Son - ,
Robert Stuart Newhall,September 16  1852  Philadelphia  Pennsylvania ,,American Born ,,,,Nephew - ,
William Price Newhall,January 30  1883  Philadelphia  Pennsylvania ,,Combined USA and Canada ,,,,Father - ,
Samuel Nicholls,date unknown ,,,,,,Umpire,
William Woodbridge Noble,July 10  1864  Philadelphia  Pennsylvania ,,Philadelphians,,Right-hand bat,,July 23  1917 (aged 53 years 13 days) ,
Edward Norris,July 29  1868  Philadelphia  Pennsylvania ,,GS Patterson's XI,,,,January 15  1941  Philadelphia  Pennsylvania (aged 72 years 170 days) ,
Edward Russell Ogden,June 17  1862  Oakville  Canada ,,United States of America,,,,May 15  1913  Chicago  Illinois (aged 50 years 332 days) ,
Spencer Thomas Oldham,January 9  1854  Sutton-In-Ashfield  Nottinghamshire  England ,,Players of United States of America,,,,December 26  1915  Mount Washington (aged 61 years 351 days) ,
Muhammad Omar Iqbal Afridi,January 1  1995  Karachi  Sind ,23 years 97 days,Scotland Under-15s ,,Right-hand bat,Right-arm medium,,
William Paul O'Neill,1880  Philadelphia  Pennsylvania ,,Philadelphians,,,Left-arm medium,December 8  1966  Philadelphia  Pennsylvania (aged 86 years) ,
David Franscouis Pieters,March 26  1987  Johannesburg ,31 years 13 days,United States of America,,Right-hand bat,Right-arm medium,David Pieters,
Keshav Pabbisetty,March 7  2000  Irving  Texas ,18 years 32 days,United States of America Under-19s,,Right-hand bat,Right-arm medium,,
John Pacey,March 2  1861  Kimberley  Nottinghamshire  England ,,English Residents ,,,,June 22  1926  Philadelphia  Pennsylvania (aged 65 years 112 days) ,
Patrick Felix Palmer,July 25  1994  Kingston  Jamaica ,23 years 257 days,United States of America Under-19s,,Right-hand bat,Right-arm offbreak,,
Dishant Saurin Parikh,January 23  1988  Baroda  India ,30 years 75 days,Atlantic Region,,Left-hand bat,Slow left-arm orthodox,,
Gaurav Manish Patanker,June 1  1999  Fremont  California ,18 years 311 days,United States of America Under-19s,,Right-hand bat,Right-arm medium-fast,,
Sagar Pankaj Patel,April 28  1997  Memphis  Tennessee ,20 years 345 days,United States of America Under-19s,,Right-hand bat,,,
Chintan Patel,September 16  1972  India ,45 years 204 days,United States of America,,,,,
Japen Hitesh Patel,October 1  1987  Baroda  Gujarat  India ,30 years 189 days,United States of America,,Right-hand bat,Right-arm medium,,
Kuldeep Rohit Patel,February 16  1970  Uttarsanda  Gujarat  India ,48 years 51 days,United States of America,,Right-hand bat,Right-arm medium,Administrator,
Mrunal Ketan Patel,October 28  1986  Gandhinagar City  Gujarat  India ,31 years 162 days,United States of America ,,Left-hand bat,Slow left-arm orthodox,Chotu,
Nisarg Ketankumar Patel,April 20  1988  Ahmedabad  Gujarat  India ,29 years 353 days,United States of America ,,Right-hand bat,Slow left-arm orthodox,,
Nirav Pankaj Patel,January 21  1990  Surat  Gujarat ,28 years 77 days,North East Region,,Right-hand bat,Right-arm offbreak,,
Rohani Patel,date unknown ,,United States of America Women,,Right-hand bat,Right-arm offbreak,,
Rishi Kalpesh Patel,August 2  1995  Warren  New Jersey ,22 years 249 days,United States of America Under-15s ,,Right-hand bat,Right-arm medium,Brother - ,
Timil Kaushik Patel,December 1  1983  Ahmedabad  Gujarat ,34 years 128 days,United States of America ,,Right-hand bat,Legbreak,,
Jay Falgun Pathak,December 7  1994  Ahmedabad  Gujarat  India ,23 years 122 days,Central West Region,,Left-hand bat,Right-arm medium,,
Sidhesh Rajesh Pathare,August 20  1986  Mumbai  India ,31 years 231 days,Central West Region,,Right-hand bat,,,
Aravind Krishna Patnam,October 25  1998  Santa Clara  California ,19 years 165 days,United States of America Under-19s,,Right-hand bat,Right-arm medium,,
George Stuart Patterson,October 10  1868  Philadelphia  Pennsylvania ,,Philadelphians,,Right-hand bat,Right-arm medium,Brother - ,
Joseph Henry Patterson,June 1  1870  Philadelphia  Pennsylvania ,,Philadelphians,,,,Brother - ,
Richard Henry Patton,November 9  1881  Doylestown  Pennsylvania  United States of America ,,Philadelphians,,,,March 8  1928  West Chester  Pennsylvania  United States of America (aged 46 years 120 days) ,
Abhiskek Pawar,October 13  1978  United States of America ,39 years 177 days,United States of America,,,,,
Henry George Pearce,April 21  1886 ,,Philadelphians,,,,March 27  1936  Philadelphia  Pennsylvania (aged 49 years 341 days) ,
Job Pearson,date unknown  England ,,English Residents,,,,,
Ralph Lincoln Pearson,November 16  1883  Philadelphia  Pennsylvania ,,Philadelphians,,,,February 7  1920 (aged 36 years 83 days) ,
Errol Peart,December 7  1952  Jamaica ,,United States of America,,Left-hand bat,,December 2  2012  Miami Gardens  Florida (aged 59 years 361 days) ,
J Pemberton,date unknown ,,Players of United States of America,,,,,
Amarnauth Persaud,January 14  1994  Georgetown  Guyana ,24 years 84 days,United States of America Under-19s,,Left-hand bat,Right-arm medium,,
Ryan Omadat Persaud,September 8  1994  Queens  New York ,23 years 212 days,Atlantic Region ,,Right-hand bat,Legbreak googly,,
D Persaud,date unknown ,,United States of America Women,,,,,
Keifer Orett Phill,December 7  1996  Georgetown  Guyana ,21 years 122 days,United States of America Under-19s,,Right-hand bat,Right-arm medium,,
George Stanley Philler,date unknown ,,Philadelphians,,,,1914 ,
Merton O Phillips,date unknown ,,AM Wood's XI ,,,,1958 ,
Beulah Pidakala,date unknown ,,United States of America Women,,Right-hand bat,Right-arm slow,,
Pierson,date unknown ,,,,,,Umpire,
Pike,date unknown ,,Players of United States of America,,,,,
Steve O Pitter,August 2  1976  Jamaica ,41 years 249 days,United States of America,,Right-hand bat,Right-arm medium-fast,,
MU Prabhudas,date unknown ,,United States of America,,,,,
Rohini Prabhune,February 6  1982  India ,36 years 61 days,United States of America Women,,,,,
Frank J Prendergast,date unknown  England ,,English Residents,,,,,
Hemant Punoo,September 10  1985  Guyana ,32 years 210 days,United States of America Under-19s,,Right-hand bat,Right-arm offbreak,,
Naren Puppala,December 22  1984  Hyderabad  India ,33 years 107 days,North West Region,,Right-hand bat,Slow left-arm orthodox,,
Heman Kumar Rabindradat,February 2  1991  Blairmont  Guyana ,27 years 65 days,Atlantic Region,,Right-hand bat,Right-arm offbreak,,
Deepak Rajendran,February 4  1989  Bangalore  India ,29 years 63 days,North West Region,,Right-hand bat,,,
Abhimanyu Rajp,March 8  1986  Ludhiana  Punjab  India ,32 years 31 days,United States of America ,,Right-hand bat,Right-arm offbreak,Abhe,
Francis William Ralston,June 7  1867  Philadelphia  Pennsylvania ,,Philadelphians,,Right-hand bat,,Wicketkeeper,
Samantha Ramautar,February 11  1987  Linden  Guyana ,31 years 56 days,United States of America Women,,Right-hand bat,Right-arm offbreak,,
BB Ramnanan,date unknown ,,United States of America,,,,,
Raymond T Ramrattan,July 10  2000  Secaucus  New Jersey ,17 years 272 days,United States of America Under-19s,,Right-hand bat,Legbreak googly,,
Nilesh Ramkrishna Rane,October 7  1979  Mumbai  India ,38 years 183 days,North West Region,,Right-hand bat,,,
Akshatha Gadahath Rao,December 22  1983  Shimoga  Karnataka  India ,34 years 107 days,United States of America Women,,Right-hand bat,Right-arm offbreak,,
Rashid Zia,April 6  1974  Gujranwala  Pakistan ,44 years 2 days,United States of America,,Right-hand bat,Right-arm offbreak,Wicketkeeper,
Henry E Ratliff,December 22  1856  England ,,English Residents,,,,Uncle - ,
Jaideep Nagaraja Reddy,April 13  1987  Vijayawada  Andhra Pradesh  India ,30 years 360 days,North East Region,,Right-hand bat,Right-arm medium,,
Charles Anthony Reid,April 9  1962  Barbados  West Indies ,55 years 364 days,United States of America,,Right-hand bat,Right-arm medium,,
Hammy Reid,date unknown ,,,,,,Umpire,
Henry Stanier Reid,date unknown ,,Combined USA and Canada,,,,,
Michael John Reid,1957  United States of America ,61 years,United States of America,,Right-hand bat,,,
S Reid,date unknown ,,United States of America,,,,,
Erica Hovland Rendler,September 2  1980  Los Gatos  California ,37 years 218 days,United States of America Women,,Right-hand bat,Right-arm slow-medium,,
Desmond Richards,date unknown ,,United States of America,,,,,
TI Roberts,date unknown ,,United States of America,,,,,
Leon Constantine Romero,December 29  1974  New York  U.S.A. ,43 years 100 days,United States of America ,,Right-hand bat,Right-arm medium,Occasional wicketkeeper,
Gowkaran Roopnarine,February 24  1982  Guyana ,36 years 43 days,United States of America,,Left-hand bat,,Wicketkeeper,
Trevis Ross,April 11  1995  Georgetown  Guyana ,22 years 362 days,United States of America Under-15s ,,Left-hand bat,Right-arm offbreak,,
Rouse,date unknown ,,United States of America,,,,,
Harry Russell,date unknown ,,,,,,Umpire,
H Russell,date unknown ,,United States of America,,,,,
Rahul Singh,March 31  1986  Kanpur  India ,32 years 8 days,North West Region,,Right-hand bat,Legbreak googly,,
S Sagar,date unknown ,,United States of America Women,,,,,
Sahaj Pradeep Patel,July 6  1996  Long Beach  California ,21 years 276 days,South West Region,,Right-hand bat,Right-arm medium,Brother - ,
Sahil Patel,February 28  1999  Long Beach  California ,19 years 39 days,United States of America Under-19s,,Right-hand bat,Right-arm offbreak,Brother - ,
Sindhuja Reddy Salguti,May 17  1990  Miryalaguda  Andhra Pradesh  India ,27 years 326 days,United States of America Women,,Right-hand bat,,Wicketkeeper,
Sai Srinivas Salver,June 9  1984  Hyderabad  India ,33 years 303 days,North West Region,,Right-hand bat,Right-arm offbreak,,
Gurpreet Singh Sandhu,October 22  1991  New Delhi  India ,26 years 168 days,United States of America Under-19s,,Right-hand bat,Legbreak googly,,
Jodhbir Singh Sandhu,July 14  1993  Amritsar  Punjab  India ,24 years 268 days,United States of America Under-19s,,Right-hand bat,Right-arm medium,,
Adam Sanford,July 12  1975  Dominica ,42 years 270 days,United States of America ,,Right-hand bat,Right-arm fast-medium,,
Srinivasa Raghavan Santhanam,May 21  1984  Chennai  Tamil Nadu  India ,33 years 322 days,United States of America,,Right-hand bat,Right-arm medium,,
Saqib Saleem,January 1  1990  Islamabad  Pakistan ,28 years 97 days,United States of America ,,Right-hand bat,Legbreak googly,,
Stuart R Saunders,date unknown ,,Combined USA and Canada,,,,January 6  1950  Toronto  Ontario  Canada ,
Steven Sawh,date unknown ,,United States of America Under-15s,,,,,
William Henry Sayen,January 1883  St Davids  Pennsylvania ,,Gentlemen of England ,,Right-hand bat,Right-arm fast,January 1965  Princeton  New Jersey (aged 82 years) ,
Joseph Henry Scattergood,January 26  1877  Philadelphia  Pennsylvania ,,Philadelphians,,Right-hand bat,,Wicketkeeper,
John Allison Scott,May 20  1865  Huntingdon  Pennsylvania ,,American Born ,,,,August 13  1909 (aged 44 years 85 days) ,
Walter Scott,April 19  1864  Huntingdon  Pennsylvania ,,Philadelphians,,,,October 24  1907  Colorado Springs  Colorado (aged 43 years 188 days) ,
Thomas Senior,1817  Yorkshire ,,Canada and United States of America ,,,,March 7  1869  United States of America (aged 52 years) ,
Gregory Raj Sewdial,September 6  1991  Bronx  New York ,26 years 214 days,United States of America,,Right-hand bat,Right-arm offbreak,,
Niraj Shah,August 3  1982  India ,35 years 248 days,United States of America,,Right-hand bat,Right-arm offbreak,,
Samarth Harish Shah,June 19  1977  Ahmedabad  Gujarat  India ,40 years 293 days,United States of America,,Left-hand bat,Slow left-arm orthodox,,
Vishal Yogesh Shah,April 10  1989  Mumbai  India ,28 years 363 days,South West Region,,Right-hand bat,Legbreak googly,,
Yash Dipak Shah,June 7  1990  Ahmedabad  Gujarat  India ,27 years 305 days,United States of America Under-19s,,Right-hand bat,Slow left-arm orthodox,,
Hammad Shahid,December 7  1991  Anaheim  California ,26 years 122 days,United States of America ,,Right-hand bat,Right-arm fast,Brother - ,
Shahid Munir,May 5  1976  United States of America ,41 years 338 days,United States of America,,Right-hand bat,Right-arm fast-medium,,
Delkash Hormoz Shahriarian,November 17  1982  Mumbai  India ,35 years 142 days,United States of America Women,Wicketkeeper,Right-hand bat,,Wicketkeeper,
Sharaz Baksh,October 13  1984  Port Mourant  Berbice  Guyana ,33 years 177 days,North East Region,,Left-hand bat,Right-arm medium,,
Henry E Sharp,1820  Derbyshire ,,Canada and United States of America,,,,November 24  1883  Greenwood  Brooklyn  New York  United States of America (aged 63 years) ,
Frederic Cope Sharpless,October 1  1880  Haverford College  Philadelphia  Pennsylvania ,,Philadelphians,,Right-hand bat,,November 16  1971  West Chester  Pennsylvania (aged 91 years 46 days) ,
Geetha Shawkarala,date unknown ,,United States of America Women,,,,,
Alexander William Shoff,January 4  1999  Moscow ,19 years 94 days,United States of America Under-19s,,Right-hand bat,Right-arm medium-fast,,
Syed Shuja Naqvi,June 16  1992  Karachi  Pakistan ,25 years 296 days,Central West Region,,Right-hand bat,Right-arm medium,,
Saami Muneeb Siddiqui,September 23  1989  Morgantown  West Virginia ,28 years 197 days,United States of America Under-19s,,Right-hand bat,,Wicketkeeper,
Sikandar Ahmed Soleja,January 4  1986  Kanpur ,32 years 94 days,Central East Region,,Right-hand bat,Right-arm medium,,
Kombu Roy Prasanga Silva,May 9  1980  Balapitiya ,37 years 334 days,United States of America ,Allrounder,Right-hand bat,Right-arm medium-fast,Nalanda College  Colombo,
Chris Singh,date unknown ,,United States of America Under-15s,,,,,
Charan Preet Singh,August 3  1991  New Delhi  India ,26 years 248 days,United States of America,,Right-hand bat,Right-arm offbreak,,
Paul Singh,July 27  1965  British Guiana ,52 years 255 days,United States of America,,Right-hand bat,Right-arm medium,,
Trevor Singh,November 11  1992  Bronx  New York ,25 years 148 days,Bermuda Development XI ,,Right-hand bat,Legbreak googly,,
S Skeete,date unknown ,,United States of America,,,,,
A E Smith,date unknown  England ,,English Residents,,,,,
S Smith,date unknown ,,United States of America,,,,Wicketkeeper,
PC Smythe,date unknown ,,United States of America,,,,,
Sohail Alvi,May 20  1968  Karachi  Sind  Pakistan ,49 years 323 days,United States of America ,,Right-hand bat,Right-arm medium,,
Hannah Mariah Solomon-Strauss,June 15  1990  Washington  D.C. ,27 years 297 days,United States of America Women,,Right-hand bat,Right-arm offbreak,,
S Sookram,date unknown ,,United States of America,,,,,
Michael Springer,date unknown ,,United States of America,,,,,
Sindhu Sriharsha,August 17  1988  Bangalore  Karnataka ,29 years 234 days,India Under-21s Women ,Opening batsman,Right-hand bat,,Wicketkeeper,
Anirudh Srinivas,March 8  1997 ,21 years 31 days,United States of America Under-19s,,Right-hand bat,Right-arm medium-fast,,
Nicholas Ian Standford,June 4  1987  Bridgetown  Barbados ,30 years 308 days,United States of America,,Right-hand bat,Right-arm medium,,
Sean Ricardo Stanislaus,March 2  1985  Port of Spain  Trinidad &amp; Tobago ,33 years 37 days,Atlantic Region,,Right-hand bat,Right-arm medium,,
Richard Wayne Staple,November 25  1969  Kingston  Jamaica ,48 years 134 days,United States of America ,,Right-hand bat,Right-arm offbreak,,
Guyan Stewart,January 18  1980  Mandeville  Jamaica ,38 years 80 days,United States of America ,,Right-hand bat,Right-arm medium,Finny,
John R Stewart,date unknown ,,Combined USA and Canada,,,,,
David Porter Stoever,April 6  1865  Philadelphia  Pennsylvania ,,American Born ,,,,February 17  1931  Philadelphia  Pennsylvania (aged 65 years 317 days) ,
V Stoute,date unknown ,,United States of America,,,,,
Frederick William Stratford,1860  Kensington  London  England ,,United States of America,,,,Brother - ,
Wayne Bernhardt Stuger,1945 ,73 years,United States of America,,,,Wicketkeeper,
Pranay Suri,December 22  1992  Hyderabad  India ,25 years 107 days,United States of America Under-15s,,Right-hand bat,Right-arm offbreak,,
Timothy Nicholas Surujbally,May 25  1984  San Fernando  Trinidad ,33 years 318 days,United States of America,,Right-hand bat,Right-arm offbreak,,
I Sutherland,date unknown ,,United States of America Women,,,,,
Wahab Syed,February 22  1982 ,36 years 45 days,United States of America,,,,,
John Syme,1798  Scotland ,,United States of America ,,,,Unknown ,
Talha Mohsin,May 10  1989  Karachi ,28 years 333 days,Central East Region,,Right-hand bat,Right-arm medium,,
Talha Zamir,May 18  1991  Pakistan ,26 years 325 days,United States of America Under-19s,,Right-hand bat,Right-arm slow,,
J Tannant,date unknown ,,Canada and United States of America,,,,,
Tanvir Asad Ullah,September 14  1980  Dhaka  Bangladesh ,37 years 206 days,Central West Region,,Right-hand bat,Right-arm medium,,
Silvan Taylor,September 12  1960  Jamaica ,57 years 208 days,,,,,Son - ,
Steven Ryan Taylor,November 9  1993  Hialeah  Florida ,24 years 150 days,United States of America ,Opening batsman,Left-hand bat,Right-arm offbreak,Father - ,
Tehsin Ahmed,July 2  1960  Karachi  Sind  Pakistan ,57 years 280 days,United States of America ,,Right-hand bat,Legbreak googly,,
Albert Douglas Texeira,July 1  1960  Mesopotamia  St Vincent ,57 years 281 days,United States of America ,,Left-hand bat,Slow left-arm orthodox,,
George Chapman Thayer,September 26  1860  Philadelphia  Pennsylvania ,,American Born,,,,Brother - ,
Harry Chapman Thayer,December 31  1872  Strafford  Philadelphia  Pennsylvania ,,Philadelphians,,Right-hand bat,,Brother - ,
John Borland Thayer,April 21  1862  Philadelphia  Pennsylvania ,,American Born ,,Right-hand bat,Right-arm bowler (roundarm),Brother - ,
Walter Thayer,April 17  1875  Strafford  Philadelphia  Pennsylvania ,,Philadelphians ,,,,Brother - ,
Javein Lloyd Thomas,March 21  1989  Kingston  Jamaica ,29 years 18 days,New York Region,,Right-hand bat,Right-arm offbreak,,
Paul E Thompson,date unknown ,,RH Powel's XI,,,,,
W H Thompson,date unknown  England ,,English Residents,,,,,
Archibald Graham Thomson,September 13  1869  Philadelphia  Pennsylvania ,,Philadelphians,,,,October 22  1917  Philadelphia  Pennsylvania (aged 48 years 39 days) ,
Aditya Thyagarajan,November 7  1978 ,39 years 152 days,United States of America,,Right-hand bat,Legbreak,Brother - ,
John Ticknor,date unknown ,,United States of America,,,,Brother - ,
Robert Ticknor,date unknown ,,United States of America,,,,Brother - ,
BB Tilt,date unknown ,,,,,,Umpire,
Ravi Rajni Timbawala,June 8  1989  Los Angeles  California ,28 years 304 days,United States of America ,,Right-hand bat,Right-arm medium,,
Robert N Tinson,date unknown ,,United States of America ,,,,Wicketkeeper,
Tohidul Islam,October 5  1996  Feni  Bangladesh ,21 years 185 days,United States of America Under-19s,Wicketkeeper,Right-hand bat,,,
Harrison C Townsend,date unknown ,,Philadelphians,,,,,
Anand Tummala,October 21  1978  Vuyyuru  Andhra Pradesh ,39 years 169 days,United States of America ,,Right-hand bat,Right-arm medium,,
James Turner,date unknown ,,United States of America ,,,,,
J P Turton,date unknown ,,Players of United States of America,,,,,
Henry Tyers,September 5  1857  Ruddington  Nottinghamshire  England ,,United States of America ,,,,September 21  1921  Brooklyn  New York (aged 64 years 16 days) ,
Nur Uddin,October 31  1987  Feni  Bangladesh ,30 years 159 days,,,,,Umpire,
Umer Musharraf Syed,February 19  1985  Karachi  Pakistan ,33 years 48 days,Central West Region,,Right-hand bat,Right-arm offbreak,,
Usman Rafiq,August 13  1988  Bahawalpur  Punjab  Pakistan ,29 years 238 days,United States of America ,,Right-hand bat,Right-arm offbreak,Brother - ,
Khawaja Usman Shuja,November 29  1978  Karachi  Sind ,39 years 130 days,United States of America,,Right-hand bat,Right-arm fast-medium,,
V Valluri,date unknown ,,United States of America Under-15s,,,,,
Alec van Rensselner,date unknown ,,American Born,,,,Wicketkeeper,
Christopher van Tull,date unknown ,,United States of America Under-19s,,Right-hand bat,,Wicketkeeper,
Roshan Varadarajan,February 12  1995  Mountain View  California ,23 years 55 days,United States of America Under-15s ,,Right-hand bat,Right-arm offbreak,,
Varun Krishna Kumar,July 1  1988  Chennai ,29 years 281 days,North East Region,Wicketkeeper,Right-hand bat,,,
Varun Singh,December 16  1984  Mumbai  India ,33 years 113 days,Central West Region,,Right-hand bat,Right-arm offbreak,,
Shiva Vashishat,November 10  1989  Jalandhar  Punjab  India ,28 years 149 days,United States of America Under-19s,,Right-hand bat,Legbreak googly,,
Gita Venkat,date unknown ,,United States of America Women,,Left-hand bat,Left-arm medium,,
Seshasai Ventrapragada,January 31  1988  Hyderabad  India ,30 years 67 days,South East Region,,Right-hand bat,Right-arm medium,,
Saurabh Verma,November 4  1981  Bhopal  Madhya Pradesh ,36 years 155 days,United States of America,,Right-hand bat,Legbreak googly,,
Joseph Roy Vetterlein,1883 ,,Philadelphians,,,,1940 (aged 57 years) ,
Viraj Rasik Patel,June 19  1993  Baroda  India ,24 years 293 days,South East Region,,Right-hand bat,Right-arm offbreak,,
Vivek Narayan,November 20  1998  New Haven  Connecticut ,19 years 139 days,United States of America Under-19s,,Right-hand bat,Legbreak,,
Rudolph Waad,July 30  1886  Philadelphia  Pennsylvania ,,Philadelphians,,Right-hand bat,Right-arm fast,July 11  1926  Philadelphia  Pennsylvania (aged 39 years 346 days) ,
SJ Wajid,date unknown ,,United States of America,,,,,
Waleed Aslam,February 26  1985  Gujranwala  Pakistan ,33 years 41 days,Atlantic Region,,Right-hand bat,Right-arm medium,,
Waleed Javed Karimullah,June 8  1993  Mansehra  Pakistan ,24 years 304 days,United States of America Under-19s,,Right-hand bat,Right-arm medium,,
WC Walke,date unknown ,,United States of America,,,,,
W H Walker,date unknown ,,Philadelphians,,,,,
David Wallace,date unknown ,,United States of America,,,,,
Robert Waller,date unknown ,,,,,,Umpire,
Onika Theola Wallerson,April 18  1985  Georgetown  Guyana ,32 years 355 days,Guyana Women,,Right-hand bat,Right-arm medium,,
Twain Jasson Walter,September 1  1986  Castries  St Lucia ,31 years 219 days,North East Region,,Right-hand bat,Slow left-arm orthodox,,
Waqas Ali Shah,February 20  1994  Jhelum  Punjab  Pakistan ,24 years 47 days,United States of America Under-19s,,Right-hand bat,Right-arm medium,,
Waqas Shahid,February 4  1972  Lahore ,46 years 63 days,United States of America ,,Right-hand bat,Right-arm fast-medium,,
Shondell Ward,February 12  1982  Guyana ,36 years 55 days,United States of America Women,,Right-hand bat,Right-arm medium,,
George B Warder,date unknown ,,RH Powel's XI,,,,,
Henry Robert Wardley,December 11  1989  New York City ,28 years 118 days,United States of America Under-19s,,Left-hand bat,Slow left-arm orthodox,,
Waseem Ahmed,April 10  1988  Ghazi  Northwest Frontier Province  Pakistan ,29 years 363 days,South East Region,,Right-hand bat,Right-arm medium,,
K Wedderburn,date unknown ,,United States of America,,,,,
Cheruka Lakmal Weerakoon,June 17  1982  Kandy  Sri Lanka ,35 years 295 days,Atlantic Region,,Right-hand bat,Right-arm medium,,
Samuel Welsh,April 22  1864  Philadelphia  Pennsylvania ,,Philadelphians,,,,August 9  1907  Philadelphia  Pennsylvania (aged 43 years 109 days) ,
Lloyd West,April 22  1982  Cape Town  Cape Province  South Africa ,35 years 351 days,United States of America ,,Right-hand bat,Right-arm medium,Camel,
Francis Sims White,August 26  1883  Philadelphia  Pennsylvania ,,Philadelphians,,Right-hand bat,,April 5  1962  Germantown  Philadelphia  Pennsylvania (aged 78 years 222 days) ,
George R White,date unknown ,,Philadelphians,,Right-hand bat,,,
T L White,date unknown  England ,,English Residents,,,,,
William Handel Fitzpatrick White,October 30  1953  Georgetown  Demerara  British Guiana ,64 years 160 days,United States of America ,,Right-hand bat,Right-arm medium,,
William Wild,date unknown ,,United States of America,,,,,
Garfield Wildman,date unknown ,,United States of America,,,,Wicketkeeper,
Clain Huvel Williams,April 13  1981  Essequibo  Guyana ,36 years 360 days,United States of America,,Right-hand bat,Right-arm offbreak,,
K Williams,date unknown ,,United States of America,,,,,
Pauline Williams,June 24  1978  Trinidad &amp; Tobago ,39 years 288 days,United States of America Women,,,,,
Roylan Williams,date unknown ,,,,,,Umpire,
J Willoughby,date unknown ,,United States of America,,,,,
Cyril James Wilson,1850  Westminster  London  England ,,United States of America,,,,February 6  1927 (aged 77 years) ,
Randall O’Neal Wilson,September 15  1995  Georgetown  Guyana ,22 years 205 days,United States of America Under-19s,,Right-hand bat,Right-arm medium,,
W F Wingate,date unknown ,,Philadelphians,,,,Wicketkeeper,
Charles Henry Winter,February 17  1890  Philadelphia  Pennsylvania ,,Philadelphians,,Right-hand bat,,Wicketkeeper,
R Winter,date unknown ,,United States of America,,,,,
Arthur Winterbottom,date unknown ,,Players of United States of America,,,,,
Lewis Wynne Wister,January 21  1864  Germantown  Philadelphia  Pennsylvania ,,American Born ,,,,June 1919  Germantown  Philadelphia  Pennsylvania (aged 55 years) ,
Arthur Machin Wood,February 21  1861  Pye Bridge  Derbyshire  England ,,United States of America ,,Right-hand bat,Right-arm slow,Wicketkeeper,
H G Wookey,date unknown ,,Combined USA and Canada,,,,1953 ,
George Woolley,1867  Lenton  Nottinghamshire ,,,,,,Umpire,
William Henry Wright,January 10  1835  Sheffield  Yorkshire ,,United States of America ,,,,Father - ,
Carl Da Costa Wright,September 17  1977  St Elizabeth  Jamaica ,40 years 203 days,United States of America ,,Right-hand bat,,Wicketkeeper,
George Wright,January 28  1847  Yonkers  New York ,,United States of America,,,Right-arm fast (roundarm),Father - ,
H C Wright,date unknown ,,Players of United States of America,,,,,
H P Wright,date unknown ,,Philadelphians,,,,,
Sam Wright,date unknown  Sheffield  Yorkshire ,,United States of America ,,,,Son - ,
Yasheb Rajpar,November 9  1992  Karachi ,25 years 150 days,Central East Region,,Right-hand bat,Right-arm offbreak,,
Yawar Faraz,date unknown ,,United States of America,,,,,
Zain Ali Sayed,November 19  1990  Mumbai  India ,27 years 140 days,South East Region,,Right-hand bat,Right-arm medium,,
Zeyad Bin Imtiaz,June 17  1984  Karachi ,33 years 295 days,Central East Region,,Right-hand bat,Right-arm medium,,
Joy Jivankumar Zinto,August 7  1965  Ahmedabad  Gujarat  India ,52 years 244 days,United States of America ,,Right-hand bat,Slow left-arm orthodox,,
Arnold Adams,date unknown ,,Bermuda,,,,,
Jeloni Albuoy,date unknown ,,Bermuda Under-15s,,,,Wicketkeeper,
Suzette Albouy,January 1  1965  Bermuda ,53 years 97 days,Bermuda Women,,,,,
Arnold Amory,date unknown ,,Bermuda,,,,,
Jason Anderson,February 17  1979  Bermuda ,39 years 50 days,Bermuda,Opening batsman,Right-hand bat,,Wicketkeeper,
Oscar Manuel Andrade,December 29  1962  Paget  Bermuda ,55 years 100 days,,,,,Umpire  Scorer,
Garvin Aparicio,August 15  1970  Bermuda ,47 years 236 days,Bermuda,Top-order batsman,Left-hand bat,,,
Dennis R. Archer,March 11  1963  Barbados ,55 years 28 days,Bermuda,,Right-hand bat,Right-arm medium,,
Richard Austin,July 18  1959  Barbados ,58 years 264 days,,,,,Umpire,
Stacy Renee Lenita Babb,March 13  1983  Bermuda ,35 years 26 days,Bermuda Women,,,,,
Joseph Lewis Oliver Bailey,February 22  1942  Bermuda ,76 years 45 days,Bermuda,,Left-hand bat,Right-arm offbreak,,
Eugene Ball,date unknown ,,Bermuda Development XI,,,,,
Herbert Bascombe,July 14  1964 ,53 years 268 days,Bermuda,,,,,
Okera Bascome,date unknown ,,Bermuda Development XI,,,,,
Onais Greg Lewis Bascome,May 25  1995 ,22 years 318 days,Bermuda Under-19s,,Right-hand bat,Right-arm medium,,
Oronde Omari Bascome,March 8  1988  Bermuda ,30 years 31 days,Bermuda,Batsman,Right-hand bat,Right-arm medium,,
Dexter Basden,date unknown ,,Bermuda,,,,,
Dwight Martin Basden,October 28  1972  Bermuda ,45 years 162 days,Bermuda,Batsman,Right-hand bat,,Bushy,
Richard Basden,June 20  1967 ,50 years 292 days,Bermuda,,,,,
Kamal Edwin Bashir,December 13  1988  Bermuda ,29 years 116 days,Bermuda ,,Right-hand bat,Right-arm medium,,
M Bassett,date unknown ,,Bermuda Under-19s,,,,,
Z Bean,date unknown ,,Bermuda Women,,,,,
Damali Bell,March 26  1992 ,26 years 13 days,Bermuda ,,Right-hand bat,Left-arm medium,,
Roger W Blades,May 25  1963  Barbados ,54 years 318 days,Bermuda ,,Right-hand bat,,,
Glenn Blakeney,February 22  1973  Bermuda ,45 years 45 days,Bermuda,Batsman,Left-hand bat,,Wicketkeeper,
Delyone Charles Clarence Borden,March 4  1985  Bermuda ,33 years 35 days,Bermuda,Batsman,Left-hand bat,Right-arm offbreak,,
Derrick Lorenzo Brangman,August 24  1987  Bermuda ,30 years 227 days,Bermuda ,,Left-hand bat,Slow left-arm orthodox,,
G Brangman,date unknown ,,Bermuda,,,,,
Ricardo Brangman,August 25  1980  Bermuda ,37 years 226 days,Bermuda,Top-order batsman,Right-hand bat,,Wicketkeeper,
B A Brathwaite,date unknown ,,Bermuda,,,,,
Steven Rodney Bremar,date unknown ,,Bermuda ,Wicketkeeper batsman,Right-hand bat,,Wicketkeeper,
Gladstone Alan Brown,June 27  1945  Bermuda ,72 years 285 days,Bermuda,,Right-hand bat,Right-arm medium-fast,,
Christian Burgess,April 24  1994 ,23 years 349 days,Bermuda ,,Left-hand bat,,Wicketkeeper,
Terry Burgess,date unknown ,,Bermuda,,Right-hand bat,Right-arm fast-medium,June 29  2005 ,
Ras Solomon Jahnoi Burrows,February 22  1999  Sandys ,19 years 45 days,Bermuda Under-19s,,Left-hand bat,Legbreak googly,,
Randy Butler,date unknown ,,,,,,Umpire  Referee,
Rudi Diallo Butterfield,November 21  1998  Paget ,19 years 138 days,Bermuda Under-19s,,Right-hand bat,Legbreak googly,,
Kian Butterfield,May 4  1985  Bermuda ,32 years 339 days,Bermuda,Top-order batsman,Left-hand bat,Right-arm medium-fast,,
Ray Butterfield,December 9  1988  Bermuda ,29 years 120 days,Bermuda,,Right-hand bat,Right-arm offbreak,,
Sheldon Caesar,May 23  1997  Bermuda ,20 years 320 days,Bermuda Under-19s,,Right-hand bat,Right-arm medium,,
Machai Marvin Eugene Campbell,November 20  1989 ,28 years 139 days,Bermuda Under-19s,,,,,
S Campbell,date unknown ,,Bermuda Development XI,,,,,
Lionel Olvin Bernard Cann,October 3  1972  Bermuda ,45 years 187 days,Bermuda ,Allrounder,Right-hand bat,Right-arm medium,,
Emmerson Carrington,date unknown ,,,,,,Umpire,
James Joseph Celestine,October 13  1973  Grenada ,44 years 177 days,Bermuda,Batsman,Right-hand bat,Right-arm slow-medium,,
Damian Collins,date unknown ,,Bermuda Under-15s,,,,,
Joshua Commissiong,October 16  1995 ,22 years 174 days,Bermuda Under-19s,,,,,
Michael Crane,July 10  1982  Bermuda ,35 years 272 days,Bermuda,,,,,
Fiqre Salassie Crockwell,July 8  1985  Bermuda ,,Bermuda ,Opening batsman,Right-hand bat,,Wicketkeeper,
M Curtis,date unknown ,,Bermuda,,,,,
Jabari Troy Darrell,August 24  2001  Paget ,16 years 227 days,Bermuda Under-19s,,Right-hand bat,Left-arm medium-fast,,
Q'Shai Jameko Darrell,October 27  2000  Smith's ,17 years 163 days,Bermuda Under-19s,,Right-hand bat,Right-arm medium,,
Deunte Akil Pearman Darrell,September 20  1992 ,25 years 200 days,Bermuda Under-19s,,Right-hand bat,Right-arm medium,,
Charles Daulphin,September 15  1936  Bermuda ,81 years 205 days,Bermuda,,Right-hand bat,Right-arm medium-fast,,
Ernest Barrymore de Coute,date unknown ,,Bermuda,,Right-hand bat,,Wicketkeeper,
Ernest Barrymore de Couto,September 13  1951  Bermuda ,66 years 207 days,Bermuda,,Right-hand bat,,Wicketkeeper,
Edward DeSilva,date unknown ,,Bermuda Under-15s,,,,,
Jordan Anthony DeSilva,May 4  1990  Bermuda ,27 years 339 days,Bermuda ,Allrounder,Left-hand bat,Left-arm fast-medium,,
Roger Dill,July 5  1957  Bermuda ,60 years 277 days,,,,,Umpire,
Stephan Dill,January 24  1990 ,28 years 74 days,Bermuda ,,Right-hand bat,Right-arm medium,,
Alex De’Vonte Dore,May 27  1997 ,20 years 316 days,Bermuda Under-15s ,,Left-hand bat,,,
Allan Craig Douglas,February 17  1958  Somersall Road  Bermuda ,60 years 50 days,Bermuda,,Right-hand bat,,Son - ,
Allan Craig Douglas,May 11  1987  Bermuda ,30 years 332 days,Bermuda ,,Right-hand bat,,Father - ,
Chris Ryan McCallan Douglas,November 20  1989  Bermuda ,28 years 139 days,Bermuda ,Opening batsman,Left-hand bat,Right-arm offbreak,,
Steven Douglas,January 15  1956  Bermuda ,62 years 83 days,,,,,Umpire,
Hasan Durham,August 14  1971  Bermuda ,46 years 237 days,Bermuda,Bowler,Right-hand bat,Slow left-arm orthodox,,
Kamel Easton,June 30  1995  Bermuda ,22 years 282 days,Bermuda Under-15s ,,Right-hand bat,Right-arm medium,,
Jekon Edness,September 13  1983  Bermuda ,34 years 207 days,Bermuda ,Batsman,Right-hand bat,,Wicketkeeper,
J Edness,date unknown ,,Bermuda Women,,,,,
Anthony Edwards,1964  Jamaica ,,Bermuda,,Right-hand bat,Right-arm fast-medium,February 6  2014  Southampton  Bermuda (aged 50 years) ,
Lauren Faris,date unknown ,,Bermuda Women,,,,,
Christopher Ray Foggo,May 7  1982  Hamilton  Bermuda ,35 years 336 days,Bermuda ,Batsman,Right-hand bat,,Soshie,
Gregg Foggo,date unknown ,,Bermuda,,,,,
Dale Fox,date unknown ,,Bermuda,,,,,
Kameron Shaun Fox,November 16  1977  St Davids  Bermuda ,40 years 143 days,Bermuda ,,Right-hand bat,Slow left-arm orthodox,,
George Francis,date unknown ,,,,,,Umpire,
George C Francis,date unknown ,,,,,,Umpire,
George C Francis,date unknown ,,,,,,Umpire,
Terryn Sunil Fray,June 30  1991  Bermuda ,26 years 282 days,Bermuda ,Opening batsman,Right-hand bat,,,
Anthony Fubler,February 5  1952  Bermuda ,66 years 62 days,,,,,Umpire,
Kevon Fubler,March 29  1992  Bermuda ,26 years 10 days,Bermuda ,Middle-order batsman,Left-hand bat,Left-arm medium-fast,,
Chevonne Furbert,November 25  1970  Bermuda ,47 years 134 days,Bermuda Women,,,,,
Khiry Furbert,date unknown ,,Bermuda Under-19s,,,,Wicketkeeper,
A Furbert,date unknown ,,Bermuda Women,,,,,
Christion Robert Gibbons,September 17  1997  Bermuda ,20 years 203 days,Bermuda Under-15s ,,Right-hand bat,Right-arm medium,,
Kent Gibbons,June 16  1964  Hamilton  Bermuda ,53 years 296 days,,,,,Umpire,
Noel Alfred Gibbons,December 1  1956  Bermuda ,61 years 128 days,Bermuda,,Right-hand bat,Right-arm medium,,
Rebecca Gibbons,date unknown ,,Bermuda Women,,,,,
Treadwell Gibbons,December 10  1985  Bermuda ,32 years 119 days,Bermuda,,Left-hand bat,,,
David Gibbs,March 15  1967  Jamaica ,51 years 24 days,Bermuda,,,,,
Rebecca Gibson,date unknown ,,Bermuda Women,,,,,
Joshua Gilbert,September 23  1993 ,24 years 197 days,Bermuda ,,Right-hand bat,Right-arm offbreak,,
Tre Linden Chester Govia,September 24  1992  Bermuda ,25 years 196 days,Bermuda Under-19s,,,Legbreak,,
Lauren Grant,November 25  1962  Bermuda ,55 years 134 days,Bermuda Women,,,,,
David Greenidge,date unknown ,,Bermuda,,,,,
Brian James Hall,July 27  1992  Bermuda ,25 years 255 days,Bermuda,Allrounder,Right-hand bat,Right-arm slow-medium,,
Lester Harnett,January 11  1946  Jamaica ,72 years 87 days,,,,,Umpire,
Jalen Harvey,date unknown ,,Bermuda Development XI,,,,,
Jalen Hawey,date unknown ,,Bermuda Development XI,,,,,
David Lloyd Hemp,November 8  1970  Hamilton  Bermuda ,47 years 151 days,Bermuda ,Opening batsman,Left-hand bat,Right-arm medium,Brother - ,
Corey Shea Tchombe Hill,March 28  1969  Bailey's Bay ,49 years 11 days,Bailey's Bay Cricket Club,,,Right-arm medium,,
Ricky Hill,date unknown ,,Bermuda,,,,,
Kyle Christopher Hodsoll,November 24  1988  Bermuda ,29 years 135 days,Bermuda ,Middle-order batsman,Right-hand bat,Right-arm medium-fast,,
Dennico Ashante Wellman Hollis,August 17  1988  Bermuda ,29 years 234 days,Bermuda ,Middle-order batsman,Right-hand bat,,,
Delano Wayne Hollis,September 17  1969  Bermuda ,48 years 203 days,Bermuda ,,Right-hand bat,Right-arm offbreak,,
Kevin Andre Dean Hurdle,December 30  1976  Bermuda ,41 years 99 days,Bermuda ,,Right-hand bat,Right-arm fast,,
Curtis Jackson,March 23  1967 ,51 years 16 days,Bermuda,,,,,
Maryellen Jackson,December 3  1967  Bermuda ,50 years 126 days,Bermuda Women,,,,,
Elvin Gerald James,August 21  1949  Bermuda ,68 years 230 days,Bermuda,,Left-hand bat,Right-arm medium-fast,,
Kwaisi Shawn James,April 8  1995 ,23 years 0 days,Bermuda Under-15s ,,Right-hand bat,Right-arm medium,,
Lloyd James,January 27  1937  Bermuda ,81 years 71 days,Bermuda,,Right-hand bat,Right-arm medium-fast,,
Cameron Austin William Jeffers,August 27  2000  Paget ,17 years 224 days,Bermuda Under-19s,,Right-hand bat,Legbreak googly,,
Malachi Olin Jones,June 26  1989  Bermuda ,28 years 286 days,Bermuda,Allrounder,Right-hand bat,Right-arm medium-fast,,
Nicole Jones,August 18  1963 ,54 years 233 days,Bermuda Women,Middle-order batsman,Right-hand bat,,Cover,
OW Jones,date unknown ,,Bermuda,,,,,
Rhoda Jones,April 25  1964  Bermuda ,53 years 348 days,Bermuda Women,,,,,
Shaquille Jones,June 14  1994  Bermuda ,23 years 298 days,Bermuda Under-15s ,,Left-hand bat,Slow left-arm orthodox,,
Stefan Kievon Wayne Kelly,August 24  1988  Bermuda ,29 years 227 days,Bermuda ,Bowler,Right-hand bat,Right-arm fast-medium,Oakham School,
A King,date unknown ,,Bermuda,,,,,
N Kirmani,date unknown ,,ICC Associates Young Cricketers,,,,,
Kamau Sadiki Leverock,October 19  1994  Bermuda ,23 years 171 days,Bermuda ,,Left-hand bat,Right-arm medium-fast,Uncle - ,
Roger Leverock,date unknown ,,Bermuda,,,,,
Russell Dwayne Mark Leverock,July 14  1971  Bermuda ,46 years 268 days,Bermuda,Bowler,Right-hand bat,Slow left-arm orthodox,Nephew - ,
D Lewis,date unknown ,,Bermuda,,,,,
Isiah Lewis,date unknown ,,Bermuda Development XI,,,,,
Keshon Lightbourne,date unknown ,,Bermuda Development XI,,,,,
Kyle Lavince Lightbourne,September 29  1968  Bermuda ,49 years 191 days,Bermuda,,,,,
S Lightbourne,date unknown ,,Bermuda,,,,,
Aaron Logie,date unknown ,,Bermuda Development XI,,,,,
Christopher Hallett Lonsdale,September 15  1987  Bermuda ,30 years 205 days,Bermuda,Bowler,Right-hand bat,Right-arm offbreak,,
David Lovell,September 24  1983 ,34 years 196 days,Bermuda,,Right-hand bat,Right-arm medium-fast,,
Jaiden Anthony Manders,February 17  2001  Pembroke ,17 years 50 days,Bermuda Under-19s,,Left-hand bat,Right-arm offbreak,,
Andre L Manders,date unknown ,,Bermuda,,,,,
D A Manders,date unknown ,,Bermuda,,,,,
Tre Manders,January 30  1995  Bermuda ,23 years 68 days,Bermuda ,,Right-hand bat,,,
Walisford Manders,date unknown ,,,,,,Umpire,
Willard Arnold E Manders,April 26  1959  Bermuda ,58 years 347 days,Bermuda ,,Right-hand bat,Right-arm offbreak,,
Brittney Marshall,August 10  1985  Bermuda ,32 years 241 days,Bermuda Women,,,,,
Charles Macdonald Marshall,May 10  1961  Bailey's Bay ,56 years 333 days,Bermuda ,,Left-hand bat,Left-arm medium,,
Roderick de Vaugn Masters,December 24  1973  Bermuda ,44 years 105 days,Bermuda,Wicketkeeper batsman,Right-hand bat,,Wicketkeeper,
Gregory Harvey Maybury,May 21  1993  Bermuda ,24 years 322 days,Bermuda Under-15s ,Middle-order batsman,Left-hand bat,Right-arm medium-fast,,
Mackih McGowan,date unknown ,,Bermuda Under-15s,,,,,
James McKirdy,date unknown ,,,,,,Umpire,
Linda Mienzer,March 31  1965  Bermuda ,53 years 8 days,Bermuda Women,,,,,
Sheridan Ming,August 3  1965 ,52 years 248 days,Bermuda,,,,,
Dean Anthony Minors,January 6  1970  Hamilton  Bermuda ,48 years 92 days,Bermuda ,Wicketkeeper,Left-hand bat,,Wicketkeeper,
Landro Minors,February 24  1984  Hamilton  Bermuda ,34 years 43 days,Bermuda ,,Left-hand bat,,Lenny,
Daniel Wayne Owen Morgan,February 13  1974  Chelmsford  Essex  England ,44 years 54 days,Bermuda,Opening batsman,Right-hand bat,,,
Saleem Mukuddem,January 20  1972  South Africa ,46 years 78 days,Bermuda,Allrounder,Right-hand bat,Right-arm medium,,
Donald Norford,date unknown ,,Bermuda,,,,Wicketkeeper,
George Hubert O'Brien,September 16  1984  Bermuda ,33 years 204 days,Bermuda,Bowler,Right-hand bat,Right-arm fast-medium,,
Cejay Leroy Outerbridge,date unknown ,,Bermuda,,Right-hand bat,Left-arm fast-medium,,
Steven Davonne Outerbridge,May 20  1983  Paget  Bermuda ,34 years 323 days,Bermuda ,Batsman,Left-hand bat,Right-arm offbreak,Shottavon,
Clarence Leon Parfitt,July 16  1944  St Georges  Bermuda ,73 years 266 days,Bermuda ,,Left-hand bat,Left-arm medium,,
Mishael A. G. Paynter,January 29  1986  Paget ,32 years 69 days,Bermuda,,Right-hand bat,Right-arm offbreak,,
Nzari Isaiah Ashton Foggo Paynter,October 7  1999  Pembroke ,18 years 183 days,Bermuda Under-19s,,Right-hand bat,Right-arm offbreak,,
Sinshea Paynter,March 8  1981  Bermuda ,37 years 31 days,Bermuda Women,,,,,
Terry-Lynn Paynter,May 3  1969  Bermuda ,48 years 340 days,Bermuda Women,,,,,
Bruce Dwayne Perinchief,November 27  1960  Paget  Bermuda ,57 years 132 days,Bermuda ,,Right-hand bat,Legbreak googly,,
Maria Peterkin,April 2  1972  Jamaica ,46 years 6 days,Bermuda Women,,,,,
K Phillip,date unknown ,,Bermuda,,,,,
Peter Philpott,date unknown ,,Bermuda,,,,,
Dennis Pilgrim,September 15  1972 ,45 years 205 days,Bermuda,,,,,
Arthur Dominique Josclyn Pitcher,November 20  1981  Bermuda ,36 years 139 days,Bermuda,Bowler,Right-hand bat,Right-arm medium-fast,Arthur Pitcher jnr,
Azeem Ryan Pitcher,July 31  1980  Trinidad ,37 years 251 days,Bermuda,,Left-hand bat,,,
Justine Eugene Pitcher,February 17  1987  Bermuda ,31 years 50 days,Bermuda ,Allrounder,Left-hand bat,Right-arm medium-fast,Joslyn Pitcher,
